{
  "before": {
    "low_bgi4": {
      "start": 20.7,
      "peak": 22.08167475955497,
      "end": 20.416833217370865,
      "peak_minus_end": 1.6648415421841065,
      "declining_steps": 8
    },
    "mid_bgi6": {
      "start": 20.7,
      "peak": 20.80522278031671,
      "end": 18.82065020554939,
      "peak_minus_end": 1.98457257476732,
      "declining_steps": 8
    },
    "high_bgi8": {
      "start": 20.7,
      "peak": 20.7,
      "end": 18.553469916974713,
      "peak_minus_end": 2.1465300830252865,
      "declining_steps": 7
    }
  },
  "after": {
    "low_bgi4": {
      "start": 20.7,
      "peak": 21.339015534256625,
      "end": 21.32402478576145,
      "peak_minus_end": 0.01499074849517612,
      "declining_steps": 0
    },
    "mid_bgi6": {
      "start": 20.7,
      "peak": 23.22621290860279,
      "end": 23.21672757053291,
      "peak_minus_end": 0.00948533806987939,
      "declining_steps": 0
    },
    "high_bgi8": {
      "start": 20.7,
      "peak": 25.099430794169038,
      "end": 25.08251047442056,
      "peak_minus_end": 0.016920319748479073,
      "declining_steps": 0
    }
  },
  "before_monotone": false,
  "after_monotone": true,
  "before_site_ordered": false,
  "after_site_ordered": true,
  "after_realistic_2026m": true,
  "gada_shape": {
    "b2": 0.03584,
    "b3": 1.5898,
    "asymptote_bgi4": 22.0,
    "asymptote_bgi6": 25.0,
    "asymptote_bgi8": 28.0
  },
  "PASS": true
}