component,variant,subset,arm,n,rmse,bias,r2,picp,mwidth,wr2
hcb,ne,all,pure_sf,60000,0.14036063588934,-0.00371359193625134,0.297602448590129,0.937633333333333,0.542420480464843,-0.306897287506271
hcb,ne,all,hybrid,60000,0.14036063588934,-0.00371359193625134,0.297602448590129,0.937633333333333,0.542420480464843,-0.306897287506271
hcb,ne,all,legA_style,60000,0.147375605390041,0.00615437994965439,0.22563888055279,0.928333333333333,0.541294301852536,-0.44772838138281
hcb,ne,all,global_only,60000,0.147375605390041,0.00615437994965439,0.22563888055279,0.928333333333333,0.541294301852536,-0.44772838138281
hcb,ne,region,pure_sf,49202,0.129235112743028,-0.0046624530205543,0.208217836452068,0.954148205357506,0.541973822892839,-0.469214783291192
hcb,ne,region,hybrid,49202,0.129235112743028,-0.0046624530205543,0.208217836452068,0.954148205357506,0.541973822892839,-0.469214783291192
hcb,ne,region,legA_style,49202,0.134780346855857,0.0026193451793642,0.138812333394288,0.947237917157839,0.541100204761714,-0.603770463729327
hcb,ne,region,global_only,49202,0.134780346855857,0.0026193451793642,0.138812333394288,0.947237917157839,0.541100204761714,-0.603770463729327
