PLOT,YEAR_PREV,YEAR_CURR,PERIOD_YR,variant,config,BA_PRED_ft2ac,TPA_PRED,QMD_PRED_in,BA_OBS_PREV,BA_OBS_CURR
1100,1990,2000,10,ACD,osm,47.1140931,647.1867955632347,3.655911614173228,56.11,58.91
1101,1990,2000,10,ACD,osm,87.9554601,562.1743208245962,5.359583070866142,91.26,84.94
1102,1990,2000,10,ACD,osm,46.1286615,598.6760754458126,3.7611842519685035,63.52,73.87
1104,1990,2000,10,ACD,osm,48.451009049999996,570.1196354442957,3.9500586614173225,53.86,50.97
1105,1986,2000,14,ACD,osm,39.0972693,1244.881427389498,2.401288464566929,19.9,51.92
1106,1990,2000,10,ACD,osm,105.33662894999999,435.14511646948637,6.6666519685039365,120.36,94.47
1107,1986,2000,14,ACD,osm,18.180614024999997,954.1972683772811,1.8703387401574803,13.96,63.74
1109,1990,2000,10,ACD,osm,54.0986184,576.1576666321398,4.152001574803149,59.44,67.57
