"PLOT","YEAR_PREV","YEAR_CURR","PERIOD_YR","BA_PRED_ft2ac","TPA_PRED","QMD_PRED_in","Cords_PRED_ac","BdFt_intl_PRED_ac","BA_OBS_PREV","BA_OBS_CURR"
1100,1990,2000,10,64.1732300558582,200.533374499799,7.65995206469327,9.63705778433212,1523.34025322746,56.11,58.91
1101,1990,2000,10,101.863781689686,228.16359321644,9.04751177528308,27.333232735153,6509.64824325317,91.26,84.94
1102,1990,2000,10,66.6987018023559,133.68794656222,9.5643398038851,13.2096307930569,3545.71188468213,63.52,73.87
1104,1990,2000,10,60.5398942054496,144.136116851086,8.77560068211465,9.82673411866012,2291.94699672606,53.86,50.97
1105,1986,2000,14,30.4061893829237,101.884621855578,7.39722982982285,6.53375816445237,311.046835647331,19.9,51.92
1106,1990,2000,10,108.789580930454,288.033800839423,8.32174411280129,28.0394772828739,5372.76906582089,120.36,94.47
1107,1986,2000,14,18.1609654132215,55.5734301030428,7.74066544199086,3.47576805541956,264.322624757561,13.96,63.74
1109,1990,2000,10,62.4172292604839,109.682087110111,10.2147283922191,13.9622945842081,4020.9294650032,59.44,67.57
