"PLOT","YEAR_PREV","YEAR_CURR","PERIOD_YR","BA_PRED_ft2ac","TPA_PRED","QMD_PRED_in","Cords_PRED_ac","BdFt_intl_PRED_ac","BA_OBS_PREV","BA_OBS_CURR"
1100,1990,2000,10,69.8896430062736,215,7.720218895584,10.4807837509447,1711.1837363692,56.11,58.91
1101,1990,2000,10,110.18516493076,245,9.080733997579,29.5162408415289,7098.69971780139,91.26,84.94
1102,1990,2000,10,75.8085249207885,145,9.7907836785292,14.9814394963023,4108.72870731108,63.52,73.87
1104,1990,2000,10,65.5628328104058,155,8.80654257791825,10.6712919345302,2524.12528181809,53.86,50.97
1105,1986,2000,14,32.7714778522832,110,7.39084516229548,7.04155799581851,335.536668827863,19.9,51.92
1106,1990,2000,10,118.768016669565,310.405715518589,8.37581990375731,30.7447156830045,6039.33858349663,120.36,94.47
1107,1986,2000,14,19.5925816372146,60,7.73771341483747,3.7494328813004,285.320476398152,13.96,63.74
1109,1990,2000,10,70.3310389762672,120,10.3663370835805,15.8429818921362,4633.47870412069,59.44,67.57
