"PLOT","PERIOD_YR","BA_PREV_FT2AC","BA_CURR_FT2AC","BA_PRED_ft2ac","BA_bias_pct","TPA_PREV","TPA_CURR","TPA_PRED","obs_TPA_chg_pct","agm_TPA_chg_pct","QMD_PREV","QMD_CURR","QMD_PRED_in","obs_QMD_chg","agm_QMD_chg"
1102,10,63.52,73.87,75.8085249207885,2.62423841991133,145,140,145,-3.44827586206896,0,8.96,9.84,9.7907836785292,0.879999999999999,0.830783678529199
1109,10,59.44,67.57,70.3310389762672,4.08619058201452,120,135,120,12.5,0,9.53,9.58,10.3663370835805,0.0500000000000007,0.836337083580501
1100,10,56.11,58.91,69.8896430062736,18.6379952576364,215,215,215,0,0,6.92,7.09,7.720218895584,0.17,0.800218895584
1106,10,120.36,94.47,118.768016669565,25.7203521430772,385,255,310.405715518589,-33.7662337662338,-19.3751388263405,7.57,8.24,8.37581990375731,0.67,0.80581990375731
1104,10,53.86,50.97,65.5628328104058,28.630238984512,155,145,155,-6.45161290322581,0,7.98,8.03,8.80654257791825,0.0499999999999989,0.82654257791825
1101,10,91.26,84.94,110.18516493076,29.7211736882034,245,180,245,-26.530612244898,0,8.26,9.3,9.080733997579,1.04,0.820733997579
