n_species,n_improved,median_b2,median_b4,total_nll,total_nll_base
133,131,-0.2,0.697653488950845,3198544.83199604,3371713.0570498
