PLOT,STATE,MEASYEAR1,MEASYEAR2,PERIOD_YR,variant,model,BA_PRED,TPA_PRED,QMD_PRED,MCuFt_PRED,BdFt_PRED,BA_OBS,MCuFt_OBS,BdFt_OBS
65168045010538,36,2004,2010,6,ne,fvs_base,32.09402084350586,59.0859489440918,9.979443550109863,657.9168701171875,957.2028198242188,36.14014914653864,581.49814810404,1269.067480323954
65168045010538,36,2004,2010,6,ne,organon,32.01112747192383,59.08599090576172,9.966543197631836,653.97021484375,944.8167724609375,36.14014914653864,581.49814810404,1269.067480323954
65168045010538,36,2004,2010,6,ne,diag_dg_only,32.09402084350586,59.0859489440918,9.979443550109863,657.9168701171875,957.2028198242188,36.14014914653864,581.49814810404,1269.067480323954
65168045010538,36,2004,2010,6,ne,diag_hg_only,32.09402084350586,59.0859489440918,9.979443550109863,657.9168701171875,957.2028198242188,36.14014914653864,581.49814810404,1269.067480323954
65168045010538,36,2004,2010,6,ne,diag_mort_only,32.01112747192383,59.08599090576172,9.966543197631836,653.97021484375,944.8167724609375,36.14014914653864,581.49814810404,1269.067480323954
65168045010538,36,2004,2010,6,ne,diag_dg_mort,32.01112747192383,59.08599090576172,9.966543197631836,653.97021484375,944.8167724609375,36.14014914653864,581.49814810404,1269.067480323954
247056940010661,24,2012,2019,7,ne,fvs_base,47.45096206665039,124.55619049072266,8.35749626159668,835.6744384765625,2347.091796875,72.70805488944526,934.2882032032819,2453.506850757968
247056940010661,24,2012,2019,7,ne,organon,42.66798400878906,109.46040344238281,8.453935623168945,748.5936889648438,2125.16748046875,72.70805488944526,934.2882032032819,2453.506850757968
247056940010661,24,2012,2019,7,ne,diag_dg_only,47.45096206665039,124.55619049072266,8.35749626159668,835.6744384765625,2347.091796875,72.70805488944526,934.2882032032819,2453.506850757968
247056940010661,24,2012,2019,7,ne,diag_hg_only,47.44157028198242,124.55606842041016,8.356673240661621,955.4683227539062,2707.024658203125,72.70805488944526,934.2882032032819,2453.506850757968
247056940010661,24,2012,2019,7,ne,diag_mort_only,42.846473693847656,109.87289428710938,8.455683708190918,761.0326538085938,2133.86376953125,72.70805488944526,934.2882032032819,2453.506850757968
247056940010661,24,2012,2019,7,ne,diag_dg_mort,42.846473693847656,109.87289428710938,8.455683708190918,761.0326538085938,2133.86376953125,72.70805488944526,934.2882032032819,2453.506850757968
171929084020004,33,2014,2021,7,ne,fvs_base,79.63716888427734,171.10955810546875,9.237554550170898,2086.46728515625,3047.8828125,130.6981312106349,2301.495456133962,4642.618655911598
171929084020004,33,2014,2021,7,ne,organon,72.89189910888672,156.772216796875,9.232970237731934,1974.3673095703125,2968.539306640625,130.6981312106349,2301.495456133962,4642.618655911598
171929084020004,33,2014,2021,7,ne,diag_dg_only,79.63716888427734,171.10955810546875,9.237554550170898,2086.46728515625,3047.8828125,130.6981312106349,2301.495456133962,4642.618655911598
171929084020004,33,2014,2021,7,ne,diag_hg_only,79.64541625976562,171.1094512939453,9.238038063049316,2173.5732421875,3342.108154296875,130.6981312106349,2301.495456133962,4642.618655911598
171929084020004,33,2014,2021,7,ne,diag_mort_only,73.58255767822266,157.98219299316406,9.241013526916504,1925.395751953125,2830.47021484375,130.6981312106349,2301.495456133962,4642.618655911598
171929084020004,33,2014,2021,7,ne,diag_dg_mort,73.58255767822266,157.98219299316406,9.241013526916504,1925.395751953125,2830.47021484375,130.6981312106349,2301.495456133962,4642.618655911598
168990062010661,36,2010,2015,5,ne,fvs_base,134.08474731445312,165.067138671875,12.203817367553711,4093.009765625,15578.9521484375,164.23947759328027,4271.18459801562,17789.06936654297
168990062010661,36,2010,2015,5,ne,organon,117.00041198730469,144.2603759765625,12.194289207458496,3608.10498046875,13651.3046875,164.23947759328027,4271.18459801562,17789.06936654297
168990062010661,36,2010,2015,5,ne,diag_dg_only,132.8946533203125,162.15310668945312,12.258220672607422,4067.26123046875,15532.73828125,164.23947759328027,4271.18459801562,17789.06936654297
168990062010661,36,2010,2015,5,ne,diag_hg_only,132.89198303222656,162.15481567382812,12.258033752441406,4145.62109375,15511.9716796875,164.23947759328027,4271.18459801562,17789.06936654297
168990062010661,36,2010,2015,5,ne,diag_mort_only,117.51709747314453,144.75701904296875,12.200199127197266,3572.1201171875,13759.3564453125,164.23947759328027,4271.18459801562,17789.06936654297
168990062010661,36,2010,2015,5,ne,diag_dg_mort,117.51709747314453,144.75701904296875,12.200199127197266,3572.1201171875,13759.3564453125,164.23947759328027,4271.18459801562,17789.06936654297
58336932010538,42,2002,2007,5,ne,fvs_base,139.70289611816406,160.04754638671875,12.6506986618042,4792.5693359375,18823.564453125,147.81730553223446,4299.626768064382,16607.94188931
58336932010538,42,2002,2007,5,ne,organon,100.86091613769531,119.69206237792969,12.429829597473145,3322.10498046875,12660.8046875,147.81730553223446,4299.626768064382,16607.94188931
58336932010538,42,2002,2007,5,ne,diag_dg_only,137.96786499023438,157.0116424560547,12.692852973937988,4744.232421875,18701.12890625,147.81730553223446,4299.626768064382,16607.94188931
58336932010538,42,2002,2007,5,ne,diag_hg_only,137.9672393798828,157.01182556152344,12.692817687988281,4768.3544921875,18802.271484375,147.81730553223446,4299.626768064382,16607.94188931
58336932010538,42,2002,2007,5,ne,diag_mort_only,101.3475570678711,120.2094497680664,12.432933807373047,3431.52294921875,13066.76171875,147.81730553223446,4299.626768064382,16607.94188931
58336932010538,42,2002,2007,5,ne,diag_dg_mort,101.3475570678711,120.2094497680664,12.432933807373047,3431.52294921875,13066.76171875,147.81730553223446,4299.626768064382,16607.94188931
222518005010661,23,2011,2016,5,ne,fvs_base,88.06101989746094,190.11920166015625,9.215420722961426,2201.998046875,5482.42822265625,113.84453714782113,2175.64570506311,5961.701839711436
222518005010661,23,2011,2016,5,ne,organon,79.42996215820312,173.5419921875,9.160646438598633,2032.138916015625,5102.14892578125,113.84453714782113,2175.64570506311,5961.701839711436
222518005010661,23,2011,2016,5,ne,diag_dg_only,88.06101989746094,190.11920166015625,9.215420722961426,2201.998046875,5482.42822265625,113.84453714782113,2175.64570506311,5961.701839711436
222518005010661,23,2011,2016,5,ne,diag_hg_only,88.05651092529297,190.11941528320312,9.215181350708008,2283.171630859375,5746.18701171875,113.84453714782113,2175.64570506311,5961.701839711436
222518005010661,23,2011,2016,5,ne,diag_mort_only,79.70034790039062,173.923583984375,9.16615104675293,1974.773193359375,4902.115234375,113.84453714782113,2175.64570506311,5961.701839711436
222518005010661,23,2011,2016,5,ne,diag_dg_mort,79.70034790039062,173.923583984375,9.16615104675293,1974.773193359375,4902.115234375,113.84453714782113,2175.64570506311,5961.701839711436
306265316489998,36,2016,2023,7,ne,fvs_base,90.46382904052734,294.869140625,7.499961853027344,1893.3646240234375,1517.8695068359375,139.8301726657132,2339.356193147208,2107.886274399906
306265316489998,36,2016,2023,7,ne,organon,66.65797424316406,211.16778564453125,7.607614994049072,1459.2298583984375,1298.0819091796875,139.8301726657132,2339.356193147208,2107.886274399906
306265316489998,36,2016,2023,7,ne,diag_dg_only,90.46382904052734,294.869140625,7.499961853027344,1893.3646240234375,1517.8695068359375,139.8301726657132,2339.356193147208,2107.886274399906
306265316489998,36,2016,2023,7,ne,diag_hg_only,90.46501159667969,294.86907958984375,7.500012397766113,1988.5345458984375,1487.4912109375,139.8301726657132,2339.356193147208,2107.886274399906
306265316489998,36,2016,2023,7,ne,diag_mort_only,66.67503356933594,211.2073974609375,7.607875823974609,1403.4019775390625,1324.953857421875,139.8301726657132,2339.356193147208,2107.886274399906
306265316489998,36,2016,2023,7,ne,diag_dg_mort,66.67503356933594,211.2073974609375,7.607875823974609,1403.4019775390625,1324.953857421875,139.8301726657132,2339.356193147208,2107.886274399906
15806956020004,36,2013,2020,7,ne,fvs_base,56.697364807128906,106.15010833740234,9.89594841003418,1221.599365234375,4441.0498046875,60.45728271635707,1022.125460194906,3473.56773601993
15806956020004,36,2013,2020,7,ne,organon,49.971351623535156,96.24011993408203,9.757055282592773,1086.1307373046875,3821.185302734375,60.45728271635707,1022.125460194906,3473.56773601993
15806956020004,36,2013,2020,7,ne,diag_dg_only,56.697364807128906,106.15010833740234,9.89594841003418,1221.599365234375,4441.0498046875,60.45728271635707,1022.125460194906,3473.56773601993
15806956020004,36,2013,2020,7,ne,diag_hg_only,56.692501068115234,106.15017700195312,9.895522117614746,1247.0245361328125,4410.34521484375,60.45728271635707,1022.125460194906,3473.56773601993
15806956020004,36,2013,2020,7,ne,diag_mort_only,50.19510269165039,96.64414978027344,9.758414268493652,1079.8402099609375,3899.72216796875,60.45728271635707,1022.125460194906,3473.56773601993
15806956020004,36,2013,2020,7,ne,diag_dg_mort,50.19510269165039,96.64414978027344,9.758414268493652,1079.8402099609375,3899.72216796875,60.45728271635707,1022.125460194906,3473.56773601993
247104235010661,42,2013,2019,6,ne,fvs_base,48.86284637451172,119.03844451904297,8.675251007080078,1111.678466796875,2318.664306640625,,,
247104235010661,42,2013,2019,6,ne,organon,46.52295684814453,112.75065612792969,8.697819709777832,1010.1912841796875,2059.88330078125,,,
247104235010661,42,2013,2019,6,ne,diag_dg_only,48.86284637451172,119.03844451904297,8.675251007080078,1111.678466796875,2318.664306640625,,,
247104235010661,42,2013,2019,6,ne,diag_hg_only,48.863555908203125,119.0384521484375,8.675313949584961,1146.7117919921875,2318.71630859375,,,
247104235010661,42,2013,2019,6,ne,diag_mort_only,46.68738555908203,113.15226745605469,8.697699546813965,1061.822998046875,2257.261474609375,,,
247104235010661,42,2013,2019,6,ne,diag_dg_mort,46.68738555908203,113.15226745605469,8.697699546813965,1061.822998046875,2257.261474609375,,,
168997422010661,42,2010,2016,6,ne,fvs_base,53.17852020263672,124.5252456665039,8.84862232208252,957.9699096679688,2912.316650390625,90.07323793044282,1152.400569355766,
168997422010661,42,2010,2016,6,ne,organon,49.50811004638672,113.00469970703125,8.962437629699707,873.5844116210938,2667.631103515625,90.07323793044282,1152.400569355766,
168997422010661,42,2010,2016,6,ne,diag_dg_only,53.17852020263672,124.5252456665039,8.84862232208252,957.9699096679688,2912.316650390625,90.07323793044282,1152.400569355766,
168997422010661,42,2010,2016,6,ne,diag_hg_only,53.1700439453125,124.52523040771484,8.847917556762695,1049.4044189453125,3259.045654296875,90.07323793044282,1152.400569355766,
168997422010661,42,2010,2016,6,ne,diag_mort_only,49.656986236572266,113.49083709716797,8.956661224365234,901.455322265625,2803.317626953125,90.07323793044282,1152.400569355766,
168997422010661,42,2010,2016,6,ne,diag_dg_mort,49.656986236572266,113.49083709716797,8.956661224365234,901.455322265625,2803.317626953125,90.07323793044282,1152.400569355766,
264094692489998,34,2015,2021,6,ne,fvs_base,55.160770416259766,118.1886215209961,9.250467300415039,1283.5924072265625,3554.891357421875,,,
264094692489998,34,2015,2021,6,ne,organon,48.65888977050781,102.97860717773438,9.307732582092285,1107.54150390625,3238.2529296875,,,
264094692489998,34,2015,2021,6,ne,diag_dg_only,55.160770416259766,118.1886215209961,9.250467300415039,1283.5924072265625,3554.891357421875,,,
264094692489998,34,2015,2021,6,ne,diag_hg_only,55.17206573486328,118.18863677978516,9.251411437988281,1334.143798828125,3589.9873046875,,,
264094692489998,34,2015,2021,6,ne,diag_mort_only,49.069374084472656,103.7348403930664,9.312776565551758,1147.6807861328125,3321.880859375,,,
264094692489998,34,2015,2021,6,ne,diag_dg_mort,49.069374084472656,103.7348403930664,9.312776565551758,1147.6807861328125,3321.880859375,,,
222095078010661,42,2011,2017,6,ne,fvs_base,37.1186637878418,71.21408081054688,9.775737762451172,1096.083251953125,4530.1474609375,121.33171079794222,653.349061683218,
222095078010661,42,2011,2017,6,ne,organon,26.03360366821289,55.344276428222656,9.286822319030762,724.3358154296875,2881.30029296875,121.33171079794222,653.349061683218,
222095078010661,42,2011,2017,6,ne,diag_dg_only,37.1186637878418,71.21408081054688,9.775737762451172,1096.083251953125,4530.1474609375,121.33171079794222,653.349061683218,
222095078010661,42,2011,2017,6,ne,diag_hg_only,37.11658477783203,71.21405029296875,9.775466918945312,1166.11865234375,4860.1767578125,121.33171079794222,653.349061683218,
222095078010661,42,2011,2017,6,ne,diag_mort_only,26.50299072265625,56.11468505859375,9.305624008178711,748.0755004882812,2942.3525390625,121.33171079794222,653.349061683218,
222095078010661,42,2011,2017,6,ne,diag_dg_mort,26.50299072265625,56.11468505859375,9.305624008178711,748.0755004882812,2942.3525390625,121.33171079794222,653.349061683218,
68314232010538,42,2005,2010,5,ne,fvs_base,78.88959503173828,130.88116455078125,10.51253890991211,1976.450439453125,5494.77197265625,85.43051133133258,1281.5462597877138,3429.2622615091923
68314232010538,42,2005,2010,5,ne,organon,71.27543640136719,116.05610656738281,10.61138916015625,1719.489501953125,4934.55126953125,85.43051133133258,1281.5462597877138,3429.2622615091923
68314232010538,42,2005,2010,5,ne,diag_dg_only,78.88959503173828,130.88116455078125,10.51253890991211,1976.450439453125,5494.77197265625,85.43051133133258,1281.5462597877138,3429.2622615091923
68314232010538,42,2005,2010,5,ne,diag_hg_only,78.88818359375,130.881103515625,10.512443542480469,2017.48828125,5692.5947265625,85.43051133133258,1281.5462597877138,3429.2622615091923
68314232010538,42,2005,2010,5,ne,diag_mort_only,71.58230590820312,116.48126220703125,10.61478042602539,1801.86865234375,5148.669921875,85.43051133133258,1281.5462597877138,3429.2622615091923
68314232010538,42,2005,2010,5,ne,diag_dg_mort,71.58230590820312,116.48126220703125,10.61478042602539,1801.86865234375,5148.669921875,85.43051133133258,1281.5462597877138,3429.2622615091923
222518063010661,23,2011,2016,5,ne,fvs_base,47.17333221435547,118.97718048095703,8.526145935058594,879.9383544921875,2217.822265625,118.7231359156662,1073.5815288184758,2755.308030180712
222518063010661,23,2011,2016,5,ne,organon,45.82575988769531,115.67515563964844,8.52258014678955,882.5745239257812,2148.51416015625,118.7231359156662,1073.5815288184758,2755.308030180712
222518063010661,23,2011,2016,5,ne,diag_dg_only,47.17333221435547,118.97718048095703,8.526145935058594,879.9383544921875,2217.822265625,118.7231359156662,1073.5815288184758,2755.308030180712
222518063010661,23,2011,2016,5,ne,diag_hg_only,47.1667594909668,118.97724151611328,8.525551795959473,910.7194213867188,2217.42578125,118.7231359156662,1073.5815288184758,2755.308030180712
222518063010661,23,2011,2016,5,ne,diag_mort_only,45.874603271484375,115.80352020263672,8.522394180297852,855.3115234375,2150.812744140625,118.7231359156662,1073.5815288184758,2755.308030180712
222518063010661,23,2011,2016,5,ne,diag_dg_mort,45.874603271484375,115.80352020263672,8.522394180297852,855.3115234375,2150.812744140625,118.7231359156662,1073.5815288184758,2755.308030180712
375840652489998,42,2017,2024,7,ne,fvs_base,80.13052368164062,82.5177001953125,13.343255043029785,2367.46875,10961.9580078125,92.50330828016808,2140.574482822014,9813.803074349174
375840652489998,42,2017,2024,7,ne,organon,66.55521392822266,68.41475677490234,13.355264663696289,1949.1407470703125,9053.2421875,92.50330828016808,2140.574482822014,9813.803074349174
375840652489998,42,2017,2024,7,ne,diag_dg_only,80.13052368164062,82.5177001953125,13.343255043029785,2367.46875,10961.9580078125,92.50330828016808,2140.574482822014,9813.803074349174
375840652489998,42,2017,2024,7,ne,diag_hg_only,80.13047790527344,82.51766204833984,13.34325122833252,2456.571533203125,11026.9814453125,92.50330828016808,2140.574482822014,9813.803074349174
375840652489998,42,2017,2024,7,ne,diag_mort_only,67.00393676757812,68.80941772460938,13.361723899841309,1974.7010498046875,9270.583984375,92.50330828016808,2140.574482822014,9813.803074349174
375840652489998,42,2017,2024,7,ne,diag_dg_mort,67.00393676757812,68.80941772460938,13.361723899841309,1974.7010498046875,9270.583984375,92.50330828016808,2140.574482822014,9813.803074349174
171000830010661,24,2008,2013,5,ne,fvs_base,58.536922454833984,35.5721321105957,17.36985969543457,1722.68115234375,9909.572265625,64.11581829788176,1208.595313598242,5996.798253493088
171000830010661,24,2008,2013,5,ne,organon,47.50127410888672,27.67722511291504,17.738937377929688,1362.60205078125,7917.8701171875,64.11581829788176,1208.595313598242,5996.798253493088
171000830010661,24,2008,2013,5,ne,diag_dg_only,58.536922454833984,35.5721321105957,17.36985969543457,1722.68115234375,9909.572265625,64.11581829788176,1208.595313598242,5996.798253493088
171000830010661,24,2008,2013,5,ne,diag_hg_only,58.52899932861328,35.572113037109375,17.368688583374023,1761.7825927734375,10088.806640625,64.11581829788176,1208.595313598242,5996.798253493088
171000830010661,24,2008,2013,5,ne,diag_mort_only,47.709632873535156,27.745973587036133,17.755762100219727,1422.4454345703125,8273.873046875,64.11581829788176,1208.595313598242,5996.798253493088
171000830010661,24,2008,2013,5,ne,diag_dg_mort,47.709632873535156,27.745973587036133,17.755762100219727,1422.4454345703125,8273.873046875,64.11581829788176,1208.595313598242,5996.798253493088
122562416010661,42,2007,2012,5,ne,fvs_base,128.25218200683594,225.31822204589844,10.2157564163208,3587.1669921875,11301.6826171875,147.20353270102603,3645.965953544226,11865.065848819337
122562416010661,42,2007,2012,5,ne,organon,115.34913635253906,203.5299072265625,10.193639755249023,3147.088623046875,10111.4033203125,147.20353270102603,3645.965953544226,11865.065848819337
122562416010661,42,2007,2012,5,ne,diag_dg_only,128.25218200683594,225.31822204589844,10.2157564163208,3587.1669921875,11301.6826171875,147.20353270102603,3645.965953544226,11865.065848819337
122562416010661,42,2007,2012,5,ne,diag_hg_only,128.2471160888672,225.31837463378906,10.215550422668457,3659.203369140625,11527.4794921875,147.20353270102603,3645.965953544226,11865.065848819337
122562416010661,42,2007,2012,5,ne,diag_mort_only,115.94624328613281,204.3327178955078,10.199895858764648,3226.31298828125,10333.884765625,147.20353270102603,3645.965953544226,11865.065848819337
122562416010661,42,2007,2012,5,ne,diag_dg_mort,115.94624328613281,204.3327178955078,10.199895858764648,3226.31298828125,10333.884765625,147.20353270102603,3645.965953544226,11865.065848819337
70445152010538,23,2005,2010,5,ne,fvs_base,55.58946228027344,88.92992401123047,10.70553970336914,1395.6619873046875,6299.904296875,83.67791077338723,1516.6263501680023,6208.308371830122
70445152010538,23,2005,2010,5,ne,organon,52.879390716552734,80.53032684326172,10.972354888916016,1374.8126220703125,6309.61767578125,83.67791077338723,1516.6263501680023,6208.308371830122
70445152010538,23,2005,2010,5,ne,diag_dg_only,55.58946228027344,88.92992401123047,10.70553970336914,1395.6619873046875,6299.904296875,83.67791077338723,1516.6263501680023,6208.308371830122
70445152010538,23,2005,2010,5,ne,diag_hg_only,55.591453552246094,88.92990112304688,10.705733299255371,1434.60693359375,6522.4501953125,83.67791077338723,1516.6263501680023,6208.308371830122
70445152010538,23,2005,2010,5,ne,diag_mort_only,53.00051498413086,80.70909881591797,10.972739219665527,1345.57470703125,6145.9912109375,83.67791077338723,1516.6263501680023,6208.308371830122
70445152010538,23,2005,2010,5,ne,diag_dg_mort,53.00051498413086,80.70909881591797,10.972739219665527,1345.57470703125,6145.9912109375,83.67791077338723,1516.6263501680023,6208.308371830122
70390499010538,23,2005,2010,5,ne,fvs_base,9.840916633605957,53.4882698059082,5.807976722717285,102.97003936767578,0.0,133.0670917934465,234.41662488097197,
70390499010538,23,2005,2010,5,ne,organon,9.600518226623535,52.10149383544922,5.812440395355225,114.54854583740234,0.0,133.0670917934465,234.41662488097197,
70390499010538,23,2005,2010,5,ne,diag_dg_only,9.840916633605957,53.4882698059082,5.807976722717285,102.97003936767578,0.0,133.0670917934465,234.41662488097197,
70390499010538,23,2005,2010,5,ne,diag_hg_only,9.840463638305664,53.48834228515625,5.807837009429932,119.70610809326172,0.0,133.0670917934465,234.41662488097197,
70390499010538,23,2005,2010,5,ne,diag_mort_only,9.620794296264648,52.2227897644043,5.811814308166504,100.3372802734375,0.0,133.0670917934465,234.41662488097197,
70390499010538,23,2005,2010,5,ne,diag_dg_mort,9.620794296264648,52.2227897644043,5.811814308166504,100.3372802734375,0.0,133.0670917934465,234.41662488097197,
29637309020004,54,2013,2020,7,ne,fvs_base,105.98045349121094,135.81651306152344,11.961146354675293,2938.954345703125,11940.73046875,123.94463690337759,3051.050704280198,10511.855216824306
29637309020004,54,2013,2020,7,ne,organon,81.82772064208984,96.96426391601562,12.438865661621094,2267.133544921875,9947.94921875,123.94463690337759,3051.050704280198,10511.855216824306
29637309020004,54,2013,2020,7,ne,diag_dg_only,105.98045349121094,135.81651306152344,11.961146354675293,2938.954345703125,11940.73046875,123.94463690337759,3051.050704280198,10511.855216824306
29637309020004,54,2013,2020,7,ne,diag_hg_only,105.99446868896484,135.8163604736328,11.961943626403809,3119.363037109375,12703.4765625,123.94463690337759,3051.050704280198,10511.855216824306
29637309020004,54,2013,2020,7,ne,diag_mort_only,82.70112609863281,98.0947265625,12.43281078338623,2346.67138671875,10286.1328125,123.94463690337759,3051.050704280198,10511.855216824306
29637309020004,54,2013,2020,7,ne,diag_dg_mort,82.70112609863281,98.0947265625,12.43281078338623,2346.67138671875,10286.1328125,123.94463690337759,3051.050704280198,10511.855216824306
247062096010661,36,2013,2019,6,ne,fvs_base,26.850683212280273,59.467281341552734,9.098607063293457,517.388671875,528.4902954101562,32.19281311605616,453.634283415954,345.22818170472397
247062096010661,36,2013,2019,6,ne,organon,20.8288516998291,47.117576599121094,9.002798080444336,415.00628662109375,411.498046875,32.19281311605616,453.634283415954,345.22818170472397
247062096010661,36,2013,2019,6,ne,diag_dg_only,26.850683212280273,59.467281341552734,9.098607063293457,517.388671875,528.4902954101562,32.19281311605616,453.634283415954,345.22818170472397
247062096010661,36,2013,2019,6,ne,diag_hg_only,26.84842872619629,59.4672966003418,9.098223686218262,537.5098266601562,528.4105834960938,32.19281311605616,453.634283415954,345.22818170472397
247062096010661,36,2013,2019,6,ne,diag_mort_only,20.926990509033203,47.28547668457031,9.007946968078613,407.2037353515625,414.7705078125,32.19281311605616,453.634283415954,345.22818170472397
247062096010661,36,2013,2019,6,ne,diag_dg_mort,20.926990509033203,47.28547668457031,9.007946968078613,407.2037353515625,414.7705078125,32.19281311605616,453.634283415954,345.22818170472397
15802466020004,33,2013,2019,6,ne,fvs_base,133.8816375732422,171.77734375,11.954015731811523,4107.4931640625,20186.169921875,172.47709989881017,3451.1679369131,17997.593860042856
15802466020004,33,2013,2019,6,ne,organon,125.27468872070312,161.15435791015625,11.938423156738281,3858.93359375,19101.2578125,172.47709989881017,3451.1679369131,17997.593860042856
15802466020004,33,2013,2019,6,ne,diag_dg_only,133.8816375732422,171.77734375,11.954015731811523,4107.4931640625,20186.169921875,172.47709989881017,3451.1679369131,17997.593860042856
15802466020004,33,2013,2019,6,ne,diag_hg_only,133.87342834472656,171.77728271484375,11.953654289245605,4137.10888671875,20409.640625,172.47709989881017,3451.1679369131,17997.593860042856
15802466020004,33,2013,2019,6,ne,diag_mort_only,125.87983703613281,161.70411682128906,11.946859359741211,3867.491455078125,19067.76171875,172.47709989881017,3451.1679369131,17997.593860042856
15802466020004,33,2013,2019,6,ne,diag_dg_mort,125.87983703613281,161.70411682128906,11.946859359741211,3867.491455078125,19067.76171875,172.47709989881017,3451.1679369131,17997.593860042856
511304855126144,34,2019,2024,5,ne,fvs_base,186.2241973876953,174.1451873779297,14.002276420593262,6507.2568359375,32286.60546875,92.1363411338126,2516.7031100777635,8643.809379407241
511304855126144,34,2019,2024,5,ne,organon,150.86590576171875,127.37889862060547,14.736117362976074,5263.25,27193.150390625,92.1363411338126,2516.7031100777635,8643.809379407241
511304855126144,34,2019,2024,5,ne,diag_dg_only,155.8572998046875,104.32035827636719,16.5506649017334,5659.091796875,30219.072265625,92.1363411338126,2516.7031100777635,8643.809379407241
511304855126144,34,2019,2024,5,ne,diag_hg_only,155.8482666015625,104.32624053955078,16.549715042114258,5770.42529296875,31069.037109375,92.1363411338126,2516.7031100777635,8643.809379407241
511304855126144,34,2019,2024,5,ne,diag_mort_only,151.69776916503906,128.155029296875,14.731873512268066,5372.66259765625,27330.970703125,92.1363411338126,2516.7031100777635,8643.809379407241
511304855126144,34,2019,2024,5,ne,diag_dg_mort,151.69776916503906,128.155029296875,14.731873512268066,5372.66259765625,27330.970703125,92.1363411338126,2516.7031100777635,8643.809379407241
75976533010538,23,2007,2012,5,ne,fvs_base,41.15657043457031,195.66322326660156,6.210137367248535,528.4348754882812,0.0,132.14721150841734,800.889704096238,784.960532120792
75976533010538,23,2007,2012,5,ne,organon,40.264854431152344,191.0414276123047,6.2163519859313965,514.7633056640625,0.0,132.14721150841734,800.889704096238,784.960532120792
75976533010538,23,2007,2012,5,ne,diag_dg_only,41.15657043457031,195.66322326660156,6.210137367248535,528.4348754882812,0.0,132.14721150841734,800.889704096238,784.960532120792
75976533010538,23,2007,2012,5,ne,diag_hg_only,41.16566467285156,195.66307067871094,6.210829257965088,532.4992065429688,0.0,132.14721150841734,800.889704096238,784.960532120792
75976533010538,23,2007,2012,5,ne,diag_mort_only,40.401615142822266,191.7275848388672,6.215744972229004,518.933349609375,0.0,132.14721150841734,800.889704096238,784.960532120792
75976533010538,23,2007,2012,5,ne,diag_dg_mort,40.401615142822266,191.7275848388672,6.215744972229004,518.933349609375,0.0,132.14721150841734,800.889704096238,784.960532120792
222096232010661,42,2011,2017,6,ne,fvs_base,119.78121948242188,295.7764587402344,8.616853713989258,2724.072998046875,6206.28515625,153.04115700113843,2633.187776558934,6553.539171384856
222096232010661,42,2011,2017,6,ne,organon,105.5634765625,262.5806884765625,8.585423469543457,2293.107177734375,5335.974609375,153.04115700113843,2633.187776558934,6553.539171384856
222096232010661,42,2011,2017,6,ne,diag_dg_only,119.78121948242188,295.7764587402344,8.616853713989258,2724.072998046875,6206.28515625,153.04115700113843,2633.187776558934,6553.539171384856
222096232010661,42,2011,2017,6,ne,diag_hg_only,119.77369689941406,295.7764587402344,8.61658763885498,2825.3720703125,6496.2373046875,153.04115700113843,2633.187776558934,6553.539171384856
222096232010661,42,2011,2017,6,ne,diag_mort_only,106.35871124267578,264.25274658203125,8.590392112731934,2382.44580078125,5526.31982421875,153.04115700113843,2633.187776558934,6553.539171384856
222096232010661,42,2011,2017,6,ne,diag_dg_mort,106.35871124267578,264.25274658203125,8.590392112731934,2382.44580078125,5526.31982421875,153.04115700113843,2633.187776558934,6553.539171384856
74916508010538,36,2006,2011,5,ne,fvs_base,152.723388671875,414.2109680175781,8.222017288208008,3556.142822265625,5330.412109375,135.42522049709993,2983.0750873505363,4054.753258670362
74916508010538,36,2006,2011,5,ne,organon,117.12215423583984,324.53173828125,8.134430885314941,2694.96484375,4164.11474609375,135.42522049709993,2983.0750873505363,4054.753258670362
74916508010538,36,2006,2011,5,ne,diag_dg_only,151.44793701171875,409.6084899902344,8.233484268188477,3535.128662109375,5301.0263671875,135.42522049709993,2983.0750873505363,4054.753258670362
74916508010538,36,2006,2011,5,ne,diag_hg_only,151.45156860351562,409.6078796386719,8.233585357666016,3533.401611328125,5301.26171875,135.42522049709993,2983.0750873505363,4054.753258670362
74916508010538,36,2006,2011,5,ne,diag_mort_only,117.1867904663086,324.8109436035156,8.133183479309082,2714.259765625,4164.4091796875,135.42522049709993,2983.0750873505363,4054.753258670362
74916508010538,36,2006,2011,5,ne,diag_dg_mort,117.1867904663086,324.8109436035156,8.133183479309082,2714.259765625,4164.4091796875,135.42522049709993,2983.0750873505363,4054.753258670362
53935201010538,36,2003,2009,6,ne,fvs_base,2.1494321823120117,11.82381820678711,5.77323579788208,27.89991569519043,0.0,9.23281670334646,29.555261818875998,
53935201010538,36,2003,2009,6,ne,organon,1.844955563545227,10.142863273620605,5.774959564208984,23.958452224731445,0.0,9.23281670334646,29.555261818875998,
53935201010538,36,2003,2009,6,ne,diag_dg_only,2.1494321823120117,11.82381820678711,5.77323579788208,27.89991569519043,0.0,9.23281670334646,29.555261818875998,
53935201010538,36,2003,2009,6,ne,diag_hg_only,2.1494193077087402,11.82381820678711,5.773218631744385,27.899593353271484,0.0,9.23281670334646,29.555261818875998,
53935201010538,36,2003,2009,6,ne,diag_mort_only,1.8860182762145996,10.363521575927734,5.776377201080322,24.502744674682617,0.0,9.23281670334646,29.555261818875998,
53935201010538,36,2003,2009,6,ne,diag_dg_mort,1.8860182762145996,10.363521575927734,5.776377201080322,24.502744674682617,0.0,9.23281670334646,29.555261818875998,
169112107010661,50,2010,2015,5,ne,fvs_base,92.27647399902344,196.14346313476562,9.287416458129883,2123.472412109375,6102.1865234375,112.16080044408272,1941.8231515930281,6258.392819445464
169112107010661,50,2010,2015,5,ne,organon,83.05657196044922,178.54440307617188,9.235280990600586,1984.847412109375,5982.22705078125,112.16080044408272,1941.8231515930281,6258.392819445464
169112107010661,50,2010,2015,5,ne,diag_dg_only,92.27647399902344,196.14346313476562,9.287416458129883,2123.472412109375,6102.1865234375,112.16080044408272,1941.8231515930281,6258.392819445464
169112107010661,50,2010,2015,5,ne,diag_hg_only,92.2836685180664,196.1434326171875,9.2877779006958,2219.855712890625,6721.619140625,112.16080044408272,1941.8231515930281,6258.392819445464
169112107010661,50,2010,2015,5,ne,diag_mort_only,83.31597900390625,178.85757446289062,9.241589546203613,1914.6866455078125,5493.8388671875,112.16080044408272,1941.8231515930281,6258.392819445464
169112107010661,50,2010,2015,5,ne,diag_dg_mort,83.31597900390625,178.85757446289062,9.241589546203613,1914.6866455078125,5493.8388671875,112.16080044408272,1941.8231515930281,6258.392819445464
304030612489998,23,2016,2021,5,ne,fvs_base,26.245315551757812,89.00772857666016,7.352724552154541,370.1463623046875,156.33987426757812,68.59938966210701,254.735004544104,76.372205340472
304030612489998,23,2016,2021,5,ne,organon,24.822834014892578,84.28007507324219,7.348512649536133,372.845703125,139.22927856445312,68.59938966210701,254.735004544104,76.372205340472
304030612489998,23,2016,2021,5,ne,diag_dg_only,26.245315551757812,89.00772857666016,7.352724552154541,370.1463623046875,156.33987426757812,68.59938966210701,254.735004544104,76.372205340472
304030612489998,23,2016,2021,5,ne,diag_hg_only,26.236217498779297,89.00782775878906,7.351446628570557,397.4748840332031,156.33302307128906,68.59938966210701,254.735004544104,76.372205340472
304030612489998,23,2016,2021,5,ne,diag_mort_only,24.943172454833984,84.65721130371094,7.349878311157227,349.0338134765625,140.587646484375,68.59938966210701,254.735004544104,76.372205340472
304030612489998,23,2016,2021,5,ne,diag_dg_mort,24.943172454833984,84.65721130371094,7.349878311157227,349.0338134765625,140.587646484375,68.59938966210701,254.735004544104,76.372205340472
55912737010538,33,2003,2009,6,ne,fvs_base,52.23318099975586,82.8489990234375,10.751420974731445,1380.5965576171875,4432.64013671875,46.16471158569101,1078.159348085848,4509.531705027928
55912737010538,33,2003,2009,6,ne,organon,43.05961990356445,66.5728530883789,10.889870643615723,1155.3868408203125,3876.34033203125,46.16471158569101,1078.159348085848,4509.531705027928
55912737010538,33,2003,2009,6,ne,diag_dg_only,52.23318099975586,82.8489990234375,10.751420974731445,1380.5965576171875,4432.64013671875,46.16471158569101,1078.159348085848,4509.531705027928
55912737010538,33,2003,2009,6,ne,diag_hg_only,52.23470687866211,82.84898376464844,10.751579284667969,1403.21875,4499.3896484375,46.16471158569101,1078.159348085848,4509.531705027928
55912737010538,33,2003,2009,6,ne,diag_mort_only,43.346561431884766,66.8761215209961,10.901293754577637,1152.26025390625,4020.429931640625,46.16471158569101,1078.159348085848,4509.531705027928
55912737010538,33,2003,2009,6,ne,diag_dg_mort,43.346561431884766,66.8761215209961,10.901293754577637,1152.26025390625,4020.429931640625,46.16471158569101,1078.159348085848,4509.531705027928
70385997010538,23,2005,2010,5,ne,fvs_base,63.2191047668457,106.80882263183594,10.417341232299805,1363.4432373046875,5998.0341796875,153.35284301297597,1210.38067526897,3436.3583441613564
70385997010538,23,2005,2010,5,ne,organon,60.55630111694336,100.36133575439453,10.517990112304688,1376.00634765625,6080.16650390625,153.35284301297597,1210.38067526897,3436.3583441613564
70385997010538,23,2005,2010,5,ne,diag_dg_only,63.2191047668457,106.80882263183594,10.417341232299805,1363.4432373046875,5998.0341796875,153.35284301297597,1210.38067526897,3436.3583441613564
70385997010538,23,2005,2010,5,ne,diag_hg_only,63.21258544921875,106.80889892578125,10.416800498962402,1436.8463134765625,6279.40087890625,153.35284301297597,1210.38067526897,3436.3583441613564
70385997010538,23,2005,2010,5,ne,diag_mort_only,60.69793701171875,100.71399688720703,10.51183032989502,1313.357177734375,5817.470703125,153.35284301297597,1210.38067526897,3436.3583441613564
70385997010538,23,2005,2010,5,ne,diag_dg_mort,60.69793701171875,100.71399688720703,10.51183032989502,1313.357177734375,5817.470703125,153.35284301297597,1210.38067526897,3436.3583441613564
145021783010661,36,2009,2014,5,ne,fvs_base,179.55982971191406,202.6770477294922,12.744962692260742,7179.515625,36478.20703125,213.7598968677679,6371.063952483216,22714.956809761698
145021783010661,36,2009,2014,5,ne,organon,175.27711486816406,208.4290008544922,12.41708755493164,7003.39208984375,34933.953125,213.7598968677679,6371.063952483216,22714.956809761698
145021783010661,36,2009,2014,5,ne,diag_dg_only,179.55982971191406,202.6770477294922,12.744962692260742,7179.515625,36478.20703125,213.7598968677679,6371.063952483216,22714.956809761698
145021783010661,36,2009,2014,5,ne,diag_hg_only,179.572509765625,202.67710876464844,12.745412826538086,7250.05517578125,36755.98046875,213.7598968677679,6371.063952483216,22714.956809761698
145021783010661,36,2009,2014,5,ne,diag_mort_only,175.93064880371094,209.03411865234375,12.422201156616211,6967.20458984375,34821.69140625,213.7598968677679,6371.063952483216,22714.956809761698
145021783010661,36,2009,2014,5,ne,diag_dg_mort,175.93064880371094,209.03411865234375,12.422201156616211,6967.20458984375,34821.69140625,213.7598968677679,6371.063952483216,22714.956809761698
375840604489998,42,2017,2024,7,ne,fvs_base,73.72164154052734,231.8924560546875,7.634672164916992,1614.613525390625,1400.311279296875,,,
375840604489998,42,2017,2024,7,ne,organon,62.77433395385742,195.82925415039062,7.666348457336426,1319.4559326171875,1211.4031982421875,,,
375840604489998,42,2017,2024,7,ne,diag_dg_only,73.72164154052734,231.8924560546875,7.634672164916992,1614.613525390625,1400.311279296875,,,
375840604489998,42,2017,2024,7,ne,diag_hg_only,73.72124481201172,231.89248657226562,7.6346540451049805,1699.365478515625,1502.3922119140625,,,
375840604489998,42,2017,2024,7,ne,diag_mort_only,62.99169921875,196.45269775390625,7.667413711547852,1375.871337890625,1254.5091552734375,,,
375840604489998,42,2017,2024,7,ne,diag_dg_mort,62.99169921875,196.45269775390625,7.667413711547852,1375.871337890625,1254.5091552734375,,,
65314259010538,24,2005,2010,5,ne,fvs_base,184.4461669921875,127.97395324707031,16.255870819091797,8159.134765625,48557.671875,98.21238569439679,3150.189562793614,19091.3695921633
65314259010538,24,2005,2010,5,ne,organon,153.20347595214844,97.87836456298828,16.940536499023438,6619.86376953125,40138.1796875,98.21238569439679,3150.189562793614,19091.3695921633
65314259010538,24,2005,2010,5,ne,diag_dg_only,164.17088317871094,91.71118927001953,18.116453170776367,7522.31982421875,45974.71484375,98.21238569439679,3150.189562793614,19091.3695921633
65314259010538,24,2005,2010,5,ne,diag_hg_only,164.15902709960938,91.71119689941406,18.11579704284668,7466.587890625,45448.3359375,98.21238569439679,3150.189562793614,19091.3695921633
65314259010538,24,2005,2010,5,ne,diag_mort_only,154.01840209960938,98.54306030273438,16.928152084350586,6905.5361328125,41747.23046875,98.21238569439679,3150.189562793614,19091.3695921633
65314259010538,24,2005,2010,5,ne,diag_dg_mort,154.01840209960938,98.54306030273438,16.928152084350586,6905.5361328125,41747.23046875,98.21238569439679,3150.189562793614,19091.3695921633
68318225010538,42,2005,2010,5,ne,fvs_base,90.10560607910156,172.4281005859375,9.788320541381836,2900.205810546875,9639.8203125,104.57647690985813,2555.2995532145105,7949.07092351086
68318225010538,42,2005,2010,5,ne,organon,68.06185913085938,128.70269775390625,9.846782684326172,2120.849609375,7064.06591796875,104.57647690985813,2555.2995532145105,7949.07092351086
68318225010538,42,2005,2010,5,ne,diag_dg_only,90.10560607910156,172.4281005859375,9.788320541381836,2900.205810546875,9639.8203125,104.57647690985813,2555.2995532145105,7949.07092351086
68318225010538,42,2005,2010,5,ne,diag_hg_only,90.09813690185547,172.4281463623047,9.787912368774414,2941.31494140625,9635.1875,104.57647690985813,2555.2995532145105,7949.07092351086
68318225010538,42,2005,2010,5,ne,diag_mort_only,68.48667907714844,129.22068786621094,9.857649803161621,2202.53369140625,7546.064453125,104.57647690985813,2555.2995532145105,7949.07092351086
68318225010538,42,2005,2010,5,ne,diag_dg_mort,68.48667907714844,129.22068786621094,9.857649803161621,2202.53369140625,7546.064453125,104.57647690985813,2555.2995532145105,7949.07092351086
247056846010661,23,2012,2017,5,ne,fvs_base,76.57176971435547,219.34312438964844,8.000343322753906,1448.0509033203125,3355.300048828125,107.87401594970616,1383.589625896248,3685.323884113536
247056846010661,23,2012,2017,5,ne,organon,69.52429962158203,190.8556365966797,8.172447204589844,1355.3338623046875,3316.290283203125,107.87401594970616,1383.589625896248,3685.323884113536
247056846010661,23,2012,2017,5,ne,diag_dg_only,76.57176971435547,219.34312438964844,8.000343322753906,1448.0509033203125,3355.300048828125,107.87401594970616,1383.589625896248,3685.323884113536
247056846010661,23,2012,2017,5,ne,diag_hg_only,76.56853485107422,219.34315490722656,8.000174522399902,1472.454833984375,3421.164794921875,107.87401594970616,1383.589625896248,3685.323884113536
247056846010661,23,2012,2017,5,ne,diag_mort_only,69.72795867919922,191.4463653564453,8.171772003173828,1341.4410400390625,3260.484619140625,107.87401594970616,1383.589625896248,3685.323884113536
247056846010661,23,2012,2017,5,ne,diag_dg_mort,69.72795867919922,191.4463653564453,8.171772003173828,1341.4410400390625,3260.484619140625,107.87401594970616,1383.589625896248,3685.323884113536
53942327010538,36,2004,2009,5,ne,fvs_base,196.89535522460938,362.0120849609375,9.9860200881958,6078.3603515625,21512.904296875,211.975530788419,6567.120685561565,16180.564665566531
53942327010538,36,2004,2009,5,ne,organon,175.73814392089844,311.06689453125,10.177528381347656,5512.7685546875,20256.869140625,211.975530788419,6567.120685561565,16180.564665566531
53942327010538,36,2004,2009,5,ne,diag_dg_only,180.02548217773438,310.975830078125,10.302437782287598,5703.81396484375,20860.486328125,211.975530788419,6567.120685561565,16180.564665566531
53942327010538,36,2004,2009,5,ne,diag_hg_only,180.03590393066406,310.96807861328125,10.302867889404297,5772.84765625,20882.19921875,211.975530788419,6567.120685561565,16180.564665566531
53942327010538,36,2004,2009,5,ne,diag_mort_only,175.8754425048828,311.22967529296875,10.178842544555664,5469.67578125,20204.533203125,211.975530788419,6567.120685561565,16180.564665566531
53942327010538,36,2004,2009,5,ne,diag_dg_mort,175.8754425048828,311.22967529296875,10.178842544555664,5469.67578125,20204.533203125,211.975530788419,6567.120685561565,16180.564665566531
451063741489998,23,2018,2023,5,ne,fvs_base,139.40016174316406,415.4259338378906,7.8437042236328125,2541.109619140625,5209.1435546875,165.46504048833114,2505.582302693904,4427.050821914696
451063741489998,23,2018,2023,5,ne,organon,133.3306121826172,400.47015380859375,7.812967300415039,2467.479736328125,5039.849609375,165.46504048833114,2505.582302693904,4427.050821914696
451063741489998,23,2018,2023,5,ne,diag_dg_only,139.40016174316406,415.4259338378906,7.8437042236328125,2541.109619140625,5209.1435546875,165.46504048833114,2505.582302693904,4427.050821914696
451063741489998,23,2018,2023,5,ne,diag_hg_only,139.3854522705078,415.42572021484375,7.843291282653809,2623.047119140625,5483.97802734375,165.46504048833114,2505.582302693904,4427.050821914696
451063741489998,23,2018,2023,5,ne,diag_mort_only,133.6827392578125,401.25579833984375,7.81561803817749,2409.8359375,4831.98486328125,165.46504048833114,2505.582302693904,4427.050821914696
451063741489998,23,2018,2023,5,ne,diag_dg_mort,133.6827392578125,401.25579833984375,7.81561803817749,2409.8359375,4831.98486328125,165.46504048833114,2505.582302693904,4427.050821914696
68279937010538,42,2005,2010,5,ne,fvs_base,153.7290802001953,197.50335693359375,11.946123123168945,4469.6708984375,19047.830078125,178.6359213549643,3696.33970066688,16202.973937077766
68279937010538,42,2005,2010,5,ne,organon,139.774658203125,174.91087341308594,12.104369163513184,3963.533203125,17370.25,178.6359213549643,3696.33970066688,16202.973937077766
68279937010538,42,2005,2010,5,ne,diag_dg_only,150.79100036621094,190.32127380371094,12.05258846282959,4407.3291015625,18956.916015625,178.6359213549643,3696.33970066688,16202.973937077766
68279937010538,42,2005,2010,5,ne,diag_hg_only,150.7897491455078,190.32135009765625,12.052532196044922,4442.4189453125,19052.15625,178.6359213549643,3696.33970066688,16202.973937077766
68279937010538,42,2005,2010,5,ne,diag_mort_only,140.30894470214844,175.69102478027344,12.10052490234375,4111.50830078125,17900.734375,178.6359213549643,3696.33970066688,16202.973937077766
68279937010538,42,2005,2010,5,ne,diag_dg_mort,140.30894470214844,175.69102478027344,12.10052490234375,4111.50830078125,17900.734375,178.6359213549643,3696.33970066688,16202.973937077766
52948187010538,23,2002,2007,5,ne,fvs_base,60.488731384277344,207.6610107421875,7.307959079742432,729.9367065429688,810.4479370117188,97.01399725051346,670.94478706526,305.602279583126
52948187010538,23,2002,2007,5,ne,organon,58.12342834472656,197.47996520996094,7.3459906578063965,713.2260131835938,795.6609497070312,97.01399725051346,670.94478706526,305.602279583126
52948187010538,23,2002,2007,5,ne,diag_dg_only,60.488731384277344,207.6610107421875,7.307959079742432,729.9367065429688,810.4479370117188,97.01399725051346,670.94478706526,305.602279583126
52948187010538,23,2002,2007,5,ne,diag_hg_only,60.48759841918945,207.66114807128906,7.307885646820068,751.778076171875,810.3991088867188,97.01399725051346,670.94478706526,305.602279583126
52948187010538,23,2002,2007,5,ne,diag_mort_only,58.21903991699219,197.86407470703125,7.344887733459473,701.4407348632812,797.1045532226562,97.01399725051346,670.94478706526,305.602279583126
52948187010538,23,2002,2007,5,ne,diag_dg_mort,58.21903991699219,197.86407470703125,7.344887733459473,701.4407348632812,797.1045532226562,97.01399725051346,670.94478706526,305.602279583126
122564329010661,36,2007,2012,5,ne,fvs_base,45.0320930480957,77.397705078125,10.328408241271973,841.2830200195312,3555.7587890625,69.32784721200287,1148.911974288072,4321.377346386778
122564329010661,36,2007,2012,5,ne,organon,43.22486114501953,72.99273681640625,10.419894218444824,845.6141357421875,3490.0615234375,69.32784721200287,1148.911974288072,4321.377346386778
122564329010661,36,2007,2012,5,ne,diag_dg_only,45.0320930480957,77.397705078125,10.328408241271973,841.2830200195312,3555.7587890625,69.32784721200287,1148.911974288072,4321.377346386778
122564329010661,36,2007,2012,5,ne,diag_hg_only,45.02328109741211,77.39771270751953,10.32739543914795,888.1758422851562,3626.560791015625,69.32784721200287,1148.911974288072,4321.377346386778
122564329010661,36,2007,2012,5,ne,diag_mort_only,43.308929443359375,73.16609191894531,10.417656898498535,811.8526611328125,3438.838623046875,69.32784721200287,1148.911974288072,4321.377346386778
122564329010661,36,2007,2012,5,ne,diag_dg_mort,43.308929443359375,73.16609191894531,10.417656898498535,811.8526611328125,3438.838623046875,69.32784721200287,1148.911974288072,4321.377346386778
113492597010661,42,2008,2013,5,ne,fvs_base,47.742103576660156,113.04995727539062,8.79937744140625,1127.687255859375,2391.697021484375,1.386786523265299,17.423922204834,
113492597010661,42,2008,2013,5,ne,organon,41.863834381103516,98.87849426269531,8.810589790344238,966.1116333007812,2138.468994140625,1.386786523265299,17.423922204834,
113492597010661,42,2008,2013,5,ne,diag_dg_only,47.742103576660156,113.04995727539062,8.79937744140625,1127.687255859375,2391.697021484375,1.386786523265299,17.423922204834,
113492597010661,42,2008,2013,5,ne,diag_hg_only,47.74222183227539,113.0499038696289,8.79939079284668,1145.8934326171875,2457.7978515625,1.386786523265299,17.423922204834,
113492597010661,42,2008,2013,5,ne,diag_mort_only,42.10554885864258,99.32241821289062,8.816218376159668,991.8279418945312,2152.355224609375,1.386786523265299,17.423922204834,
113492597010661,42,2008,2013,5,ne,diag_dg_mort,42.10554885864258,99.32241821289062,8.816218376159668,991.8279418945312,2152.355224609375,1.386786523265299,17.423922204834,
251021776489998,42,2015,2022,7,ne,fvs_base,34.60954666137695,47.294925689697266,11.58315658569336,892.2720336914062,3094.08642578125,29.832691724803357,565.5900152174099,1704.924973407864
251021776489998,42,2015,2022,7,ne,organon,27.076648712158203,38.14018249511719,11.40886402130127,709.61572265625,2417.90771484375,29.832691724803357,565.5900152174099,1704.924973407864
251021776489998,42,2015,2022,7,ne,diag_dg_only,34.60954666137695,47.294925689697266,11.58315658569336,892.2720336914062,3094.08642578125,29.832691724803357,565.5900152174099,1704.924973407864
251021776489998,42,2015,2022,7,ne,diag_hg_only,34.60805892944336,47.294925689697266,11.582908630371094,963.7243041992188,3280.87353515625,29.832691724803357,565.5900152174099,1704.924973407864
251021776489998,42,2015,2022,7,ne,diag_mort_only,27.38253402709961,38.54303741455078,11.413008689880371,696.2484130859375,2348.996337890625,29.832691724803357,565.5900152174099,1704.924973407864
251021776489998,42,2015,2022,7,ne,diag_dg_mort,27.38253402709961,38.54303741455078,11.413008689880371,696.2484130859375,2348.996337890625,29.832691724803357,565.5900152174099,1704.924973407864
375823776489998,23,2017,2022,5,ne,fvs_base,86.8101806640625,190.12844848632812,9.149516105651855,1892.2386474609375,6679.4951171875,129.98844121310316,1858.880178835732,3762.149404787004
375823776489998,23,2017,2022,5,ne,organon,78.72002410888672,166.9887237548828,9.296839714050293,1765.8369140625,6224.1396484375,129.98844121310316,1858.880178835732,3762.149404787004
375823776489998,23,2017,2022,5,ne,diag_dg_only,86.8101806640625,190.12844848632812,9.149516105651855,1892.2386474609375,6679.4951171875,129.98844121310316,1858.880178835732,3762.149404787004
375823776489998,23,2017,2022,5,ne,diag_hg_only,86.81019592285156,190.12838745117188,9.149518013000488,1947.822509765625,6769.68994140625,129.98844121310316,1858.880178835732,3762.149404787004
375823776489998,23,2017,2022,5,ne,diag_mort_only,78.9081039428711,167.3355255126953,9.298288345336914,1733.015380859375,6255.1015625,129.98844121310316,1858.880178835732,3762.149404787004
375823776489998,23,2017,2022,5,ne,diag_dg_mort,78.9081039428711,167.3355255126953,9.298288345336914,1733.015380859375,6255.1015625,129.98844121310316,1858.880178835732,3762.149404787004
52764804010538,23,1999,2004,5,ne,fvs_base,6.629612445831299,29.645071029663086,6.403303623199463,97.70341491699219,0.0,22.001096699048578,76.532381652808,
52764804010538,23,1999,2004,5,ne,organon,4.550994396209717,20.608293533325195,6.363096237182617,72.25236511230469,0.0,22.001096699048578,76.532381652808,
52764804010538,23,1999,2004,5,ne,diag_dg_only,6.629612445831299,29.645071029663086,6.403303623199463,97.70341491699219,0.0,22.001096699048578,76.532381652808,
52764804010538,23,1999,2004,5,ne,diag_hg_only,6.629721164703369,29.64506721496582,6.403357028961182,108.32915496826172,0.0,22.001096699048578,76.532381652808,
52764804010538,23,1999,2004,5,ne,diag_mort_only,4.550907611846924,20.607908248901367,6.363094329833984,65.3931884765625,0.0,22.001096699048578,76.532381652808,
52764804010538,23,1999,2004,5,ne,diag_dg_mort,4.550907611846924,20.607908248901367,6.363094329833984,65.3931884765625,0.0,22.001096699048578,76.532381652808,
52950720010538,23,2002,2007,5,ne,fvs_base,80.6904067993164,160.15841674804688,9.611085891723633,1756.08984375,5013.125,104.47679759878707,1754.6183623760799,5959.287574179571
52950720010538,23,2002,2007,5,ne,organon,73.18879699707031,143.53021240234375,9.669119834899902,1715.9803466796875,4657.732421875,104.47679759878707,1754.6183623760799,5959.287574179571
52950720010538,23,2002,2007,5,ne,diag_dg_only,80.6904067993164,160.15841674804688,9.611085891723633,1756.08984375,5013.125,104.47679759878707,1754.6183623760799,5959.287574179571
52950720010538,23,2002,2007,5,ne,diag_hg_only,80.68848419189453,160.15843200683594,9.610968589782715,1898.9305419921875,5066.7119140625,104.47679759878707,1754.6183623760799,5959.287574179571
52950720010538,23,2002,2007,5,ne,diag_mort_only,73.29790496826172,143.6544647216797,9.672138214111328,1599.3621826171875,4638.6171875,104.47679759878707,1754.6183623760799,5959.287574179571
52950720010538,23,2002,2007,5,ne,diag_dg_mort,73.29790496826172,143.6544647216797,9.672138214111328,1599.3621826171875,4638.6171875,104.47679759878707,1754.6183623760799,5959.287574179571
58241817010538,42,2001,2006,5,ne,fvs_base,168.87156677246094,156.0205535888672,14.08716869354248,6114.14111328125,29162.828125,171.455149539863,4002.1090953693797,17901.36484713136
58241817010538,42,2001,2006,5,ne,organon,146.70863342285156,139.30686950683594,13.895618438720703,5158.5771484375,24174.4140625,171.455149539863,4002.1090953693797,17901.36484713136
58241817010538,42,2001,2006,5,ne,diag_dg_only,162.32095336914062,145.11346435546875,14.320878982543945,5910.96484375,28418.525390625,171.455149539863,4002.1090953693797,17901.36484713136
58241817010538,42,2001,2006,5,ne,diag_hg_only,162.34361267089844,145.11346435546875,14.321883201599121,5997.87255859375,29068.89453125,171.455149539863,4002.1090953693797,17901.36484713136
58241817010538,42,2001,2006,5,ne,diag_mort_only,147.74220275878906,140.0746307373047,13.906209945678711,5343.19189453125,25265.837890625,171.455149539863,4002.1090953693797,17901.36484713136
58241817010538,42,2001,2006,5,ne,diag_dg_mort,147.74220275878906,140.0746307373047,13.906209945678711,5343.19189453125,25265.837890625,171.455149539863,4002.1090953693797,17901.36484713136
58178583010538,42,2000,2005,5,ne,fvs_base,44.0617561340332,89.06082916259766,9.52409839630127,1032.910400390625,2152.838623046875,74.34439917596906,1013.478641431416,3163.3719360874184
58178583010538,42,2000,2005,5,ne,organon,39.46979904174805,80.37286376953125,9.488860130310059,869.2462768554688,1890.6759033203125,74.34439917596906,1013.478641431416,3163.3719360874184
58178583010538,42,2000,2005,5,ne,diag_dg_only,44.0617561340332,89.06082916259766,9.52409839630127,1032.910400390625,2152.838623046875,74.34439917596906,1013.478641431416,3163.3719360874184
58178583010538,42,2000,2005,5,ne,diag_hg_only,44.06195831298828,89.06078338623047,9.52412223815918,1045.200927734375,2152.818115234375,74.34439917596906,1013.478641431416,3163.3719360874184
58178583010538,42,2000,2005,5,ne,diag_mort_only,39.767635345458984,80.91228485107422,9.492791175842285,928.79296875,1937.7811279296875,74.34439917596906,1013.478641431416,3163.3719360874184
58178583010538,42,2000,2005,5,ne,diag_dg_mort,39.767635345458984,80.91228485107422,9.492791175842285,928.79296875,1937.7811279296875,74.34439917596906,1013.478641431416,3163.3719360874184
122563565010661,36,2007,2013,6,ne,fvs_base,95.63478088378906,243.93980407714844,8.478185653686523,2101.529296875,4225.4814453125,85.98788747310658,1124.147365951404,1469.075102727624
122563565010661,36,2007,2013,6,ne,organon,89.93704223632812,224.12803649902344,8.577437400817871,1991.5738525390625,4198.63623046875,85.98788747310658,1124.147365951404,1469.075102727624
122563565010661,36,2007,2013,6,ne,diag_dg_only,95.63478088378906,243.93980407714844,8.478185653686523,2101.529296875,4225.4814453125,85.98788747310658,1124.147365951404,1469.075102727624
122563565010661,36,2007,2013,6,ne,diag_hg_only,95.6212158203125,243.93991088867188,8.477581024169922,2115.495361328125,4224.49951171875,85.98788747310658,1124.147365951404,1469.075102727624
122563565010661,36,2007,2013,6,ne,diag_mort_only,90.11578369140625,224.63462829589844,8.576268196105957,1985.795166015625,4198.63623046875,85.98788747310658,1124.147365951404,1469.075102727624
122563565010661,36,2007,2013,6,ne,diag_dg_mort,90.11578369140625,224.63462829589844,8.576268196105957,1985.795166015625,4198.63623046875,85.98788747310658,1124.147365951404,1469.075102727624
58549928010538,42,2004,2009,5,ne,fvs_base,52.54784393310547,106.75529479980469,9.499899864196777,1515.1641845703125,4104.5341796875,26.57082978576313,601.7121567953941,1400.725981791018
58549928010538,42,2004,2009,5,ne,organon,43.51297378540039,91.66990661621094,9.328940391540527,1233.2176513671875,3168.123046875,26.57082978576313,601.7121567953941,1400.725981791018
58549928010538,42,2004,2009,5,ne,diag_dg_only,52.54784393310547,106.75529479980469,9.499899864196777,1515.1641845703125,4104.5341796875,26.57082978576313,601.7121567953941,1400.725981791018
58549928010538,42,2004,2009,5,ne,diag_hg_only,52.54539108276367,106.75527954101562,9.499677658081055,1596.753662109375,4253.72607421875,26.57082978576313,601.7121567953941,1400.725981791018
58549928010538,42,2004,2009,5,ne,diag_mort_only,43.70024108886719,91.98365783691406,9.33303451538086,1223.0035400390625,3186.770751953125,26.57082978576313,601.7121567953941,1400.725981791018
58549928010538,42,2004,2009,5,ne,diag_dg_mort,43.70024108886719,91.98365783691406,9.33303451538086,1223.0035400390625,3186.770751953125,26.57082978576313,601.7121567953941,1400.725981791018
247064745010661,50,2012,2019,7,ne,fvs_base,45.738346099853516,124.62452697753906,8.203038215637207,913.2550048828125,1581.123046875,64.97567575460386,961.3109268322542,2208.566396620244
247064745010661,50,2012,2019,7,ne,organon,40.85795593261719,110.85834503173828,8.220354080200195,879.6566772460938,1665.5731201171875,64.97567575460386,961.3109268322542,2208.566396620244
247064745010661,50,2012,2019,7,ne,diag_dg_only,45.738346099853516,124.62452697753906,8.203038215637207,913.2550048828125,1581.123046875,64.97567575460386,961.3109268322542,2208.566396620244
247064745010661,50,2012,2019,7,ne,diag_hg_only,45.73201370239258,124.62442016601562,8.202473640441895,999.999267578125,1890.6114501953125,64.97567575460386,961.3109268322542,2208.566396620244
247064745010661,50,2012,2019,7,ne,diag_mort_only,40.85603332519531,110.84918975830078,8.220499038696289,816.8107299804688,1421.2850341796875,64.97567575460386,961.3109268322542,2208.566396620244
247064745010661,50,2012,2019,7,ne,diag_dg_mort,40.85603332519531,110.84918975830078,8.220499038696289,816.8107299804688,1421.2850341796875,64.97567575460386,961.3109268322542,2208.566396620244
107545582010661,23,2008,2013,5,ne,fvs_base,126.43321990966797,356.0965270996094,8.068317413330078,2951.2666015625,6562.94091796875,145.9268707621737,2797.347138658079,5676.029823968809
107545582010661,23,2008,2013,5,ne,organon,112.33146667480469,315.0729064941406,8.085028648376465,2651.432861328125,5987.865234375,145.9268707621737,2797.347138658079,5676.029823968809
107545582010661,23,2008,2013,5,ne,diag_dg_only,126.43321990966797,356.0965270996094,8.068317413330078,2951.2666015625,6562.94091796875,145.9268707621737,2797.347138658079,5676.029823968809
107545582010661,23,2008,2013,5,ne,diag_hg_only,126.42597961425781,356.0965881347656,8.068086624145508,2990.61474609375,6628.4755859375,145.9268707621737,2797.347138658079,5676.029823968809
107545582010661,23,2008,2013,5,ne,diag_mort_only,112.62671661376953,315.7037353515625,8.087553024291992,2633.334228515625,5948.88232421875,145.9268707621737,2797.347138658079,5676.029823968809
107545582010661,23,2008,2013,5,ne,diag_dg_mort,112.62671661376953,315.7037353515625,8.087553024291992,2633.334228515625,5948.88232421875,145.9268707621737,2797.347138658079,5676.029823968809
58281576010538,42,2001,2006,5,ne,fvs_base,140.83547973632812,240.42367553710938,10.363435745239258,3826.237060546875,10981.5771484375,,,
58281576010538,42,2001,2006,5,ne,organon,116.37171173095703,193.91268920898438,10.48955249786377,3113.25390625,9581.298828125,,,
58281576010538,42,2001,2006,5,ne,diag_dg_only,140.95899963378906,240.87332153320312,10.35830020904541,3828.388671875,10983.4306640625,,,
58281576010538,42,2001,2006,5,ne,diag_hg_only,140.96136474609375,240.87185668945312,10.358413696289062,3968.874267578125,11385.8505859375,,,
58281576010538,42,2001,2006,5,ne,diag_mort_only,117.0702133178711,194.54629516601562,10.50383472442627,3200.728271484375,9762.9111328125,,,
58281576010538,42,2001,2006,5,ne,diag_dg_mort,117.0702133178711,194.54629516601562,10.50383472442627,3200.728271484375,9762.9111328125,,,
74526312010538,34,2006,2012,6,ne,fvs_base,125.93194580078125,136.4337921142578,13.008979797363281,3644.29248046875,16021.76171875,141.23332490514494,3358.8399718699543,14075.139284518898
74526312010538,34,2006,2012,6,ne,organon,108.03269958496094,113.56224822998047,13.206780433654785,3078.40625,13563.7880859375,141.23332490514494,3358.8399718699543,14075.139284518898
74526312010538,34,2006,2012,6,ne,diag_dg_only,125.93194580078125,136.4337921142578,13.008979797363281,3644.29248046875,16021.76171875,141.23332490514494,3358.8399718699543,14075.139284518898
74526312010538,34,2006,2012,6,ne,diag_hg_only,125.92139434814453,136.43399047851562,13.00842571258545,3746.39892578125,16511.849609375,141.23332490514494,3358.8399718699543,14075.139284518898
74526312010538,34,2006,2012,6,ne,diag_mort_only,109.17229461669922,114.48628234863281,13.222564697265625,3184.792724609375,14172.8251953125,141.23332490514494,3358.8399718699543,14075.139284518898
74526312010538,34,2006,2012,6,ne,diag_dg_mort,109.17229461669922,114.48628234863281,13.222564697265625,3184.792724609375,14172.8251953125,141.23332490514494,3358.8399718699543,14075.139284518898
73074956010538,33,2006,2011,5,ne,fvs_base,56.64799499511719,142.5283660888672,8.536462783813477,1319.7261962890625,2687.2353515625,97.92824101492232,1488.2415561698042,4375.499355225934
73074956010538,33,2006,2011,5,ne,organon,51.86073684692383,126.85391998291016,8.657721519470215,1301.41796875,2672.736328125,97.92824101492232,1488.2415561698042,4375.499355225934
73074956010538,33,2006,2011,5,ne,diag_dg_only,56.64799499511719,142.5283660888672,8.536462783813477,1319.7261962890625,2687.2353515625,97.92824101492232,1488.2415561698042,4375.499355225934
73074956010538,33,2006,2011,5,ne,diag_hg_only,56.647857666015625,142.52842712402344,8.536452293395996,1418.0272216796875,2819.457763671875,97.92824101492232,1488.2415561698042,4375.499355225934
73074956010538,33,2006,2011,5,ne,diag_mort_only,51.996856689453125,127.05387878417969,8.662253379821777,1218.528076171875,2556.705322265625,97.92824101492232,1488.2415561698042,4375.499355225934
73074956010538,33,2006,2011,5,ne,diag_dg_mort,51.996856689453125,127.05387878417969,8.662253379821777,1218.528076171875,2556.705322265625,97.92824101492232,1488.2415561698042,4375.499355225934
119148095010661,33,2008,2013,5,ne,fvs_base,104.45543670654297,231.5914306640625,9.093698501586914,2065.34765625,3796.988037109375,140.78264651155237,1671.542481072874,2888.901670447352
119148095010661,33,2008,2013,5,ne,organon,93.87637329101562,209.30357360839844,9.068304061889648,1936.9234619140625,3579.2509765625,140.78264651155237,1671.542481072874,2888.901670447352
119148095010661,33,2008,2013,5,ne,diag_dg_only,104.45543670654297,231.5914306640625,9.093698501586914,2065.34765625,3796.988037109375,140.78264651155237,1671.542481072874,2888.901670447352
119148095010661,33,2008,2013,5,ne,diag_hg_only,104.45572662353516,231.59146118164062,9.093710899353027,2179.494140625,4039.39453125,140.78264651155237,1671.542481072874,2888.901670447352
119148095010661,33,2008,2013,5,ne,diag_mort_only,94.03202819824219,209.6082763671875,9.069219589233398,1853.4080810546875,3399.85888671875,140.78264651155237,1671.542481072874,2888.901670447352
119148095010661,33,2008,2013,5,ne,diag_dg_mort,94.03202819824219,209.6082763671875,9.069219589233398,1853.4080810546875,3399.85888671875,140.78264651155237,1671.542481072874,2888.901670447352
168928845010661,23,2010,2015,5,ne,fvs_base,39.25335693359375,172.27166748046875,6.463499069213867,613.6224365234375,186.31057739257812,72.90507953586467,831.26538205411,435.231628336002
168928845010661,23,2010,2015,5,ne,organon,36.117469787597656,159.1256103515625,6.450968265533447,595.5192260742188,229.29733276367188,72.90507953586467,831.26538205411,435.231628336002
168928845010661,23,2010,2015,5,ne,diag_dg_only,39.25335693359375,172.27166748046875,6.463499069213867,613.6224365234375,186.31057739257812,72.90507953586467,831.26538205411,435.231628336002
168928845010661,23,2010,2015,5,ne,diag_hg_only,39.261146545410156,172.271484375,6.464144706726074,654.3455200195312,252.44651794433594,72.90507953586467,831.26538205411,435.231628336002
168928845010661,23,2010,2015,5,ne,diag_mort_only,36.25864791870117,159.7156524658203,6.451614856719971,563.075439453125,170.48248291015625,72.90507953586467,831.26538205411,435.231628336002
168928845010661,23,2010,2015,5,ne,diag_dg_mort,36.25864791870117,159.7156524658203,6.451614856719971,563.075439453125,170.48248291015625,72.90507953586467,831.26538205411,435.231628336002
247062079010661,36,2012,2019,7,ne,fvs_base,116.95223999023438,177.1233367919922,11.002788543701172,3061.2041015625,13029.6943359375,115.44073395707507,2479.5607472155384,7180.484357145375
247062079010661,36,2012,2019,7,ne,organon,102.74640655517578,160.59385681152344,10.830662727355957,2759.385009765625,11673.4033203125,115.44073395707507,2479.5607472155384,7180.484357145375
247062079010661,36,2012,2019,7,ne,diag_dg_only,116.95223999023438,177.1233367919922,11.002788543701172,3061.2041015625,13029.6943359375,115.44073395707507,2479.5607472155384,7180.484357145375
247062079010661,36,2012,2019,7,ne,diag_hg_only,116.9410629272461,177.1233673095703,11.002260208129883,3231.94091796875,13859.1591796875,115.44073395707507,2479.5607472155384,7180.484357145375
247062079010661,36,2012,2019,7,ne,diag_mort_only,103.25598907470703,161.2400665283203,10.835715293884277,2658.554443359375,11103.0498046875,115.44073395707507,2479.5607472155384,7180.484357145375
247062079010661,36,2012,2019,7,ne,diag_dg_mort,103.25598907470703,161.2400665283203,10.835715293884277,2658.554443359375,11103.0498046875,115.44073395707507,2479.5607472155384,7180.484357145375
168261983020004,24,2014,2021,7,ne,fvs_base,31.81771469116211,118.88909149169922,7.00486421585083,479.4598083496094,484.2210998535156,43.27233479483015,583.07860734456,990.9359498403621
168261983020004,24,2014,2021,7,ne,organon,27.470935821533203,104.7643051147461,6.933720111846924,423.9830627441406,421.5258483886719,43.27233479483015,583.07860734456,990.9359498403621
168261983020004,24,2014,2021,7,ne,diag_dg_only,31.81771469116211,118.88909149169922,7.00486421585083,479.4598083496094,484.2210998535156,43.27233479483015,583.07860734456,990.9359498403621
168261983020004,24,2014,2021,7,ne,diag_hg_only,31.818395614624023,118.88897705078125,7.004943370819092,516.944091796875,484.2497253417969,43.27233479483015,583.07860734456,990.9359498403621
168261983020004,24,2014,2021,7,ne,diag_mort_only,27.740304946899414,105.5794448852539,6.940681457519531,413.4048156738281,425.86065673828125,43.27233479483015,583.07860734456,990.9359498403621
168261983020004,24,2014,2021,7,ne,diag_dg_mort,27.740304946899414,105.5794448852539,6.940681457519531,413.4048156738281,425.86065673828125,43.27233479483015,583.07860734456,990.9359498403621
107546280010661,23,2008,2013,5,ne,fvs_base,38.46544647216797,95.30757904052734,8.602168083190918,708.227294921875,300.02056884765625,5.13952346200555,,
107546280010661,23,2008,2013,5,ne,organon,36.61964797973633,90.40479278564453,8.617826461791992,716.465087890625,307.4251403808594,5.13952346200555,,
107546280010661,23,2008,2013,5,ne,diag_dg_only,38.46544647216797,95.30757904052734,8.602168083190918,708.227294921875,300.02056884765625,5.13952346200555,,
107546280010661,23,2008,2013,5,ne,diag_hg_only,38.454498291015625,95.3076171875,8.600942611694336,755.2158203125,330.0213317871094,5.13952346200555,,
107546280010661,23,2008,2013,5,ne,diag_mort_only,36.730220794677734,90.71353912353516,8.61612606048584,676.029541015625,279.45361328125,5.13952346200555,,
107546280010661,23,2008,2013,5,ne,diag_dg_mort,36.730220794677734,90.71353912353516,8.61612606048584,676.029541015625,279.45361328125,5.13952346200555,,
15806850020004,36,2013,2021,8,ne,fvs_base,111.3824234008789,188.39297485351562,10.411477088928223,3084.680419921875,10859.30859375,55.113394825376204,926.1690647672101,1535.523526141912
15806850020004,36,2013,2021,8,ne,organon,89.70376586914062,162.94769287109375,10.046564102172852,2366.36962890625,7981.06640625,55.113394825376204,926.1690647672101,1535.523526141912
15806850020004,36,2013,2021,8,ne,diag_dg_only,111.3824234008789,188.39297485351562,10.411477088928223,3084.680419921875,10859.30859375,55.113394825376204,926.1690647672101,1535.523526141912
15806850020004,36,2013,2021,8,ne,diag_hg_only,111.36677551269531,188.39300537109375,10.410743713378906,3137.382080078125,11100.7431640625,55.113394825376204,926.1690647672101,1535.523526141912
15806850020004,36,2013,2021,8,ne,diag_mort_only,91.20765686035156,165.13087463378906,10.063241004943848,2410.187744140625,8102.27294921875,55.113394825376204,926.1690647672101,1535.523526141912
15806850020004,36,2013,2021,8,ne,diag_dg_mort,91.20765686035156,165.13087463378906,10.063241004943848,2410.187744140625,8102.27294921875,55.113394825376204,926.1690647672101,1535.523526141912
243883095489998,23,2015,2020,5,ne,fvs_base,35.775691986083984,131.0074920654297,7.075908660888672,720.8917236328125,499.2174987792969,26.09883001760798,472.737083985592,
243883095489998,23,2015,2020,5,ne,organon,29.31985092163086,106.57283020019531,7.102216720581055,612.7125854492188,379.6669006347656,26.09883001760798,472.737083985592,
243883095489998,23,2015,2020,5,ne,diag_dg_only,35.775691986083984,131.0074920654297,7.075908660888672,720.8917236328125,499.2174987792969,26.09883001760798,472.737083985592,
243883095489998,23,2015,2020,5,ne,diag_hg_only,35.77638244628906,131.00741577148438,7.075979232788086,746.1783447265625,499.19732666015625,26.09883001760798,472.737083985592,
243883095489998,23,2015,2020,5,ne,diag_mort_only,29.417564392089844,106.72731018066406,7.108891487121582,595.0770263671875,387.91094970703125,26.09883001760798,472.737083985592,
243883095489998,23,2015,2020,5,ne,diag_dg_mort,29.417564392089844,106.72731018066406,7.108891487121582,595.0770263671875,387.91094970703125,26.09883001760798,472.737083985592,
168262155020004,24,2015,2023,8,ne,fvs_base,83.10433197021484,111.98014068603516,11.664809226989746,2803.5419921875,9022.3818359375,,,
168262155020004,24,2015,2023,8,ne,organon,65.1759262084961,87.71803283691406,11.671736717224121,2039.56298828125,6790.81787109375,,,
168262155020004,24,2015,2023,8,ne,diag_dg_only,83.10433197021484,111.98014068603516,11.664809226989746,2803.5419921875,9022.3818359375,,,
168262155020004,24,2015,2023,8,ne,diag_hg_only,83.09912872314453,111.9800033569336,11.664450645446777,2782.783935546875,8624.5458984375,,,
168262155020004,24,2015,2023,8,ne,diag_mort_only,67.29695892333984,90.50373077392578,11.676177978515625,2267.84326171875,7452.7939453125,,,
168262155020004,24,2015,2023,8,ne,diag_dg_mort,67.29695892333984,90.50373077392578,11.676177978515625,2267.84326171875,7452.7939453125,,,
15806636020004,36,2013,2021,8,ne,fvs_base,82.19012451171875,142.33172607421875,10.289523124694824,1623.343994140625,4926.89013671875,70.69624343833685,963.218990442876,1588.5029728396921
15806636020004,36,2013,2021,8,ne,organon,72.65454864501953,119.63455200195312,10.55211067199707,1634.864501953125,5434.03125,70.69624343833685,963.218990442876,1588.5029728396921
15806636020004,36,2013,2021,8,ne,diag_dg_only,82.19012451171875,142.33172607421875,10.289523124694824,1623.343994140625,4926.89013671875,70.69624343833685,963.218990442876,1588.5029728396921
15806636020004,36,2013,2021,8,ne,diag_hg_only,82.1890640258789,142.3317108154297,10.289457321166992,1840.815185546875,5787.20068359375,70.69624343833685,963.218990442876,1588.5029728396921
15806636020004,36,2013,2021,8,ne,diag_mort_only,73.00051879882812,120.22013092041016,10.551416397094727,1453.697265625,4642.728515625,70.69624343833685,963.218990442876,1588.5029728396921
15806636020004,36,2013,2021,8,ne,diag_dg_mort,73.00051879882812,120.22013092041016,10.551416397094727,1453.697265625,4642.728515625,70.69624343833685,963.218990442876,1588.5029728396921
29637570020004,54,2013,2020,7,ne,fvs_base,102.83761596679688,290.3871765136719,8.057930946350098,1433.5863037109375,2776.71044921875,123.13990745547264,1619.5834662909458,3517.4027618207097
29637570020004,54,2013,2020,7,ne,organon,95.96756744384766,263.6191101074219,8.169775009155273,1244.3997802734375,2468.778076171875,123.13990745547264,1619.5834662909458,3517.4027618207097
29637570020004,54,2013,2020,7,ne,diag_dg_only,102.34554290771484,288.22222900390625,8.068764686584473,1428.85302734375,2771.250732421875,123.13990745547264,1619.5834662909458,3517.4027618207097
29637570020004,54,2013,2020,7,ne,diag_hg_only,102.33766174316406,288.2273254394531,8.068378448486328,1616.1925048828125,3044.98828125,123.13990745547264,1619.5834662909458,3517.4027618207097
29637570020004,54,2013,2020,7,ne,diag_mort_only,96.23926544189453,264.76361083984375,8.16362476348877,1357.4415283203125,2747.71240234375,123.13990745547264,1619.5834662909458,3517.4027618207097
29637570020004,54,2013,2020,7,ne,diag_dg_mort,96.23926544189453,264.76361083984375,8.16362476348877,1357.4415283203125,2747.71240234375,123.13990745547264,1619.5834662909458,3517.4027618207097
76903343010538,42,2006,2012,6,ne,fvs_base,84.33753204345703,207.67820739746094,8.628817558288574,2059.66845703125,2246.3623046875,114.15494431838887,1591.773185054138,3008.79326109395
76903343010538,42,2006,2012,6,ne,organon,58.96247482299805,150.2982635498047,8.481001853942871,1378.83642578125,1508.74853515625,114.15494431838887,1591.773185054138,3008.79326109395
76903343010538,42,2006,2012,6,ne,diag_dg_only,84.33753204345703,207.67820739746094,8.628817558288574,2059.66845703125,2246.3623046875,114.15494431838887,1591.773185054138,3008.79326109395
76903343010538,42,2006,2012,6,ne,diag_hg_only,84.35608673095703,207.67796325683594,8.629772186279297,2118.527587890625,2313.89453125,114.15494431838887,1591.773185054138,3008.79326109395
76903343010538,42,2006,2012,6,ne,diag_mort_only,59.15789031982422,150.71925354003906,8.483171463012695,1432.1617431640625,1511.8790283203125,114.15494431838887,1591.773185054138,3008.79326109395
76903343010538,42,2006,2012,6,ne,diag_dg_mort,59.15789031982422,150.71925354003906,8.483171463012695,1432.1617431640625,1511.8790283203125,114.15494431838887,1591.773185054138,3008.79326109395
145023247010661,36,2009,2014,5,ne,fvs_base,110.2713623046875,130.47862243652344,12.447952270507812,2739.4833984375,14396.9013671875,178.4596349977202,2271.1702695820295,8420.003045049902
145023247010661,36,2009,2014,5,ne,organon,101.0024185180664,122.43229675292969,12.298559188842773,2602.68603515625,13734.515625,178.4596349977202,2271.1702695820295,8420.003045049902
145023247010661,36,2009,2014,5,ne,diag_dg_only,110.2713623046875,130.47862243652344,12.447952270507812,2739.4833984375,14396.9013671875,178.4596349977202,2271.1702695820295,8420.003045049902
145023247010661,36,2009,2014,5,ne,diag_hg_only,110.26885986328125,130.47872924804688,12.447806358337402,2877.82861328125,15177.3984375,178.4596349977202,2271.1702695820295,8420.003045049902
145023247010661,36,2009,2014,5,ne,diag_mort_only,101.23432922363281,122.58366394042969,12.30506420135498,2497.15966796875,13195.9580078125,178.4596349977202,2271.1702695820295,8420.003045049902
145023247010661,36,2009,2014,5,ne,diag_dg_mort,101.23432922363281,122.58366394042969,12.30506420135498,2497.15966796875,13195.9580078125,178.4596349977202,2271.1702695820295,8420.003045049902
375823386489998,23,2017,2022,5,ne,fvs_base,25.749067306518555,124.79923248291016,6.150508880615234,417.906005859375,0.0,114.55300598623406,695.4544408831381,
375823386489998,23,2017,2022,5,ne,organon,21.32335662841797,103.57025146484375,6.143936634063721,350.3690185546875,0.0,114.55300598623406,695.4544408831381,
375823386489998,23,2017,2022,5,ne,diag_dg_only,25.749067306518555,124.79923248291016,6.150508880615234,417.906005859375,0.0,114.55300598623406,695.4544408831381,
375823386489998,23,2017,2022,5,ne,diag_hg_only,25.750720977783203,124.79924774169922,6.150705814361572,426.1455078125,0.0,114.55300598623406,695.4544408831381,
375823386489998,23,2017,2022,5,ne,diag_mort_only,21.5692195892334,104.76195526123047,6.144006729125977,349.2904357910156,0.0,114.55300598623406,695.4544408831381,
375823386489998,23,2017,2022,5,ne,diag_dg_mort,21.5692195892334,104.76195526123047,6.144006729125977,349.2904357910156,0.0,114.55300598623406,695.4544408831381,
76869487010538,42,2006,2011,5,ne,fvs_base,69.17390441894531,65.50264739990234,13.914835929870605,1970.166748046875,10327.5283203125,82.52058941618992,1731.1601213748622,8988.642067164936
76869487010538,42,2006,2011,5,ne,organon,63.523902893066406,59.618350982666016,13.977031707763672,1852.373291015625,9607.9228515625,82.52058941618992,1731.1601213748622,8988.642067164936
76869487010538,42,2006,2011,5,ne,diag_dg_only,69.17390441894531,65.50264739990234,13.914835929870605,1970.166748046875,10327.5283203125,82.52058941618992,1731.1601213748622,8988.642067164936
76869487010538,42,2006,2011,5,ne,diag_hg_only,69.17079162597656,65.50260925292969,13.914525032043457,2075.91650390625,10754.4736328125,82.52058941618992,1731.1601213748622,8988.642067164936
76869487010538,42,2006,2011,5,ne,diag_mort_only,63.8878288269043,59.762847900390625,14.000054359436035,1817.5565185546875,9557.58203125,82.52058941618992,1731.1601213748622,8988.642067164936
76869487010538,42,2006,2011,5,ne,diag_dg_mort,63.8878288269043,59.762847900390625,14.000054359436035,1817.5565185546875,9557.58203125,82.52058941618992,1731.1601213748622,8988.642067164936
64261697010538,36,2005,2010,5,ne,fvs_base,17.53131103515625,41.724849700927734,8.77700138092041,382.582275390625,366.17291259765625,31.419173986451664,458.513787329306,890.1708046661361
64261697010538,36,2005,2010,5,ne,organon,16.0115909576416,37.74473571777344,8.819122314453125,379.9864501953125,401.78204345703125,31.419173986451664,458.513787329306,890.1708046661361
64261697010538,36,2005,2010,5,ne,diag_dg_only,17.53131103515625,41.724849700927734,8.77700138092041,382.582275390625,366.17291259765625,31.419173986451664,458.513787329306,890.1708046661361
64261697010538,36,2005,2010,5,ne,diag_hg_only,17.530553817749023,41.7248420715332,8.776810646057129,415.54583740234375,432.1709899902344,31.419173986451664,458.513787329306,890.1708046661361
64261697010538,36,2005,2010,5,ne,diag_mort_only,16.011554718017578,37.74406433105469,8.819190979003906,350.25634765625,340.3981018066406,31.419173986451664,458.513787329306,890.1708046661361
64261697010538,36,2005,2010,5,ne,diag_dg_mort,16.011554718017578,37.74406433105469,8.819190979003906,350.25634765625,340.3981018066406,31.419173986451664,458.513787329306,890.1708046661361
168998378010661,42,2011,2017,6,ne,fvs_base,66.62020874023438,147.78147888183594,9.09136962890625,1593.7095947265625,2845.5966796875,86.4316632568393,1549.257946831388,3570.118822717254
168998378010661,42,2011,2017,6,ne,organon,55.24617004394531,119.69570922851562,9.199156761169434,1271.9263916015625,2318.515869140625,86.4316632568393,1549.257946831388,3570.118822717254
168998378010661,42,2011,2017,6,ne,diag_dg_only,66.62020874023438,147.78147888183594,9.09136962890625,1593.7095947265625,2845.5966796875,86.4316632568393,1549.257946831388,3570.118822717254
168998378010661,42,2011,2017,6,ne,diag_hg_only,66.61908721923828,147.78125,9.091300010681152,1636.041259765625,2941.864013671875,86.4316632568393,1549.257946831388,3570.118822717254
168998378010661,42,2011,2017,6,ne,diag_mort_only,55.526145935058594,120.1434326171875,9.20523738861084,1324.7762451171875,2413.57421875,86.4316632568393,1549.257946831388,3570.118822717254
168998378010661,42,2011,2017,6,ne,diag_dg_mort,55.526145935058594,120.1434326171875,9.20523738861084,1324.7762451171875,2413.57421875,86.4316632568393,1549.257946831388,3570.118822717254
70611804010538,23,2004,2009,5,ne,fvs_base,28.23714828491211,41.482940673828125,11.17151165008545,595.7552490234375,2687.852294921875,89.40893353932178,792.3445000394579,3340.680782858978
70611804010538,23,2004,2009,5,ne,organon,27.769332885742188,40.60101318359375,11.198260307312012,613.8155517578125,2805.150634765625,89.40893353932178,792.3445000394579,3340.680782858978
70611804010538,23,2004,2009,5,ne,diag_dg_only,28.23714828491211,41.482940673828125,11.17151165008545,595.7552490234375,2687.852294921875,89.40893353932178,792.3445000394579,3340.680782858978
70611804010538,23,2004,2009,5,ne,diag_hg_only,28.234861373901367,41.48293685913086,11.171058654785156,623.8374633789062,2873.50146484375,89.40893353932178,792.3445000394579,3340.680782858978
70611804010538,23,2004,2009,5,ne,diag_mort_only,27.84027862548828,40.75136947631836,11.191852569580078,587.5726318359375,2653.756103515625,89.40893353932178,792.3445000394579,3340.680782858978
70611804010538,23,2004,2009,5,ne,diag_dg_mort,27.84027862548828,40.75136947631836,11.191852569580078,587.5726318359375,2653.756103515625,89.40893353932178,792.3445000394579,3340.680782858978
53715270010538,36,2003,2008,5,ne,fvs_base,73.19611358642578,154.70941162109375,9.313692092895508,1514.2139892578125,4228.076171875,118.46887033327828,1173.5313671747601,3461.1190467861707
53715270010538,36,2003,2008,5,ne,organon,65.13599395751953,136.45449829101562,9.355193138122559,1398.1121826171875,3858.32958984375,118.46887033327828,1173.5313671747601,3461.1190467861707
53715270010538,36,2003,2008,5,ne,diag_dg_only,73.19611358642578,154.70941162109375,9.313692092895508,1514.2139892578125,4228.076171875,118.46887033327828,1173.5313671747601,3461.1190467861707
53715270010538,36,2003,2008,5,ne,diag_hg_only,73.19142150878906,154.70944213867188,9.313392639160156,1579.271728515625,4352.88525390625,118.46887033327828,1173.5313671747601,3461.1190467861707
53715270010538,36,2003,2008,5,ne,diag_mort_only,65.19413757324219,136.5225067138672,9.357037544250488,1351.344970703125,3787.318603515625,118.46887033327828,1173.5313671747601,3461.1190467861707
53715270010538,36,2003,2008,5,ne,diag_dg_mort,65.19413757324219,136.5225067138672,9.357037544250488,1351.344970703125,3787.318603515625,118.46887033327828,1173.5313671747601,3461.1190467861707
58408212010538,42,2003,2009,6,ne,fvs_base,113.02981567382812,165.9361114501953,11.175378799438477,3559.077880859375,14731.015625,122.85856549262391,2317.631402151922,9395.039377538724
58408212010538,42,2003,2009,6,ne,organon,88.2601318359375,132.0774383544922,11.068894386291504,2671.358154296875,11174.658203125,122.85856549262391,2317.631402151922,9395.039377538724
58408212010538,42,2003,2009,6,ne,diag_dg_only,113.02981567382812,165.9361114501953,11.175378799438477,3559.077880859375,14731.015625,122.85856549262391,2317.631402151922,9395.039377538724
58408212010538,42,2003,2009,6,ne,diag_hg_only,113.02021026611328,165.93614196777344,11.174906730651855,3603.22021484375,14852.0986328125,122.85856549262391,2317.631402151922,9395.039377538724
58408212010538,42,2003,2009,6,ne,diag_mort_only,88.8005599975586,132.3978271484375,11.089289665222168,2771.070068359375,11561.6044921875,122.85856549262391,2317.631402151922,9395.039377538724
58408212010538,42,2003,2009,6,ne,diag_dg_mort,88.8005599975586,132.3978271484375,11.089289665222168,2771.070068359375,11561.6044921875,122.85856549262391,2317.631402151922,9395.039377538724
247065573010661,54,2013,2019,6,ne,fvs_base,119.87358093261719,193.59927368164062,10.65482234954834,3266.365234375,9475.4970703125,,,
247065573010661,54,2013,2019,6,ne,organon,98.40894317626953,155.0235137939453,10.788342475891113,2711.602783203125,8449.5400390625,,,
247065573010661,54,2013,2019,6,ne,diag_dg_only,119.41368865966797,192.4864959716797,10.665061950683594,3256.22314453125,9463.7783203125,,,
247065573010661,54,2013,2019,6,ne,diag_hg_only,119.41128540039062,192.48745727539062,10.664925575256348,3407.266357421875,9701.7978515625,,,
247065573010661,54,2013,2019,6,ne,diag_mort_only,99.031982421875,156.06272888183594,10.786345481872559,2720.47802734375,8423.912109375,,,
247065573010661,54,2013,2019,6,ne,diag_dg_mort,99.031982421875,156.06272888183594,10.786345481872559,2720.47802734375,8423.912109375,,,
53744169010538,36,2003,2008,5,ne,fvs_base,156.2034454345703,170.37893676757812,12.965031623840332,4764.40771484375,19863.740234375,167.27352699444043,4557.15483200973,20316.12721082099
53744169010538,36,2003,2008,5,ne,organon,115.88292694091797,128.62071228027344,12.852588653564453,3547.9248046875,14928.7958984375,167.27352699444043,4557.15483200973,20316.12721082099
53744169010538,36,2003,2008,5,ne,diag_dg_only,155.28440856933594,168.06825256347656,13.01539421081543,4742.91796875,19817.0078125,167.27352699444043,4557.15483200973,20316.12721082099
53744169010538,36,2003,2008,5,ne,diag_hg_only,155.283447265625,168.06857299804688,13.01534366607666,4807.453125,20470.98828125,167.27352699444043,4557.15483200973,20316.12721082099
53744169010538,36,2003,2008,5,ne,diag_mort_only,115.8758773803711,128.6177520751953,12.852347373962402,3513.246826171875,14619.4140625,167.27352699444043,4557.15483200973,20316.12721082099
53744169010538,36,2003,2008,5,ne,diag_dg_mort,115.8758773803711,128.6177520751953,12.852347373962402,3513.246826171875,14619.4140625,167.27352699444043,4557.15483200973,20316.12721082099
58391351010538,42,2003,2008,5,ne,fvs_base,106.4879150390625,148.5740203857422,11.46343994140625,3495.201904296875,12486.5185546875,115.4295740181896,3155.6089817219017,10420.535093944782
58391351010538,42,2003,2008,5,ne,organon,91.66647338867188,126.21448516845703,11.53950023651123,2942.00732421875,10801.103515625,115.4295740181896,3155.6089817219017,10420.535093944782
58391351010538,42,2003,2008,5,ne,diag_dg_only,106.4879150390625,148.5740203857422,11.46343994140625,3495.201904296875,12486.5185546875,115.4295740181896,3155.6089817219017,10420.535093944782
58391351010538,42,2003,2008,5,ne,diag_hg_only,106.4840087890625,148.5738525390625,11.463237762451172,3517.99658203125,12544.91796875,115.4295740181896,3155.6089817219017,10420.535093944782
58391351010538,42,2003,2008,5,ne,diag_mort_only,91.8837890625,126.76429748535156,11.52808666229248,3025.373291015625,10987.9130859375,115.4295740181896,3155.6089817219017,10420.535093944782
58391351010538,42,2003,2008,5,ne,diag_dg_mort,91.8837890625,126.76429748535156,11.52808666229248,3025.373291015625,10987.9130859375,115.4295740181896,3155.6089817219017,10420.535093944782
15806958020004,36,2013,2019,6,ne,fvs_base,79.1285400390625,177.2910614013672,9.046060562133789,1790.1190185546875,5260.05615234375,84.63309986660269,598.7748689037139,506.09344596485005
15806958020004,36,2013,2019,6,ne,organon,74.86679077148438,172.44430541992188,8.921879768371582,1718.038818359375,5005.71923828125,84.63309986660269,598.7748689037139,506.09344596485005
15806958020004,36,2013,2019,6,ne,diag_dg_only,79.1285400390625,177.2910614013672,9.046060562133789,1790.1190185546875,5260.05615234375,84.63309986660269,598.7748689037139,506.09344596485005
15806958020004,36,2013,2019,6,ne,diag_hg_only,79.12892150878906,177.29116821289062,9.0460786819458,1849.7181396484375,5362.279296875,84.63309986660269,598.7748689037139,506.09344596485005
15806958020004,36,2013,2019,6,ne,diag_mort_only,75.16165161132812,172.89002990722656,8.92790412902832,1681.344482421875,4938.33544921875,84.63309986660269,598.7748689037139,506.09344596485005
15806958020004,36,2013,2019,6,ne,diag_dg_mort,75.16165161132812,172.89002990722656,8.92790412902832,1681.344482421875,4938.33544921875,84.63309986660269,598.7748689037139,506.09344596485005
168990296010661,36,2010,2016,6,ne,fvs_base,10.925031661987305,17.76477813720703,10.618612289428711,207.1122283935547,607.1481323242188,32.84574511306731,255.38157738829798,1021.819081473046
168990296010661,36,2010,2016,6,ne,organon,10.621896743774414,17.184186935424805,10.645665168762207,211.85916137695312,643.2865600585938,32.84574511306731,255.38157738829798,1021.819081473046
168990296010661,36,2010,2016,6,ne,diag_dg_only,10.925031661987305,17.76477813720703,10.618612289428711,207.1122283935547,607.1481323242188,32.84574511306731,255.38157738829798,1021.819081473046
168990296010661,36,2010,2016,6,ne,diag_hg_only,10.925031661987305,17.76477813720703,10.618612289428711,220.82742309570312,665.5277099609375,32.84574511306731,255.38157738829798,1021.819081473046
168990296010661,36,2010,2016,6,ne,diag_mort_only,10.66070556640625,17.250852584838867,10.644468307495117,202.17628479003906,598.1758422851562,32.84574511306731,255.38157738829798,1021.819081473046
168990296010661,36,2010,2016,6,ne,diag_dg_mort,10.66070556640625,17.250852584838867,10.644468307495117,202.17628479003906,598.1758422851562,32.84574511306731,255.38157738829798,1021.819081473046
68297241010538,42,2005,2010,5,ne,fvs_base,57.417686462402344,77.23490142822266,11.674877166748047,1447.80517578125,5416.7861328125,62.06567187792554,1232.4382280997802,3764.711738322654
68297241010538,42,2005,2010,5,ne,organon,50.24795913696289,68.03507232666016,11.636679649353027,1277.8118896484375,5106.228515625,62.06567187792554,1232.4382280997802,3764.711738322654
68297241010538,42,2005,2010,5,ne,diag_dg_only,57.417686462402344,77.23490142822266,11.674877166748047,1447.80517578125,5416.7861328125,62.06567187792554,1232.4382280997802,3764.711738322654
68297241010538,42,2005,2010,5,ne,diag_hg_only,57.415283203125,77.23486328125,11.674636840820312,1529.0570068359375,5963.77099609375,62.06567187792554,1232.4382280997802,3764.711738322654
68297241010538,42,2005,2010,5,ne,diag_mort_only,50.579345703125,68.4932632446289,11.635872840881348,1265.2703857421875,4904.13818359375,62.06567187792554,1232.4382280997802,3764.711738322654
68297241010538,42,2005,2010,5,ne,diag_dg_mort,50.579345703125,68.4932632446289,11.635872840881348,1265.2703857421875,4904.13818359375,62.06567187792554,1232.4382280997802,3764.711738322654
53074897010538,23,2003,2008,5,ne,fvs_base,29.815786361694336,47.62687301635742,10.713549613952637,663.1929321289062,2769.075439453125,15.11197834490285,121.980911784694,
53074897010538,23,2003,2008,5,ne,organon,27.919830322265625,44.32255554199219,10.746828079223633,661.3153686523438,2619.305419921875,15.11197834490285,121.980911784694,
53074897010538,23,2003,2008,5,ne,diag_dg_only,29.815786361694336,47.62687301635742,10.713549613952637,663.1929321289062,2769.075439453125,15.11197834490285,121.980911784694,
53074897010538,23,2003,2008,5,ne,diag_hg_only,29.814876556396484,47.62689208984375,10.713383674621582,709.642578125,2961.10986328125,15.11197834490285,121.980911784694,
53074897010538,23,2003,2008,5,ne,diag_mort_only,28.00773811340332,44.46050262451172,10.74702262878418,624.2569580078125,2615.94580078125,15.11197834490285,121.980911784694,
53074897010538,23,2003,2008,5,ne,diag_dg_mort,28.00773811340332,44.46050262451172,10.74702262878418,624.2569580078125,2615.94580078125,15.11197834490285,121.980911784694,
122560138010661,54,2007,2013,6,ne,fvs_base,105.63499450683594,148.11758422851562,11.435019493103027,3584.2568359375,11966.76171875,105.26908827548161,2694.92935379961,9725.22022960252
122560138010661,54,2007,2013,6,ne,organon,88.35907745361328,121.57561492919922,11.543533325195312,2963.89990234375,10279.1181640625,105.26908827548161,2694.92935379961,9725.22022960252
122560138010661,54,2007,2013,6,ne,diag_dg_only,105.63499450683594,148.11758422851562,11.435019493103027,3584.2568359375,11966.76171875,105.26908827548161,2694.92935379961,9725.22022960252
122560138010661,54,2007,2013,6,ne,diag_hg_only,105.61536407470703,148.11766052246094,11.433950424194336,3710.59326171875,12445.84375,105.26908827548161,2694.92935379961,9725.22022960252
122560138010661,54,2007,2013,6,ne,diag_mort_only,89.5391845703125,123.0196304321289,11.551956176757812,3059.82080078125,10541.0654296875,105.26908827548161,2694.92935379961,9725.22022960252
122560138010661,54,2007,2013,6,ne,diag_dg_mort,89.5391845703125,123.0196304321289,11.551956176757812,3059.82080078125,10541.0654296875,105.26908827548161,2694.92935379961,9725.22022960252
375583650489998,33,2017,2024,7,ne,fvs_base,45.51749038696289,94.62501525878906,9.391231536865234,1181.53173828125,1688.593017578125,56.23593899339559,847.2076131893759,1690.978621210452
375583650489998,33,2017,2024,7,ne,organon,40.93867492675781,85.12958526611328,9.38994312286377,1052.7027587890625,1469.6944580078125,56.23593899339559,847.2076131893759,1690.978621210452
375583650489998,33,2017,2024,7,ne,diag_dg_only,45.51749038696289,94.62501525878906,9.391231536865234,1181.53173828125,1688.593017578125,56.23593899339559,847.2076131893759,1690.978621210452
375583650489998,33,2017,2024,7,ne,diag_hg_only,45.51651382446289,94.62496948242188,9.391131401062012,1178.6383056640625,1688.4573974609375,56.23593899339559,847.2076131893759,1690.978621210452
375583650489998,33,2017,2024,7,ne,diag_mort_only,41.23700714111328,85.65319061279297,9.395244598388672,1069.4356689453125,1482.8309326171875,56.23593899339559,847.2076131893759,1690.978621210452
375583650489998,33,2017,2024,7,ne,diag_dg_mort,41.23700714111328,85.65319061279297,9.395244598388672,1069.4356689453125,1482.8309326171875,56.23593899339559,847.2076131893759,1690.978621210452
58366674010538,42,2003,2008,5,ne,fvs_base,25.816434860229492,47.564064025878906,9.975735664367676,579.5633544921875,1357.233154296875,48.598738057587305,631.1369112687139,2386.421164416648
58366674010538,42,2003,2008,5,ne,organon,24.39777374267578,43.33213424682617,10.160295486450195,537.6476440429688,1197.3941650390625,48.598738057587305,631.1369112687139,2386.421164416648
58366674010538,42,2003,2008,5,ne,diag_dg_only,25.816434860229492,47.564064025878906,9.975735664367676,579.5633544921875,1357.233154296875,48.598738057587305,631.1369112687139,2386.421164416648
58366674010538,42,2003,2008,5,ne,diag_hg_only,25.815441131591797,47.56407928466797,9.975541114807129,604.4528198242188,1357.1287841796875,48.598738057587305,631.1369112687139,2386.421164416648
58366674010538,42,2003,2008,5,ne,diag_mort_only,24.496837615966797,43.5517578125,10.15519905090332,557.215576171875,1329.4468994140625,48.598738057587305,631.1369112687139,2386.421164416648
58366674010538,42,2003,2008,5,ne,diag_dg_mort,24.496837615966797,43.5517578125,10.15519905090332,557.215576171875,1329.4468994140625,48.598738057587305,631.1369112687139,2386.421164416648
58350312010538,42,2002,2007,5,ne,fvs_base,139.4970703125,136.42730712890625,13.692037582397461,3909.98876953125,17266.52734375,162.31235062919413,3234.985172957872,14160.769200472325
58350312010538,42,2002,2007,5,ne,organon,116.62214660644531,108.33586883544922,14.048846244812012,3225.521484375,14781.07421875,162.31235062919413,3234.985172957872,14160.769200472325
58350312010538,42,2002,2007,5,ne,diag_dg_only,137.68545532226562,130.75869750976562,13.894564628601074,3878.30078125,17192.55078125,162.31235062919413,3234.985172957872,14160.769200472325
58350312010538,42,2002,2007,5,ne,diag_hg_only,137.68478393554688,130.75880432128906,13.894524574279785,3990.38916015625,17617.7890625,162.31235062919413,3234.985172957872,14160.769200472325
58350312010538,42,2002,2007,5,ne,diag_mort_only,117.21382904052734,108.68531036376953,14.061779975891113,3301.28271484375,15148.701171875,162.31235062919413,3234.985172957872,14160.769200472325
58350312010538,42,2002,2007,5,ne,diag_dg_mort,117.21382904052734,108.68531036376953,14.061779975891113,3301.28271484375,15148.701171875,162.31235062919413,3234.985172957872,14160.769200472325
243882874489998,23,2015,2020,5,ne,fvs_base,76.4407730102539,88.96678161621094,12.551189422607422,2181.461181640625,8821.6279296875,100.91711527914777,2079.88794126169,9542.675303674063
243882874489998,23,2015,2020,5,ne,organon,73.41362762451172,85.74329376220703,12.529234886169434,2160.8798828125,8839.7900390625,100.91711527914777,2079.88794126169,9542.675303674063
243882874489998,23,2015,2020,5,ne,diag_dg_only,76.4407730102539,88.96678161621094,12.551189422607422,2181.461181640625,8821.6279296875,100.91711527914777,2079.88794126169,9542.675303674063
243882874489998,23,2015,2020,5,ne,diag_hg_only,76.43827056884766,88.96675872802734,12.550985336303711,2258.276123046875,9135.08203125,100.91711527914777,2079.88794126169,9542.675303674063
243882874489998,23,2015,2020,5,ne,diag_mort_only,73.63661193847656,85.96780395507812,12.531852722167969,2099.954345703125,8482.734375,100.91711527914777,2079.88794126169,9542.675303674063
243882874489998,23,2015,2020,5,ne,diag_dg_mort,73.63661193847656,85.96780395507812,12.531852722167969,2099.954345703125,8482.734375,100.91711527914777,2079.88794126169,9542.675303674063
222517533010661,23,2011,2016,5,ne,fvs_base,101.49475860595703,82.97653198242188,14.975468635559082,2535.112060546875,13941.669921875,104.58210415590773,1743.37274071818,6740.474279924452
222517533010661,23,2011,2016,5,ne,organon,97.3417739868164,79.54520416259766,14.978864669799805,2517.97021484375,13758.111328125,104.58210415590773,1743.37274071818,6740.474279924452
222517533010661,23,2011,2016,5,ne,diag_dg_only,101.49475860595703,82.97653198242188,14.975468635559082,2535.112060546875,13941.669921875,104.58210415590773,1743.37274071818,6740.474279924452
222517533010661,23,2011,2016,5,ne,diag_hg_only,101.4984130859375,82.97652435302734,14.975735664367676,2648.745361328125,14523.3115234375,104.58210415590773,1743.37274071818,6740.474279924452
222517533010661,23,2011,2016,5,ne,diag_mort_only,97.48088073730469,79.63436889648438,14.981171607971191,2428.66162109375,13362.259765625,104.58210415590773,1743.37274071818,6740.474279924452
222517533010661,23,2011,2016,5,ne,diag_dg_mort,97.48088073730469,79.63436889648438,14.981171607971191,2428.66162109375,13362.259765625,104.58210415590773,1743.37274071818,6740.474279924452
145007953010661,54,2009,2014,5,ne,fvs_base,30.689340591430664,65.3037109375,9.282418251037598,779.8466796875,2675.91943359375,,,
145007953010661,54,2009,2014,5,ne,organon,25.594850540161133,48.90508270263672,9.795702934265137,633.3596801757812,2203.193359375,,,
145007953010661,54,2009,2014,5,ne,diag_dg_only,30.689340591430664,65.3037109375,9.282418251037598,779.8466796875,2675.91943359375,,,
145007953010661,54,2009,2014,5,ne,diag_hg_only,30.690183639526367,65.3037109375,9.282547950744629,762.4520874023438,2609.672119140625,,,
145007953010661,54,2009,2014,5,ne,diag_mort_only,25.79486846923828,49.26932907104492,9.7974853515625,675.3593139648438,2365.531494140625,,,
145007953010661,54,2009,2014,5,ne,diag_dg_mort,25.79486846923828,49.26932907104492,9.7974853515625,675.3593139648438,2365.531494140625,,,
65138752010538,36,2005,2010,5,ne,fvs_base,41.59126663208008,101.27652740478516,8.677268028259277,992.0813598632812,1327.6492919921875,72.47361841003203,1053.3023025626198,1924.9815295011078
65138752010538,36,2005,2010,5,ne,organon,37.55767059326172,89.44334411621094,8.77428150177002,919.262939453125,1310.4599609375,72.47361841003203,1053.3023025626198,1924.9815295011078
65138752010538,36,2005,2010,5,ne,diag_dg_only,41.59126663208008,101.27652740478516,8.677268028259277,992.0813598632812,1327.6492919921875,72.47361841003203,1053.3023025626198,1924.9815295011078
65138752010538,36,2005,2010,5,ne,diag_hg_only,41.59053421020508,101.2765121459961,8.677191734313965,1013.817626953125,1393.74853515625,72.47361841003203,1053.3023025626198,1924.9815295011078
65138752010538,36,2005,2010,5,ne,diag_mort_only,37.66899490356445,89.64677429199219,8.777299880981445,904.4849853515625,1252.778564453125,72.47361841003203,1053.3023025626198,1924.9815295011078
65138752010538,36,2005,2010,5,ne,diag_dg_mort,37.66899490356445,89.64677429199219,8.777299880981445,904.4849853515625,1252.778564453125,72.47361841003203,1053.3023025626198,1924.9815295011078
58536264010538,42,2003,2009,6,ne,fvs_base,84.09701538085938,118.25716400146484,11.41860294342041,2367.744873046875,9667.20703125,31.052529948760615,726.0891114686659,5320.733487414362
58536264010538,42,2003,2009,6,ne,organon,77.32180786132812,106.66553497314453,11.528563499450684,2167.29443359375,8912.578125,31.052529948760615,726.0891114686659,5320.733487414362
58536264010538,42,2003,2009,6,ne,diag_dg_only,84.09701538085938,118.25716400146484,11.41860294342041,2367.744873046875,9667.20703125,31.052529948760615,726.0891114686659,5320.733487414362
58536264010538,42,2003,2009,6,ne,diag_hg_only,84.09819030761719,118.2571792602539,11.41867733001709,2511.674560546875,10355.1943359375,31.052529948760615,726.0891114686659,5320.733487414362
58536264010538,42,2003,2009,6,ne,diag_mort_only,77.80714416503906,107.30831909179688,11.530000686645508,2194.59130859375,9031.6513671875,31.052529948760615,726.0891114686659,5320.733487414362
58536264010538,42,2003,2009,6,ne,diag_dg_mort,77.80714416503906,107.30831909179688,11.530000686645508,2194.59130859375,9031.6513671875,31.052529948760615,726.0891114686659,5320.733487414362
247105070010661,42,2013,2018,5,ne,fvs_base,38.407142639160156,41.680625915527344,12.99796199798584,1200.8505859375,5197.32373046875,48.74774825983608,834.1616810344842,2989.6541235625637
247105070010661,42,2013,2018,5,ne,organon,33.55928039550781,35.810123443603516,13.108099937438965,1055.7840576171875,4820.5400390625,48.74774825983608,834.1616810344842,2989.6541235625637
247105070010661,42,2013,2018,5,ne,diag_dg_only,38.407142639160156,41.680625915527344,12.99796199798584,1200.8505859375,5197.32373046875,48.74774825983608,834.1616810344842,2989.6541235625637
247105070010661,42,2013,2018,5,ne,diag_hg_only,38.40978240966797,41.68064498901367,12.998401641845703,1223.0811767578125,5293.6904296875,48.74774825983608,834.1616810344842,2989.6541235625637
247105070010661,42,2013,2018,5,ne,diag_mort_only,33.62568664550781,35.922569274902344,13.100508689880371,1058.467041015625,4781.703125,48.74774825983608,834.1616810344842,2989.6541235625637
247105070010661,42,2013,2018,5,ne,diag_dg_mort,33.62568664550781,35.922569274902344,13.100508689880371,1058.467041015625,4781.703125,48.74774825983608,834.1616810344842,2989.6541235625637
55881774010538,33,2002,2008,6,ne,fvs_base,87.27847290039062,148.75059509277344,10.371953010559082,2134.692626953125,8355.6533203125,52.486833745747724,786.4165140978481,1350.5601280674339
55881774010538,33,2002,2008,6,ne,organon,74.44438171386719,122.1790771484375,10.569482803344727,1952.485107421875,7690.9140625,52.486833745747724,786.4165140978481,1350.5601280674339
55881774010538,33,2002,2008,6,ne,diag_dg_only,87.27847290039062,148.75059509277344,10.371953010559082,2134.692626953125,8355.6533203125,52.486833745747724,786.4165140978481,1350.5601280674339
55881774010538,33,2002,2008,6,ne,diag_hg_only,87.28024291992188,148.7506103515625,10.37205696105957,2304.789306640625,8787.3974609375,52.486833745747724,786.4165140978481,1350.5601280674339
55881774010538,33,2002,2008,6,ne,diag_mort_only,74.82657623291016,122.61300659179688,10.577814102172852,1840.60595703125,7566.822265625,52.486833745747724,786.4165140978481,1350.5601280674339
55881774010538,33,2002,2008,6,ne,diag_dg_mort,74.82657623291016,122.61300659179688,10.577814102172852,1840.60595703125,7566.822265625,52.486833745747724,786.4165140978481,1350.5601280674339
222095760010661,42,2011,2017,6,ne,fvs_base,171.03652954101562,126.15998077392578,15.76594066619873,5988.21875,32823.69140625,16.71924918215366,258.29148918872403,1090.885204446184
222095760010661,42,2011,2017,6,ne,organon,124.7665023803711,99.0354995727539,15.198119163513184,4344.09423828125,23405.623046875,16.71924918215366,258.29148918872403,1090.885204446184
222095760010661,42,2011,2017,6,ne,diag_dg_only,171.32955932617188,126.50936126708984,15.757636070251465,5997.54541015625,32866.58984375,16.71924918215366,258.29148918872403,1090.885204446184
222095760010661,42,2011,2017,6,ne,diag_hg_only,171.32801818847656,126.50979614257812,15.757536888122559,6358.54248046875,34803.734375,16.71924918215366,258.29148918872403,1090.885204446184
222095760010661,42,2011,2017,6,ne,diag_mort_only,128.61502075195312,101.3776626586914,15.25144100189209,4470.40576171875,24186.04296875,16.71924918215366,258.29148918872403,1090.885204446184
222095760010661,42,2011,2017,6,ne,diag_dg_mort,128.61502075195312,101.3776626586914,15.25144100189209,4470.40576171875,24186.04296875,16.71924918215366,258.29148918872403,1090.885204446184
70558158010538,23,2004,2009,5,ne,fvs_base,95.09114837646484,202.58828735351562,9.27682113647461,2210.9677734375,4513.9052734375,126.20990984294887,2086.4812221886,5018.560832066176
70558158010538,23,2004,2009,5,ne,organon,80.21997833251953,174.02822875976562,9.193219184875488,1864.0814208984375,4034.874267578125,126.20990984294887,2086.4812221886,5018.560832066176
70558158010538,23,2004,2009,5,ne,diag_dg_only,95.09114837646484,202.58828735351562,9.27682113647461,2210.9677734375,4513.9052734375,126.20990984294887,2086.4812221886,5018.560832066176
70558158010538,23,2004,2009,5,ne,diag_hg_only,95.09278106689453,202.5883331298828,9.276899337768555,2279.852294921875,4856.3466796875,126.20990984294887,2086.4812221886,5018.560832066176
70558158010538,23,2004,2009,5,ne,diag_mort_only,80.40399169921875,174.37205505371094,9.194684028625488,1830.406982421875,3759.981201171875,126.20990984294887,2086.4812221886,5018.560832066176
70558158010538,23,2004,2009,5,ne,diag_dg_mort,80.40399169921875,174.37205505371094,9.194684028625488,1830.406982421875,3759.981201171875,126.20990984294887,2086.4812221886,5018.560832066176
222095156010661,42,2011,2017,6,ne,fvs_base,189.0757293701172,222.868896484375,12.471802711486816,6147.88720703125,26357.537109375,,,
222095156010661,42,2011,2017,6,ne,organon,144.0129852294922,174.1314697265625,12.313981056213379,4614.04150390625,19865.65625,,,
222095156010661,42,2011,2017,6,ne,diag_dg_only,175.85012817382812,197.9404754638672,12.762639045715332,5808.1513671875,25310.689453125,,,
222095156010661,42,2011,2017,6,ne,diag_hg_only,175.84544372558594,197.9404296875,12.762465476989746,6128.96923828125,26686.521484375,,,
222095156010661,42,2011,2017,6,ne,diag_mort_only,146.29017639160156,176.201904296875,12.337822914123535,4663.4423828125,20037.171875,,,
222095156010661,42,2011,2017,6,ne,diag_dg_mort,146.29017639160156,176.201904296875,12.337822914123535,4663.4423828125,20037.171875,,,
145022619010661,36,2009,2014,5,ne,fvs_base,96.26827239990234,279.2078857421875,7.950857639312744,2169.24853515625,1516.5096435546875,126.39746250031742,2434.318611989268,2483.7878829063984
145022619010661,36,2009,2014,5,ne,organon,85.71967315673828,247.50877380371094,7.9685845375061035,1962.24267578125,1344.962646484375,126.39746250031742,2434.318611989268,2483.7878829063984
145022619010661,36,2009,2014,5,ne,diag_dg_only,96.26827239990234,279.2078857421875,7.950857639312744,2169.24853515625,1516.5096435546875,126.39746250031742,2434.318611989268,2483.7878829063984
145022619010661,36,2009,2014,5,ne,diag_hg_only,96.27196502685547,279.2077331542969,7.951014518737793,2212.75146484375,1516.4766845703125,126.39746250031742,2434.318611989268,2483.7878829063984
145022619010661,36,2009,2014,5,ne,diag_mort_only,85.99250030517578,248.02325439453125,7.972978115081787,1938.0220947265625,1354.098876953125,126.39746250031742,2434.318611989268,2483.7878829063984
145022619010661,36,2009,2014,5,ne,diag_dg_mort,85.99250030517578,248.02325439453125,7.972978115081787,1938.0220947265625,1354.098876953125,126.39746250031742,2434.318611989268,2483.7878829063984
29637110020004,54,2013,2020,7,ne,fvs_base,174.50892639160156,181.45079040527344,13.279012680053711,6930.86669921875,34586.80859375,215.23462104027917,5998.53170349902,26838.204206223127
29637110020004,54,2013,2020,7,ne,organon,147.51234436035156,148.21548461914062,13.508395195007324,5790.400390625,29029.11328125,215.23462104027917,5998.53170349902,26838.204206223127
29637110020004,54,2013,2020,7,ne,diag_dg_only,163.0904083251953,158.30535888671875,13.743672370910645,6598.15185546875,33675.0390625,215.23462104027917,5998.53170349902,26838.204206223127
29637110020004,54,2013,2020,7,ne,diag_hg_only,163.08351135253906,158.30543518066406,13.743376731872559,6722.67626953125,34767.85546875,215.23462104027917,5998.53170349902,26838.204206223127
29637110020004,54,2013,2020,7,ne,diag_mort_only,149.16087341308594,150.05618286132812,13.50009536743164,5963.5166015625,30081.12109375,215.23462104027917,5998.53170349902,26838.204206223127
29637110020004,54,2013,2020,7,ne,diag_dg_mort,149.16087341308594,150.05618286132812,13.50009536743164,5963.5166015625,30081.12109375,215.23462104027917,5998.53170349902,26838.204206223127
221353403010661,24,2011,2017,6,ne,fvs_base,99.29749298095703,136.51348876953125,11.548288345336914,3058.384033203125,12940.732421875,113.37022818205585,2250.479589521154,9812.920196910747
221353403010661,24,2011,2017,6,ne,organon,81.30998992919922,109.5641860961914,11.66471004486084,2413.1962890625,10256.5302734375,113.37022818205585,2250.479589521154,9812.920196910747
221353403010661,24,2011,2017,6,ne,diag_dg_only,99.29749298095703,136.51348876953125,11.548288345336914,3058.384033203125,12940.732421875,113.37022818205585,2250.479589521154,9812.920196910747
221353403010661,24,2011,2017,6,ne,diag_hg_only,99.29395294189453,136.51345825195312,11.548088073730469,3093.41064453125,12906.24609375,113.37022818205585,2250.479589521154,9812.920196910747
221353403010661,24,2011,2017,6,ne,diag_mort_only,82.2900619506836,110.46415710449219,11.686899185180664,2542.454833984375,10884.283203125,113.37022818205585,2250.479589521154,9812.920196910747
221353403010661,24,2011,2017,6,ne,diag_dg_mort,82.2900619506836,110.46415710449219,11.686899185180664,2542.454833984375,10884.283203125,113.37022818205585,2250.479589521154,9812.920196910747
52820861010538,23,2000,2005,5,ne,fvs_base,141.8380889892578,279.0205993652344,9.654162406921387,3409.917236328125,10728.7060546875,172.47183308670975,3579.4383747709,11513.069929052208
52820861010538,23,2000,2005,5,ne,organon,119.89634704589844,232.5586700439453,9.722390174865723,2903.78173828125,9278.81640625,172.47183308670975,3579.4383747709,11513.069929052208
52820861010538,23,2000,2005,5,ne,diag_dg_only,141.8380889892578,279.0205993652344,9.654162406921387,3409.917236328125,10728.7060546875,172.47183308670975,3579.4383747709,11513.069929052208
52820861010538,23,2000,2005,5,ne,diag_hg_only,141.83627319335938,279.0208435058594,9.654094696044922,3459.73779296875,10751.490234375,172.47183308670975,3579.4383747709,11513.069929052208
52820861010538,23,2000,2005,5,ne,diag_mort_only,121.0439224243164,234.21923828125,9.734115600585938,2909.74560546875,9385.802734375,172.47183308670975,3579.4383747709,11513.069929052208
52820861010538,23,2000,2005,5,ne,diag_dg_mort,121.0439224243164,234.21923828125,9.734115600585938,2909.74560546875,9385.802734375,172.47183308670975,3579.4383747709,11513.069929052208
29637503020004,54,2013,2019,6,ne,fvs_base,57.70651626586914,76.88217163085938,11.731024742126465,1817.777099609375,7647.65625,85.32170046455897,1808.38855022803,7227.746702269476
29637503020004,54,2013,2019,6,ne,organon,53.204280853271484,71.1842269897461,11.706246376037598,1623.0498046875,6678.1806640625,85.32170046455897,1808.38855022803,7227.746702269476
29637503020004,54,2013,2019,6,ne,diag_dg_only,57.70651626586914,76.88217163085938,11.731024742126465,1817.777099609375,7647.65625,85.32170046455897,1808.38855022803,7227.746702269476
29637503020004,54,2013,2019,6,ne,diag_hg_only,57.69874572753906,76.88215637207031,11.730237007141113,1828.3343505859375,7874.5556640625,85.32170046455897,1808.38855022803,7227.746702269476
29637503020004,54,2013,2019,6,ne,diag_mort_only,53.508331298828125,71.44727325439453,11.718018531799316,1686.168701171875,7115.5146484375,85.32170046455897,1808.38855022803,7227.746702269476
29637503020004,54,2013,2019,6,ne,diag_dg_mort,53.508331298828125,71.44727325439453,11.718018531799316,1686.168701171875,7115.5146484375,85.32170046455897,1808.38855022803,7227.746702269476
55934057010538,25,2004,2009,5,ne,fvs_base,141.67892456054688,214.275634765625,11.010385513305664,4002.593505859375,11150.337890625,172.3866125860491,3397.95255272189,8704.155287527872
55934057010538,25,2004,2009,5,ne,organon,121.96000671386719,183.13137817382812,11.050032615661621,3477.455810546875,9859.876953125,172.3866125860491,3397.95255272189,8704.155287527872
55934057010538,25,2004,2009,5,ne,diag_dg_only,140.10206604003906,210.5415496826172,11.045607566833496,3967.419189453125,11100.130859375,172.3866125860491,3397.95255272189,8704.155287527872
55934057010538,25,2004,2009,5,ne,diag_hg_only,140.1024932861328,210.54139709472656,11.04562759399414,4029.387939453125,11316.822265625,172.3866125860491,3397.95255272189,8704.155287527872
55934057010538,25,2004,2009,5,ne,diag_mort_only,122.56531524658203,183.77244567871094,11.058082580566406,3457.888916015625,9822.4921875,172.3866125860491,3397.95255272189,8704.155287527872
55934057010538,25,2004,2009,5,ne,diag_dg_mort,122.56531524658203,183.77244567871094,11.058082580566406,3457.888916015625,9822.4921875,172.3866125860491,3397.95255272189,8704.155287527872
168997362010661,42,2010,2015,5,ne,fvs_base,83.68145751953125,130.91171264648438,10.825843811035156,2417.515380859375,7727.85302734375,102.32809809525571,1701.6720690937143,4020.979828049166
168997362010661,42,2010,2015,5,ne,organon,74.49063873291016,116.53181457519531,10.825921058654785,2105.3310546875,6759.9423828125,102.32809809525571,1701.6720690937143,4020.979828049166
168997362010661,42,2010,2015,5,ne,diag_dg_only,83.68145751953125,130.91171264648438,10.825843811035156,2417.515380859375,7727.85302734375,102.32809809525571,1701.6720690937143,4020.979828049166
168997362010661,42,2010,2015,5,ne,diag_hg_only,83.67871856689453,130.9117431640625,10.825663566589355,2476.6982421875,8123.3623046875,102.32809809525571,1701.6720690937143,4020.979828049166
168997362010661,42,2010,2015,5,ne,diag_mort_only,75.19356536865234,117.50474548339844,10.831758499145508,2168.660888671875,6812.24609375,102.32809809525571,1701.6720690937143,4020.979828049166
168997362010661,42,2010,2015,5,ne,diag_dg_mort,75.19356536865234,117.50474548339844,10.831758499145508,2168.660888671875,6812.24609375,102.32809809525571,1701.6720690937143,4020.979828049166
52831376010538,23,2000,2005,5,ne,fvs_base,117.90662384033203,296.53778076171875,8.538182258605957,2172.843017578125,4181.41259765625,130.29047330243844,1968.2273344360738,3902.674985501158
52831376010538,23,2000,2005,5,ne,organon,103.4603042602539,261.47320556640625,8.517448425292969,1950.353515625,3735.869873046875,130.29047330243844,1968.2273344360738,3902.674985501158
52831376010538,23,2000,2005,5,ne,diag_dg_only,117.90662384033203,296.53778076171875,8.538182258605957,2172.843017578125,4181.41259765625,130.29047330243844,1968.2273344360738,3902.674985501158
52831376010538,23,2000,2005,5,ne,diag_hg_only,117.89768981933594,296.5378723144531,8.537858963012695,2256.683837890625,4373.3251953125,130.29047330243844,1968.2273344360738,3902.674985501158
52831376010538,23,2000,2005,5,ne,diag_mort_only,103.77983856201172,262.03326416015625,8.521472930908203,1888.787353515625,3597.650146484375,130.29047330243844,1968.2273344360738,3902.674985501158
52831376010538,23,2000,2005,5,ne,diag_dg_mort,103.77983856201172,262.03326416015625,8.521472930908203,1888.787353515625,3597.650146484375,130.29047330243844,1968.2273344360738,3902.674985501158
16264768020004,42,2013,2019,6,ne,fvs_base,141.77737426757812,241.18179321289062,10.38167667388916,3253.22265625,7225.400390625,161.91061492704108,2895.2829356136817,8255.265968588894
16264768020004,42,2013,2019,6,ne,organon,116.04366302490234,199.20639038085938,10.334641456604004,2617.714111328125,5742.21826171875,161.91061492704108,2895.2829356136817,8255.265968588894
16264768020004,42,2013,2019,6,ne,diag_dg_only,141.7256317138672,241.0684356689453,10.38222599029541,3252.250244140625,7224.3447265625,161.91061492704108,2895.2829356136817,8255.265968588894
16264768020004,42,2013,2019,6,ne,diag_hg_only,141.72398376464844,241.06857299804688,10.382157325744629,3429.224609375,7552.759765625,161.91061492704108,2895.2829356136817,8255.265968588894
16264768020004,42,2013,2019,6,ne,diag_mort_only,117.12862396240234,201.25697326660156,10.32980728149414,2673.815673828125,5925.5283203125,161.91061492704108,2895.2829356136817,8255.265968588894
16264768020004,42,2013,2019,6,ne,diag_dg_mort,117.12862396240234,201.25697326660156,10.32980728149414,2673.815673828125,5925.5283203125,161.91061492704108,2895.2829356136817,8255.265968588894
68280368010538,42,2005,2010,5,ne,fvs_base,133.4683380126953,303.0903015136719,8.985440254211426,3691.46240234375,7424.2666015625,147.2189703123861,3178.82896828198,6047.897752891157
68280368010538,42,2005,2010,5,ne,organon,118.1611328125,268.7461853027344,8.978472709655762,3172.802490234375,6714.4140625,147.2189703123861,3178.82896828198,6047.897752891157
68280368010538,42,2005,2010,5,ne,diag_dg_only,132.8026123046875,300.8995361328125,8.995573043823242,3677.734375,7416.2783203125,147.2189703123861,3178.82896828198,6047.897752891157
68280368010538,42,2005,2010,5,ne,diag_hg_only,132.8023223876953,300.89990234375,8.99555778503418,3688.827392578125,7416.25146484375,147.2189703123861,3178.82896828198,6047.897752891157
68280368010538,42,2005,2010,5,ne,diag_mort_only,118.73348999023438,269.9048767089844,8.980853080749512,3284.550048828125,7025.734375,147.2189703123861,3178.82896828198,6047.897752891157
68280368010538,42,2005,2010,5,ne,diag_dg_mort,118.73348999023438,269.9048767089844,8.980853080749512,3284.550048828125,7025.734375,147.2189703123861,3178.82896828198,6047.897752891157
145021957010661,36,2009,2014,5,ne,fvs_base,110.15375518798828,261.4920959472656,8.788333892822266,2123.609130859375,6242.8681640625,150.8517895771085,1971.75563055323,4902.099503567394
145021957010661,36,2009,2014,5,ne,organon,96.92796325683594,233.34811401367188,8.726874351501465,1904.357177734375,5660.27587890625,150.8517895771085,1971.75563055323,4902.099503567394
145021957010661,36,2009,2014,5,ne,diag_dg_only,110.15375518798828,261.4920959472656,8.788333892822266,2123.609130859375,6242.8681640625,150.8517895771085,1971.75563055323,4902.099503567394
145021957010661,36,2009,2014,5,ne,diag_hg_only,110.16845703125,261.49212646484375,8.788923263549805,2165.597412109375,6538.93310546875,150.8517895771085,1971.75563055323,4902.099503567394
145021957010661,36,2009,2014,5,ne,diag_mort_only,97.36009216308594,233.9307098388672,8.735406875610352,1887.3189697265625,5558.1044921875,150.8517895771085,1971.75563055323,4902.099503567394
145021957010661,36,2009,2014,5,ne,diag_dg_mort,97.36009216308594,233.9307098388672,8.735406875610352,1887.3189697265625,5558.1044921875,150.8517895771085,1971.75563055323,4902.099503567394
168997872010661,42,2010,2016,6,ne,fvs_base,46.05195999145508,71.3272933959961,10.880088806152344,1113.3643798828125,3780.047607421875,76.97899099863469,1000.6702535882359,4513.880302941206
168997872010661,42,2010,2016,6,ne,organon,40.8052864074707,61.86884307861328,10.996603012084961,1006.626708984375,3359.2392578125,76.97899099863469,1000.6702535882359,4513.880302941206
168997872010661,42,2010,2016,6,ne,diag_dg_only,46.05195999145508,71.3272933959961,10.880088806152344,1113.3643798828125,3780.047607421875,76.97899099863469,1000.6702535882359,4513.880302941206
168997872010661,42,2010,2016,6,ne,diag_hg_only,46.05318069458008,71.32728576660156,10.88023567199707,1210.4149169921875,4044.35791015625,76.97899099863469,1000.6702535882359,4513.880302941206
168997872010661,42,2010,2016,6,ne,diag_mort_only,40.898712158203125,62.032222747802734,10.994672775268555,993.6564331054688,3365.2451171875,76.97899099863469,1000.6702535882359,4513.880302941206
168997872010661,42,2010,2016,6,ne,diag_dg_mort,40.898712158203125,62.032222747802734,10.994672775268555,993.6564331054688,3365.2451171875,76.97899099863469,1000.6702535882359,4513.880302941206
118182155010661,36,2008,2013,5,ne,fvs_base,175.19015502929688,240.00238037109375,11.568669319152832,4548.99169921875,19501.875,169.51053330803157,3781.22983627966,15120.833103920731
118182155010661,36,2008,2013,5,ne,organon,155.21517944335938,213.9052734375,11.534333229064941,4208.3271484375,18111.2890625,169.51053330803157,3781.22983627966,15120.833103920731
118182155010661,36,2008,2013,5,ne,diag_dg_only,173.95138549804688,236.66943359375,11.608582496643066,4526.75927734375,19452.623046875,169.51053330803157,3781.22983627966,15120.833103920731
118182155010661,36,2008,2013,5,ne,diag_hg_only,173.94711303710938,236.6692352294922,11.608445167541504,4767.87353515625,20639.775390625,169.51053330803157,3781.22983627966,15120.833103920731
118182155010661,36,2008,2013,5,ne,diag_mort_only,155.71319580078125,214.2190399169922,11.544360160827637,4035.004150390625,17292.70703125,169.51053330803157,3781.22983627966,15120.833103920731
118182155010661,36,2008,2013,5,ne,diag_dg_mort,155.71319580078125,214.2190399169922,11.544360160827637,4035.004150390625,17292.70703125,169.51053330803157,3781.22983627966,15120.833103920731
15666255020004,23,2013,2018,5,ne,fvs_base,65.35592651367188,195.9051971435547,7.820880889892578,1221.936279296875,2063.831787109375,78.00891360372655,987.8945377167901,1883.9226463742662
15666255020004,23,2013,2018,5,ne,organon,52.605010986328125,156.97390747070312,7.838558197021484,984.3357543945312,1954.334228515625,78.00891360372655,987.8945377167901,1883.9226463742662
15666255020004,23,2013,2018,5,ne,diag_dg_only,65.35592651367188,195.9051971435547,7.820880889892578,1221.936279296875,2063.831787109375,78.00891360372655,987.8945377167901,1883.9226463742662
15666255020004,23,2013,2018,5,ne,diag_hg_only,65.35140228271484,195.90533447265625,7.8206095695495605,1237.3128662109375,2129.484619140625,78.00891360372655,987.8945377167901,1883.9226463742662
15666255020004,23,2013,2018,5,ne,diag_mort_only,52.845115661621094,157.44725036621094,7.844605922698975,982.059814453125,1830.0684814453125,78.00891360372655,987.8945377167901,1883.9226463742662
15666255020004,23,2013,2018,5,ne,diag_dg_mort,52.845115661621094,157.44725036621094,7.844605922698975,982.059814453125,1830.0684814453125,78.00891360372655,987.8945377167901,1883.9226463742662
171871847020004,50,2014,2021,7,ne,fvs_base,121.7999038696289,165.10736083984375,11.629914283752441,3142.683349609375,11523.6162109375,133.8225795692248,1793.4570378823719,4841.463080294157
171871847020004,50,2014,2021,7,ne,organon,103.85836791992188,142.6405792236328,11.554080963134766,2770.337890625,10051.9423828125,133.8225795692248,1793.4570378823719,4841.463080294157
171871847020004,50,2014,2021,7,ne,diag_dg_only,121.7999038696289,165.10736083984375,11.629914283752441,3142.683349609375,11523.6162109375,133.8225795692248,1793.4570378823719,4841.463080294157
171871847020004,50,2014,2021,7,ne,diag_hg_only,121.81131744384766,165.107421875,11.630456924438477,3270.533203125,11853.8369140625,133.8225795692248,1793.4570378823719,4841.463080294157
171871847020004,50,2014,2021,7,ne,diag_mort_only,104.44392395019531,143.4562530517578,11.553619384765625,2696.01318359375,9848.564453125,133.8225795692248,1793.4570378823719,4841.463080294157
171871847020004,50,2014,2021,7,ne,diag_dg_mort,104.44392395019531,143.4562530517578,11.553619384765625,2696.01318359375,9848.564453125,133.8225795692248,1793.4570378823719,4841.463080294157
145006455010661,24,2009,2015,6,ne,fvs_base,96.74984741210938,106.98175811767578,12.876761436462402,3410.37451171875,18032.9375,135.13327046433892,3696.59101426784,17658.715390889287
145006455010661,24,2009,2015,6,ne,organon,76.5310287475586,78.13117980957031,13.40117359161377,2673.49609375,14701.9013671875,135.13327046433892,3696.59101426784,17658.715390889287
145006455010661,24,2009,2015,6,ne,diag_dg_only,96.74984741210938,106.98175811767578,12.876761436462402,3410.37451171875,18032.9375,135.13327046433892,3696.59101426784,17658.715390889287
145006455010661,24,2009,2015,6,ne,diag_hg_only,96.74214935302734,106.98176574707031,12.87624740600586,3527.55126953125,18822.40625,135.13327046433892,3696.59101426784,17658.715390889287
145006455010661,24,2009,2015,6,ne,diag_mort_only,77.50743865966797,78.81405639648438,13.427840232849121,2781.140625,15189.9208984375,135.13327046433892,3696.59101426784,17658.715390889287
145006455010661,24,2009,2015,6,ne,diag_dg_mort,77.50743865966797,78.81405639648438,13.427840232849121,2781.140625,15189.9208984375,135.13327046433892,3696.59101426784,17658.715390889287
306336171489998,54,2016,2024,8,ne,fvs_base,71.54258728027344,118.43201446533203,10.524078369140625,1939.017333984375,4786.7705078125,62.958408349406426,1258.372527929192,3023.0526961164664
306336171489998,54,2016,2024,8,ne,organon,58.9454231262207,98.86981964111328,10.455131530761719,1540.2615966796875,3995.039794921875,62.958408349406426,1258.372527929192,3023.0526961164664
306336171489998,54,2016,2024,8,ne,diag_dg_only,71.54258728027344,118.43201446533203,10.524078369140625,1939.017333984375,4786.7705078125,62.958408349406426,1258.372527929192,3023.0526961164664
306336171489998,54,2016,2024,8,ne,diag_hg_only,71.54458618164062,118.4319839477539,10.524226188659668,2015.3529052734375,4955.94921875,62.958408349406426,1258.372527929192,3023.0526961164664
306336171489998,54,2016,2024,8,ne,diag_mort_only,60.54368209838867,101.22077941894531,10.472149848937988,1640.7408447265625,4053.65576171875,62.958408349406426,1258.372527929192,3023.0526961164664
306336171489998,54,2016,2024,8,ne,diag_dg_mort,60.54368209838867,101.22077941894531,10.472149848937988,1640.7408447265625,4053.65576171875,62.958408349406426,1258.372527929192,3023.0526961164664
15806253020004,36,2013,2019,6,ne,fvs_base,20.037273406982422,29.54066276550293,11.151812553405762,606.7943725585938,2337.0546875,23.30734390149458,535.077083684416,1633.080655607102
15806253020004,36,2013,2019,6,ne,organon,16.83833122253418,26.636470794677734,10.765827178955078,531.2662963867188,2096.365966796875,23.30734390149458,535.077083684416,1633.080655607102
15806253020004,36,2013,2019,6,ne,diag_dg_only,20.037273406982422,29.54066276550293,11.151812553405762,606.7943725585938,2337.0546875,23.30734390149458,535.077083684416,1633.080655607102
15806253020004,36,2013,2019,6,ne,diag_hg_only,20.0248966217041,29.540674209594727,11.148366928100586,640.5707397460938,2594.23583984375,23.30734390149458,535.077083684416,1633.080655607102
15806253020004,36,2013,2019,6,ne,diag_mort_only,16.9924259185791,26.800569534301758,10.781819343566895,508.2201843261719,1907.451904296875,23.30734390149458,535.077083684416,1633.080655607102
15806253020004,36,2013,2019,6,ne,diag_dg_mort,16.9924259185791,26.800569534301758,10.781819343566895,508.2201843261719,1907.451904296875,23.30734390149458,535.077083684416,1633.080655607102
65139485010538,36,2004,2010,6,ne,fvs_base,13.266973495483398,35.69862747192383,8.254609107971191,186.2545623779297,281.21343994140625,28.04313425863157,300.76457701729,
65139485010538,36,2004,2010,6,ne,organon,12.731849670410156,34.23881912231445,8.257006645202637,199.68605041503906,390.7044982910156,28.04313425863157,300.76457701729,
65139485010538,36,2004,2010,6,ne,diag_dg_only,13.266973495483398,35.69862747192383,8.254609107971191,186.2545623779297,281.21343994140625,28.04313425863157,300.76457701729,
65139485010538,36,2004,2010,6,ne,diag_hg_only,13.263599395751953,35.6986198425293,8.253560066223145,212.4357147216797,310.9654235839844,28.04313425863157,300.76457701729,
65139485010538,36,2004,2010,6,ne,diag_mort_only,12.757682800292969,34.30279541015625,8.257668495178223,179.06106567382812,270.50274658203125,28.04313425863157,300.76457701729,
65139485010538,36,2004,2010,6,ne,diag_dg_mort,12.757682800292969,34.30279541015625,8.257668495178223,179.06106567382812,270.50274658203125,28.04313425863157,300.76457701729,
16365413020004,50,2013,2020,7,ne,fvs_base,19.63712501525879,59.424835205078125,7.783794403076172,449.18182373046875,0.0,16.333478177748873,233.40534039504004,416.073371472474
16365413020004,50,2013,2020,7,ne,organon,15.871999740600586,48.59455490112305,7.738525867462158,391.6784973144531,0.0,16.333478177748873,233.40534039504004,416.073371472474
16365413020004,50,2013,2020,7,ne,diag_dg_only,19.63712501525879,59.424835205078125,7.783794403076172,449.18182373046875,0.0,16.333478177748873,233.40534039504004,416.073371472474
16365413020004,50,2013,2020,7,ne,diag_hg_only,19.634672164916992,59.424808502197266,7.783308029174805,488.27703857421875,0.0,16.333478177748873,233.40534039504004,416.073371472474
16365413020004,50,2013,2020,7,ne,diag_mort_only,16.21946907043457,49.55734634399414,7.74641227722168,370.03179931640625,0.0,16.333478177748873,233.40534039504004,416.073371472474
16365413020004,50,2013,2020,7,ne,diag_dg_mort,16.21946907043457,49.55734634399414,7.74641227722168,370.03179931640625,0.0,16.333478177748873,233.40534039504004,416.073371472474
251021748489998,42,2015,2022,7,ne,fvs_base,30.99599266052246,88.93639373779297,7.9937262535095215,717.5377807617188,510.4862976074219,63.204631870515,753.593730131088,659.220465956336
251021748489998,42,2015,2022,7,ne,organon,21.345529556274414,61.69344711303711,7.964715957641602,502.37603759765625,369.8952941894531,63.204631870515,753.593730131088,659.220465956336
251021748489998,42,2015,2022,7,ne,diag_dg_only,30.99599266052246,88.93639373779297,7.9937262535095215,717.5377807617188,510.4862976074219,63.204631870515,753.593730131088,659.220465956336
251021748489998,42,2015,2022,7,ne,diag_hg_only,30.995798110961914,88.93647766113281,7.993698596954346,771.9542846679688,570.5638427734375,63.204631870515,753.593730131088,659.220465956336
251021748489998,42,2015,2022,7,ne,diag_mort_only,21.514192581176758,62.1278076171875,7.968118667602539,483.8562927246094,374.7196044921875,63.204631870515,753.593730131088,659.220465956336
251021748489998,42,2015,2022,7,ne,diag_dg_mort,21.514192581176758,62.1278076171875,7.968118667602539,483.8562927246094,374.7196044921875,63.204631870515,753.593730131088,659.220465956336
171920269020004,54,2015,2022,7,ne,fvs_base,18.64113426208496,47.49126434326172,8.483314514160156,439.4897766113281,1018.49462890625,18.762483134412076,468.258129177908,1355.3048939488922
171920269020004,54,2015,2022,7,ne,organon,15.97002124786377,41.125877380371094,8.437843322753906,372.005859375,866.0082397460938,18.762483134412076,468.258129177908,1355.3048939488922
171920269020004,54,2015,2022,7,ne,diag_dg_only,18.64113426208496,47.49126434326172,8.483314514160156,439.4897766113281,1018.49462890625,18.762483134412076,468.258129177908,1355.3048939488922
171920269020004,54,2015,2022,7,ne,diag_hg_only,18.639602661132812,47.49125289916992,8.482967376708984,477.6842041015625,1126.1678466796875,18.762483134412076,468.258129177908,1355.3048939488922
171920269020004,54,2015,2022,7,ne,diag_mort_only,16.054492950439453,41.34107208251953,8.438080787658691,377.1924133300781,894.0166015625,18.762483134412076,468.258129177908,1355.3048939488922
171920269020004,54,2015,2022,7,ne,diag_dg_mort,16.054492950439453,41.34107208251953,8.438080787658691,377.1924133300781,894.0166015625,18.762483134412076,468.258129177908,1355.3048939488922
145019521010661,42,2009,2015,6,ne,fvs_base,121.30064392089844,100.95813751220703,14.842164039611816,4714.728515625,25357.501953125,137.0447731595527,4191.113406719294,21166.510486704097
145019521010661,42,2009,2015,6,ne,organon,105.68524932861328,82.68346405029297,15.308552742004395,4143.17529296875,22672.140625,137.0447731595527,4191.113406719294,21166.510486704097
145019521010661,42,2009,2015,6,ne,diag_dg_only,121.30064392089844,100.95813751220703,14.842164039611816,4714.728515625,25357.501953125,137.0447731595527,4191.113406719294,21166.510486704097
145019521010661,42,2009,2015,6,ne,diag_hg_only,121.30210876464844,100.95807647705078,14.84225845336914,4873.1748046875,25743.03125,137.0447731595527,4191.113406719294,21166.510486704097
145019521010661,42,2009,2015,6,ne,diag_mort_only,106.49361419677734,83.53571319580078,15.288399696350098,4196.09814453125,22996.826171875,137.0447731595527,4191.113406719294,21166.510486704097
145019521010661,42,2009,2015,6,ne,diag_dg_mort,106.49361419677734,83.53571319580078,15.288399696350098,4196.09814453125,22996.826171875,137.0447731595527,4191.113406719294,21166.510486704097
304152051489998,25,2016,2023,7,ne,fvs_base,90.86019134521484,124.35462951660156,11.574230194091797,2460.31591796875,7894.97705078125,88.65699923312265,1646.0412578877601,5798.759904245904
304152051489998,25,2016,2023,7,ne,organon,82.74081420898438,111.7044677734375,11.653620719909668,2341.89794921875,7303.2587890625,88.65699923312265,1646.0412578877601,5798.759904245904
304152051489998,25,2016,2023,7,ne,diag_dg_only,90.86019134521484,124.35462951660156,11.574230194091797,2460.31591796875,7894.97705078125,88.65699923312265,1646.0412578877601,5798.759904245904
304152051489998,25,2016,2023,7,ne,diag_hg_only,90.85095977783203,124.3546371459961,11.573643684387207,2586.40576171875,7984.18212890625,88.65699923312265,1646.0412578877601,5798.759904245904
304152051489998,25,2016,2023,7,ne,diag_mort_only,83.34949493408203,112.46434020996094,11.656828880310059,2257.31396484375,7341.79931640625,88.65699923312265,1646.0412578877601,5798.759904245904
304152051489998,25,2016,2023,7,ne,diag_dg_mort,83.34949493408203,112.46434020996094,11.656828880310059,2257.31396484375,7341.79931640625,88.65699923312265,1646.0412578877601,5798.759904245904
15806960020004,36,2013,2020,7,ne,fvs_base,84.11851501464844,165.43585205078125,9.655336380004883,2166.172119140625,5790.36669921875,98.36753603006612,1891.1630297334177,4886.338469779142
15806960020004,36,2013,2020,7,ne,organon,72.26034545898438,143.46897888183594,9.609641075134277,1913.0804443359375,4903.65869140625,98.36753603006612,1891.1630297334177,4886.338469779142
15806960020004,36,2013,2020,7,ne,diag_dg_only,84.11851501464844,165.43585205078125,9.655336380004883,2166.172119140625,5790.36669921875,98.36753603006612,1891.1630297334177,4886.338469779142
15806960020004,36,2013,2020,7,ne,diag_hg_only,84.11901092529297,165.4359130859375,9.65535831451416,2256.0703125,5687.79296875,98.36753603006612,1891.1630297334177,4886.338469779142
15806960020004,36,2013,2020,7,ne,diag_mort_only,72.8854751586914,144.68067932128906,9.610618591308594,1869.2332763671875,4888.4853515625,98.36753603006612,1891.1630297334177,4886.338469779142
15806960020004,36,2013,2020,7,ne,diag_dg_mort,72.8854751586914,144.68067932128906,9.610618591308594,1869.2332763671875,4888.4853515625,98.36753603006612,1891.1630297334177,4886.338469779142
53053502010538,23,2003,2008,5,ne,fvs_base,58.45042037963867,118.76713562011719,9.499088287353516,1247.0750732421875,4045.173095703125,62.83685155604934,491.54615576606204,921.6258372282459
53053502010538,23,2003,2008,5,ne,organon,55.656951904296875,111.34745788574219,9.573171615600586,1232.116455078125,4161.57861328125,62.83685155604934,491.54615576606204,921.6258372282459
53053502010538,23,2003,2008,5,ne,diag_dg_only,58.45042037963867,118.76713562011719,9.499088287353516,1247.0750732421875,4045.173095703125,62.83685155604934,491.54615576606204,921.6258372282459
53053502010538,23,2003,2008,5,ne,diag_hg_only,58.4453125,118.76720428466797,9.498673439025879,1293.283935546875,4328.12451171875,62.83685155604934,491.54615576606204,921.6258372282459
53053502010538,23,2003,2008,5,ne,diag_mort_only,55.88078689575195,111.7706527709961,9.574226379394531,1196.703369140625,3926.86474609375,62.83685155604934,491.54615576606204,921.6258372282459
53053502010538,23,2003,2008,5,ne,diag_dg_mort,55.88078689575195,111.7706527709961,9.574226379394531,1196.703369140625,3926.86474609375,62.83685155604934,491.54615576606204,921.6258372282459
75814422010538,23,2006,2011,5,ne,fvs_base,47.79629898071289,112.96941375732422,8.807507514953613,1081.166015625,3057.889404296875,58.366808604392595,1098.7654505282399,2909.993573635048
75814422010538,23,2006,2011,5,ne,organon,41.02045440673828,96.10858917236328,8.846173286437988,954.7943725585938,2684.0546875,58.366808604392595,1098.7654505282399,2909.993573635048
75814422010538,23,2006,2011,5,ne,diag_dg_only,47.79629898071289,112.96941375732422,8.807507514953613,1081.166015625,3057.889404296875,58.366808604392595,1098.7654505282399,2909.993573635048
75814422010538,23,2006,2011,5,ne,diag_hg_only,47.79215621948242,112.96952056884766,8.807121276855469,1114.92578125,3153.34033203125,58.366808604392595,1098.7654505282399,2909.993573635048
75814422010538,23,2006,2011,5,ne,diag_mort_only,41.24264907836914,96.46296691894531,8.853791236877441,936.1349487304688,2671.325439453125,58.366808604392595,1098.7654505282399,2909.993573635048
75814422010538,23,2006,2011,5,ne,diag_dg_mort,41.24264907836914,96.46296691894531,8.853791236877441,936.1349487304688,2671.325439453125,58.366808604392595,1098.7654505282399,2909.993573635048
511304765126144,34,2019,2025,6,ne,fvs_base,31.058780670166016,41.38664627075195,11.730010986328125,849.154052734375,3373.745849609375,,,
511304765126144,34,2019,2025,6,ne,organon,28.65485191345215,39.13401412963867,11.586657524108887,784.0904541015625,3092.529541015625,,,
511304765126144,34,2019,2025,6,ne,diag_dg_only,31.058780670166016,41.38664627075195,11.730010986328125,849.154052734375,3373.745849609375,,,
511304765126144,34,2019,2025,6,ne,diag_hg_only,31.0524845123291,41.38663864135742,11.72882080078125,909.795654296875,3539.06201171875,,,
511304765126144,34,2019,2025,6,ne,diag_mort_only,28.834611892700195,39.31201934814453,11.596599578857422,778.6964111328125,3028.9296875,,,
511304765126144,34,2019,2025,6,ne,diag_dg_mort,28.834611892700195,39.31201934814453,11.596599578857422,778.6964111328125,3028.9296875,,,
53964317010538,36,2004,2009,5,ne,fvs_base,69.14571380615234,208.302734375,7.801381587982178,1469.09716796875,757.7595825195312,81.5673244064795,1690.6488924701118,2719.839436362236
53964317010538,36,2004,2009,5,ne,organon,59.34395980834961,179.8249969482422,7.778564929962158,1239.986083984375,678.5449829101562,81.5673244064795,1690.6488924701118,2719.839436362236
53964317010538,36,2004,2009,5,ne,diag_dg_only,69.14571380615234,208.302734375,7.801381587982178,1469.09716796875,757.7595825195312,81.5673244064795,1690.6488924701118,2719.839436362236
53964317010538,36,2004,2009,5,ne,diag_hg_only,69.1419677734375,208.30252075195312,7.80117130279541,1480.4041748046875,757.5621948242188,81.5673244064795,1690.6488924701118,2719.839436362236
53964317010538,36,2004,2009,5,ne,diag_mort_only,59.58659744262695,180.46084594726562,7.780708312988281,1251.9906005859375,690.322265625,81.5673244064795,1690.6488924701118,2719.839436362236
53964317010538,36,2004,2009,5,ne,diag_dg_mort,59.58659744262695,180.46084594726562,7.780708312988281,1251.9906005859375,690.322265625,81.5673244064795,1690.6488924701118,2719.839436362236
52875068010538,23,2001,2006,5,ne,fvs_base,87.21387481689453,219.6346435546875,8.532546997070312,1825.82470703125,2923.337890625,111.31903320393836,1516.806915620186,3130.167541805752
52875068010538,23,2001,2006,5,ne,organon,79.20022583007812,195.9971160888672,8.607452392578125,1691.092041015625,2858.22216796875,111.31903320393836,1516.806915620186,3130.167541805752
52875068010538,23,2001,2006,5,ne,diag_dg_only,87.21387481689453,219.6346435546875,8.532546997070312,1825.82470703125,2923.337890625,111.31903320393836,1516.806915620186,3130.167541805752
52875068010538,23,2001,2006,5,ne,diag_hg_only,87.22466278076172,219.6347198486328,8.533069610595703,1859.1292724609375,2953.41748046875,111.31903320393836,1516.806915620186,3130.167541805752
52875068010538,23,2001,2006,5,ne,diag_mort_only,79.59513092041016,196.8549346923828,8.610066413879395,1674.5335693359375,2840.1982421875,111.31903320393836,1516.806915620186,3130.167541805752
52875068010538,23,2001,2006,5,ne,diag_dg_mort,79.59513092041016,196.8549346923828,8.610066413879395,1674.5335693359375,2840.1982421875,111.31903320393836,1516.806915620186,3130.167541805752
76918495010538,42,2006,2011,5,ne,fvs_base,46.12260818481445,137.26170349121094,7.849075794219971,875.302978515625,0.0,54.133252964848026,580.64617333182,
76918495010538,42,2006,2011,5,ne,organon,41.83002471923828,123.92900848388672,7.866722106933594,810.5081787109375,0.0,54.133252964848026,580.64617333182,
76918495010538,42,2006,2011,5,ne,diag_dg_only,46.12260818481445,137.26170349121094,7.849075794219971,875.302978515625,0.0,54.133252964848026,580.64617333182,
76918495010538,42,2006,2011,5,ne,diag_hg_only,46.121150970458984,137.26153564453125,7.848958492279053,924.0178833007812,0.0,54.133252964848026,580.64617333182,
76918495010538,42,2006,2011,5,ne,diag_mort_only,41.83734130859375,123.92354583740234,7.867581844329834,800.103515625,0.0,54.133252964848026,580.64617333182,
76918495010538,42,2006,2011,5,ne,diag_dg_mort,41.83734130859375,123.92354583740234,7.867581844329834,800.103515625,0.0,54.133252964848026,580.64617333182,
58177827010538,42,2000,2005,5,ne,fvs_base,81.65645599365234,148.888671875,10.027689933776855,2097.19189453125,5473.90234375,81.64193000709994,1621.4930524672059,3835.7323059869364
58177827010538,42,2000,2005,5,ne,organon,68.03550720214844,127.54115295410156,9.889604568481445,1667.3992919921875,4255.7861328125,81.64193000709994,1621.4930524672059,3835.7323059869364
58177827010538,42,2000,2005,5,ne,diag_dg_only,81.65645599365234,148.888671875,10.027689933776855,2097.19189453125,5473.90234375,81.64193000709994,1621.4930524672059,3835.7323059869364
58177827010538,42,2000,2005,5,ne,diag_hg_only,81.65526580810547,148.88861083984375,10.02761459350586,2147.361328125,5574.939453125,81.64193000709994,1621.4930524672059,3835.7323059869364
58177827010538,42,2000,2005,5,ne,diag_mort_only,68.52752685546875,128.3975067138672,9.892148971557617,1757.7764892578125,4423.7978515625,81.64193000709994,1621.4930524672059,3835.7323059869364
58177827010538,42,2000,2005,5,ne,diag_dg_mort,68.52752685546875,128.3975067138672,9.892148971557617,1757.7764892578125,4423.7978515625,81.64193000709994,1621.4930524672059,3835.7323059869364
222474184010661,33,2011,2017,6,ne,fvs_base,103.02665710449219,212.9190673828125,9.41897964477539,2040.316162109375,4041.082763671875,105.88205110875226,1656.47880641901,1491.132553251652
222474184010661,33,2011,2017,6,ne,organon,94.26681518554688,193.46221923828125,9.45186710357666,2014.4735107421875,3641.343505859375,105.88205110875226,1656.47880641901,1491.132553251652
222474184010661,33,2011,2017,6,ne,diag_dg_only,103.02665710449219,212.9190673828125,9.41897964477539,2040.316162109375,4041.082763671875,105.88205110875226,1656.47880641901,1491.132553251652
222474184010661,33,2011,2017,6,ne,diag_hg_only,103.09263610839844,212.91893005371094,9.421998977661133,2213.379638671875,4239.24462890625,105.88205110875226,1656.47880641901,1491.132553251652
222474184010661,33,2011,2017,6,ne,diag_mort_only,94.60189819335938,193.92404174804688,9.457369804382324,1881.5855712890625,3673.809814453125,105.88205110875226,1656.47880641901,1491.132553251652
222474184010661,33,2011,2017,6,ne,diag_dg_mort,94.60189819335938,193.92404174804688,9.457369804382324,1881.5855712890625,3673.809814453125,105.88205110875226,1656.47880641901,1491.132553251652
58215829010538,42,2000,2005,5,ne,fvs_base,69.8593521118164,172.83299255371094,8.608654022216797,1609.00634765625,2349.5712890625,85.92964100341615,1325.5475641994742,2625.370840320798
58215829010538,42,2000,2005,5,ne,organon,62.881683349609375,153.62181091308594,8.663073539733887,1390.282470703125,1901.5919189453125,85.92964100341615,1325.5475641994742,2625.370840320798
58215829010538,42,2000,2005,5,ne,diag_dg_only,69.8593521118164,172.83299255371094,8.608654022216797,1609.00634765625,2349.5712890625,85.92964100341615,1325.5475641994742,2625.370840320798
58215829010538,42,2000,2005,5,ne,diag_hg_only,69.856689453125,172.83294677734375,8.608490943908691,1662.198974609375,2349.4638671875,85.92964100341615,1325.5475641994742,2625.370840320798
58215829010538,42,2000,2005,5,ne,diag_mort_only,63.26523971557617,154.46493530273438,8.665704727172852,1459.0367431640625,2033.63818359375,85.92964100341615,1325.5475641994742,2625.370840320798
58215829010538,42,2000,2005,5,ne,diag_dg_mort,63.26523971557617,154.46493530273438,8.665704727172852,1459.0367431640625,2033.63818359375,85.92964100341615,1325.5475641994742,2625.370840320798
58576073010538,42,2004,2009,5,ne,fvs_base,91.7723388671875,118.53319549560547,11.914400100708008,2570.755615234375,10577.9619140625,109.72071619212795,2197.9692555271204,8354.030552785478
58576073010538,42,2004,2009,5,ne,organon,86.41464233398438,111.68208312988281,11.910726547241211,2367.576904296875,9719.2919921875,109.72071619212795,2197.9692555271204,8354.030552785478
58576073010538,42,2004,2009,5,ne,diag_dg_only,91.7723388671875,118.53319549560547,11.914400100708008,2570.755615234375,10577.9619140625,109.72071619212795,2197.9692555271204,8354.030552785478
58576073010538,42,2004,2009,5,ne,diag_hg_only,91.76732635498047,118.53315734863281,11.914076805114746,2649.68408203125,10991.580078125,109.72071619212795,2197.9692555271204,8354.030552785478
58576073010538,42,2004,2009,5,ne,diag_mort_only,86.7760238647461,112.1080322265625,11.912909507751465,2421.146240234375,9962.416015625,109.72071619212795,2197.9692555271204,8354.030552785478
58576073010538,42,2004,2009,5,ne,diag_dg_mort,86.7760238647461,112.1080322265625,11.912909507751465,2421.146240234375,9962.416015625,109.72071619212795,2197.9692555271204,8354.030552785478
451063113489998,23,2018,2023,5,ne,fvs_base,114.83802795410156,207.89544677734375,10.063677787780762,2489.591552734375,8433.8037109375,158.18679308013947,2827.73429904772,9337.681730159393
451063113489998,23,2018,2023,5,ne,organon,107.25701904296875,190.54354858398438,10.159025192260742,2498.120849609375,8732.623046875,158.18679308013947,2827.73429904772,9337.681730159393
451063113489998,23,2018,2023,5,ne,diag_dg_only,114.83802795410156,207.89544677734375,10.063677787780762,2489.591552734375,8433.8037109375,158.18679308013947,2827.73429904772,9337.681730159393
451063113489998,23,2018,2023,5,ne,diag_hg_only,114.8408432006836,207.89540100097656,10.063800811767578,2686.984375,9303.5693359375,158.18679308013947,2827.73429904772,9337.681730159393
451063113489998,23,2018,2023,5,ne,diag_mort_only,107.62478637695312,191.17201232910156,10.159685134887695,2340.209228515625,8078.0107421875,158.18679308013947,2827.73429904772,9337.681730159393
451063113489998,23,2018,2023,5,ne,diag_dg_mort,107.62478637695312,191.17201232910156,10.159685134887695,2340.209228515625,8078.0107421875,158.18679308013947,2827.73429904772,9337.681730159393
375583610489998,33,2017,2024,7,ne,fvs_base,123.63795471191406,253.8571014404297,9.449690818786621,2850.276611328125,8651.5029296875,173.88051061005456,2788.5408657477738,6733.994541471424
375583610489998,33,2017,2024,7,ne,organon,109.5341796875,223.54371643066406,9.478288650512695,2626.005126953125,8107.30419921875,173.88051061005456,2788.5408657477738,6733.994541471424
375583610489998,33,2017,2024,7,ne,diag_dg_only,123.63795471191406,253.8571014404297,9.449690818786621,2850.276611328125,8651.5029296875,173.88051061005456,2788.5408657477738,6733.994541471424
375583610489998,33,2017,2024,7,ne,diag_hg_only,123.62015533447266,253.85699462890625,9.449012756347656,3027.535400390625,8999.3095703125,173.88051061005456,2788.5408657477738,6733.994541471424
375583610489998,33,2017,2024,7,ne,diag_mort_only,110.44119262695312,225.10211181640625,9.48444652557373,2535.479248046875,7902.90673828125,173.88051061005456,2788.5408657477738,6733.994541471424
375583610489998,33,2017,2024,7,ne,diag_dg_mort,110.44119262695312,225.10211181640625,9.48444652557373,2535.479248046875,7902.90673828125,173.88051061005456,2788.5408657477738,6733.994541471424
107545724010661,23,2008,2013,5,ne,fvs_base,12.657668113708496,47.429962158203125,6.994983673095703,202.25164794921875,0.0,23.74802176371621,365.79031028499395,462.694770625392
107545724010661,23,2008,2013,5,ne,organon,11.973796844482422,44.78423309326172,7.001478672027588,226.81442260742188,186.835205078125,23.74802176371621,365.79031028499395,462.694770625392
107545724010661,23,2008,2013,5,ne,diag_dg_only,12.657668113708496,47.429962158203125,6.994983673095703,202.25164794921875,0.0,23.74802176371621,365.79031028499395,462.694770625392
107545724010661,23,2008,2013,5,ne,diag_hg_only,12.657292366027832,47.42998504638672,6.994878768920898,243.4477996826172,198.40521240234375,23.74802176371621,365.79031028499395,462.694770625392
107545724010661,23,2008,2013,5,ne,diag_mort_only,12.008346557617188,44.93708801269531,6.999636173248291,191.35977172851562,0.0,23.74802176371621,365.79031028499395,462.694770625392
107545724010661,23,2008,2013,5,ne,diag_dg_mort,12.008346557617188,44.93708801269531,6.999636173248291,191.35977172851562,0.0,23.74802176371621,365.79031028499395,462.694770625392
171958531020004,42,2015,2023,8,ne,fvs_base,62.77189254760742,183.88951110839844,7.911165237426758,1442.3314208984375,330.49139404296875,,,
171958531020004,42,2015,2023,8,ne,organon,37.63806915283203,111.63761901855469,7.862208366394043,816.5383911132812,210.92161560058594,,,
171958531020004,42,2015,2023,8,ne,diag_dg_only,62.77189254760742,183.88951110839844,7.911165237426758,1442.3314208984375,330.49139404296875,,,
171958531020004,42,2015,2023,8,ne,diag_hg_only,62.77663040161133,183.8894500732422,7.911463260650635,1610.32470703125,396.55902099609375,,,
171958531020004,42,2015,2023,8,ne,diag_mort_only,38.38231658935547,113.43785095214844,7.876312255859375,852.8763427734375,222.3554229736328,,,
171958531020004,42,2015,2023,8,ne,diag_dg_mort,38.38231658935547,113.43785095214844,7.876312255859375,852.8763427734375,222.3554229736328,,,
52880261010538,23,2001,2006,5,ne,fvs_base,47.5322151184082,95.05783081054688,9.574946403503418,944.0760498046875,2363.16845703125,72.32993819633118,1039.1634872360821,1789.8148743168497
52880261010538,23,2001,2006,5,ne,organon,44.8927116394043,88.29767608642578,9.65494155883789,958.3245239257812,2383.76953125,72.32993819633118,1039.1634872360821,1789.8148743168497
52880261010538,23,2001,2006,5,ne,diag_dg_only,47.5322151184082,95.05783081054688,9.574946403503418,944.0760498046875,2363.16845703125,72.32993819633118,1039.1634872360821,1789.8148743168497
52880261010538,23,2001,2006,5,ne,diag_hg_only,47.530818939208984,95.0578384399414,9.574809074401855,1017.76123046875,2477.52294921875,72.32993819633118,1039.1634872360821,1789.8148743168497
52880261010538,23,2001,2006,5,ne,diag_mort_only,44.92112350463867,88.33855438232422,9.655760765075684,894.900390625,2277.08447265625,72.32993819633118,1039.1634872360821,1789.8148743168497
52880261010538,23,2001,2006,5,ne,diag_dg_mort,44.92112350463867,88.33855438232422,9.655760765075684,894.900390625,2277.08447265625,72.32993819633118,1039.1634872360821,1789.8148743168497
