PLOT,STATE,MEASYEAR1,MEASYEAR2,PERIOD_YR,variant,config,BA_PRED,TPA_PRED,QMD_PRED,MCuFt_PRED,BdFt_PRED,BA_OBS,MCuFt_OBS,BdFt_OBS
65168045010538,36,2004,2010,6,ne,default,35.417144775390625,59.08415222167969,10.483529090881348,728.1835327148438,1154.6148681640625,36.14014914653864,581.49814810404,1269.067480323954
65168045010538,36,2004,2010,6,ne,calibrated,35.70108795166016,59.63995361328125,10.476309776306152,732.7276611328125,1158.1298828125,36.14014914653864,581.49814810404,1269.067480323954
65168045010538,36,2004,2010,6,ne,greg_dg,35.417144775390625,59.08415222167969,10.483529090881348,728.1835327148438,1154.6148681640625,36.14014914653864,581.49814810404,1269.067480323954
65168045010538,36,2004,2010,6,ne,hg_bayes,35.417144775390625,59.08415222167969,10.483529090881348,728.1835327148438,1154.6148681640625,36.14014914653864,581.49814810404,1269.067480323954
65168045010538,36,2004,2010,6,ne,hg_organon,35.417144775390625,59.08415222167969,10.483529090881348,728.1835327148438,1154.6148681640625,36.14014914653864,581.49814810404,1269.067480323954
65168045010538,36,2004,2010,6,ne,hg_conus_sp,35.417144775390625,59.08415222167969,10.483529090881348,728.1835327148438,1154.6148681640625,36.14014914653864,581.49814810404,1269.067480323954
65168045010538,36,2004,2010,6,ne,hg_conus_clim,35.417144775390625,59.08415222167969,10.483529090881348,728.1835327148438,1154.6148681640625,36.14014914653864,581.49814810404,1269.067480323954
247056940010661,24,2012,2019,7,ne,default,52.77944946289063,124.54708862304688,8.814586639404297,945.5091552734376,2611.32080078125,72.70805488944526,934.288203203282,2453.506850757968
247056940010661,24,2012,2019,7,ne,calibrated,52.77439880371094,124.52769470214844,8.814848899841309,945.4551391601562,2611.25048828125,72.70805488944526,934.288203203282,2453.506850757968
247056940010661,24,2012,2019,7,ne,greg_dg,69.5794906616211,124.52264404296876,10.121684074401855,1311.78564453125,3680.21728515625,72.70805488944526,934.288203203282,2453.506850757968
247056940010661,24,2012,2019,7,ne,hg_bayes,52.77355194091797,124.54698944091795,8.814098358154297,1091.4744873046875,2941.27294921875,72.70805488944526,934.288203203282,2453.506850757968
247056940010661,24,2012,2019,7,ne,hg_organon,52.77355194091797,124.54698944091795,8.814098358154297,1091.4744873046875,2941.27294921875,72.70805488944526,934.288203203282,2453.506850757968
247056940010661,24,2012,2019,7,ne,hg_conus_sp,52.779483795166016,124.54696655273438,8.814598083496094,1009.1595458984376,2819.6279296875,72.70805488944526,934.288203203282,2453.506850757968
247056940010661,24,2012,2019,7,ne,hg_conus_clim,52.77906036376953,124.54705047607422,8.814555168151855,975.433837890625,2809.55517578125,72.70805488944526,934.288203203282,2453.506850757968
171929084020004,33,2014,2021,7,ne,default,90.19153594970705,171.1001739501953,9.830913543701172,2385.98876953125,3985.2158203125,130.6981312106349,2301.495456133962,4642.618655911598
171929084020004,33,2014,2021,7,ne,calibrated,90.09290313720705,170.75401306152344,9.835489273071287,2383.994384765625,3983.90380859375,130.6981312106349,2301.495456133962,4642.618655911598
171929084020004,33,2014,2021,7,ne,greg_dg,99.93563079833984,171.0940399169922,10.348536491394045,2663.750732421875,5271.3447265625,130.6981312106349,2301.495456133962,4642.618655911598
171929084020004,33,2014,2021,7,ne,hg_bayes,90.20223236083984,171.10008239746094,9.831501960754396,2486.33935546875,4244.041015625,130.6981312106349,2301.495456133962,4642.618655911598
171929084020004,33,2014,2021,7,ne,hg_organon,90.20223236083984,171.10008239746094,9.831501960754396,2486.33935546875,4244.041015625,130.6981312106349,2301.495456133962,4642.618655911598
171929084020004,33,2014,2021,7,ne,hg_conus_sp,90.18370819091795,171.10037231445312,9.83048152923584,2358.165283203125,3870.1298828125,130.6981312106349,2301.495456133962,4642.618655911598
171929084020004,33,2014,2021,7,ne,hg_conus_clim,90.18612670898438,171.10028076171875,9.830617904663086,2397.6416015625,4069.144775390625,130.6981312106349,2301.495456133962,4642.618655911598
168990062010661,36,2010,2015,5,ne,default,141.4488525390625,158.55870056152344,12.789128303527832,4350.23876953125,17442.568359375,164.23947759328027,4271.18459801562,17789.069366542975
168990062010661,36,2010,2015,5,ne,calibrated,140.2735595703125,156.05203247070312,12.837767601013184,4324.00634765625,17393.9765625,164.23947759328027,4271.18459801562,17789.069366542975
168990062010661,36,2010,2015,5,ne,greg_dg,146.64247131347656,154.24951171875,13.202444076538086,4528.42822265625,18290.279296875,164.23947759328027,4271.18459801562,17789.069366542975
168990062010661,36,2010,2015,5,ne,hg_bayes,141.433837890625,158.5650177001953,12.78819751739502,4430.259765625,17981.43359375,164.23947759328027,4271.18459801562,17789.069366542975
168990062010661,36,2010,2015,5,ne,hg_organon,141.433837890625,158.5650177001953,12.78819751739502,4430.259765625,17981.43359375,164.23947759328027,4271.18459801562,17789.069366542975
168990062010661,36,2010,2015,5,ne,hg_conus_sp,141.4473419189453,158.5592041015625,12.789036750793455,4296.58837890625,17358.919921875,164.23947759328027,4271.18459801562,17789.069366542975
168990062010661,36,2010,2015,5,ne,hg_conus_clim,141.4466094970703,158.55955505371094,12.78899383544922,4348.30810546875,17534.3359375,164.23947759328027,4271.18459801562,17789.069366542975
58336932010538,42,2002,2007,5,ne,default,150.4932098388672,160.23052978515625,13.12266731262207,5165.525390625,21051.74609375,147.81730553223446,4299.626768064382,16607.94188931
58336932010538,42,2002,2007,5,ne,calibrated,144.87222290039062,151.3603057861328,13.247164726257324,5006.6845703125,20624.779296875,147.81730553223446,4299.626768064382,16607.94188931
58336932010538,42,2002,2007,5,ne,greg_dg,150.95184326171875,159.63912963867188,13.166970252990724,5156.6259765625,21006.376953125,147.81730553223446,4299.626768064382,16607.94188931
58336932010538,42,2002,2007,5,ne,hg_bayes,150.49217224121094,160.23080444335938,13.12261199951172,5194.5205078125,21081.984375,147.81730553223446,4299.626768064382,16607.94188931
58336932010538,42,2002,2007,5,ne,hg_organon,150.49217224121094,160.23080444335938,13.12261199951172,5194.5205078125,21081.984375,147.81730553223446,4299.626768064382,16607.94188931
58336932010538,42,2002,2007,5,ne,hg_conus_sp,150.4968719482422,160.22898864746094,13.122889518737791,5085.234375,20861.419921875,147.81730553223446,4299.626768064382,16607.94188931
58336932010538,42,2002,2007,5,ne,hg_conus_clim,150.4932098388672,160.23052978515625,13.12266731262207,5165.525390625,21051.74609375,147.81730553223446,4299.626768064382,16607.94188931
222518005010661,23,2011,2016,5,ne,default,97.8202667236328,190.1112823486328,9.712851524353027,2466.5986328125,6310.13525390625,113.84453714782111,2175.64570506311,5961.701839711436
222518005010661,23,2011,2016,5,ne,calibrated,97.49099731445312,189.0800628662109,9.722898483276367,2460.72998046875,6304.14013671875,113.84453714782111,2175.64570506311,5961.701839711436
222518005010661,23,2011,2016,5,ne,greg_dg,104.77288055419922,190.106201171875,10.05223274230957,2663.906494140625,7193.45166015625,113.84453714782111,2175.64570506311,5961.701839711436
222518005010661,23,2011,2016,5,ne,hg_bayes,97.81525421142578,190.1114501953125,9.71259880065918,2558.214111328125,6548.20166015625,113.84453714782111,2175.64570506311,5961.701839711436
222518005010661,23,2011,2016,5,ne,hg_organon,97.81525421142578,190.1114501953125,9.71259880065918,2558.214111328125,6548.20166015625,113.84453714782111,2175.64570506311,5961.701839711436
222518005010661,23,2011,2016,5,ne,hg_conus_sp,97.81940460205078,190.1114654541016,9.712804794311523,2472.586181640625,6319.1044921875,113.84453714782111,2175.64570506311,5961.701839711436
222518005010661,23,2011,2016,5,ne,hg_conus_clim,97.81761169433594,190.11138916015625,9.71271800994873,2494.255126953125,6291.20849609375,113.84453714782111,2175.64570506311,5961.701839711436
306265316489998,36,2016,2023,7,ne,default,103.7604522705078,294.857177734375,8.03242015838623,2232.93115234375,1854.9383544921875,139.8301726657132,2339.356193147208,2107.886274399906
306265316489998,36,2016,2023,7,ne,calibrated,102.70887756347656,291.22491455078125,8.04129409790039,2214.526611328125,1851.354248046875,139.8301726657132,2339.356193147208,2107.886274399906
306265316489998,36,2016,2023,7,ne,greg_dg,113.5442123413086,295.04656982421875,8.39988899230957,2463.4365234375,1908.328857421875,139.8301726657132,2339.356193147208,2107.886274399906
306265316489998,36,2016,2023,7,ne,hg_bayes,103.76325988769533,294.85693359375,8.032530784606934,2344.89453125,1943.5633544921875,139.8301726657132,2339.356193147208,2107.886274399906
306265316489998,36,2016,2023,7,ne,hg_organon,103.76325988769533,294.85693359375,8.032530784606934,2344.89453125,1943.5633544921875,139.8301726657132,2339.356193147208,2107.886274399906
306265316489998,36,2016,2023,7,ne,hg_conus_sp,103.78787994384766,294.8570556640625,8.033480644226074,2184.04931640625,1800.46484375,139.8301726657132,2339.356193147208,2107.886274399906
306265316489998,36,2016,2023,7,ne,hg_conus_clim,103.7604522705078,294.857177734375,8.03242015838623,2232.93115234375,1854.9383544921875,139.8301726657132,2339.356193147208,2107.886274399906
15806956020004,36,2013,2020,7,ne,default,62.95619201660156,106.14512634277344,10.428106307983398,1367.700439453125,4941.845703125,60.45728271635707,1022.125460194906,3473.5677360199297
15806956020004,36,2013,2020,7,ne,calibrated,62.989376068115234,106.26174926757812,10.425130844116213,1368.224609375,4942.248046875,60.45728271635707,1022.125460194906,3473.5677360199297
15806956020004,36,2013,2020,7,ne,greg_dg,64.47930908203125,106.14378356933594,10.553566932678224,1394.7080078125,4987.58984375,60.45728271635707,1022.125460194906,3473.5677360199297
15806956020004,36,2013,2020,7,ne,hg_bayes,62.95171356201172,106.1452407836914,10.427728652954102,1396.348876953125,4944.716796875,60.45728271635707,1022.125460194906,3473.5677360199297
15806956020004,36,2013,2020,7,ne,hg_organon,62.95171356201172,106.1452407836914,10.427728652954102,1396.348876953125,4944.716796875,60.45728271635707,1022.125460194906,3473.5677360199297
15806956020004,36,2013,2020,7,ne,hg_conus_sp,62.95962142944336,106.14514923095705,10.428389549255373,1335.94384765625,4696.23486328125,60.45728271635707,1022.125460194906,3473.5677360199297
15806956020004,36,2013,2020,7,ne,hg_conus_clim,62.956050872802734,106.14510345458984,10.428099632263184,1366.6363525390625,4911.74658203125,60.45728271635707,1022.125460194906,3473.5677360199297
247104235010661,42,2013,2019,6,ne,default,56.22016906738281,119.02735900878906,9.305912017822266,1315.122314453125,3197.49658203125,,,
247104235010661,42,2013,2019,6,ne,calibrated,56.2412223815918,119.10768127441406,9.30451774597168,1315.4608154296875,3197.85546875,,,
247104235010661,42,2013,2019,6,ne,greg_dg,59.64909362792969,119.02193450927734,9.585721015930176,1386.62158203125,3363.883544921875,,,
247104235010661,42,2013,2019,6,ne,hg_bayes,56.22124481201172,119.02730560302734,9.306002616882324,1348.7078857421875,3203.62353515625,,,
247104235010661,42,2013,2019,6,ne,hg_organon,56.22124481201172,119.02730560302734,9.306002616882324,1348.7078857421875,3203.62353515625,,,
247104235010661,42,2013,2019,6,ne,hg_conus_sp,56.22016906738281,119.02743530273438,9.305909156799316,1302.310546875,3173.652099609375,,,
247104235010661,42,2013,2019,6,ne,hg_conus_clim,56.21996688842773,119.0273895263672,9.305893898010254,1314.8985595703125,3197.501708984375,,,
168997422010661,42,2010,2016,6,ne,default,58.63214492797852,124.52074432373048,9.29144287109375,1068.6346435546875,3273.897705078125,90.07323793044282,1152.400569355766,0.0
168997422010661,42,2010,2016,6,ne,calibrated,58.81656646728516,125.21895599365234,9.28006649017334,1070.2850341796875,3278.47314453125,90.07323793044282,1152.400569355766,0.0
168997422010661,42,2010,2016,6,ne,greg_dg,69.372802734375,124.51603698730467,10.106907844543455,1301.6239013671875,3867.427001953125,90.07323793044282,1152.400569355766,0.0
168997422010661,42,2010,2016,6,ne,hg_bayes,58.62630844116211,124.52074432373048,9.29098892211914,1189.7301025390625,3651.148681640625,90.07323793044282,1152.400569355766,0.0
168997422010661,42,2010,2016,6,ne,hg_organon,58.62630844116211,124.52074432373048,9.29098892211914,1189.7301025390625,3651.148681640625,90.07323793044282,1152.400569355766,0.0
168997422010661,42,2010,2016,6,ne,hg_conus_sp,58.63738250732422,124.5207290649414,9.291864395141602,1115.3067626953125,3520.541015625,90.07323793044282,1152.400569355766,0.0
168997422010661,42,2010,2016,6,ne,hg_conus_clim,58.63214492797852,124.52074432373048,9.29144287109375,1068.6346435546875,3273.897705078125,90.07323793044282,1152.400569355766,0.0
264094692489998,34,2015,2021,6,ne,default,61.4071044921875,118.18484497070312,9.760334968566896,1441.3846435546875,3934.90283203125,,,
264094692489998,34,2015,2021,6,ne,calibrated,61.529666900634766,118.55769348144533,9.7546968460083,1443.618408203125,3936.391357421875,,,
264094692489998,34,2015,2021,6,ne,greg_dg,66.77070617675781,118.18165588378906,10.177806854248049,1566.4111328125,4504.14990234375,,,
264094692489998,34,2015,2021,6,ne,hg_bayes,61.42118835449219,118.1848373413086,9.761456489562988,1494.28857421875,4112.46142578125,,,
264094692489998,34,2015,2021,6,ne,hg_organon,61.42118835449219,118.1848373413086,9.761456489562988,1494.28857421875,4112.46142578125,,,
264094692489998,34,2015,2021,6,ne,hg_conus_sp,61.41649627685547,118.18486785888672,9.761079788208008,1441.2569580078125,4006.845458984375,,,
264094692489998,34,2015,2021,6,ne,hg_conus_clim,61.4071044921875,118.18484497070312,9.760334968566896,1441.3846435546875,3934.90283203125,,,
222095078010661,42,2011,2017,6,ne,default,41.521881103515625,71.20846557617188,10.339725494384766,1234.6551513671875,4860.5517578125,121.33171079794222,653.349061683218,0.0
222095078010661,42,2011,2017,6,ne,calibrated,41.531288146972656,71.23722076416016,10.3388090133667,1234.8446044921875,4860.783203125,121.33171079794222,653.349061683218,0.0
222095078010661,42,2011,2017,6,ne,greg_dg,41.35622024536133,71.20985412597656,10.318976402282717,1206.7012939453125,4692.189453125,121.33171079794222,653.349061683218,0.0
222095078010661,42,2011,2017,6,ne,hg_bayes,41.51961517333984,71.20843505859375,10.339445114135742,1308.7369384765625,5028.3388671875,121.33171079794222,653.349061683218,0.0
222095078010661,42,2011,2017,6,ne,hg_organon,41.51961517333984,71.20843505859375,10.339445114135742,1308.7369384765625,5028.3388671875,121.33171079794222,653.349061683218,0.0
222095078010661,42,2011,2017,6,ne,hg_conus_sp,41.52216720581055,71.2084732055664,10.33975887298584,1264.871826171875,4926.7001953125,121.33171079794222,653.349061683218,0.0
222095078010661,42,2011,2017,6,ne,hg_conus_clim,41.521881103515625,71.20846557617188,10.339725494384766,1234.6551513671875,4860.5517578125,121.33171079794222,653.349061683218,0.0
68314232010538,42,2005,2010,5,ne,default,86.94574737548828,130.8736572265625,11.036577224731444,2184.137451171875,6539.60791015625,85.43051133133258,1281.546259787714,3429.262261509192
68314232010538,42,2005,2010,5,ne,calibrated,87.1624526977539,131.4698944091797,11.02523708343506,2188.523681640625,6545.140625,85.43051133133258,1281.546259787714,3429.262261509192
68314232010538,42,2005,2010,5,ne,greg_dg,87.99576568603516,130.8730010986328,11.103046417236328,2213.4365234375,6941.2568359375,85.43051133133258,1281.546259787714,3429.262261509192
68314232010538,42,2005,2010,5,ne,hg_bayes,86.94377136230469,130.87359619140625,11.036449432373049,2230.239990234375,6787.654296875,85.43051133133258,1281.546259787714,3429.262261509192
68314232010538,42,2005,2010,5,ne,hg_organon,86.94377136230469,130.87359619140625,11.036449432373049,2230.239990234375,6787.654296875,85.43051133133258,1281.546259787714,3429.262261509192
68314232010538,42,2005,2010,5,ne,hg_conus_sp,86.94847106933594,130.87359619140625,11.03675365447998,2162.890869140625,6596.05224609375,85.43051133133258,1281.546259787714,3429.262261509192
68314232010538,42,2005,2010,5,ne,hg_conus_clim,86.94574737548828,130.8736572265625,11.036577224731444,2184.137451171875,6539.60791015625,85.43051133133258,1281.546259787714,3429.262261509192
222518063010661,23,2011,2016,5,ne,default,51.19670486450195,118.97415161132812,8.882411003112793,970.7412109375,2308.0048828125,118.7231359156662,1073.581528818476,2755.308030180712
222518063010661,23,2011,2016,5,ne,calibrated,51.2464714050293,119.18734741210938,8.878779411315918,971.4711303710938,2308.45751953125,118.7231359156662,1073.581528818476,2755.308030180712
222518063010661,23,2011,2016,5,ne,greg_dg,51.49751281738281,118.97402954101562,8.908474922180176,972.6331787109376,2277.939208984375,118.7231359156662,1073.581528818476,2755.308030180712
222518063010661,23,2011,2016,5,ne,hg_bayes,51.19004821777344,118.97422790527344,8.881834030151367,1003.544189453125,2247.46240234375,118.7231359156662,1073.581528818476,2755.308030180712
222518063010661,23,2011,2016,5,ne,hg_organon,51.19004821777344,118.97422790527344,8.881834030151367,1003.544189453125,2247.46240234375,118.7231359156662,1073.581528818476,2755.308030180712
222518063010661,23,2011,2016,5,ne,hg_conus_sp,51.19512176513672,118.97406768798828,8.882280349731445,971.8788452148438,2337.96484375,118.7231359156662,1073.581528818476,2755.308030180712
222518063010661,23,2011,2016,5,ne,hg_conus_clim,51.196685791015625,118.97412872314452,8.88241195678711,970.7409057617188,2308.00439453125,118.7231359156662,1073.581528818476,2755.308030180712
375840652489998,42,2017,2024,7,ne,default,87.16264343261719,82.5143051147461,13.91672134399414,2574.256103515625,12323.42578125,92.50330828016808,2140.574482822014,9813.803074349176
375840652489998,42,2017,2024,7,ne,calibrated,87.50615692138672,83.17711639404297,13.888446807861328,2582.273681640625,12347.24609375,92.50330828016808,2140.574482822014,9813.803074349176
375840652489998,42,2017,2024,7,ne,greg_dg,94.39287567138672,82.51136016845703,14.482685089111328,2798.919921875,13516.203125,92.50330828016808,2140.574482822014,9813.803074349176
375840652489998,42,2017,2024,7,ne,hg_bayes,87.16171264648438,82.51432037353516,13.916644096374512,2673.393798828125,12674.4501953125,92.50330828016808,2140.574482822014,9813.803074349176
375840652489998,42,2017,2024,7,ne,hg_organon,87.16171264648438,82.51432037353516,13.916644096374512,2673.393798828125,12674.4501953125,92.50330828016808,2140.574482822014,9813.803074349176
375840652489998,42,2017,2024,7,ne,hg_conus_sp,87.1729736328125,82.51436614990234,13.9175386428833,2596.498046875,12456.80859375,92.50330828016808,2140.574482822014,9813.803074349176
375840652489998,42,2017,2024,7,ne,hg_conus_clim,87.16264343261719,82.5143051147461,13.91672134399414,2574.256103515625,12323.42578125,92.50330828016808,2140.574482822014,9813.803074349176
171000830010661,24,2008,2013,5,ne,default,62.48064041137695,35.570064544677734,17.945960998535156,1838.265869140625,10739.58203125,64.11581829788176,1208.595313598242,5996.798253493088
171000830010661,24,2008,2013,5,ne,calibrated,62.51354217529297,35.60553741455078,17.941740036010742,1839.144775390625,10744.1455078125,64.11581829788176,1208.595313598242,5996.798253493088
171000830010661,24,2008,2013,5,ne,greg_dg,83.62810516357422,35.558990478515625,20.765275955200195,2505.80908203125,15445.740234375,64.11581829788176,1208.595313598242,5996.798253493088
171000830010661,24,2008,2013,5,ne,hg_bayes,62.47201919555664,35.57004165649414,17.944725036621094,1878.3446044921875,10848.6220703125,64.11581829788176,1208.595313598242,5996.798253493088
171000830010661,24,2008,2013,5,ne,hg_organon,62.47201919555664,35.57004165649414,17.944725036621094,1878.3446044921875,10848.6220703125,64.11581829788176,1208.595313598242,5996.798253493088
171000830010661,24,2008,2013,5,ne,hg_conus_sp,62.48003005981445,35.570064544677734,17.94586944580078,1824.1173095703125,10716.2861328125,64.11581829788176,1208.595313598242,5996.798253493088
171000830010661,24,2008,2013,5,ne,hg_conus_clim,62.48064041137695,35.570064544677734,17.945960998535156,1838.265869140625,10739.58203125,64.11581829788176,1208.595313598242,5996.798253493088
122562416010661,42,2007,2012,5,ne,default,141.25106811523438,225.3114318847656,10.721129417419434,3964.850341796875,13639.0859375,147.20353270102603,3645.965953544226,11865.065848819337
122562416010661,42,2007,2012,5,ne,calibrated,138.475830078125,218.5620574951172,10.777941703796388,3904.9951171875,13496.0869140625,147.20353270102603,3645.965953544226,11865.065848819337
122562416010661,42,2007,2012,5,ne,greg_dg,142.96055603027344,225.1778106689453,10.789007186889648,4034.767822265625,14332.21875,147.20353270102603,3645.965953544226,11865.065848819337
122562416010661,42,2007,2012,5,ne,hg_bayes,141.245849609375,225.31167602539065,10.720925331115724,4047.92578125,13927.2939453125,147.20353270102603,3645.965953544226,11865.065848819337
122562416010661,42,2007,2012,5,ne,hg_organon,141.245849609375,225.31167602539065,10.720925331115724,4047.92578125,13927.2939453125,147.20353270102603,3645.965953544226,11865.065848819337
122562416010661,42,2007,2012,5,ne,hg_conus_sp,141.24974060058594,225.3115997314453,10.721074104309082,3928.153564453125,13417.8056640625,147.20353270102603,3645.965953544226,11865.065848819337
122562416010661,42,2007,2012,5,ne,hg_conus_clim,141.25106811523438,225.3114318847656,10.721129417419434,3964.850341796875,13639.0859375,147.20353270102603,3645.965953544226,11865.065848819337
70445152010538,23,2005,2010,5,ne,default,59.00485610961914,88.92850494384766,11.029597282409668,1479.3858642578125,6926.26025390625,83.67791077338723,1516.626350168002,6208.308371830122
70445152010538,23,2005,2010,5,ne,calibrated,58.943138122558594,88.7728271484375,11.033489227294922,1478.2681884765625,6922.80126953125,83.67791077338723,1516.626350168002,6208.308371830122
70445152010538,23,2005,2010,5,ne,greg_dg,58.1287727355957,88.92906188964844,10.947376251220703,1459.0018310546875,6705.69189453125,83.67791077338723,1516.626350168002,6208.308371830122
70445152010538,23,2005,2010,5,ne,hg_bayes,59.0074577331543,88.92855834960938,11.02983570098877,1522.338623046875,6981.15380859375,83.67791077338723,1516.626350168002,6208.308371830122
70445152010538,23,2005,2010,5,ne,hg_organon,59.0074577331543,88.92855834960938,11.02983570098877,1522.338623046875,6981.15380859375,83.67791077338723,1516.626350168002,6208.308371830122
70445152010538,23,2005,2010,5,ne,hg_conus_sp,59.00373458862305,88.9285659790039,11.02948760986328,1503.0526123046875,6852.40087890625,83.67791077338723,1516.626350168002,6208.308371830122
70445152010538,23,2005,2010,5,ne,hg_conus_clim,59.00445556640625,88.92850494384766,11.02956199645996,1479.961181640625,6926.197265625,83.67791077338723,1516.626350168002,6208.308371830122
70390499010538,23,2005,2010,5,ne,default,12.7852201461792,53.48700714111328,6.6201252937316895,162.2763214111328,0.0,133.0670917934465,234.416624880972,0.0
70390499010538,23,2005,2010,5,ne,calibrated,12.784463882446287,53.48384475708008,6.620127201080322,162.26731872558594,0.0,133.0670917934465,234.416624880972,0.0
70390499010538,23,2005,2010,5,ne,greg_dg,13.643244743347168,53.48695373535156,6.8386640548706055,172.53872680664062,0.0,133.0670917934465,234.416624880972,0.0
70390499010538,23,2005,2010,5,ne,hg_bayes,12.786802291870115,53.48704528808594,6.620532989501953,176.12002563476562,0.0,133.0670917934465,234.416624880972,0.0
70390499010538,23,2005,2010,5,ne,hg_organon,12.786802291870115,53.48704528808594,6.620532989501953,176.12002563476562,0.0,133.0670917934465,234.416624880972,0.0
70390499010538,23,2005,2010,5,ne,hg_conus_sp,12.78663158416748,53.48701095581055,6.6204915046691895,168.18231201171875,0.0,133.0670917934465,234.416624880972,0.0
70390499010538,23,2005,2010,5,ne,hg_conus_clim,12.785215377807615,53.48699569702149,6.620124340057373,163.4738006591797,0.0,133.0670917934465,234.416624880972,0.0
29637309020004,54,2013,2020,7,ne,default,117.86847686767578,135.80560302734375,12.614684104919434,3268.10888671875,13364.8505859375,123.9446369033776,3051.0507042801983,10511.855216824306
29637309020004,54,2013,2020,7,ne,calibrated,115.42964935302734,131.26185607910156,12.697717666625977,3211.65087890625,13263.685546875,123.9446369033776,3051.0507042801983,10511.855216824306
29637309020004,54,2013,2020,7,ne,greg_dg,149.84744262695312,135.77374267578125,14.225025177001951,4187.61669921875,18874.431640625,123.9446369033776,3051.0507042801983,10511.855216824306
29637309020004,54,2013,2020,7,ne,hg_bayes,117.8852767944336,135.8054656982422,12.615585327148438,3472.487060546875,14299.6201171875,123.9446369033776,3051.0507042801983,10511.855216824306
29637309020004,54,2013,2020,7,ne,hg_organon,117.8852767944336,135.8054656982422,12.615585327148438,3472.487060546875,14299.6201171875,123.9446369033776,3051.0507042801983,10511.855216824306
29637309020004,54,2013,2020,7,ne,hg_conus_sp,117.88724517822266,135.80555725097656,12.615687370300291,3311.142822265625,13539.6611328125,123.9446369033776,3051.0507042801983,10511.855216824306
29637309020004,54,2013,2020,7,ne,hg_conus_clim,117.86865997314452,135.80552673339844,12.61469554901123,3281.034912109375,13455.04296875,123.9446369033776,3051.0507042801983,10511.855216824306
247062096010661,36,2013,2019,6,ne,default,33.86655807495117,59.45756912231445,10.219231605529783,665.1813354492188,1251.5478515625,32.19281311605616,453.634283415954,345.22818170472397
247062096010661,36,2013,2019,6,ne,calibrated,33.637840270996094,58.77091217041016,10.243988990783691,662.9981079101562,1248.962646484375,32.19281311605616,453.634283415954,345.22818170472397
247062096010661,36,2013,2019,6,ne,greg_dg,30.830087661743164,59.46261596679688,9.749933242797852,611.4319458007812,792.7942504882812,32.19281311605616,453.634283415954,345.22818170472397
247062096010661,36,2013,2019,6,ne,hg_bayes,33.86404037475586,59.45757293701172,10.21885108947754,699.3433227539062,1453.11474609375,32.19281311605616,453.634283415954,345.22818170472397
247062096010661,36,2013,2019,6,ne,hg_organon,33.86404037475586,59.45757293701172,10.21885108947754,699.3433227539062,1453.11474609375,32.19281311605616,453.634283415954,345.22818170472397
247062096010661,36,2013,2019,6,ne,hg_conus_sp,33.867313385009766,59.45755386352539,10.219347953796388,652.43212890625,1172.41015625,32.19281311605616,453.634283415954,345.22818170472397
247062096010661,36,2013,2019,6,ne,hg_conus_clim,33.8665657043457,59.45756530761719,10.219232559204102,665.1279296875,1251.546142578125,32.19281311605616,453.634283415954,345.22818170472397
15802466020004,33,2013,2019,6,ne,default,144.8702392578125,167.9112548828125,12.577259063720703,4431.9453125,21832.619140625,172.47709989881017,3451.1679369131,17997.593860042856
15802466020004,33,2013,2019,6,ne,calibrated,143.6130828857422,164.2843780517578,12.660042762756348,4406.9345703125,21781.173828125,172.47709989881017,3451.1679369131,17997.593860042856
15802466020004,33,2013,2019,6,ne,greg_dg,148.07046508789062,165.2464599609375,12.817529678344728,4555.275390625,22817.23828125,172.47709989881017,3451.1679369131,17997.593860042856
15802466020004,33,2013,2019,6,ne,hg_bayes,144.84548950195312,167.9224395751953,12.575762748718262,4465.81591796875,22160.67578125,172.47709989881017,3451.1679369131,17997.593860042856
15802466020004,33,2013,2019,6,ne,hg_organon,144.84548950195312,167.9224395751953,12.575762748718262,4465.81591796875,22160.67578125,172.47709989881017,3451.1679369131,17997.593860042856
15802466020004,33,2013,2019,6,ne,hg_conus_sp,144.8820343017578,167.90631103515625,12.577957153320312,4310.84619140625,21575.59375,172.47709989881017,3451.1679369131,17997.593860042856
15802466020004,33,2013,2019,6,ne,hg_conus_clim,144.87144470214844,167.9105987548828,12.577340126037598,4399.08544921875,21808.62109375,172.47709989881017,3451.1679369131,17997.593860042856
511304855126144,34,2019,2024,5,ne,default,185.8366851806641,149.5127410888672,15.096034049987791,6573.681640625,34017.88671875,92.1363411338126,2516.703110077764,8643.809379407241
511304855126144,34,2019,2024,5,ne,calibrated,160.09030151367188,99.54202270507812,17.17179298400879,5831.6318359375,32039.95703125,92.1363411338126,2516.703110077764,8643.809379407241
511304855126144,34,2019,2024,5,ne,greg_dg,186.51303100585932,131.19998168945312,16.144474029541016,6649.98828125,35261.91015625,92.1363411338126,2516.703110077764,8643.809379407241
511304855126144,34,2019,2024,5,ne,hg_bayes,185.8355255126953,149.60476684570312,15.091343879699709,6702.49169921875,34505.50390625,92.1363411338126,2516.703110077764,8643.809379407241
511304855126144,34,2019,2024,5,ne,hg_organon,185.8355255126953,149.60476684570312,15.091343879699709,6702.49169921875,34505.50390625,92.1363411338126,2516.703110077764,8643.809379407241
511304855126144,34,2019,2024,5,ne,hg_conus_sp,185.839584350586,149.61634826660156,15.090928077697754,6560.375,33928.453125,92.1363411338126,2516.703110077764,8643.809379407241
511304855126144,34,2019,2024,5,ne,hg_conus_clim,185.8365173339844,149.51058959960938,15.096139907836914,6573.10302734375,34018.0078125,92.1363411338126,2516.703110077764,8643.809379407241
75976533010538,23,2007,2012,5,ne,default,47.72683334350586,195.65869140625,6.687564849853516,645.29931640625,250.1514892578125,132.14721150841734,800.889704096238,784.960532120792
75976533010538,23,2007,2012,5,ne,calibrated,47.39895248413086,194.20928955078125,6.689378261566162,640.9860229492188,248.83688354492188,132.14721150841734,800.889704096238,784.960532120792
75976533010538,23,2007,2012,5,ne,greg_dg,58.41051864624024,195.65240478515625,7.39842414855957,820.2198486328125,589.6362915039062,132.14721150841734,800.889704096238,784.960532120792
75976533010538,23,2007,2012,5,ne,hg_bayes,47.73682403564453,195.6586303710937,6.688265800476074,658.2987060546875,250.3692169189453,132.14721150841734,800.889704096238,784.960532120792
75976533010538,23,2007,2012,5,ne,hg_organon,47.73682403564453,195.6586303710937,6.688265800476074,658.2987060546875,250.3692169189453,132.14721150841734,800.889704096238,784.960532120792
75976533010538,23,2007,2012,5,ne,hg_conus_sp,47.74166870117188,195.65896606445312,6.688598155975342,640.0219116210938,250.5336303710937,132.14721150841734,800.889704096238,784.960532120792
75976533010538,23,2007,2012,5,ne,hg_conus_clim,47.73143768310547,195.6587829589844,6.6878838539123535,638.7207641601562,250.3829040527344,132.14721150841734,800.889704096238,784.960532120792
222096232010661,42,2011,2017,6,ne,default,132.65194702148438,287.9889221191406,9.189779281616213,3073.08642578125,7544.046875,153.04115700113843,2633.187776558934,6553.539171384856
222096232010661,42,2011,2017,6,ne,calibrated,131.70263671875,285.21942138671875,9.201189041137695,3056.328369140625,7521.7958984375,153.04115700113843,2633.187776558934,6553.539171384856
222096232010661,42,2011,2017,6,ne,greg_dg,138.95941162109375,279.6871643066406,9.544296264648438,3275.71728515625,8306.18359375,153.04115700113843,2633.187776558934,6553.539171384856
222096232010661,42,2011,2017,6,ne,hg_bayes,132.6286163330078,288.0052490234375,9.188712120056152,3187.274169921875,7810.9384765625,153.04115700113843,2633.187776558934,6553.539171384856
222096232010661,42,2011,2017,6,ne,hg_organon,132.6286163330078,288.0052490234375,9.188712120056152,3187.274169921875,7810.9384765625,153.04115700113843,2633.187776558934,6553.539171384856
222096232010661,42,2011,2017,6,ne,hg_conus_sp,132.6566925048828,287.98419189453125,9.190019607543944,3027.319091796875,7577.4677734375,153.04115700113843,2633.187776558934,6553.539171384856
222096232010661,42,2011,2017,6,ne,hg_conus_clim,132.65289306640625,287.9879455566406,9.18983268737793,3071.941162109375,7544.10693359375,153.04115700113843,2633.187776558934,6553.539171384856
74916508010538,36,2006,2011,5,ne,default,169.8787078857422,393.623046875,8.895404815673828,4079.30078125,6291.24072265625,135.42522049709993,2983.075087350536,4054.753258670362
74916508010538,36,2006,2011,5,ne,calibrated,157.5141143798828,359.87744140625,8.958158493041992,3842.754638671875,5979.07373046875,135.42522049709993,2983.075087350536,4054.753258670362
74916508010538,36,2006,2011,5,ne,greg_dg,167.36294555664062,395.9255065917969,8.803580284118652,4012.529052734375,5632.81103515625,135.42522049709993,2983.075087350536,4054.753258670362
74916508010538,36,2006,2011,5,ne,hg_bayes,169.8926239013672,393.6154174804688,8.895851135253906,4079.6953125,6272.34716796875,135.42522049709993,2983.075087350536,4054.753258670362
74916508010538,36,2006,2011,5,ne,hg_organon,169.8926239013672,393.6154174804688,8.895851135253906,4079.6953125,6272.34716796875,135.42522049709993,2983.075087350536,4054.753258670362
74916508010538,36,2006,2011,5,ne,hg_conus_sp,169.8754425048828,393.628173828125,8.895256996154785,3930.8017578125,5916.54541015625,135.42522049709993,2983.075087350536,4054.753258670362
74916508010538,36,2006,2011,5,ne,hg_conus_clim,169.8787078857422,393.623046875,8.895404815673828,4079.30078125,6291.24072265625,135.42522049709993,2983.075087350536,4054.753258670362
53935201010538,36,2003,2009,6,ne,default,2.844780683517456,11.823219299316406,6.641907691955566,40.917816162109375,0.0,9.23281670334646,29.555261818875998,0.0
53935201010538,36,2003,2009,6,ne,calibrated,2.804495334625244,11.636188507080078,6.647498607635498,40.38448333740234,0.0,9.23281670334646,29.555261818875998,0.0
53935201010538,36,2003,2009,6,ne,greg_dg,2.382882595062256,11.823625564575195,6.07872200012207,32.64242935180664,0.0,9.23281670334646,29.555261818875998,0.0
53935201010538,36,2003,2009,6,ne,hg_bayes,2.844768047332764,11.823219299316406,6.641892910003662,42.09981918334961,0.0,9.23281670334646,29.555261818875998,0.0
53935201010538,36,2003,2009,6,ne,hg_organon,2.844768047332764,11.823219299316406,6.641892910003662,42.09981918334961,0.0,9.23281670334646,29.555261818875998,0.0
53935201010538,36,2003,2009,6,ne,hg_conus_sp,2.84490180015564,11.823219299316406,6.6420488357543945,42.10316467285156,0.0,9.23281670334646,29.555261818875998,0.0
53935201010538,36,2003,2009,6,ne,hg_conus_clim,2.844954013824463,11.823219299316406,6.6421098709106445,40.92214584350586,0.0,9.23281670334646,29.555261818875998,0.0
169112107010661,50,2010,2015,5,ne,default,97.6416015625,196.14065551757807,9.553667068481444,2261.41650390625,6978.353515625,112.16080044408272,1941.823151593028,6258.392819445464
169112107010661,50,2010,2015,5,ne,calibrated,97.02764129638672,193.6729431152344,9.584065437316896,2251.126953125,6969.60205078125,112.16080044408272,1941.823151593028,6258.392819445464
169112107010661,50,2010,2015,5,ne,greg_dg,109.8571319580078,196.13140869140625,10.133909225463867,2551.937744140625,8055.3125,112.16080044408272,1941.823151593028,6258.392819445464
169112107010661,50,2010,2015,5,ne,hg_bayes,97.65084075927734,196.1405792236328,9.554117202758787,2366.6826171875,7279.63232421875,112.16080044408272,1941.823151593028,6258.392819445464
169112107010661,50,2010,2015,5,ne,hg_organon,97.65084075927734,196.1405792236328,9.554117202758787,2366.6826171875,7279.63232421875,112.16080044408272,1941.823151593028,6258.392819445464
169112107010661,50,2010,2015,5,ne,hg_conus_sp,97.63823699951172,196.14065551757807,9.553499221801758,2254.66357421875,7080.5654296875,112.16080044408272,1941.823151593028,6258.392819445464
169112107010661,50,2010,2015,5,ne,hg_conus_clim,97.6392059326172,196.14068603515625,9.553545951843262,2278.408203125,7080.3671875,112.16080044408272,1941.823151593028,6258.392819445464
304030612489998,23,2016,2021,5,ne,default,28.889625549316406,89.0059585571289,7.714320659637451,420.4090576171875,186.4065704345703,68.59938966210701,254.73500454410402,76.372205340472
304030612489998,23,2016,2021,5,ne,calibrated,28.8330307006836,88.79911804199219,7.715731620788574,419.7491455078125,186.38131713867188,68.59938966210701,254.73500454410402,76.372205340472
304030612489998,23,2016,2021,5,ne,greg_dg,28.74321937561035,89.00594329833984,7.694748878479004,422.20263671875,186.4134979248047,68.59938966210701,254.73500454410402,76.372205340472
304030612489998,23,2016,2021,5,ne,hg_bayes,28.880634307861328,89.0060043334961,7.713119983673096,441.6310729980469,186.39892578125,68.59938966210701,254.73500454410402,76.372205340472
304030612489998,23,2016,2021,5,ne,hg_organon,28.880634307861328,89.0060043334961,7.713119983673096,441.6310729980469,186.39892578125,68.59938966210701,254.73500454410402,76.372205340472
304030612489998,23,2016,2021,5,ne,hg_conus_sp,28.88711738586425,89.00594329833984,7.713986396789551,429.1407165527344,186.4135131835937,68.59938966210701,254.73500454410402,76.372205340472
304030612489998,23,2016,2021,5,ne,hg_conus_clim,28.88868904113769,89.0059585571289,7.71419620513916,424.54632568359375,186.4103240966797,68.59938966210701,254.73500454410402,76.372205340472
55912737010538,33,2003,2009,6,ne,default,59.39168167114258,82.84443664550781,11.464824676513672,1582.525634765625,5391.75146484375,46.16471158569101,1078.159348085848,4509.531705027928
55912737010538,33,2003,2009,6,ne,calibrated,59.54927444458008,83.30277252197266,11.448397636413574,1585.6788330078125,5395.0908203125,46.16471158569101,1078.159348085848,4509.531705027928
55912737010538,33,2003,2009,6,ne,greg_dg,61.809303283691406,82.84392547607422,11.695882797241213,1634.2998046875,5634.28271484375,46.16471158569101,1078.159348085848,4509.531705027928
55912737010538,33,2003,2009,6,ne,hg_bayes,59.393062591552734,82.84442901611328,11.464959144592283,1608.6116943359375,5454.9619140625,46.16471158569101,1078.159348085848,4509.531705027928
55912737010538,33,2003,2009,6,ne,hg_organon,59.393062591552734,82.84442901611328,11.464959144592283,1608.6116943359375,5454.9619140625,46.16471158569101,1078.159348085848,4509.531705027928
55912737010538,33,2003,2009,6,ne,hg_conus_sp,59.39731979370117,82.84442138671875,11.465370178222656,1560.37744140625,5339.126953125,46.16471158569101,1078.159348085848,4509.531705027928
55912737010538,33,2003,2009,6,ne,hg_conus_clim,59.39168167114258,82.84443664550781,11.464824676513672,1582.525634765625,5391.75146484375,46.16471158569101,1078.159348085848,4509.531705027928
70385997010538,23,2005,2010,5,ne,default,65.97330474853516,106.8071517944336,10.641925811767578,1429.4078369140625,6028.05615234375,153.35284301297597,1210.38067526897,3436.3583441613564
70385997010538,23,2005,2010,5,ne,calibrated,65.92018127441406,106.64566802978516,10.64569091796875,1428.45751953125,6025.87841796875,153.35284301297597,1210.38067526897,3436.3583441613564
70385997010538,23,2005,2010,5,ne,greg_dg,68.43740844726562,106.80558013916016,10.838923454284668,1483.5361328125,6227.5107421875,153.35284301297597,1210.38067526897,3436.3583441613564
70385997010538,23,2005,2010,5,ne,hg_bayes,65.96764373779297,106.80719757080078,10.64146614074707,1504.7774658203125,6434.84619140625,153.35284301297597,1210.38067526897,3436.3583441613564
70385997010538,23,2005,2010,5,ne,hg_organon,65.96764373779297,106.80719757080078,10.64146614074707,1504.7774658203125,6434.84619140625,153.35284301297597,1210.38067526897,3436.3583441613564
70385997010538,23,2005,2010,5,ne,hg_conus_sp,65.97029876708984,106.80718994140624,10.641681671142578,1466.816650390625,6309.8212890625,153.35284301297597,1210.38067526897,3436.3583441613564
70385997010538,23,2005,2010,5,ne,hg_conus_clim,65.97032928466797,106.80712127685548,10.64168643951416,1432.30859375,6027.7861328125,153.35284301297597,1210.38067526897,3436.3583441613564
145021783010661,36,2009,2014,5,ne,default,179.57821655273438,175.29852294921875,13.704841613769531,7245.72021484375,38346.71875,213.7598968677679,6371.063952483216,22714.956809761698
145021783010661,36,2009,2014,5,ne,calibrated,179.57830810546875,175.29876708984375,13.70483684539795,7245.72509765625,38346.73828125,213.7598968677679,6371.063952483216,22714.956809761698
145021783010661,36,2009,2014,5,ne,greg_dg,179.7880096435547,199.92526245117188,12.840519905090332,7194.46630859375,36641.38671875,213.7598968677679,6371.063952483216,22714.956809761698
145021783010661,36,2009,2014,5,ne,hg_bayes,179.57815551757812,175.1726837158203,13.709759712219238,7323.41845703125,38819.5703125,213.7598968677679,6371.063952483216,22714.956809761698
145021783010661,36,2009,2014,5,ne,hg_organon,179.57815551757812,175.1726837158203,13.709759712219238,7323.41845703125,38819.5703125,213.7598968677679,6371.063952483216,22714.956809761698
145021783010661,36,2009,2014,5,ne,hg_conus_sp,179.578125,175.16627502441406,13.710010528564451,7326.21923828125,38847.87109375,213.7598968677679,6371.063952483216,22714.956809761698
145021783010661,36,2009,2014,5,ne,hg_conus_clim,179.57809448242188,175.13600158691406,13.71119499206543,7295.7314453125,38655.609375,213.7598968677679,6371.063952483216,22714.956809761698
375840604489998,42,2017,2024,7,ne,default,89.00422668457031,231.8642578125,8.389277458190918,2034.622314453125,2329.77001953125,,,
375840604489998,42,2017,2024,7,ne,calibrated,88.98468017578125,231.80181884765625,8.389487266540527,2034.2452392578125,2329.467041015625,,,
375840604489998,42,2017,2024,7,ne,greg_dg,93.2655258178711,231.85836791992188,8.587870597839355,2165.7021484375,2639.747314453125,,,
375840604489998,42,2017,2024,7,ne,hg_bayes,89.00384521484375,231.8646697998047,8.389252662658691,2143.23095703125,2449.625,,,
375840604489998,42,2017,2024,7,ne,hg_organon,89.00384521484375,231.8646697998047,8.389252662658691,2143.23095703125,2449.625,,,
375840604489998,42,2017,2024,7,ne,hg_conus_sp,89.0181655883789,231.86436462402344,8.389934539794922,2049.394775390625,2382.4267578125,,,
375840604489998,42,2017,2024,7,ne,hg_conus_clim,89.00422668457031,231.8642578125,8.389277458190918,2036.6380615234373,2329.77001953125,,,
65314259010538,24,2005,2010,5,ne,default,195.34259033203125,121.23723602294922,17.187658309936523,8628.5703125,51624.84375,98.2123856943968,3150.189562793614,19091.3695921633
65314259010538,24,2005,2010,5,ne,calibrated,164.39248657226562,80.37032318115234,19.36553382873535,7609.095703125,47137.0546875,98.2123856943968,3150.189562793614,19091.3695921633
65314259010538,24,2005,2010,5,ne,greg_dg,211.4081573486328,42.51539993286133,30.194236755371094,10234.498046875,71081.734375,98.2123856943968,3150.189562793614,19091.3695921633
65314259010538,24,2005,2010,5,ne,hg_bayes,195.27359008789065,121.25806427001952,17.183147430419922,8562.8056640625,51406.12890625,98.2123856943968,3150.189562793614,19091.3695921633
65314259010538,24,2005,2010,5,ne,hg_organon,195.27359008789065,121.25806427001952,17.183147430419922,8562.8056640625,51406.12890625,98.2123856943968,3150.189562793614,19091.3695921633
65314259010538,24,2005,2010,5,ne,hg_conus_sp,195.30929565429688,121.2476577758789,17.185455322265625,8392.916015625,50873.2734375,98.2123856943968,3150.189562793614,19091.3695921633
65314259010538,24,2005,2010,5,ne,hg_conus_clim,195.3593139648437,121.23289489746094,17.18869972229004,8599.88671875,51595.8125,98.2123856943968,3150.189562793614,19091.3695921633
68318225010538,42,2005,2010,5,ne,default,102.33779907226562,172.416748046875,10.431929588317873,3320.4912109375,11673.2470703125,104.57647690985812,2555.29955321451,7949.07092351086
68318225010538,42,2005,2010,5,ne,calibrated,102.5608367919922,172.88653564453125,10.429095268249512,3326.66064453125,11687.0927734375,104.57647690985812,2555.29955321451,7949.07092351086
68318225010538,42,2005,2010,5,ne,greg_dg,98.84214782714844,172.4208221435547,10.252093315124512,3185.647216796875,10899.7490234375,104.57647690985812,2555.29955321451,7949.07092351086
68318225010538,42,2005,2010,5,ne,hg_bayes,102.3298110961914,172.41665649414062,10.431526184082031,3369.605712890625,11844.7412109375,104.57647690985812,2555.29955321451,7949.07092351086
68318225010538,42,2005,2010,5,ne,hg_organon,102.3298110961914,172.41665649414062,10.431526184082031,3369.605712890625,11844.7412109375,104.57647690985812,2555.29955321451,7949.07092351086
68318225010538,42,2005,2010,5,ne,hg_conus_sp,102.33865356445312,172.41673278808594,10.431973457336426,3282.711181640625,11612.4375,104.57647690985812,2555.29955321451,7949.07092351086
68318225010538,42,2005,2010,5,ne,hg_conus_clim,102.34046936035156,172.4166259765625,10.43206787109375,3317.565185546875,11673.36328125,104.57647690985812,2555.29955321451,7949.07092351086
247056846010661,23,2012,2017,5,ne,default,83.12971496582031,219.3395538330078,8.335967063903809,1582.0025634765625,4297.64990234375,107.87401594970616,1383.589625896248,3685.323884113536
247056846010661,23,2012,2017,5,ne,calibrated,82.78099060058594,217.95553588867188,8.344832420349121,1576.8485107421875,4292.87744140625,107.87401594970616,1383.589625896248,3685.323884113536
247056846010661,23,2012,2017,5,ne,greg_dg,81.55879974365234,219.3404541015625,8.25680923461914,1552.1314697265625,4051.4892578125,107.87401594970616,1383.589625896248,3685.323884113536
247056846010661,23,2012,2017,5,ne,hg_bayes,83.12647247314453,219.33973693847656,8.335799217224121,1612.131103515625,4393.431640625,107.87401594970616,1383.589625896248,3685.323884113536
247056846010661,23,2012,2017,5,ne,hg_organon,83.12647247314453,219.33973693847656,8.335799217224121,1612.131103515625,4393.431640625,107.87401594970616,1383.589625896248,3685.323884113536
247056846010661,23,2012,2017,5,ne,hg_conus_sp,83.13118743896484,219.33970642089844,8.336039543151855,1576.69873046875,4297.048828125,107.87401594970616,1383.589625896248,3685.323884113536
247056846010661,23,2012,2017,5,ne,hg_conus_clim,83.1316909790039,219.33963012695312,8.336064338684082,1579.6663818359375,4297.8310546875,107.87401594970616,1383.589625896248,3685.323884113536
53942327010538,36,2004,2009,5,ne,default,196.51914978027344,334.3028259277344,10.381702423095703,6160.34521484375,22621.39453125,211.975530788419,6567.120685561564,16180.564665566531
53942327010538,36,2004,2009,5,ne,calibrated,181.1351776123047,291.77392578125,10.668778419494627,5807.5087890625,21942.76171875,211.975530788419,6567.120685561564,16180.564665566531
53942327010538,36,2004,2009,5,ne,greg_dg,197.6764678955078,314.5110168457031,10.734848976135254,6268.67138671875,23791.763671875,211.975530788419,6567.120685561564,16180.564665566531
53942327010538,36,2004,2009,5,ne,hg_bayes,196.54498291015625,334.1539001464844,10.384708404541016,6241.5908203125,22868.05859375,211.975530788419,6567.120685561564,16180.564665566531
53942327010538,36,2004,2009,5,ne,hg_organon,196.54498291015625,334.1539001464844,10.384708404541016,6241.5908203125,22868.05859375,211.975530788419,6567.120685561564,16180.564665566531
53942327010538,36,2004,2009,5,ne,hg_conus_sp,196.5326538085937,334.1310119628906,10.384735107421877,6202.8447265625,22927.7734375,211.975530788419,6567.120685561564,16180.564665566531
53942327010538,36,2004,2009,5,ne,hg_conus_clim,196.5191802978516,334.30328369140625,10.381695747375488,6160.556640625,22621.37890625,211.975530788419,6567.120685561564,16180.564665566531
451063741489998,23,2018,2023,5,ne,default,152.07028198242188,415.4191589355469,8.192479133605957,2835.3583984375,6030.154296875,165.46504048833114,2505.582302693904,4427.050821914696
451063741489998,23,2018,2023,5,ne,calibrated,150.59190368652344,410.5320739746094,8.20094108581543,2813.27880859375,6004.28955078125,165.46504048833114,2505.582302693904,4427.050821914696
451063741489998,23,2018,2023,5,ne,greg_dg,164.17489624023438,415.4127197265625,8.512354850769043,3117.177978515625,7128.28564453125,165.46504048833114,2505.582302693904,4427.050821914696
451063741489998,23,2018,2023,5,ne,hg_bayes,152.05812072753906,415.419189453125,8.192147254943848,2931.4482421875,6239.255859375,165.46504048833114,2505.582302693904,4427.050821914696
451063741489998,23,2018,2023,5,ne,hg_organon,152.05812072753906,415.419189453125,8.192147254943848,2931.4482421875,6239.255859375,165.46504048833114,2505.582302693904,4427.050821914696
451063741489998,23,2018,2023,5,ne,hg_conus_sp,152.0746612548828,415.419189453125,8.192594528198242,2848.600341796875,6216.17578125,165.46504048833114,2505.582302693904,4427.050821914696
451063741489998,23,2018,2023,5,ne,hg_conus_clim,152.07064819335938,415.4192504882813,8.192483901977539,2832.609375,6030.18212890625,165.46504048833114,2505.582302693904,4427.050821914696
68279937010538,42,2005,2010,5,ne,default,163.0616455078125,189.11996459960932,12.57313346862793,4765.22314453125,21010.0546875,178.6359213549643,3696.3397006668797,16202.973937077766
68279937010538,42,2005,2010,5,ne,calibrated,150.3266143798828,162.4114990234375,13.027048110961914,4484.7490234375,20545.802734375,178.6359213549643,3696.3397006668797,16202.973937077766
68279937010538,42,2005,2010,5,ne,greg_dg,173.3867645263672,179.86740112304688,13.294379234313965,4972.10009765625,21903.326171875,178.6359213549643,3696.3397006668797,16202.973937077766
68279937010538,42,2005,2010,5,ne,hg_bayes,163.0572052001953,189.12176513671875,12.572900772094728,4806.38525390625,21010.63671875,178.6359213549643,3696.3397006668797,16202.973937077766
68279937010538,42,2005,2010,5,ne,hg_organon,163.0572052001953,189.12176513671875,12.572900772094728,4806.38525390625,21010.63671875,178.6359213549643,3696.3397006668797,16202.973937077766
68279937010538,42,2005,2010,5,ne,hg_conus_sp,163.0733642578125,189.1146240234375,12.57376194000244,4677.3291015625,20648.1328125,178.6359213549643,3696.3397006668797,16202.973937077766
68279937010538,42,2005,2010,5,ne,hg_conus_clim,163.0702362060547,189.1161956787109,12.573586463928224,4758.97900390625,21011.3203125,178.6359213549643,3696.3397006668797,16202.973937077766
52948187010538,23,2002,2007,5,ne,default,65.26012420654297,207.65771484375,7.590776443481445,819.041015625,996.5480346679688,97.01399725051346,670.94478706526,305.602279583126
52948187010538,23,2002,2007,5,ne,calibrated,65.23567199707031,207.5588531494141,7.591163635253906,818.7808837890625,996.46533203125,97.01399725051346,670.94478706526,305.602279583126
52948187010538,23,2002,2007,5,ne,greg_dg,64.38558197021484,207.65704345703125,7.539752006530762,818.8016357421875,840.4614868164062,97.01399725051346,670.94478706526,305.602279583126
52948187010538,23,2002,2007,5,ne,hg_bayes,65.25885772705078,207.6577606201172,7.590701103210449,836.0137939453125,996.4879150390624,97.01399725051346,670.94478706526,305.602279583126
52948187010538,23,2002,2007,5,ne,hg_organon,65.25885772705078,207.6577606201172,7.590701103210449,836.0137939453125,996.4879150390624,97.01399725051346,670.94478706526,305.602279583126
52948187010538,23,2002,2007,5,ne,hg_conus_sp,65.2640151977539,207.6576385498047,7.591002464294434,804.5877685546875,870.5942993164062,97.01399725051346,670.94478706526,305.602279583126
52948187010538,23,2002,2007,5,ne,hg_conus_clim,65.26012420654297,207.65771484375,7.590776443481445,818.4436645507812,996.5480346679688,97.01399725051346,670.94478706526,305.602279583126
122564329010661,36,2007,2012,5,ne,default,50.88558578491211,77.39574432373047,10.979313850402832,968.0048828125,3919.660888671875,69.32784721200287,1148.911974288072,4321.377346386778
122564329010661,36,2007,2012,5,ne,calibrated,50.98463821411133,77.59896850585938,10.975589752197266,969.5693359375,3923.17529296875,69.32784721200287,1148.911974288072,4321.377346386778
122564329010661,36,2007,2012,5,ne,greg_dg,57.31230163574219,77.3943099975586,11.652141571044922,1097.5924072265625,4901.87060546875,69.32784721200287,1148.911974288072,4321.377346386778
122564329010661,36,2007,2012,5,ne,hg_bayes,50.87630844116211,77.39574432373047,10.978311538696287,1017.4661865234376,4200.2421875,69.32784721200287,1148.911974288072,4321.377346386778
122564329010661,36,2007,2012,5,ne,hg_organon,50.87630844116211,77.39574432373047,10.978311538696287,1017.4661865234376,4200.2421875,69.32784721200287,1148.911974288072,4321.377346386778
122564329010661,36,2007,2012,5,ne,hg_conus_sp,50.8919792175293,77.3957290649414,10.98000431060791,980.3060913085938,4011.770751953125,69.32784721200287,1148.911974288072,4321.377346386778
122564329010661,36,2007,2012,5,ne,hg_conus_clim,50.88558578491211,77.39574432373047,10.979313850402832,968.0048828125,3919.660888671875,69.32784721200287,1148.911974288072,4321.377346386778
113492597010661,42,2008,2013,5,ne,default,55.12967300415039,113.04270935058594,9.456005096435549,1344.744384765625,3154.836181640625,1.386786523265299,17.423922204834,0.0
113492597010661,42,2008,2013,5,ne,calibrated,55.09506607055664,112.89688873291016,9.45914077758789,1344.2373046875,3154.3076171875,1.386786523265299,17.423922204834,0.0
113492597010661,42,2008,2013,5,ne,greg_dg,58.17365646362305,113.0402374267578,9.71366024017334,1432.3131103515625,3643.14990234375,1.386786523265299,17.423922204834,0.0
113492597010661,42,2008,2013,5,ne,hg_bayes,55.12997817993164,113.04271697998048,9.45603084564209,1368.722412109375,3154.82666015625,1.386786523265299,17.423922204834,0.0
113492597010661,42,2008,2013,5,ne,hg_organon,55.12997817993164,113.04271697998048,9.45603084564209,1368.722412109375,3154.82666015625,1.386786523265299,17.423922204834,0.0
113492597010661,42,2008,2013,5,ne,hg_conus_sp,55.12839126586914,113.04280090332033,9.455893516540527,1338.737060546875,3154.795166015625,1.386786523265299,17.423922204834,0.0
113492597010661,42,2008,2013,5,ne,hg_conus_clim,55.12876892089844,113.04270935058594,9.455926895141602,1350.26123046875,3154.8759765625,1.386786523265299,17.423922204834,0.0
251021776489998,42,2015,2022,7,ne,default,37.97555541992188,47.29085159301758,12.133882522583008,985.754638671875,3494.248291015625,29.83269172480336,565.5900152174099,1704.924973407864
251021776489998,42,2015,2022,7,ne,calibrated,37.81537628173828,47.0732307434082,12.136221885681152,982.3973999023438,3479.295654296875,29.83269172480336,565.5900152174099,1704.924973407864
251021776489998,42,2015,2022,7,ne,greg_dg,43.92871856689453,47.283836364746094,13.051313400268556,1152.285888671875,4886.80712890625,29.83269172480336,565.5900152174099,1704.924973407864
251021776489998,42,2015,2022,7,ne,hg_bayes,37.97389602661133,47.29084014892578,12.133618354797363,1066.8887939453125,3876.227294921875,29.83269172480336,565.5900152174099,1704.924973407864
251021776489998,42,2015,2022,7,ne,hg_organon,37.97389602661133,47.29084014892578,12.133618354797363,1066.8887939453125,3876.227294921875,29.83269172480336,565.5900152174099,1704.924973407864
251021776489998,42,2015,2022,7,ne,hg_conus_sp,37.98566436767578,47.290863037109375,12.13549518585205,1038.278076171875,3857.831298828125,29.83269172480336,565.5900152174099,1704.924973407864
251021776489998,42,2015,2022,7,ne,hg_conus_clim,37.99764633178711,47.29090118408203,12.13740348815918,1021.6673583984376,3754.082275390625,29.83269172480336,565.5900152174099,1704.924973407864
375823776489998,23,2017,2022,5,ne,default,97.51897430419922,190.12437438964844,9.697546005249023,2147.738037109375,7854.515625,129.98844121310316,1858.880178835732,3762.1494047870037
375823776489998,23,2017,2022,5,ne,calibrated,97.471435546875,189.9671173095703,9.699195861816406,2146.93212890625,7853.55712890625,129.98844121310316,1858.880178835732,3762.1494047870037
375823776489998,23,2017,2022,5,ne,greg_dg,102.44200897216795,190.1230316162109,9.939349174499512,2280.5439453125,8464.7802734375,129.98844121310316,1858.880178835732,3762.1494047870037
375823776489998,23,2017,2022,5,ne,hg_bayes,97.51910400390624,190.12432861328125,9.697558403015137,2210.945556640625,8151.2197265625,129.98844121310316,1858.880178835732,3762.1494047870037
375823776489998,23,2017,2022,5,ne,hg_organon,97.51910400390624,190.12432861328125,9.697558403015137,2210.945556640625,8151.2197265625,129.98844121310316,1858.880178835732,3762.1494047870037
375823776489998,23,2017,2022,5,ne,hg_conus_sp,97.52092742919922,190.1244659423828,9.697646141052246,2151.306640625,7995.4541015625,129.98844121310316,1858.880178835732,3762.1494047870037
375823776489998,23,2017,2022,5,ne,hg_conus_clim,97.5204849243164,190.12429809570312,9.697626113891602,2142.627685546875,7854.7197265625,129.98844121310316,1858.880178835732,3762.1494047870037
52764804010538,23,1999,2004,5,ne,default,7.847531795501709,29.644290924072266,6.966782569885254,122.65049743652344,0.0,22.001096699048578,76.532381652808,0.0
52764804010538,23,1999,2004,5,ne,calibrated,7.731932640075684,29.16377830505371,6.97201681137085,121.21564483642578,0.0,22.001096699048578,76.532381652808,0.0
52764804010538,23,1999,2004,5,ne,greg_dg,7.916073799133301,29.64424133300781,6.997147560119629,124.33342742919922,0.0,22.001096699048578,76.532381652808,0.0
52764804010538,23,1999,2004,5,ne,hg_bayes,7.847644805908203,29.644285202026367,6.96683406829834,135.6785125732422,0.0,22.001096699048578,76.532381652808,0.0
52764804010538,23,1999,2004,5,ne,hg_organon,7.847644805908203,29.644285202026367,6.96683406829834,135.6785125732422,0.0,22.001096699048578,76.532381652808,0.0
52764804010538,23,1999,2004,5,ne,hg_conus_sp,7.847466468811035,29.64428901672364,6.966754913330078,122.8917465209961,0.0,22.001096699048578,76.532381652808,0.0
52764804010538,23,1999,2004,5,ne,hg_conus_clim,7.847494125366211,29.644285202026367,6.966768264770508,122.64982604980467,0.0,22.001096699048578,76.532381652808,0.0
52950720010538,23,2002,2007,5,ne,default,84.06881713867188,160.15672302246094,9.810274124145508,1835.050048828125,5335.15283203125,104.47679759878709,1754.6183623760799,5959.287574179571
52950720010538,23,2002,2007,5,ne,calibrated,83.96002197265625,159.73377990722656,9.816895484924316,1833.416259765625,5333.9716796875,104.47679759878709,1754.6183623760799,5959.287574179571
52950720010538,23,2002,2007,5,ne,greg_dg,90.76844787597656,160.15310668945312,10.19379711151123,1986.14306640625,5989.2763671875,104.47679759878709,1754.6183623760799,5959.287574179571
52950720010538,23,2002,2007,5,ne,hg_bayes,84.0665512084961,160.15664672851562,9.810144424438477,1983.54052734375,5793.96826171875,104.47679759878709,1754.6183623760799,5959.287574179571
52950720010538,23,2002,2007,5,ne,hg_organon,84.0665512084961,160.15664672851562,9.810144424438477,1983.54052734375,5793.96826171875,104.47679759878709,1754.6183623760799,5959.287574179571
52950720010538,23,2002,2007,5,ne,hg_conus_sp,84.060546875,160.15672302246094,9.80979347229004,1884.593994140625,5342.068359375,104.47679759878709,1754.6183623760799,5959.287574179571
52950720010538,23,2002,2007,5,ne,hg_conus_clim,84.0533447265625,160.15670776367188,9.80937385559082,1893.3480224609373,5536.11572265625,104.47679759878709,1754.6183623760799,5959.287574179571
58241817010538,42,2001,2006,5,ne,default,179.05349731445312,148.73883056640625,14.856468200683594,6509.328125,32543.083984375,171.455149539863,4002.1090953693797,17901.36484713136
58241817010538,42,2001,2006,5,ne,calibrated,162.05853271484375,126.34413146972656,15.3353853225708,5965.96337890625,30388.251953125,171.455149539863,4002.1090953693797,17901.36484713136
58241817010538,42,2001,2006,5,ne,greg_dg,206.6163787841797,97.02237701416016,19.75981330871582,7668.509765625,45513.95703125,171.455149539863,4002.1090953693797,17901.36484713136
58241817010538,42,2001,2006,5,ne,hg_bayes,179.14842224121094,148.7082977294922,14.861928939819336,6607.5244140625,33315.28515625,171.455149539863,4002.1090953693797,17901.36484713136
58241817010538,42,2001,2006,5,ne,hg_organon,179.14842224121094,148.7082977294922,14.861928939819336,6607.5244140625,33315.28515625,171.455149539863,4002.1090953693797,17901.36484713136
58241817010538,42,2001,2006,5,ne,hg_conus_sp,179.1575469970703,148.70541381835938,14.862448692321776,6467.18359375,32272.412109375,171.455149539863,4002.1090953693797,17901.36484713136
58241817010538,42,2001,2006,5,ne,hg_conus_clim,179.0814971923828,148.72911071777344,14.858112335205078,6508.7978515625,32550.224609375,171.455149539863,4002.1090953693797,17901.36484713136
58178583010538,42,2000,2005,5,ne,default,49.80625915527344,89.05694580078125,10.126150131225586,1178.8983154296875,2816.602783203125,74.34439917596906,1013.478641431416,3163.371936087418
58178583010538,42,2000,2005,5,ne,calibrated,49.911434173583984,89.456298828125,10.114185333251951,1180.4127197265625,2817.309814453125,74.34439917596906,1013.478641431416,3163.371936087418
58178583010538,42,2000,2005,5,ne,greg_dg,53.440467834472656,89.05542755126953,10.489171981811523,1246.2410888671875,2946.705810546875,74.34439917596906,1013.478641431416,3163.371936087418
58178583010538,42,2000,2005,5,ne,hg_bayes,49.80688095092773,89.05691528320312,10.126213073730469,1191.967041015625,2844.326416015625,74.34439917596906,1013.478641431416,3163.371936087418
58178583010538,42,2000,2005,5,ne,hg_organon,49.80688095092773,89.05691528320312,10.126213073730469,1191.967041015625,2844.326416015625,74.34439917596906,1013.478641431416,3163.371936087418
58178583010538,42,2000,2005,5,ne,hg_conus_sp,49.80509567260742,89.05692291259766,10.126030921936035,1153.0723876953125,2712.1328125,74.34439917596906,1013.478641431416,3163.371936087418
58178583010538,42,2000,2005,5,ne,hg_conus_clim,49.80590438842773,89.05692291259766,10.126115798950195,1177.211181640625,2816.63330078125,74.34439917596906,1013.478641431416,3163.371936087418
122563565010661,36,2007,2013,6,ne,default,111.54283142089844,243.926986694336,9.156455039978027,2502.48583984375,6166.26513671875,85.98788747310658,1124.147365951404,1469.075102727624
122563565010661,36,2007,2013,6,ne,calibrated,108.2755355834961,234.5791015625,9.1993408203125,2436.821044921875,6058.76123046875,85.98788747310658,1124.147365951404,1469.075102727624
122563565010661,36,2007,2013,6,ne,greg_dg,119.24827575683594,243.91639709472656,9.467642784118652,2699.0615234375,7319.0263671875,85.98788747310658,1124.147365951404,1469.075102727624
122563565010661,36,2007,2013,6,ne,hg_bayes,111.52935028076172,243.9271850585937,9.155892372131348,2523.678955078125,6164.90625,85.98788747310658,1124.147365951404,1469.075102727624
122563565010661,36,2007,2013,6,ne,hg_organon,111.52935028076172,243.9271850585937,9.155892372131348,2523.678955078125,6164.90625,85.98788747310658,1124.147365951404,1469.075102727624
122563565010661,36,2007,2013,6,ne,hg_conus_sp,111.55738830566406,243.9270782470703,9.1570463180542,2502.140380859375,6167.48828125,85.98788747310658,1124.147365951404,1469.075102727624
122563565010661,36,2007,2013,6,ne,hg_conus_clim,111.54756927490234,243.92709350585932,9.156643867492676,2504.21875,6166.60791015625,85.98788747310658,1124.147365951404,1469.075102727624
58549928010538,42,2004,2009,5,ne,default,56.59464263916016,106.75272369384766,9.85903549194336,1635.1036376953125,4810.15771484375,26.57082978576313,601.712156795394,1400.725981791018
58549928010538,42,2004,2009,5,ne,calibrated,56.739036560058594,107.20632934570312,9.850700378417969,1637.760498046875,4814.875,26.57082978576313,601.712156795394,1400.725981791018
58549928010538,42,2004,2009,5,ne,greg_dg,62.69597625732422,106.74908447265624,10.377050399780272,1836.8687744140625,5788.54736328125,26.57082978576313,601.712156795394,1400.725981791018
58549928010538,42,2004,2009,5,ne,hg_bayes,56.59201431274414,106.75274658203124,9.85880184173584,1727.7703857421875,5150.30859375,26.57082978576313,601.712156795394,1400.725981791018
58549928010538,42,2004,2009,5,ne,hg_organon,56.59201431274414,106.75274658203124,9.85880184173584,1727.7703857421875,5150.30859375,26.57082978576313,601.712156795394,1400.725981791018
58549928010538,42,2004,2009,5,ne,hg_conus_sp,56.59375,106.75276947021484,9.85895824432373,1681.76611328125,5029.00244140625,26.57082978576313,601.712156795394,1400.725981791018
58549928010538,42,2004,2009,5,ne,hg_conus_clim,56.59458541870117,106.75272369384766,9.85903263092041,1646.510986328125,4810.2236328125,26.57082978576313,601.712156795394,1400.725981791018
247064745010661,50,2012,2019,7,ne,default,56.24971008300781,124.62084197998048,9.097061157226562,1150.7691650390625,2875.202880859375,64.97567575460386,961.310926832254,2208.566396620244
247064745010661,50,2012,2019,7,ne,calibrated,56.44843292236328,125.1243133544922,9.094764709472656,1154.781982421875,2882.36669921875,64.97567575460386,961.310926832254,2208.566396620244
247064745010661,50,2012,2019,7,ne,greg_dg,65.58011627197266,124.61752319335938,9.822745323181152,1358.6153564453125,3690.297607421875,64.97567575460386,961.310926832254,2208.566396620244
247064745010661,50,2012,2019,7,ne,hg_bayes,56.24250030517578,124.6208724975586,9.096475601196287,1260.134765625,3290.626953125,64.97567575460386,961.310926832254,2208.566396620244
247064745010661,50,2012,2019,7,ne,hg_organon,56.24250030517578,124.6208724975586,9.096475601196287,1260.134765625,3290.626953125,64.97567575460386,961.310926832254,2208.566396620244
247064745010661,50,2012,2019,7,ne,hg_conus_sp,56.256866455078125,124.62084197998048,9.097641944885254,1215.1951904296875,3196.754638671875,64.97567575460386,961.310926832254,2208.566396620244
247064745010661,50,2012,2019,7,ne,hg_conus_clim,56.24971008300781,124.62084197998048,9.097061157226562,1150.7691650390625,2875.202880859375,64.97567575460386,961.310926832254,2208.566396620244
107545582010661,23,2008,2013,5,ne,default,140.268798828125,352.4569396972656,8.542083740234375,3334.741943359375,7352.3916015625,145.9268707621737,2797.34713865808,5676.02982396881
107545582010661,23,2008,2013,5,ne,calibrated,138.97084045410156,347.7154541015625,8.560246467590332,3312.355712890625,7335.34619140625,145.9268707621737,2797.34713865808,5676.02982396881
107545582010661,23,2008,2013,5,ne,greg_dg,144.11627197265625,346.9309997558594,8.727126121520996,3477.7861328125,7877.63232421875,145.9268707621737,2797.34713865808,5676.02982396881
107545582010661,23,2008,2013,5,ne,hg_bayes,140.25393676757812,352.4618225097656,8.541572570800781,3382.831298828125,7366.80712890625,145.9268707621737,2797.34713865808,5676.02982396881
107545582010661,23,2008,2013,5,ne,hg_organon,140.25393676757812,352.4618225097656,8.541572570800781,3382.831298828125,7366.80712890625,145.9268707621737,2797.34713865808,5676.02982396881
107545582010661,23,2008,2013,5,ne,hg_conus_sp,140.2683868408203,352.4580993652344,8.5420560836792,3279.761474609375,7235.67041015625,145.9268707621737,2797.34713865808,5676.02982396881
107545582010661,23,2008,2013,5,ne,hg_conus_clim,140.26898193359375,352.4558410644531,8.542104721069336,3324.726806640625,7352.17333984375,145.9268707621737,2797.34713865808,5676.02982396881
58281576010538,42,2001,2006,5,ne,default,150.09341430664062,230.42752075195312,10.928235054016112,4129.93896484375,12543.9189453125,,,
58281576010538,42,2001,2006,5,ne,calibrated,148.8509979248047,226.74468994140625,10.970934867858888,4105.88037109375,12519.0224609375,,,
58281576010538,42,2001,2006,5,ne,greg_dg,155.8473358154297,225.39028930664065,11.259477615356444,4314.50732421875,14945.349609375,,,
58281576010538,42,2001,2006,5,ne,hg_bayes,150.1124725341797,230.4156951904297,10.92920207977295,4265.548828125,13190.7724609375,,,
58281576010538,42,2001,2006,5,ne,hg_organon,150.1124725341797,230.4156951904297,10.92920207977295,4265.548828125,13190.7724609375,,,
58281576010538,42,2001,2006,5,ne,hg_conus_sp,150.11705017089844,230.41534423828125,10.929377555847168,4126.28076171875,12882.9345703125,,,
58281576010538,42,2001,2006,5,ne,hg_conus_clim,150.08282470703125,230.4342193603516,10.927687644958496,4136.8017578125,12580.16796875,,,
74526312010538,34,2006,2012,6,ne,default,135.40399169921875,136.3652801513672,13.492737770080566,3923.928466796875,17313.041015625,141.23332490514494,3358.8399718699543,14075.1392845189
74526312010538,34,2006,2012,6,ne,calibrated,134.2145233154297,133.7510528564453,13.56398868560791,3895.49658203125,17240.025390625,141.23332490514494,3358.8399718699543,14075.1392845189
74526312010538,34,2006,2012,6,ne,greg_dg,144.93392944335938,130.84593200683594,14.250868797302246,4128.46533203125,19227.412109375,141.23332490514494,3358.8399718699543,14075.1392845189
74526312010538,34,2006,2012,6,ne,hg_bayes,135.39549255371094,136.36944580078125,13.492111206054688,4036.841796875,17761.90234375,141.23332490514494,3358.8399718699543,14075.1392845189
74526312010538,34,2006,2012,6,ne,hg_organon,135.39549255371094,136.36944580078125,13.492111206054688,4036.841796875,17761.90234375,141.23332490514494,3358.8399718699543,14075.1392845189
74526312010538,34,2006,2012,6,ne,hg_conus_sp,135.3980255126953,136.3683319091797,13.492291450500488,3925.63330078125,17590.771484375,141.23332490514494,3358.8399718699543,14075.1392845189
74526312010538,34,2006,2012,6,ne,hg_conus_clim,135.40399169921875,136.3652801513672,13.492737770080566,3923.928466796875,17313.041015625,141.23332490514494,3358.8399718699543,14075.1392845189
73074956010538,33,2006,2011,5,ne,default,60.74058532714844,142.52536010742188,8.8395414352417,1430.9888916015625,3053.808349609375,97.92824101492232,1488.241556169804,4375.499355225934
73074956010538,33,2006,2011,5,ne,calibrated,60.75762176513672,142.5990447998047,8.838496208190918,1431.28564453125,3053.939453125,97.92824101492232,1488.241556169804,4375.499355225934
73074956010538,33,2006,2011,5,ne,greg_dg,69.2806396484375,142.5194854736328,9.440720558166504,1656.103759765625,3645.041748046875,97.92824101492232,1488.241556169804,4375.499355225934
73074956010538,33,2006,2011,5,ne,hg_bayes,60.74058151245117,142.52532958984375,8.839542388916016,1535.715087890625,3246.034912109375,97.92824101492232,1488.241556169804,4375.499355225934
73074956010538,33,2006,2011,5,ne,hg_organon,60.74058151245117,142.52532958984375,8.839542388916016,1535.715087890625,3246.034912109375,97.92824101492232,1488.241556169804,4375.499355225934
73074956010538,33,2006,2011,5,ne,hg_conus_sp,60.7431640625,142.5253448486328,8.839729309082031,1485.0396728515625,3204.49658203125,97.92824101492232,1488.241556169804,4375.499355225934
73074956010538,33,2006,2011,5,ne,hg_conus_clim,60.73515319824219,142.52532958984375,8.839147567749023,1459.27490234375,3186.0361328125,97.92824101492232,1488.241556169804,4375.499355225934
119148095010661,33,2008,2013,5,ne,default,113.66893768310548,231.5846405029297,9.486420631408691,2280.45263671875,4425.28955078125,140.78264651155237,1671.542481072874,2888.901670447352
119148095010661,33,2008,2013,5,ne,calibrated,113.14906311035156,230.1251678466797,9.494668006896973,2272.4462890625,4418.80078125,140.78264651155237,1671.542481072874,2888.901670447352
119148095010661,33,2008,2013,5,ne,greg_dg,117.7882843017578,231.5827178955078,9.656821250915527,2377.963623046875,4626.76416015625,140.78264651155237,1671.542481072874,2888.901670447352
119148095010661,33,2008,2013,5,ne,hg_bayes,113.66852569580078,231.58457946777344,9.486405372619627,2391.42919921875,4625.5625,140.78264651155237,1671.542481072874,2888.901670447352
119148095010661,33,2008,2013,5,ne,hg_organon,113.66852569580078,231.58457946777344,9.486405372619627,2391.42919921875,4625.5625,140.78264651155237,1671.542481072874,2888.901670447352
119148095010661,33,2008,2013,5,ne,hg_conus_sp,113.68185424804688,231.5846710205078,9.486955642700195,2244.852783203125,4362.5859375,140.78264651155237,1671.542481072874,2888.901670447352
119148095010661,33,2008,2013,5,ne,hg_conus_clim,113.6659164428711,231.5843505859375,9.48630142211914,2288.507080078125,4458.64990234375,140.78264651155237,1671.542481072874,2888.901670447352
168928845010661,23,2010,2015,5,ne,default,43.03901672363281,172.2684326171875,6.768066883087158,701.6361694335938,252.4203491210937,72.90507953586467,831.26538205411,435.2316283360021
168928845010661,23,2010,2015,5,ne,calibrated,42.84441375732422,171.28652954101562,6.772076606750488,699.3897094726562,252.2714080810547,72.90507953586467,831.26538205411,435.2316283360021
168928845010661,23,2010,2015,5,ne,greg_dg,49.12433624267578,172.26235961914062,7.230850219726562,847.18603515625,252.481201171875,72.90507953586467,831.26538205411,435.2316283360021
168928845010661,23,2010,2015,5,ne,hg_bayes,43.04965591430664,172.26808166503906,6.768910884857178,748.4296264648438,282.49920654296875,72.90507953586467,831.26538205411,435.2316283360021
168928845010661,23,2010,2015,5,ne,hg_organon,43.04965591430664,172.26808166503906,6.768910884857178,748.4296264648438,282.49920654296875,72.90507953586467,831.26538205411,435.2316283360021
168928845010661,23,2010,2015,5,ne,hg_conus_sp,43.04901885986328,172.26824951171875,6.768857479095459,731.32177734375,282.5019836425781,72.90507953586467,831.26538205411,435.2316283360021
168928845010661,23,2010,2015,5,ne,hg_conus_clim,43.04265975952149,172.26820373535156,6.768357276916504,715.6649780273438,282.4993896484375,72.90507953586467,831.26538205411,435.2316283360021
247062079010661,36,2012,2019,7,ne,default,129.3955535888672,177.11163330078125,11.573705673217772,3397.17138671875,14325.5986328125,115.44073395707508,2479.560747215538,7180.484357145374
247062079010661,36,2012,2019,7,ne,calibrated,129.06614685058594,176.27655029296875,11.586312294006348,3390.76806640625,14310.2119140625,115.44073395707508,2479.560747215538,7180.484357145374
247062079010661,36,2012,2019,7,ne,greg_dg,136.65155029296875,177.1066436767578,11.893954277038574,3617.7109375,15659.2724609375,115.44073395707508,2479.560747215538,7180.484357145374
247062079010661,36,2012,2019,7,ne,hg_bayes,129.3838348388672,177.11170959472656,11.573176383972168,3593.658935546875,15129.7421875,115.44073395707508,2479.560747215538,7180.484357145374
247062079010661,36,2012,2019,7,ne,hg_organon,129.3838348388672,177.11170959472656,11.573176383972168,3593.658935546875,15129.7421875,115.44073395707508,2479.560747215538,7180.484357145374
247062079010661,36,2012,2019,7,ne,hg_conus_sp,129.39279174804688,177.1116485595703,11.573583602905272,3403.667724609375,14368.7822265625,115.44073395707508,2479.560747215538,7180.484357145374
247062079010661,36,2012,2019,7,ne,hg_conus_clim,129.39028930664062,177.11160278320312,11.573469161987305,3422.70263671875,14457.0244140625,115.44073395707508,2479.560747215538,7180.484357145374
168261983020004,24,2014,2021,7,ne,default,37.12565231323242,118.88037872314452,7.5669026374816895,601.0738525390625,646.4049072265625,43.27233479483015,583.0786073445599,990.9359498403621
168261983020004,24,2014,2021,7,ne,calibrated,37.04829788208008,118.59738159179688,7.568028926849365,600.1043701171875,645.7208862304688,43.27233479483015,583.0786073445599,990.9359498403621
168261983020004,24,2014,2021,7,ne,greg_dg,47.4454231262207,118.87805938720705,8.5542631149292,738.9566650390625,1196.5086669921875,43.27233479483015,583.0786073445599,990.9359498403621
168261983020004,24,2014,2021,7,ne,hg_bayes,37.12620162963867,118.88024139404295,7.566964626312256,647.917724609375,675.90283203125,43.27233479483015,583.0786073445599,990.9359498403621
168261983020004,24,2014,2021,7,ne,hg_organon,37.12620162963867,118.88024139404295,7.566964626312256,647.917724609375,675.90283203125,43.27233479483015,583.0786073445599,990.9359498403621
168261983020004,24,2014,2021,7,ne,hg_conus_sp,37.12782669067383,118.88021087646484,7.567132949829102,626.5144653320312,676.0344848632812,43.27233479483015,583.0786073445599,990.9359498403621
168261983020004,24,2014,2021,7,ne,hg_conus_clim,37.12565231323242,118.88037872314452,7.5669026374816895,601.0738525390625,646.4049072265625,43.27233479483015,583.0786073445599,990.9359498403621
107546280010661,23,2008,2013,5,ne,default,41.17999649047852,95.3045883178711,8.900667190551758,764.4951782226562,492.2515258789063,5.13952346200555,0.0,0.0
107546280010661,23,2008,2013,5,ne,calibrated,41.07465744018555,95.03474426269533,8.901886940002441,762.7255859375,491.9129333496094,5.13952346200555,0.0,0.0
107546280010661,23,2008,2013,5,ne,greg_dg,44.31805038452149,95.30086517333984,9.233750343322754,835.2999267578125,629.5814208984375,5.13952346200555,0.0,0.0
107546280010661,23,2008,2013,5,ne,hg_bayes,41.169803619384766,95.3046417236328,8.899561882019043,815.0955810546875,558.2535400390625,5.13952346200555,0.0,0.0
107546280010661,23,2008,2013,5,ne,hg_organon,41.169803619384766,95.3046417236328,8.899561882019043,815.0955810546875,558.2535400390625,5.13952346200555,0.0,0.0
107546280010661,23,2008,2013,5,ne,hg_conus_sp,41.174015045166016,95.30461120605467,8.900019645690918,791.6976928710938,558.2747802734375,5.13952346200555,0.0,0.0
107546280010661,23,2008,2013,5,ne,hg_conus_clim,41.17920303344727,95.30461883544922,8.900579452514648,766.2720336914062,492.2435607910156,5.13952346200555,0.0,0.0
15806850020004,36,2013,2021,8,ne,default,137.49986267089844,188.3621063232422,11.568860054016112,3840.39697265625,16071.865234375,55.11339482537621,926.16906476721,1535.523526141912
15806850020004,36,2013,2021,8,ne,calibrated,130.50930786132812,175.14111328125,11.68861198425293,3689.460205078125,15617.3671875,55.11339482537621,926.16906476721,1535.523526141912
15806850020004,36,2013,2021,8,ne,greg_dg,154.13381958007812,188.3393096923828,12.249396324157717,4443.9892578125,20126.03515625,55.11339482537621,926.16906476721,1535.523526141912
15806850020004,36,2013,2021,8,ne,hg_bayes,137.4829559326172,188.3620758056641,11.568150520324709,3910.97314453125,16462.169921875,55.11339482537621,926.16906476721,1535.523526141912
15806850020004,36,2013,2021,8,ne,hg_organon,137.4829559326172,188.3620758056641,11.568150520324709,3910.97314453125,16462.169921875,55.11339482537621,926.16906476721,1535.523526141912
15806850020004,36,2013,2021,8,ne,hg_conus_sp,137.50225830078125,188.362060546875,11.568964004516602,3670.16943359375,15280.3876953125,55.11339482537621,926.16906476721,1535.523526141912
15806850020004,36,2013,2021,8,ne,hg_conus_clim,137.50244140625,188.36187744140625,11.568982124328612,3836.13671875,16072.1748046875,55.11339482537621,926.16906476721,1535.523526141912
243883095489998,23,2015,2020,5,ne,default,40.661170959472656,131.0018768310547,7.543753147125244,848.0044555664062,565.2907104492188,26.09883001760798,472.737083985592,0.0
243883095489998,23,2015,2020,5,ne,calibrated,40.514896392822266,130.36477661132812,7.548551082611084,845.2508544921875,565.1049194335938,26.09883001760798,472.737083985592,0.0
243883095489998,23,2015,2020,5,ne,greg_dg,41.6115837097168,131.0001220703125,7.631457805633545,878.331298828125,499.2160034179688,26.09883001760798,472.737083985592,0.0
243883095489998,23,2015,2020,5,ne,hg_bayes,40.66190719604492,131.0018768310547,7.543821334838867,878.0886840820312,721.63623046875,26.09883001760798,472.737083985592,0.0
243883095489998,23,2015,2020,5,ne,hg_organon,40.66190719604492,131.0018768310547,7.543821334838867,878.0886840820312,721.63623046875,26.09883001760798,472.737083985592,0.0
243883095489998,23,2015,2020,5,ne,hg_conus_sp,40.66237258911133,131.00192260742188,7.5438642501831055,861.7528076171875,721.6588134765625,26.09883001760798,472.737083985592,0.0
243883095489998,23,2015,2020,5,ne,hg_conus_clim,40.66107940673828,131.00184631347656,7.543745040893555,849.0758056640625,721.6759033203125,26.09883001760798,472.737083985592,0.0
168262155020004,24,2015,2023,8,ne,default,98.57514190673828,111.9609375,12.705351829528809,3335.070556640625,12358.8837890625,,,
168262155020004,24,2015,2023,8,ne,calibrated,98.29714965820312,111.38493347167967,12.72018814086914,3327.692626953125,12345.3427734375,,,
168262155020004,24,2015,2023,8,ne,greg_dg,127.537109375,111.92598724365234,14.454038619995115,4353.0966796875,19636.72265625,,,
168262155020004,24,2015,2023,8,ne,hg_bayes,98.5688018798828,111.96088409423828,12.704948425292969,3309.414794921875,12680.9990234375,,,
168262155020004,24,2015,2023,8,ne,hg_organon,98.5688018798828,111.96088409423828,12.704948425292969,3309.414794921875,12680.9990234375,,,
168262155020004,24,2015,2023,8,ne,hg_conus_sp,98.57382202148438,111.96086120605467,12.70527172088623,3191.12744140625,12192.8681640625,,,
168262155020004,24,2015,2023,8,ne,hg_conus_clim,98.56423950195312,111.96078491210938,12.70465850830078,3309.017333984375,12358.9365234375,,,
15806636020004,36,2013,2021,8,ne,default,90.88099670410156,142.31350708007812,10.820562362670898,1823.9837646484373,5411.830078125,70.69624343833685,963.218990442876,1588.5029728396921
15806636020004,36,2013,2021,8,ne,calibrated,90.63996887207033,141.6337890625,10.832100868225098,1819.954833984375,5406.86376953125,70.69624343833685,963.218990442876,1588.5029728396921
15806636020004,36,2013,2021,8,ne,greg_dg,112.9197235107422,142.27139282226562,12.06319808959961,2276.861328125,7360.171875,70.69624343833685,963.218990442876,1588.5029728396921
15806636020004,36,2013,2021,8,ne,hg_bayes,90.8801498413086,142.3135986328125,10.82050895690918,2065.205810546875,6312.96875,70.69624343833685,963.218990442876,1588.5029728396921
15806636020004,36,2013,2021,8,ne,hg_organon,90.8801498413086,142.3135986328125,10.82050895690918,2065.205810546875,6312.96875,70.69624343833685,963.218990442876,1588.5029728396921
15806636020004,36,2013,2021,8,ne,hg_conus_sp,90.89411926269533,142.31353759765625,10.821340560913086,1947.1231689453125,5912.1611328125,70.69624343833685,963.218990442876,1588.5029728396921
15806636020004,36,2013,2021,8,ne,hg_conus_clim,90.89615631103516,142.3136444091797,10.821457862854004,1860.6246337890625,5449.66796875,70.69624343833685,963.218990442876,1588.5029728396921
29637570020004,54,2013,2020,7,ne,default,116.30538177490234,290.3746643066406,8.56952953338623,1659.170166015625,3400.392578125,123.13990745547264,1619.583466290946,3517.40276182071
29637570020004,54,2013,2020,7,ne,calibrated,111.9656982421875,274.6950988769531,8.644768714904785,1613.268310546875,3354.18798828125,123.13990745547264,1619.583466290946,3517.40276182071
29637570020004,54,2013,2020,7,ne,greg_dg,150.54409790039062,253.09703063964844,10.442981719970703,2189.0029296875,4807.3515625,123.13990745547264,1619.583466290946,3517.40276182071
29637570020004,54,2013,2020,7,ne,hg_bayes,116.28327178955078,290.3739624023437,8.568720817565918,1889.6629638671875,3707.513671875,123.13990745547264,1619.583466290946,3517.40276182071
29637570020004,54,2013,2020,7,ne,hg_organon,116.28327178955078,290.3739624023437,8.568720817565918,1889.6629638671875,3707.513671875,123.13990745547264,1619.583466290946,3517.40276182071
29637570020004,54,2013,2020,7,ne,hg_conus_sp,116.31504821777344,290.3742370605469,8.569890975952148,1649.106201171875,3401.24853515625,123.13990745547264,1619.583466290946,3517.40276182071
29637570020004,54,2013,2020,7,ne,hg_conus_clim,116.31590270996094,290.3749084472656,8.569907188415527,1655.7213134765625,3400.918212890625,123.13990745547264,1619.583466290946,3517.40276182071
76903343010538,42,2006,2012,6,ne,default,99.12162017822266,207.66053771972656,9.35499382019043,2472.3935546875,3399.97265625,114.15494431838889,1591.773185054138,3008.79326109395
76903343010538,42,2006,2012,6,ne,calibrated,99.14008331298828,207.71536254882807,9.354628562927246,2472.77197265625,3400.2353515625,114.15494431838889,1591.773185054138,3008.79326109395
76903343010538,42,2006,2012,6,ne,greg_dg,102.7143325805664,207.6602783203125,9.523028373718262,2568.9033203125,4196.986328125,114.15494431838889,1591.773185054138,3008.79326109395
76903343010538,42,2006,2012,6,ne,hg_bayes,99.14225769042967,207.6605682373047,9.355969429016112,2545.176025390625,3609.43701171875,114.15494431838889,1591.773185054138,3008.79326109395
76903343010538,42,2006,2012,6,ne,hg_organon,99.14225769042967,207.6605682373047,9.355969429016112,2545.176025390625,3609.43701171875,114.15494431838889,1591.773185054138,3008.79326109395
76903343010538,42,2006,2012,6,ne,hg_conus_sp,99.14301300048828,207.6607666015625,9.355997085571287,2457.86865234375,3604.04248046875,114.15494431838889,1591.773185054138,3008.79326109395
76903343010538,42,2006,2012,6,ne,hg_conus_clim,99.12127685546876,207.66070556640625,9.354973793029783,2472.76318359375,3400.026123046875,114.15494431838889,1591.773185054138,3008.79326109395
145023247010661,36,2009,2014,5,ne,default,114.1834487915039,130.47657775878906,12.666939735412598,2837.623046875,14625.111328125,178.4596349977202,2271.17026958203,8420.003045049902
145023247010661,36,2009,2014,5,ne,calibrated,114.43978881835938,131.27928161621094,12.642318725585938,2842.2138671875,14637.17578125,178.4596349977202,2271.17026958203,8420.003045049902
145023247010661,36,2009,2014,5,ne,greg_dg,113.47796630859376,130.47702026367188,12.627723693847656,2818.9677734375,14559.0,178.4596349977202,2271.17026958203,8420.003045049902
145023247010661,36,2009,2014,5,ne,hg_bayes,114.18101501464844,130.47666931152344,12.66679573059082,2982.58642578125,15645.64453125,178.4596349977202,2271.17026958203,8420.003045049902
145023247010661,36,2009,2014,5,ne,hg_organon,114.18101501464844,130.47666931152344,12.66679573059082,2982.58642578125,15645.64453125,178.4596349977202,2271.17026958203,8420.003045049902
145023247010661,36,2009,2014,5,ne,hg_conus_sp,114.18601989746094,130.47654724121094,12.667081832885742,2899.171142578125,14954.953125,178.4596349977202,2271.17026958203,8420.003045049902
145023247010661,36,2009,2014,5,ne,hg_conus_clim,114.1834487915039,130.47657775878906,12.666939735412598,2837.623046875,14625.111328125,178.4596349977202,2271.17026958203,8420.003045049902
375823386489998,23,2017,2022,5,ne,default,32.771728515625,124.79146575927734,6.938945770263672,586.4862060546875,0.0,114.55300598623406,695.454440883138,0.0
375823386489998,23,2017,2022,5,ne,calibrated,32.29578399658203,122.95169830322266,6.939720630645752,577.7289428710938,0.0,114.55300598623406,695.454440883138,0.0
375823386489998,23,2017,2022,5,ne,greg_dg,38.785404205322266,124.78302764892578,7.549057960510254,730.6723022460938,207.46987915039065,114.55300598623406,695.454440883138,0.0
375823386489998,23,2017,2022,5,ne,hg_bayes,32.77582550048828,124.79145050048828,6.939380645751953,600.277099609375,0.0,114.55300598623406,695.454440883138,0.0
375823386489998,23,2017,2022,5,ne,hg_organon,32.77582550048828,124.79145050048828,6.939380645751953,600.277099609375,0.0,114.55300598623406,695.454440883138,0.0
375823386489998,23,2017,2022,5,ne,hg_conus_sp,32.77632141113281,124.79145050048828,6.939432621002197,595.4068603515625,0.0,114.55300598623406,695.454440883138,0.0
375823386489998,23,2017,2022,5,ne,hg_conus_clim,32.77382278442383,124.79141998291016,6.939169883728027,585.2862548828125,0.0,114.55300598623406,695.454440883138,0.0
76869487010538,42,2006,2011,5,ne,default,71.13167572021484,65.50077056884766,14.11057472229004,2024.6033935546875,10438.1845703125,82.52058941618992,1731.160121374862,8988.642067164936
76869487010538,42,2006,2011,5,ne,calibrated,71.16207122802734,65.5744400024414,14.1056547164917,2025.076904296875,10438.7626953125,82.52058941618992,1731.160121374862,8988.642067164936
76869487010538,42,2006,2011,5,ne,greg_dg,76.62686157226562,65.49676513671875,14.645928382873535,2173.3525390625,11450.21875,82.52058941618992,1731.160121374862,8988.642067164936
76869487010538,42,2006,2011,5,ne,hg_bayes,71.12937927246094,65.50076293945312,14.110340118408203,2133.960693359375,11085.267578125,82.52058941618992,1731.160121374862,8988.642067164936
76869487010538,42,2006,2011,5,ne,hg_organon,71.12937927246094,65.50076293945312,14.110340118408203,2133.960693359375,11085.267578125,82.52058941618992,1731.160121374862,8988.642067164936
76869487010538,42,2006,2011,5,ne,hg_conus_sp,71.13117980957031,65.5007553100586,14.11052131652832,2096.43017578125,10969.4931640625,82.52058941618992,1731.160121374862,8988.642067164936
76869487010538,42,2006,2011,5,ne,hg_conus_clim,71.13167572021484,65.50077056884766,14.11057472229004,2024.6033935546875,10438.1845703125,82.52058941618992,1731.160121374862,8988.642067164936
64261697010538,36,2005,2010,5,ne,default,19.847286224365234,41.72211456298828,9.339071273803713,438.90618896484375,425.0683898925781,31.419173986451664,458.51378732930596,890.1708046661361
64261697010538,36,2005,2010,5,ne,calibrated,19.895368576049805,41.8996467590332,9.330547332763672,439.6809387207031,425.5482482910156,31.419173986451664,458.51378732930596,890.1708046661361
64261697010538,36,2005,2010,5,ne,greg_dg,19.68675804138184,41.72246551513672,9.301187515258787,435.6764221191406,442.89739990234375,31.419173986451664,458.51378732930596,890.1708046661361
64261697010538,36,2005,2010,5,ne,hg_bayes,19.846473693847656,41.72211456298828,9.338879585266112,477.1833801269531,491.4354553222656,31.419173986451664,458.51378732930596,890.1708046661361
64261697010538,36,2005,2010,5,ne,hg_organon,19.846473693847656,41.72211456298828,9.338879585266112,477.1833801269531,491.4354553222656,31.419173986451664,458.51378732930596,890.1708046661361
64261697010538,36,2005,2010,5,ne,hg_conus_sp,19.847387313842773,41.72213363647461,9.339093208312988,463.9304809570313,462.220703125,31.419173986451664,458.51378732930596,890.1708046661361
64261697010538,36,2005,2010,5,ne,hg_conus_clim,19.8475341796875,41.72212219238281,9.339128494262695,441.1012268066406,425.0662231445313,31.419173986451664,458.51378732930596,890.1708046661361
168998378010661,42,2011,2017,6,ne,default,74.49737548828125,147.7762451171875,9.614008903503418,1803.4306640625,3445.635986328125,86.4316632568393,1549.257946831388,3570.118822717254
168998378010661,42,2011,2017,6,ne,calibrated,74.83871459960938,148.7783660888672,9.603500366210938,1808.3800048828125,3449.058837890625,86.4316632568393,1549.257946831388,3570.118822717254
168998378010661,42,2011,2017,6,ne,greg_dg,77.82405853271484,147.7745819091797,9.826375007629396,1891.1466064453125,3901.767333984375,86.4316632568393,1549.257946831388,3570.118822717254
168998378010661,42,2011,2017,6,ne,hg_bayes,74.49555969238281,147.77615356445312,9.613893508911133,1849.3626708984373,3475.849853515625,86.4316632568393,1549.257946831388,3570.118822717254
168998378010661,42,2011,2017,6,ne,hg_organon,74.49555969238281,147.77615356445312,9.613893508911133,1849.3626708984373,3475.849853515625,86.4316632568393,1549.257946831388,3570.118822717254
168998378010661,42,2011,2017,6,ne,hg_conus_sp,74.50221252441406,147.7763214111328,9.61431884765625,1788.12109375,3445.851806640625,86.4316632568393,1549.257946831388,3570.118822717254
168998378010661,42,2011,2017,6,ne,hg_conus_clim,74.49737548828125,147.7762451171875,9.614008903503418,1803.4306640625,3445.635986328125,86.4316632568393,1549.257946831388,3570.118822717254
70611804010538,23,2004,2009,5,ne,default,29.7510986328125,41.48228073120117,11.467177391052246,628.541259765625,2843.773681640625,89.40893353932178,792.344500039458,3340.680782858978
70611804010538,23,2004,2009,5,ne,calibrated,29.742753982543945,41.45174789428711,11.469789505004885,628.4097900390625,2843.35205078125,89.40893353932178,792.344500039458,3340.680782858978
70611804010538,23,2004,2009,5,ne,greg_dg,30.0677547454834,41.48213958740234,11.528059005737305,636.4293823242188,2867.41845703125,89.40893353932178,792.344500039458,3340.680782858978
70611804010538,23,2004,2009,5,ne,hg_bayes,29.748714447021484,41.4822883605957,11.466714859008787,660.8162841796875,2999.51513671875,89.40893353932178,792.344500039458,3340.680782858978
70611804010538,23,2004,2009,5,ne,hg_organon,29.748714447021484,41.4822883605957,11.466714859008787,660.8162841796875,2999.51513671875,89.40893353932178,792.344500039458,3340.680782858978
70611804010538,23,2004,2009,5,ne,hg_conus_sp,29.74980926513672,41.48228454589844,11.466927528381348,648.5517578125,2939.64013671875,89.40893353932178,792.344500039458,3340.680782858978
70611804010538,23,2004,2009,5,ne,hg_conus_clim,29.749725341796875,41.48227310180664,11.466912269592283,628.5068969726562,2843.604736328125,89.40893353932178,792.344500039458,3340.680782858978
53715270010538,36,2003,2008,5,ne,default,81.2737808227539,154.7036590576172,9.814346313476562,1703.0382080078125,4896.21728515625,118.46887033327828,1173.53136717476,3461.11904678617
53715270010538,36,2003,2008,5,ne,calibrated,81.33490753173828,154.85531616210938,9.813223838806152,1704.1170654296875,4897.85302734375,118.46887033327828,1173.53136717476,3461.11904678617
53715270010538,36,2003,2008,5,ne,greg_dg,83.2064437866211,154.70347595214844,9.930354118347168,1741.591064453125,5064.0888671875,118.46887033327828,1173.53136717476,3461.11904678617
53715270010538,36,2003,2008,5,ne,hg_bayes,81.26904296875,154.70372009277344,9.814056396484377,1777.9739990234375,5124.869140625,118.46887033327828,1173.53136717476,3461.11904678617
53715270010538,36,2003,2008,5,ne,hg_organon,81.26904296875,154.70372009277344,9.814056396484377,1777.9739990234375,5124.869140625,118.46887033327828,1173.53136717476,3461.11904678617
53715270010538,36,2003,2008,5,ne,hg_conus_sp,81.27584838867188,154.70375061035156,9.814462661743164,1708.066650390625,4988.26220703125,118.46887033327828,1173.53136717476,3461.11904678617
53715270010538,36,2003,2008,5,ne,hg_conus_clim,81.27375030517578,154.70364379882812,9.814342498779297,1703.27685546875,4896.21337890625,118.46887033327828,1173.53136717476,3461.11904678617
58408212010538,42,2003,2009,6,ne,default,128.32781982421875,165.9224395751953,11.908143997192385,4028.90576171875,16603.400390625,122.85856549262392,2317.631402151922,9395.039377538724
58408212010538,42,2003,2009,6,ne,calibrated,127.0082778930664,163.2580108642578,11.943044662475586,3998.787353515625,16523.236328125,122.85856549262392,2317.631402151922,9395.039377538724
58408212010538,42,2003,2009,6,ne,greg_dg,125.82303619384766,165.92506408691406,11.791265487670898,3982.546142578125,16999.97265625,122.85856549262392,2317.631402151922,9395.039377538724
58408212010538,42,2003,2009,6,ne,hg_bayes,128.31719970703125,165.92247009277344,11.907654762268066,4078.283935546875,17064.880859375,122.85856549262392,2317.631402151922,9395.039377538724
58408212010538,42,2003,2009,6,ne,hg_organon,128.31719970703125,165.92247009277344,11.907654762268066,4078.283935546875,17064.880859375,122.85856549262392,2317.631402151922,9395.039377538724
58408212010538,42,2003,2009,6,ne,hg_conus_sp,128.327392578125,165.92245483398438,11.908122062683104,3962.08544921875,16670.419921875,122.85856549262392,2317.631402151922,9395.039377538724
58408212010538,42,2003,2009,6,ne,hg_conus_clim,128.32383728027344,165.92247009277344,11.90796184539795,4018.511474609375,17102.5,122.85856549262392,2317.631402151922,9395.039377538724
247065573010661,54,2013,2019,6,ne,default,128.41616821289062,184.39703369140625,11.299760818481444,3532.54248046875,10774.4990234375,,,
247065573010661,54,2013,2019,6,ne,calibrated,128.1893310546875,183.9272308349609,11.30418586730957,3527.427734375,10768.1103515625,,,
247065573010661,54,2013,2019,6,ne,greg_dg,162.0384063720703,158.17169189453125,13.705060005187988,4767.66650390625,21415.880859375,,,
247065573010661,54,2013,2019,6,ne,hg_bayes,128.39540100097656,184.4052581787109,11.29859447479248,3699.62158203125,11231.57421875,,,
247065573010661,54,2013,2019,6,ne,hg_organon,128.39540100097656,184.4052581787109,11.29859447479248,3699.62158203125,11231.57421875,,,
247065573010661,54,2013,2019,6,ne,hg_conus_sp,128.42489624023438,184.390380859375,11.300345420837402,3589.471435546875,11009.09375,,,
247065573010661,54,2013,2019,6,ne,hg_conus_clim,128.4276123046875,184.3901824951172,11.300475120544434,3536.156982421875,10776.40625,,,
53744169010538,36,2003,2008,5,ne,default,163.0767059326172,164.64593505859375,13.475870132446287,4984.97705078125,21675.666015625,167.27352699444043,4557.15483200973,20316.12721082098
53744169010538,36,2003,2008,5,ne,calibrated,162.26739501953125,162.85769653320312,13.515987396240234,4965.8759765625,21634.0,167.27352699444043,4557.15483200973,20316.12721082098
53744169010538,36,2003,2008,5,ne,greg_dg,162.8133087158203,164.83628845214844,13.45720386505127,4975.6298828125,21536.349609375,167.27352699444043,4557.15483200973,20316.12721082098
53744169010538,36,2003,2008,5,ne,hg_bayes,163.06829833984375,164.6492462158203,13.475383758544922,5054.265625,21771.2890625,167.27352699444043,4557.15483200973,20316.12721082098
53744169010538,36,2003,2008,5,ne,hg_organon,163.06829833984375,164.6492462158203,13.475383758544922,5054.265625,21771.2890625,167.27352699444043,4557.15483200973,20316.12721082098
53744169010538,36,2003,2008,5,ne,hg_conus_sp,163.07742309570312,164.64627075195312,13.47588348388672,4929.1357421875,21269.86328125,167.27352699444043,4557.15483200973,20316.12721082098
53744169010538,36,2003,2008,5,ne,hg_conus_clim,163.07594299316406,164.6464385986328,13.47581386566162,4983.2001953125,21675.46875,167.27352699444043,4557.15483200973,20316.12721082098
58391351010538,42,2003,2008,5,ne,default,116.9142608642578,148.56533813476562,12.011886596679688,3839.886474609375,14564.236328125,115.4295740181896,3155.608981721902,10420.53509394478
58391351010538,42,2003,2008,5,ne,calibrated,116.51261138916016,147.68467712402344,12.026938438415527,3829.002197265625,14538.525390625,115.4295740181896,3155.608981721902,10420.53509394478
58391351010538,42,2003,2008,5,ne,greg_dg,116.56452178955078,148.56643676757812,11.993865966796877,3818.416748046875,13987.2294921875,115.4295740181896,3155.608981721902,10420.53509394478
58391351010538,42,2003,2008,5,ne,hg_bayes,116.9099349975586,148.56529235839844,12.011667251586914,3866.8408203125,14575.1376953125,115.4295740181896,3155.608981721902,10420.53509394478
58391351010538,42,2003,2008,5,ne,hg_organon,116.9099349975586,148.56529235839844,12.011667251586914,3866.8408203125,14575.1376953125,115.4295740181896,3155.608981721902,10420.53509394478
58391351010538,42,2003,2008,5,ne,hg_conus_sp,116.91382598876952,148.56527709960938,12.011866569519045,3801.579345703125,14422.6220703125,115.4295740181896,3155.608981721902,10420.53509394478
58391351010538,42,2003,2008,5,ne,hg_conus_clim,116.9142608642578,148.56533813476562,12.011886596679688,3839.886474609375,14564.236328125,115.4295740181896,3155.608981721902,10420.53509394478
15806958020004,36,2013,2019,6,ne,default,85.46304321289062,177.28712463378906,9.401275634765623,1942.3870849609373,5686.5166015625,84.63309986660269,598.774868903714,506.09344596485005
15806958020004,36,2013,2019,6,ne,calibrated,85.82909393310547,178.6459503173828,9.385490417480469,1948.115966796875,5689.24853515625,84.63309986660269,598.774868903714,506.09344596485005
15806958020004,36,2013,2019,6,ne,greg_dg,90.4234848022461,177.2848663330078,9.670323371887209,2073.410400390625,6275.85888671875,84.63309986660269,598.774868903714,506.09344596485005
15806958020004,36,2013,2019,6,ne,hg_bayes,85.46354675292969,177.28712463378906,9.401305198669434,2005.81787109375,5884.96484375,84.63309986660269,598.774868903714,506.09344596485005
15806958020004,36,2013,2019,6,ne,hg_organon,85.46354675292969,177.28712463378906,9.401305198669434,2005.81787109375,5884.96484375,84.63309986660269,598.774868903714,506.09344596485005
15806958020004,36,2013,2019,6,ne,hg_conus_sp,85.46438598632812,177.28712463378906,9.401350021362305,1941.744384765625,5782.87451171875,84.63309986660269,598.774868903714,506.09344596485005
15806958020004,36,2013,2019,6,ne,hg_conus_clim,85.46304321289062,177.28712463378906,9.401275634765623,1942.3870849609373,5686.5166015625,84.63309986660269,598.774868903714,506.09344596485005
168990296010661,36,2010,2016,6,ne,default,12.893383026123049,17.764089584350586,11.535813331604004,245.6377716064453,758.87939453125,32.84574511306731,255.38157738829798,1021.819081473046
168990296010661,36,2010,2016,6,ne,calibrated,12.994169235229492,17.871307373046875,11.546022415161133,247.6138458251953,767.533447265625,32.84574511306731,255.38157738829798,1021.819081473046
168990296010661,36,2010,2016,6,ne,greg_dg,14.442299842834473,17.763492584228516,12.209287643432615,276.4168701171875,817.2030639648438,32.84574511306731,255.38157738829798,1021.819081473046
168990296010661,36,2010,2016,6,ne,hg_bayes,12.893383026123049,17.764089584350586,11.535813331604004,262.80615234375,881.4677124023438,32.84574511306731,255.38157738829798,1021.819081473046
168990296010661,36,2010,2016,6,ne,hg_organon,12.893383026123049,17.764089584350586,11.535813331604004,262.80615234375,881.4677124023438,32.84574511306731,255.38157738829798,1021.819081473046
168990296010661,36,2010,2016,6,ne,hg_conus_sp,12.893383026123049,17.764089584350586,11.535813331604004,251.322265625,758.87939453125,32.84574511306731,255.38157738829798,1021.819081473046
168990296010661,36,2010,2016,6,ne,hg_conus_clim,12.893383026123049,17.764089584350586,11.535813331604004,245.6377716064453,758.87939453125,32.84574511306731,255.38157738829798,1021.819081473046
68297241010538,42,2005,2010,5,ne,default,60.36706161499024,77.23362731933594,11.971074104309082,1520.85986328125,6053.2470703125,62.06567187792554,1232.43822809978,3764.711738322654
68297241010538,42,2005,2010,5,ne,calibrated,60.44841766357422,77.51507568359375,11.957367897033691,1522.0828857421875,6056.90087890625,62.06567187792554,1232.43822809978,3764.711738322654
68297241010538,42,2005,2010,5,ne,greg_dg,69.17892456054688,77.22994232177734,12.81534481048584,1761.577880859375,7814.32763671875,62.06567187792554,1232.43822809978,3764.711738322654
68297241010538,42,2005,2010,5,ne,hg_bayes,60.36453628540039,77.2336196899414,11.97082233428955,1608.0772705078125,6413.86279296875,62.06567187792554,1232.43822809978,3764.711738322654
68297241010538,42,2005,2010,5,ne,hg_organon,60.36453628540039,77.2336196899414,11.97082233428955,1608.0772705078125,6413.86279296875,62.06567187792554,1232.43822809978,3764.711738322654
68297241010538,42,2005,2010,5,ne,hg_conus_sp,60.36620330810547,77.23359680175781,11.970988273620604,1575.816650390625,6236.068359375,62.06567187792554,1232.43822809978,3764.711738322654
68297241010538,42,2005,2010,5,ne,hg_conus_clim,60.36706161499024,77.23362731933594,11.971074104309082,1525.61474609375,6053.2470703125,62.06567187792554,1232.43822809978,3764.711738322654
53074897010538,23,2003,2008,5,ne,default,32.96863555908203,47.62559127807617,11.265917778015137,738.749267578125,2991.30517578125,15.11197834490285,121.980911784694,0.0
53074897010538,23,2003,2008,5,ne,calibrated,32.94779586791992,47.56375503540039,11.269675254821776,738.3653564453125,2990.621826171875,15.11197834490285,121.980911784694,0.0
53074897010538,23,2003,2008,5,ne,greg_dg,37.03611373901367,47.62422943115234,11.940842628479004,833.9133911132812,3718.086669921875,15.11197834490285,121.980911784694,0.0
53074897010538,23,2003,2008,5,ne,hg_bayes,32.96765899658203,47.62560272216797,11.265750885009766,790.3712768554688,3333.4794921875,15.11197834490285,121.980911784694,0.0
53074897010538,23,2003,2008,5,ne,hg_organon,32.96765899658203,47.62560272216797,11.265750885009766,790.3712768554688,3333.4794921875,15.11197834490285,121.980911784694,0.0
53074897010538,23,2003,2008,5,ne,hg_conus_sp,32.9673957824707,47.62559127807617,11.265707015991213,770.5083618164062,3012.02587890625,15.11197834490285,121.980911784694,0.0
53074897010538,23,2003,2008,5,ne,hg_conus_clim,32.96504592895508,47.62559127807617,11.265303611755373,740.4166259765625,2990.793701171875,15.11197834490285,121.980911784694,0.0
122560138010661,54,2007,2013,6,ne,default,118.76472473144533,148.10520935058594,12.12536907196045,4027.513427734375,14916.9541015625,105.2690882754816,2694.92935379961,9725.22022960252
122560138010661,54,2007,2013,6,ne,calibrated,117.61835479736328,145.92788696289062,12.15639305114746,3994.35791015625,14873.3544921875,105.2690882754816,2694.92935379961,9725.22022960252
122560138010661,54,2007,2013,6,ne,greg_dg,193.06369018554688,125.12152099609376,16.819787979125977,6718.283203125,36611.5078125,105.2690882754816,2694.92935379961,9725.22022960252
122560138010661,54,2007,2013,6,ne,hg_bayes,118.74659729003906,148.1051788330078,12.124441146850586,4172.38818359375,15541.171875,105.2690882754816,2694.92935379961,9725.22022960252
122560138010661,54,2007,2013,6,ne,hg_organon,118.74659729003906,148.1051788330078,12.124441146850586,4172.38818359375,15541.171875,105.2690882754816,2694.92935379961,9725.22022960252
122560138010661,54,2007,2013,6,ne,hg_conus_sp,118.75465393066406,148.1051025390625,12.124855995178224,4043.34326171875,15084.4482421875,105.2690882754816,2694.92935379961,9725.22022960252
122560138010661,54,2007,2013,6,ne,hg_conus_clim,118.7655258178711,148.10519409179688,12.125406265258787,4028.076416015625,14983.1162109375,105.2690882754816,2694.92935379961,9725.22022960252
375583650489998,33,2017,2024,7,ne,default,55.72285461425781,94.61446380615234,10.391406059265137,1462.7464599609375,3189.94873046875,56.23593899339559,847.207613189376,1690.978621210452
375583650489998,33,2017,2024,7,ne,calibrated,55.8680534362793,94.97246551513672,10.38530445098877,1465.9344482421875,3191.166015625,56.23593899339559,847.207613189376,1690.978621210452
375583650489998,33,2017,2024,7,ne,greg_dg,56.78094100952149,94.61651611328124,10.489481925964355,1485.90087890625,3473.80615234375,56.23593899339559,847.207613189376,1690.978621210452
375583650489998,33,2017,2024,7,ne,hg_bayes,55.72148895263672,94.61447143554688,10.391275405883787,1459.1685791015625,3175.4638671875,56.23593899339559,847.207613189376,1690.978621210452
375583650489998,33,2017,2024,7,ne,hg_organon,55.72148895263672,94.61447143554688,10.391275405883787,1459.1685791015625,3175.4638671875,56.23593899339559,847.207613189376,1690.978621210452
375583650489998,33,2017,2024,7,ne,hg_conus_sp,55.72376251220703,94.61441040039062,10.39148998260498,1402.7359619140625,2999.100341796875,56.23593899339559,847.207613189376,1690.978621210452
375583650489998,33,2017,2024,7,ne,hg_conus_clim,55.72285461425781,94.61446380615234,10.391406059265137,1462.7464599609375,3189.94873046875,56.23593899339559,847.207613189376,1690.978621210452
58366674010538,42,2003,2008,5,ne,default,29.083568572998047,47.56101989746094,10.58850383758545,663.4495239257812,1885.984375,48.598738057587305,631.136911268714,2386.421164416648
58366674010538,42,2003,2008,5,ne,calibrated,29.13471984863281,47.74612808227539,10.57724666595459,664.2122192382812,1887.1600341796875,48.598738057587305,631.136911268714,2386.421164416648
58366674010538,42,2003,2008,5,ne,greg_dg,30.382959365844727,47.56032943725586,10.82253360748291,689.2589721679688,2018.1441650390625,48.598738057587305,631.136911268714,2386.421164416648
58366674010538,42,2003,2008,5,ne,hg_bayes,29.082529067993164,47.56104278564453,10.588312149047852,686.6542358398438,2016.469482421875,48.598738057587305,631.136911268714,2386.421164416648
58366674010538,42,2003,2008,5,ne,hg_organon,29.082529067993164,47.56104278564453,10.588312149047852,686.6542358398438,2016.469482421875,48.598738057587305,631.136911268714,2386.421164416648
58366674010538,42,2003,2008,5,ne,hg_conus_sp,29.084163665771484,47.56105422973633,10.588607788085938,663.259521484375,1886.0802001953125,48.598738057587305,631.136911268714,2386.421164416648
58366674010538,42,2003,2008,5,ne,hg_conus_clim,29.083568572998047,47.56101989746094,10.58850383758545,663.4495239257812,1885.984375,48.598738057587305,631.136911268714,2386.421164416648
58350312010538,42,2002,2007,5,ne,default,145.50677490234375,134.9119873046875,14.062176704406738,4085.494140625,18230.515625,162.31235062919413,3234.985172957872,14160.769200472323
58350312010538,42,2002,2007,5,ne,calibrated,142.58714294433594,127.07801818847656,14.343039512634276,4028.5498046875,18104.572265625,162.31235062919413,3234.985172957872,14160.769200472323
58350312010538,42,2002,2007,5,ne,greg_dg,145.79510498046875,134.74978637695312,14.084576606750488,4097.64794921875,18620.91015625,162.31235062919413,3234.985172957872,14160.769200472323
58350312010538,42,2002,2007,5,ne,hg_bayes,145.50384521484375,134.91241455078125,14.06201457977295,4203.76416015625,18927.951171875,162.31235062919413,3234.985172957872,14160.769200472323
58350312010538,42,2002,2007,5,ne,hg_organon,145.50384521484375,134.91241455078125,14.06201457977295,4203.76416015625,18927.951171875,162.31235062919413,3234.985172957872,14160.769200472323
58350312010538,42,2002,2007,5,ne,hg_conus_sp,145.50897216796875,134.91159057617188,14.062307357788086,4087.677978515625,18277.591796875,162.31235062919413,3234.985172957872,14160.769200472323
58350312010538,42,2002,2007,5,ne,hg_conus_clim,145.51112365722656,134.91026306152344,14.06247901916504,4103.6611328125,18363.244140625,162.31235062919413,3234.985172957872,14160.769200472323
243882874489998,23,2015,2020,5,ne,default,80.22797393798828,88.96471405029297,12.85849952697754,2292.64990234375,9022.6689453125,100.91711527914777,2079.8879412616902,9542.675303674063
243882874489998,23,2015,2020,5,ne,calibrated,80.33499145507812,89.20684051513672,12.849596977233888,2295.207763671875,9029.234375,100.91711527914777,2079.8879412616902,9542.675303674063
243882874489998,23,2015,2020,5,ne,greg_dg,84.66537475585938,88.96290588378906,13.209447860717772,2422.422119140625,9719.2705078125,100.91711527914777,2079.8879412616902,9542.675303674063
243882874489998,23,2015,2020,5,ne,hg_bayes,80.2254638671875,88.9646987915039,12.85830020904541,2372.699462890625,9691.5693359375,100.91711527914777,2079.8879412616902,9542.675303674063
243882874489998,23,2015,2020,5,ne,hg_organon,80.2254638671875,88.9646987915039,12.85830020904541,2372.699462890625,9691.5693359375,100.91711527914777,2079.8879412616902,9542.675303674063
243882874489998,23,2015,2020,5,ne,hg_conus_sp,80.23157501220703,88.96471405029297,12.858790397644045,2313.73486328125,9439.0498046875,100.91711527914777,2079.8879412616902,9542.675303674063
243882874489998,23,2015,2020,5,ne,hg_conus_clim,80.22643280029297,88.96469116210938,12.85837745666504,2319.521484375,9022.556640625,100.91711527914777,2079.8879412616902,9542.675303674063
222517533010661,23,2011,2016,5,ne,default,104.83522033691406,82.97529602050781,15.22003173828125,2617.538818359375,14588.48046875,104.58210415590771,1743.37274071818,6740.474279924452
222517533010661,23,2011,2016,5,ne,calibrated,105.1821517944336,83.48079681396484,15.198965072631836,2624.63720703125,14621.63671875,104.58210415590771,1743.37274071818,6740.474279924452
222517533010661,23,2011,2016,5,ne,greg_dg,105.76148986816406,82.97480773925781,15.287164688110352,2642.6220703125,14617.8857421875,104.58210415590771,1743.37274071818,6740.474279924452
222517533010661,23,2011,2016,5,ne,hg_bayes,104.83914947509766,82.97533416748047,15.220312118530272,2738.69189453125,15271.8330078125,104.58210415590771,1743.37274071818,6740.474279924452
222517533010661,23,2011,2016,5,ne,hg_organon,104.83914947509766,82.97533416748047,15.220312118530272,2738.69189453125,15271.8330078125,104.58210415590771,1743.37274071818,6740.474279924452
222517533010661,23,2011,2016,5,ne,hg_conus_sp,104.84193420410156,82.97529602050781,15.220515251159668,2657.571044921875,14629.1318359375,104.58210415590771,1743.37274071818,6740.474279924452
222517533010661,23,2011,2016,5,ne,hg_conus_clim,104.83522033691406,82.97529602050781,15.22003173828125,2617.538818359375,14588.48046875,104.58210415590771,1743.37274071818,6740.474279924452
145007953010661,54,2009,2014,5,ne,default,36.167476654052734,65.29952239990234,10.077210426330566,926.2661743164062,2970.0224609375,,,
145007953010661,54,2009,2014,5,ne,calibrated,36.04510498046875,64.93993377685547,10.08796501159668,923.667724609375,2966.415283203125,,,
145007953010661,54,2009,2014,5,ne,greg_dg,35.7057991027832,65.30105590820312,10.012566566467283,903.15966796875,2645.91357421875,,,
145007953010661,54,2009,2014,5,ne,hg_bayes,36.16897201538086,65.29950714111328,10.077422142028809,914.1249389648438,2969.729736328125,,,
145007953010661,54,2009,2014,5,ne,hg_organon,36.16897201538086,65.29950714111328,10.077422142028809,914.1249389648438,2969.729736328125,,,
145007953010661,54,2009,2014,5,ne,hg_conus_sp,36.16837692260742,65.29950714111328,10.077340126037598,887.0381469726562,2904.31787109375,,,
145007953010661,54,2009,2014,5,ne,hg_conus_clim,36.167476654052734,65.29952239990234,10.077210426330566,926.2661743164062,2970.0224609375,,,
65138752010538,36,2005,2010,5,ne,default,48.85635757446289,101.2682876586914,9.405028343200684,1200.944580078125,1621.9920654296875,72.47361841003203,1053.30230256262,1924.9815295011078
65138752010538,36,2005,2010,5,ne,calibrated,48.74783706665039,101.0027313232422,9.406919479370115,1198.8087158203125,1621.2515869140625,72.47361841003203,1053.30230256262,1924.9815295011078
65138752010538,36,2005,2010,5,ne,greg_dg,48.983673095703125,101.26917266845705,9.41723346710205,1207.975830078125,1988.456298828125,72.47361841003203,1053.30230256262,1924.9815295011078
65138752010538,36,2005,2010,5,ne,hg_bayes,48.85643005371094,101.26831817626952,9.405034065246582,1227.7568359375,1920.8974609375,72.47361841003203,1053.30230256262,1924.9815295011078
65138752010538,36,2005,2010,5,ne,hg_organon,48.85643005371094,101.26831817626952,9.405034065246582,1227.7568359375,1920.8974609375,72.47361841003203,1053.30230256262,1924.9815295011078
65138752010538,36,2005,2010,5,ne,hg_conus_sp,48.8591423034668,101.26827239990234,9.405296325683594,1196.357177734375,1860.5123291015625,72.47361841003203,1053.30230256262,1924.9815295011078
65138752010538,36,2005,2010,5,ne,hg_conus_clim,48.85975646972656,101.26825714111328,9.405359268188477,1199.4698486328125,1678.2340087890625,72.47361841003203,1053.30230256262,1924.9815295011078
58536264010538,42,2003,2009,6,ne,default,90.95711517333984,118.25186157226562,11.875463485717772,2572.119384765625,10571.884765625,31.05252994876061,726.0891114686659,5320.733487414362
58536264010538,42,2003,2009,6,ne,calibrated,91.14373779296876,118.76605224609376,11.8618803024292,2576.134033203125,10579.7626953125,31.05252994876061,726.0891114686659,5320.733487414362
58536264010538,42,2003,2009,6,ne,greg_dg,118.09329223632812,118.2276840209961,13.532852172851562,3424.689453125,15303.81640625,31.05252994876061,726.0891114686659,5320.733487414362
58536264010538,42,2003,2009,6,ne,hg_bayes,90.95862579345705,118.25186920166016,11.875563621520996,2718.653564453125,11278.4375,31.05252994876061,726.0891114686659,5320.733487414362
58536264010538,42,2003,2009,6,ne,hg_organon,90.95862579345705,118.25186920166016,11.875563621520996,2718.653564453125,11278.4375,31.05252994876061,726.0891114686659,5320.733487414362
58536264010538,42,2003,2009,6,ne,hg_conus_sp,90.95528411865234,118.25186157226562,11.875343322753906,2608.079833984375,10721.8505859375,31.05252994876061,726.0891114686659,5320.733487414362
58536264010538,42,2003,2009,6,ne,hg_conus_clim,90.9626693725586,118.25181579589844,11.87583065032959,2593.587890625,10572.5947265625,31.05252994876061,726.0891114686659,5320.733487414362
247105070010661,42,2013,2018,5,ne,default,39.56759262084961,41.67961502075195,13.193020820617676,1233.81298828125,5557.62060546875,48.74774825983608,834.161681034484,2989.654123562564
247105070010661,42,2013,2018,5,ne,calibrated,39.57671356201172,41.70600128173828,13.190366744995115,1233.986572265625,5558.16162109375,48.74774825983608,834.161681034484,2989.654123562564
247105070010661,42,2013,2018,5,ne,greg_dg,41.11979293823242,41.67918395996094,13.449376106262209,1285.9935302734375,5924.0947265625,48.74774825983608,834.161681034484,2989.654123562564
247105070010661,42,2013,2018,5,ne,hg_bayes,39.57067108154297,41.67960739135742,13.193532943725586,1258.4512939453125,5689.59814453125,48.74774825983608,834.161681034484,2989.654123562564
247105070010661,42,2013,2018,5,ne,hg_organon,39.57067108154297,41.67960739135742,13.193532943725586,1258.4512939453125,5689.59814453125,48.74774825983608,834.161681034484,2989.654123562564
247105070010661,42,2013,2018,5,ne,hg_conus_sp,39.568878173828125,41.67960739135742,13.193235397338867,1245.9705810546875,5444.30419921875,48.74774825983608,834.161681034484,2989.654123562564
247105070010661,42,2013,2018,5,ne,hg_conus_clim,39.56759262084961,41.67961502075195,13.193020820617676,1233.81298828125,5557.62060546875,48.74774825983608,834.161681034484,2989.654123562564
55881774010538,33,2002,2008,6,ne,default,96.84081268310548,148.74517822265625,10.92557144165039,2374.71044921875,9147.4912109375,52.48683374574773,786.416514097848,1350.560128067434
55881774010538,33,2002,2008,6,ne,calibrated,96.9620361328125,149.043701171875,10.92145538330078,2377.0283203125,9152.7646484375,52.48683374574773,786.416514097848,1350.560128067434
55881774010538,33,2002,2008,6,ne,greg_dg,111.24202728271484,148.74021911621094,11.70999240875244,2721.25341796875,11514.1005859375,52.48683374574773,786.416514097848,1350.560128067434
55881774010538,33,2002,2008,6,ne,hg_bayes,96.84263610839844,148.7451934814453,10.925671577453612,2566.4482421875,9782.8291015625,52.48683374574773,786.416514097848,1350.560128067434
55881774010538,33,2002,2008,6,ne,hg_organon,96.84263610839844,148.7451934814453,10.925671577453612,2566.4482421875,9782.8291015625,52.48683374574773,786.416514097848,1350.560128067434
55881774010538,33,2002,2008,6,ne,hg_conus_sp,96.85088348388672,148.74505615234375,10.926142692565918,2465.481201171875,9615.396484375,52.48683374574773,786.416514097848,1350.560128067434
55881774010538,33,2002,2008,6,ne,hg_conus_clim,96.84081268310548,148.74517822265625,10.92557144165039,2374.71044921875,9147.4912109375,52.48683374574773,786.416514097848,1350.560128067434
222095760010661,42,2011,2017,6,ne,default,175.48434448242188,123.35904693603516,16.14990234375,6151.07373046875,33989.8359375,16.71924918215366,258.29148918872403,1090.885204446184
222095760010661,42,2011,2017,6,ne,calibrated,173.35459899902344,120.98309326171876,16.208457946777344,6082.79833984375,33668.23046875,16.71924918215366,258.29148918872403,1090.885204446184
222095760010661,42,2011,2017,6,ne,greg_dg,176.70835876464844,122.30907440185548,16.275541305541992,6179.0322265625,33929.62890625,16.71924918215366,258.29148918872403,1090.885204446184
222095760010661,42,2011,2017,6,ne,hg_bayes,175.4713592529297,123.36206817626952,16.14910888671875,6521.13427734375,36299.94921875,16.71924918215366,258.29148918872403,1090.885204446184
222095760010661,42,2011,2017,6,ne,hg_organon,175.4713592529297,123.36206817626952,16.14910888671875,6521.13427734375,36299.94921875,16.71924918215366,258.29148918872403,1090.885204446184
222095760010661,42,2011,2017,6,ne,hg_conus_sp,175.48492431640625,123.3609390258789,16.14980697631836,6304.05224609375,35320.5078125,16.71924918215366,258.29148918872403,1090.885204446184
222095760010661,42,2011,2017,6,ne,hg_conus_clim,175.4676055908203,123.3648681640625,16.148752212524414,6159.7412109375,33985.01171875,16.71924918215366,258.29148918872403,1090.885204446184
70558158010538,23,2004,2009,5,ne,default,111.9057846069336,202.57907104492188,10.063875198364258,2614.52783203125,6944.3818359375,126.20990984294887,2086.4812221886,5018.560832066176
70558158010538,23,2004,2009,5,ne,calibrated,111.6771240234375,202.0098571777344,10.067740440368652,2610.347900390625,6937.50927734375,126.20990984294887,2086.4812221886,5018.560832066176
70558158010538,23,2004,2009,5,ne,greg_dg,122.05915832519533,202.57150268554688,10.510717391967772,2885.302734375,9243.880859375,126.20990984294887,2086.4812221886,5018.560832066176
70558158010538,23,2004,2009,5,ne,hg_bayes,111.90765380859376,202.5791931152344,10.063960075378418,2699.023681640625,6974.2666015625,126.20990984294887,2086.4812221886,5018.560832066176
70558158010538,23,2004,2009,5,ne,hg_organon,111.90765380859376,202.5791931152344,10.063960075378418,2699.023681640625,6974.2666015625,126.20990984294887,2086.4812221886,5018.560832066176
70558158010538,23,2004,2009,5,ne,hg_conus_sp,111.90767669677734,202.57916259765625,10.063957214355469,2616.537109375,6941.2177734375,126.20990984294887,2086.4812221886,5018.560832066176
70558158010538,23,2004,2009,5,ne,hg_conus_clim,111.9057846069336,202.57907104492188,10.063875198364258,2614.52783203125,6944.3818359375,126.20990984294887,2086.4812221886,5018.560832066176
222095156010661,42,2011,2017,6,ne,default,196.4862823486328,216.9686737060547,12.885577201843262,6414.4130859375,28516.873046875,,,
222095156010661,42,2011,2017,6,ne,calibrated,175.7111358642578,181.4213256835937,13.325754165649414,5872.99609375,26704.67578125,,,
222095156010661,42,2011,2017,6,ne,greg_dg,202.3067321777344,210.1186065673828,13.286458015441896,6632.88818359375,30599.685546875,,,
222095156010661,42,2011,2017,6,ne,hg_bayes,196.4781494140625,216.97222900390625,12.88520622253418,6775.9990234375,30420.748046875,,,
222095156010661,42,2011,2017,6,ne,hg_organon,196.4781494140625,216.97222900390625,12.88520622253418,6775.9990234375,30420.748046875,,,
222095156010661,42,2011,2017,6,ne,hg_conus_sp,196.4963836669922,216.9636688232422,12.886058807373049,6553.93408203125,29405.849609375,,,
222095156010661,42,2011,2017,6,ne,hg_conus_clim,196.4862823486328,216.9686737060547,12.885577201843262,6414.4130859375,28516.873046875,,,
145022619010661,36,2009,2014,5,ne,default,110.16070556640624,279.1954345703125,8.505414962768555,2553.30615234375,2041.144775390625,126.39746250031742,2434.318611989268,2483.787882906398
145022619010661,36,2009,2014,5,ne,calibrated,106.72530364990234,269.8818359375,8.514967918395996,2478.3681640625,2001.0921630859373,126.39746250031742,2434.318611989268,2483.787882906398
145022619010661,36,2009,2014,5,ne,greg_dg,117.9693374633789,279.1902770996094,8.801788330078125,2763.56298828125,2165.379638671875,126.39746250031742,2434.318611989268,2483.787882906398
145022619010661,36,2009,2014,5,ne,hg_bayes,110.16399383544922,279.1957092285156,8.505537986755371,2607.34912109375,2043.2581787109373,126.39746250031742,2434.318611989268,2483.787882906398
145022619010661,36,2009,2014,5,ne,hg_organon,110.16399383544922,279.1957092285156,8.505537986755371,2607.34912109375,2043.2581787109373,126.39746250031742,2434.318611989268,2483.787882906398
145022619010661,36,2009,2014,5,ne,hg_conus_sp,110.17860412597656,279.19561767578125,8.506104469299316,2522.6064453125,2015.6656494140625,126.39746250031742,2434.318611989268,2483.787882906398
145022619010661,36,2009,2014,5,ne,hg_conus_clim,110.16631317138672,279.1955871582031,8.505627632141113,2551.8544921875,2041.7093505859373,126.39746250031742,2434.318611989268,2483.787882906398
29637110020004,54,2013,2020,7,ne,default,188.71131896972656,169.79180908203125,14.2750244140625,7521.009765625,38882.58984375,215.2346210402792,5998.53170349902,26838.204206223127
29637110020004,54,2013,2020,7,ne,calibrated,163.43167114257812,129.0888671875,15.235613822937012,6758.9951171875,36513.0,215.2346210402792,5998.53170349902,26838.204206223127
29637110020004,54,2013,2020,7,ne,greg_dg,209.08062744140625,133.14041137695312,16.96829605102539,8808.42578125,51063.26171875,215.2346210402792,5998.53170349902,26838.204206223127
29637110020004,54,2013,2020,7,ne,hg_bayes,188.6912841796875,169.8016357421875,14.273850440979004,7664.6396484375,39478.23046875,215.2346210402792,5998.53170349902,26838.204206223127
29637110020004,54,2013,2020,7,ne,hg_organon,188.6912841796875,169.8016357421875,14.273850440979004,7664.6396484375,39478.23046875,215.2346210402792,5998.53170349902,26838.204206223127
29637110020004,54,2013,2020,7,ne,hg_conus_sp,188.73797607421875,169.77818298339844,14.276605606079102,7462.83154296875,38493.62890625,215.2346210402792,5998.53170349902,26838.204206223127
29637110020004,54,2013,2020,7,ne,hg_conus_clim,188.7270965576172,169.78379821777344,14.275960922241213,7507.20263671875,38915.6640625,215.2346210402792,5998.53170349902,26838.204206223127
221353403010661,24,2011,2017,6,ne,default,111.92801666259766,136.49949645996094,12.261402130126951,3450.85888671875,14923.318359375,113.37022818205584,2250.479589521154,9812.920196910745
221353403010661,24,2011,2017,6,ne,calibrated,111.95903778076172,136.58895874023438,12.259087562561035,3451.485595703125,14924.2353515625,113.37022818205584,2250.479589521154,9812.920196910745
221353403010661,24,2011,2017,6,ne,greg_dg,137.11648559570312,136.48638916015625,13.571768760681152,4168.38037109375,19632.443359375,113.37022818205584,2250.479589521154,9812.920196910745
221353403010661,24,2011,2017,6,ne,hg_bayes,111.92443084716795,136.4995574951172,12.261204719543455,3492.316650390625,15187.3173828125,113.37022818205584,2250.479589521154,9812.920196910745
221353403010661,24,2011,2017,6,ne,hg_organon,111.92443084716795,136.4995574951172,12.261204719543455,3492.316650390625,15187.3173828125,113.37022818205584,2250.479589521154,9812.920196910745
221353403010661,24,2011,2017,6,ne,hg_conus_sp,111.92273712158205,136.49952697753906,12.2611083984375,3396.649169921875,14760.6240234375,113.37022818205584,2250.479589521154,9812.920196910745
221353403010661,24,2011,2017,6,ne,hg_conus_clim,111.92981719970705,136.49951171875,12.26150131225586,3442.250732421875,14923.560546875,113.37022818205584,2250.479589521154,9812.920196910745
52820861010538,23,2000,2005,5,ne,default,156.26744079589844,279.00958251953125,10.133535385131836,3783.734130859375,12428.275390625,172.47183308670975,3579.4383747709,11513.069929052208
52820861010538,23,2000,2005,5,ne,calibrated,155.502685546875,277.0066833496094,10.145186424255373,3767.605712890625,12403.5673828125,172.47183308670975,3579.4383747709,11513.069929052208
52820861010538,23,2000,2005,5,ne,greg_dg,163.90023803710938,279.00244140625,10.37820053100586,3986.07373046875,13830.015625,172.47183308670975,3579.4383747709,11513.069929052208
52820861010538,23,2000,2005,5,ne,hg_bayes,156.26727294921875,279.00933837890625,10.133532524108888,3844.558837890625,12659.595703125,172.47183308670975,3579.4383747709,11513.069929052208
52820861010538,23,2000,2005,5,ne,hg_organon,156.26727294921875,279.00933837890625,10.133532524108888,3844.558837890625,12659.595703125,172.47183308670975,3579.4383747709,11513.069929052208
52820861010538,23,2000,2005,5,ne,hg_conus_sp,156.27532958984375,279.00933837890625,10.133792877197266,3749.048828125,12337.78515625,172.47183308670975,3579.4383747709,11513.069929052208
52820861010538,23,2000,2005,5,ne,hg_conus_clim,156.26963806152344,279.0093994140625,10.133615493774414,3766.19482421875,12398.3388671875,172.47183308670975,3579.4383747709,11513.069929052208
29637503020004,54,2013,2019,6,ne,default,66.25715637207031,76.87664794921875,12.57058334350586,2089.111572265625,8975.5556640625,85.32170046455897,1808.38855022803,7227.746702269476
29637503020004,54,2013,2019,6,ne,calibrated,66.54947662353516,77.45573425292969,12.551102638244627,2096.037841796875,8995.5576171875,85.32170046455897,1808.38855022803,7227.746702269476
29637503020004,54,2013,2019,6,ne,greg_dg,65.2951889038086,76.87743377685547,12.478930473327637,2071.189453125,9320.83984375,85.32170046455897,1808.38855022803,7227.746702269476
29637503020004,54,2013,2019,6,ne,hg_bayes,66.24870300292969,76.87663269042969,12.569785118103027,2100.78173828125,9167.98046875,85.32170046455897,1808.38855022803,7227.746702269476
29637503020004,54,2013,2019,6,ne,hg_organon,66.24870300292969,76.87663269042969,12.569785118103027,2100.78173828125,9167.98046875,85.32170046455897,1808.38855022803,7227.746702269476
29637503020004,54,2013,2019,6,ne,hg_conus_sp,66.24992370605469,76.8766860961914,12.56989574432373,2053.49755859375,8931.09375,85.32170046455897,1808.38855022803,7227.746702269476
29637503020004,54,2013,2019,6,ne,hg_conus_clim,66.2568359375,76.87661743164062,12.570555686950684,2090.360107421875,8975.525390625,85.32170046455897,1808.38855022803,7227.746702269476
55934057010538,25,2004,2009,5,ne,default,155.45733642578125,208.07662963867188,11.70389175415039,4426.12255859375,13373.9453125,172.3866125860491,3397.95255272189,8704.155287527872
55934057010538,25,2004,2009,5,ne,calibrated,151.28921508789062,199.8855133056641,11.78011703491211,4330.90185546875,13210.85546875,172.3866125860491,3397.95255272189,8704.155287527872
55934057010538,25,2004,2009,5,ne,greg_dg,161.2041473388672,203.0696563720703,12.064291000366213,4627.42724609375,15464.599609375,172.3866125860491,3397.95255272189,8704.155287527872
55934057010538,25,2004,2009,5,ne,hg_bayes,155.46151733398438,208.0746154785156,11.704102516174316,4494.82861328125,14070.9931640625,172.3866125860491,3397.95255272189,8704.155287527872
55934057010538,25,2004,2009,5,ne,hg_organon,155.46151733398438,208.0746154785156,11.704102516174316,4494.82861328125,14070.9931640625,172.3866125860491,3397.95255272189,8704.155287527872
55934057010538,25,2004,2009,5,ne,hg_conus_sp,155.4697265625,208.0712432861328,11.704507827758787,4387.3056640625,13530.6650390625,172.3866125860491,3397.95255272189,8704.155287527872
55934057010538,25,2004,2009,5,ne,hg_conus_clim,155.4747314453125,208.0688323974609,11.70476531982422,4433.5419921875,13573.4306640625,172.3866125860491,3397.95255272189,8704.155287527872
168997362010661,42,2010,2015,5,ne,default,90.99040222167967,130.90487670898438,11.289019584655762,2633.058837890625,8781.8271484375,102.32809809525573,1701.672069093714,4020.979828049166
168997362010661,42,2010,2015,5,ne,calibrated,91.03459930419922,130.99917602539062,11.28769588470459,2634.162353515625,8784.0166015625,102.32809809525573,1701.672069093714,4020.979828049166
168997362010661,42,2010,2015,5,ne,greg_dg,93.3080062866211,130.90542602539062,11.431862831115724,2697.169677734375,9291.4501953125,102.32809809525573,1701.672069093714,4020.979828049166
168997362010661,42,2010,2015,5,ne,hg_bayes,90.98773956298828,130.90489196777344,11.28885269165039,2697.3310546875,9251.3603515625,102.32809809525573,1701.672069093714,4020.979828049166
168997362010661,42,2010,2015,5,ne,hg_organon,90.98773956298828,130.90489196777344,11.28885269165039,2697.3310546875,9251.3603515625,102.32809809525573,1701.672069093714,4020.979828049166
168997362010661,42,2010,2015,5,ne,hg_conus_sp,90.9951629638672,130.90493774414062,11.289310455322266,2637.90478515625,8843.4833984375,102.32809809525573,1701.672069093714,4020.979828049166
168997362010661,42,2010,2015,5,ne,hg_conus_clim,90.99115753173828,130.90489196777344,11.289063453674316,2649.89013671875,9003.0537109375,102.32809809525573,1701.672069093714,4020.979828049166
52831376010538,23,2000,2005,5,ne,default,124.51554107666016,296.5338439941406,8.77426528930664,2314.061279296875,4727.9580078125,130.29047330243844,1968.227334436074,3902.674985501158
52831376010538,23,2000,2005,5,ne,calibrated,124.29995727539062,295.793212890625,8.77763557434082,2310.955810546875,4725.52001953125,130.29047330243844,1968.227334436074,3902.674985501158
52831376010538,23,2000,2005,5,ne,greg_dg,123.4707260131836,296.53369140625,8.737381935119629,2308.611083984375,4469.60546875,130.29047330243844,1968.227334436074,3902.674985501158
52831376010538,23,2000,2005,5,ne,hg_bayes,124.50658416748048,296.5340270996094,8.773951530456543,2400.953125,4552.98681640625,130.29047330243844,1968.227334436074,3902.674985501158
52831376010538,23,2000,2005,5,ne,hg_organon,124.50658416748048,296.5340270996094,8.773951530456543,2400.953125,4552.98681640625,130.29047330243844,1968.227334436074,3902.674985501158
52831376010538,23,2000,2005,5,ne,hg_conus_sp,124.51156616210938,296.5339660644531,8.774125099182129,2345.45703125,4661.77197265625,130.29047330243844,1968.227334436074,3902.674985501158
52831376010538,23,2000,2005,5,ne,hg_conus_clim,124.51288604736328,296.533935546875,8.774177551269531,2329.052978515625,4727.79345703125,130.29047330243844,1968.227334436074,3902.674985501158
16264768020004,42,2013,2019,6,ne,default,150.8030242919922,231.57928466796875,10.926761627197266,3491.299072265625,8424.4775390625,161.91061492704108,2895.282935613682,8255.265968588894
16264768020004,42,2013,2019,6,ne,calibrated,151.17076110839844,232.291015625,10.923309326171877,3498.4287109375,8433.271484375,161.91061492704108,2895.282935613682,8255.265968588894
16264768020004,42,2013,2019,6,ne,greg_dg,162.83285522460938,220.67214965820312,11.631437301635742,3813.72607421875,11179.1435546875,161.91061492704108,2895.282935613682,8255.265968588894
16264768020004,42,2013,2019,6,ne,hg_bayes,150.7899627685547,231.58084106445312,10.92625617980957,3685.392578125,9099.615234375,161.91061492704108,2895.282935613682,8255.265968588894
16264768020004,42,2013,2019,6,ne,hg_organon,150.7899627685547,231.58084106445312,10.92625617980957,3685.392578125,9099.615234375,161.91061492704108,2895.282935613682,8255.265968588894
16264768020004,42,2013,2019,6,ne,hg_conus_sp,150.88088989257812,231.53082275390625,10.930726051330566,3515.454345703125,8627.71875,161.91061492704108,2895.282935613682,8255.265968588894
16264768020004,42,2013,2019,6,ne,hg_conus_clim,150.8134765625,231.572982788086,10.927289962768556,3491.052490234375,8425.1103515625,161.91061492704108,2895.282935613682,8255.265968588894
68280368010538,42,2005,2010,5,ne,default,145.8914794921875,286.9960021972656,9.654136657714844,4086.298828125,8245.138671875,147.2189703123861,3178.82896828198,6047.897752891158
68280368010538,42,2005,2010,5,ne,calibrated,145.46902465820312,285.8433837890625,9.659561157226562,4077.182861328125,8238.8427734375,147.2189703123861,3178.82896828198,6047.897752891158
68280368010538,42,2005,2010,5,ne,greg_dg,151.80662536621094,280.9818725585937,9.952733993530272,4308.01025390625,10046.1982421875,147.2189703123861,3178.82896828198,6047.897752891158
68280368010538,42,2005,2010,5,ne,hg_bayes,145.89024353027344,286.9970397949219,9.654074668884276,4100.85791015625,8162.0048828125,147.2189703123861,3178.82896828198,6047.897752891158
68280368010538,42,2005,2010,5,ne,hg_organon,145.89024353027344,286.9970397949219,9.654074668884276,4100.85791015625,8162.0048828125,147.2189703123861,3178.82896828198,6047.897752891158
68280368010538,42,2005,2010,5,ne,hg_conus_sp,145.9176025390625,286.9813537597656,9.655245780944824,3985.014892578125,7946.7548828125,147.2189703123861,3178.82896828198,6047.897752891158
68280368010538,42,2005,2010,5,ne,hg_conus_clim,145.8914794921875,286.9960021972656,9.654136657714844,4086.298828125,8245.138671875,147.2189703123861,3178.82896828198,6047.897752891158
145021957010661,36,2009,2014,5,ne,default,119.68622589111328,261.4833984375,9.160862922668455,2324.406005859375,6976.89892578125,150.8517895771085,1971.75563055323,4902.099503567394
145021957010661,36,2009,2014,5,ne,calibrated,119.51798248291016,260.9643249511719,9.163517951965332,2321.910888671875,6974.375,150.8517895771085,1971.75563055323,4902.099503567394
145021957010661,36,2009,2014,5,ne,greg_dg,118.2410659790039,261.4826354980469,9.10539722442627,2287.380126953125,6764.12353515625,150.8517895771085,1971.75563055323,4902.099503567394
145021957010661,36,2009,2014,5,ne,hg_bayes,119.70181274414062,261.48345947265625,9.161456108093262,2369.073974609375,7072.978515625,150.8517895771085,1971.75563055323,4902.099503567394
145021957010661,36,2009,2014,5,ne,hg_organon,119.70181274414062,261.48345947265625,9.161456108093262,2369.073974609375,7072.978515625,150.8517895771085,1971.75563055323,4902.099503567394
145021957010661,36,2009,2014,5,ne,hg_conus_sp,119.69558715820312,261.4835205078125,9.161218643188477,2293.055419921875,6977.27685546875,150.8517895771085,1971.75563055323,4902.099503567394
145021957010661,36,2009,2014,5,ne,hg_conus_clim,119.6865463256836,261.4833984375,9.160879135131836,2319.2900390625,6916.73876953125,150.8517895771085,1971.75563055323,4902.099503567394
168997872010661,42,2010,2016,6,ne,default,49.687870025634766,71.32270050048828,11.301797866821287,1205.696044921875,4074.4892578125,76.97899099863469,1000.670253588236,4513.880302941206
168997872010661,42,2010,2016,6,ne,calibrated,49.86013412475586,71.76258087158203,11.286619186401367,1208.5970458984375,4077.323974609375,76.97899099863469,1000.670253588236,4513.880302941206
168997872010661,42,2010,2016,6,ne,greg_dg,51.272891998291016,71.3209228515625,11.480790138244627,1242.180419921875,4431.44482421875,76.97899099863469,1000.670253588236,4513.880302941206
168997872010661,42,2010,2016,6,ne,hg_bayes,49.68988800048828,71.32270050048828,11.302026748657228,1311.226806640625,4501.0419921875,76.97899099863469,1000.670253588236,4513.880302941206
168997872010661,42,2010,2016,6,ne,hg_organon,49.68988800048828,71.32270050048828,11.302026748657228,1311.226806640625,4501.0419921875,76.97899099863469,1000.670253588236,4513.880302941206
168997872010661,42,2010,2016,6,ne,hg_conus_sp,49.69015884399414,71.32266998291016,11.30206298828125,1275.291748046875,4339.02490234375,76.97899099863469,1000.670253588236,4513.880302941206
168997872010661,42,2010,2016,6,ne,hg_conus_clim,49.687870025634766,71.32270050048828,11.301797866821287,1205.696044921875,4074.4892578125,76.97899099863469,1000.670253588236,4513.880302941206
118182155010661,36,2008,2013,5,ne,default,182.20314025878903,233.39308166503903,11.963831901550291,4746.04345703125,20409.357421875,169.51053330803157,3781.22983627966,15120.833103920731
118182155010661,36,2008,2013,5,ne,calibrated,173.76727294921875,212.90318298339844,12.232892036437988,4591.47021484375,20043.779296875,169.51053330803157,3781.22983627966,15120.833103920731
118182155010661,36,2008,2013,5,ne,greg_dg,186.2982482910156,230.4309234619141,12.17503547668457,4898.70166015625,21770.341796875,169.51053330803157,3781.22983627966,15120.833103920731
118182155010661,36,2008,2013,5,ne,hg_bayes,182.1935272216797,233.3972320556641,11.963406562805176,5003.51123046875,21254.298828125,169.51053330803157,3781.22983627966,15120.833103920731
118182155010661,36,2008,2013,5,ne,hg_organon,182.1935272216797,233.3972320556641,11.963406562805176,5003.51123046875,21254.298828125,169.51053330803157,3781.22983627966,15120.833103920731
118182155010661,36,2008,2013,5,ne,hg_conus_sp,182.2021331787109,233.3937530517578,11.963778495788574,4824.8046875,21053.8125,169.51053330803157,3781.22983627966,15120.833103920731
118182155010661,36,2008,2013,5,ne,hg_conus_clim,182.1931304931641,233.3979339599609,11.963380813598633,4794.875,20731.271484375,169.51053330803157,3781.22983627966,15120.833103920731
15666255020004,23,2013,2018,5,ne,default,74.59662628173828,195.89761352539065,8.355673789978027,1433.414306640625,2603.915771484375,78.00891360372655,987.8945377167901,1883.9226463742662
15666255020004,23,2013,2018,5,ne,calibrated,74.02494812011719,193.75245666503903,8.369543075561523,1424.395751953125,2597.41796875,78.00891360372655,987.8945377167901,1883.9226463742662
15666255020004,23,2013,2018,5,ne,greg_dg,72.94540405273438,195.8980865478516,8.262667655944824,1400.7869873046875,2603.9150390625,78.00891360372655,987.8945377167901,1883.9226463742662
15666255020004,23,2013,2018,5,ne,hg_bayes,74.59197998046875,195.89761352539065,8.355411529541016,1452.8662109375,2556.033935546875,78.00891360372655,987.8945377167901,1883.9226463742662
15666255020004,23,2013,2018,5,ne,hg_organon,74.59197998046875,195.89761352539065,8.355411529541016,1452.8662109375,2556.033935546875,78.00891360372655,987.8945377167901,1883.9226463742662
15666255020004,23,2013,2018,5,ne,hg_conus_sp,74.60035705566406,195.8975372314453,8.355881690979004,1430.954345703125,2603.97314453125,78.00891360372655,987.8945377167901,1883.9226463742662
15666255020004,23,2013,2018,5,ne,hg_conus_clim,74.59672546386719,195.89764404296875,8.35567569732666,1421.5660400390625,2603.868896484375,78.00891360372655,987.8945377167901,1883.9226463742662
171871847020004,50,2014,2021,7,ne,default,131.5965576171875,165.10018920898438,12.08884334564209,3392.17333984375,12762.5048828125,133.8225795692248,1793.457037882372,4841.463080294158
171871847020004,50,2014,2021,7,ne,calibrated,131.05430603027344,163.77569580078125,12.112592697143556,3381.35986328125,12755.484375,133.8225795692248,1793.457037882372,4841.463080294158
171871847020004,50,2014,2021,7,ne,greg_dg,138.5290069580078,161.56951904296875,12.537960052490234,3580.617431640625,13698.8876953125,133.8225795692248,1793.457037882372,4841.463080294158
171871847020004,50,2014,2021,7,ne,hg_bayes,131.6092529296875,165.1002960205078,12.089422225952148,3531.2021484375,13251.37109375,133.8225795692248,1793.457037882372,4841.463080294158
171871847020004,50,2014,2021,7,ne,hg_organon,131.6092529296875,165.1002960205078,12.089422225952148,3531.2021484375,13251.37109375,133.8225795692248,1793.457037882372,4841.463080294158
171871847020004,50,2014,2021,7,ne,hg_conus_sp,131.60498046875,165.10031127929688,12.089225769042969,3358.32373046875,12866.3896484375,133.8225795692248,1793.457037882372,4841.463080294158
171871847020004,50,2014,2021,7,ne,hg_conus_clim,131.5948028564453,165.1001739501953,12.088760375976562,3412.56689453125,12932.6943359375,133.8225795692248,1793.457037882372,4841.463080294158
145006455010661,24,2009,2015,6,ne,default,110.3477020263672,106.96379852294922,13.75306510925293,3856.62353515625,19948.537109375,135.13327046433892,3696.59101426784,17658.715390889283
145006455010661,24,2009,2015,6,ne,calibrated,110.63200378417967,107.6242904663086,13.728450775146484,3863.906982421875,19962.654296875,135.13327046433892,3696.59101426784,17658.715390889283
145006455010661,24,2009,2015,6,ne,greg_dg,217.3350830078125,64.15641784667969,24.921899795532227,7827.3251953125,51669.1015625,135.13327046433892,3696.59101426784,17658.715390889283
145006455010661,24,2009,2015,6,ne,hg_bayes,110.34040832519533,106.96383666992188,13.752607345581056,3994.79736328125,20785.15625,135.13327046433892,3696.59101426784,17658.715390889283
145006455010661,24,2009,2015,6,ne,hg_organon,110.34040832519533,106.96383666992188,13.752607345581056,3994.79736328125,20785.15625,135.13327046433892,3696.59101426784,17658.715390889283
145006455010661,24,2009,2015,6,ne,hg_conus_sp,110.34439849853516,106.96382904052734,13.75286102294922,3873.69482421875,20210.08984375,135.13327046433892,3696.59101426784,17658.715390889283
145006455010661,24,2009,2015,6,ne,hg_conus_clim,110.3477020263672,106.96379852294922,13.75306510925293,3856.62353515625,19948.537109375,135.13327046433892,3696.59101426784,17658.715390889283
306336171489998,54,2016,2024,8,ne,default,81.42903137207031,118.41423797607422,11.228556632995604,2224.20556640625,6380.2294921875,62.958408349406426,1258.372527929192,3023.052696116466
306336171489998,54,2016,2024,8,ne,calibrated,81.57232666015625,118.78128814697266,11.221055030822754,2227.531494140625,6385.90869140625,62.958408349406426,1258.372527929192,3023.052696116466
306336171489998,54,2016,2024,8,ne,greg_dg,85.39173889160156,118.40716552734376,11.498872756958008,2305.857177734375,6822.69921875,62.958408349406426,1258.372527929192,3023.052696116466
306336171489998,54,2016,2024,8,ne,hg_bayes,81.4314193725586,118.41414642333984,11.22872543334961,2314.18701171875,6938.44873046875,62.958408349406426,1258.372527929192,3023.052696116466
306336171489998,54,2016,2024,8,ne,hg_organon,81.4314193725586,118.41414642333984,11.22872543334961,2314.18701171875,6938.44873046875,62.958408349406426,1258.372527929192,3023.052696116466
306336171489998,54,2016,2024,8,ne,hg_conus_sp,81.44168853759766,118.4141616821289,11.229433059692385,2231.274169921875,6376.14453125,62.958408349406426,1258.372527929192,3023.052696116466
306336171489998,54,2016,2024,8,ne,hg_conus_clim,81.42929077148438,118.41419219970705,11.2285795211792,2222.87890625,6380.646484375,62.958408349406426,1258.372527929192,3023.052696116466
15806253020004,36,2013,2019,6,ne,default,21.3765926361084,29.539907455444336,11.518632888793944,648.254638671875,2696.98291015625,23.30734390149458,535.077083684416,1633.080655607102
15806253020004,36,2013,2019,6,ne,calibrated,21.485105514526367,29.684858322143555,11.519603729248049,651.5900268554688,2711.01220703125,23.30734390149458,535.077083684416,1633.080655607102
15806253020004,36,2013,2019,6,ne,greg_dg,23.80320167541504,29.53864097595215,12.155105590820312,723.7916259765625,3050.9326171875,23.30734390149458,535.077083684416,1633.080655607102
15806253020004,36,2013,2019,6,ne,hg_bayes,21.363882064819336,29.539915084838867,11.51520824432373,684.2939453125,2918.40576171875,23.30734390149458,535.077083684416,1633.080655607102
15806253020004,36,2013,2019,6,ne,hg_organon,21.363882064819336,29.539915084838867,11.51520824432373,684.2939453125,2918.40576171875,23.30734390149458,535.077083684416,1633.080655607102
15806253020004,36,2013,2019,6,ne,hg_conus_sp,21.37523078918457,29.539915084838867,11.518264770507812,671.9486694335938,2838.00830078125,23.30734390149458,535.077083684416,1633.080655607102
15806253020004,36,2013,2019,6,ne,hg_conus_clim,21.35262489318848,29.5399227142334,11.512171745300291,655.1331787109375,2692.122314453125,23.30734390149458,535.077083684416,1633.080655607102
65139485010538,36,2004,2010,6,ne,default,17.078590393066406,35.696964263916016,9.365838050842283,244.18370056152344,526.5166015625,28.04313425863157,300.76457701729004,0.0
65139485010538,36,2004,2010,6,ne,calibrated,17.12706184387207,35.82545852661133,9.362284660339355,244.8560791015625,527.4815063476562,28.04313425863157,300.76457701729004,0.0
65139485010538,36,2004,2010,6,ne,greg_dg,19.23682403564453,35.69626235961914,9.940118789672852,276.49932861328125,747.8843383789062,28.04313425863157,300.76457701729004,0.0
65139485010538,36,2004,2010,6,ne,hg_bayes,17.074932098388672,35.69696807861328,9.364835739135742,278.9656982421875,651.8104248046875,28.04313425863157,300.76457701729004,0.0
65139485010538,36,2004,2010,6,ne,hg_organon,17.074932098388672,35.69696807861328,9.364835739135742,278.9656982421875,651.8104248046875,28.04313425863157,300.76457701729004,0.0
65139485010538,36,2004,2010,6,ne,hg_conus_sp,17.078649520874023,35.69696044921875,9.365854263305664,259.6473999023437,592.3363647460938,28.04313425863157,300.76457701729004,0.0
65139485010538,36,2004,2010,6,ne,hg_conus_clim,17.078590393066406,35.696964263916016,9.365838050842283,244.18370056152344,526.5166015625,28.04313425863157,300.76457701729004,0.0
16365413020004,50,2013,2020,7,ne,default,23.56817054748535,59.417423248291016,8.527904510498047,556.0328369140625,0.0,16.333478177748873,233.40534039504,416.073371472474
16365413020004,50,2013,2020,7,ne,calibrated,23.39800453186035,58.91453552246094,8.533249855041504,552.1026000976562,0.0,16.333478177748873,233.40534039504,416.073371472474
16365413020004,50,2013,2020,7,ne,greg_dg,30.1210994720459,59.40608215332031,9.64175796508789,725.5783081054688,654.4306030273438,16.333478177748873,233.40534039504,416.073371472474
16365413020004,50,2013,2020,7,ne,hg_bayes,23.56528663635254,59.41740036010742,8.527384757995605,604.6512451171875,0.0,16.333478177748873,233.40534039504,416.073371472474
16365413020004,50,2013,2020,7,ne,hg_organon,23.56528663635254,59.41740036010742,8.527384757995605,604.6512451171875,0.0,16.333478177748873,233.40534039504,416.073371472474
16365413020004,50,2013,2020,7,ne,hg_conus_sp,23.568628311157227,59.41741943359375,8.527987480163574,589.8685913085938,0.0,16.333478177748873,233.40534039504,416.073371472474
16365413020004,50,2013,2020,7,ne,hg_conus_clim,23.56684875488281,59.417388916015625,8.527667999267578,559.5338745117188,0.0,16.333478177748873,233.40534039504,416.073371472474
251021748489998,42,2015,2022,7,ne,default,37.7345085144043,88.9249496459961,8.820512771606445,902.831787109375,750.6995239257812,63.204631870515,753.593730131088,659.220465956336
251021748489998,42,2015,2022,7,ne,calibrated,37.314247131347656,87.62335968017578,8.836164474487305,896.1679077148438,749.1294555664062,63.204631870515,753.593730131088,659.220465956336
251021748489998,42,2015,2022,7,ne,greg_dg,52.14372253417969,88.90311431884766,10.369999885559082,1293.88671875,2549.546630859375,63.204631870515,753.593730131088,659.220465956336
251021748489998,42,2015,2022,7,ne,hg_bayes,37.73472595214844,88.92501068115234,8.820533752441406,971.162109375,810.7850952148438,63.204631870515,753.593730131088,659.220465956336
251021748489998,42,2015,2022,7,ne,hg_organon,37.73472595214844,88.92501068115234,8.820533752441406,971.162109375,810.7850952148438,63.204631870515,753.593730131088,659.220465956336
251021748489998,42,2015,2022,7,ne,hg_conus_sp,37.73492431640625,88.9250259399414,8.820557594299316,952.910888671875,780.7421264648438,63.204631870515,753.593730131088,659.220465956336
251021748489998,42,2015,2022,7,ne,hg_conus_clim,37.7345085144043,88.9249496459961,8.820512771606445,902.831787109375,750.6995239257812,63.204631870515,753.593730131088,659.220465956336
171920269020004,54,2015,2022,7,ne,default,24.447751998901367,47.48931503295898,9.71533489227295,589.3729858398438,1861.4583740234373,18.76248313441208,468.258129177908,1355.3048939488922
171920269020004,54,2015,2022,7,ne,calibrated,24.511323928833008,47.67132186889648,9.70937156677246,590.7776489257812,1863.8079833984373,18.76248313441208,468.258129177908,1355.3048939488922
171920269020004,54,2015,2022,7,ne,greg_dg,28.85522651672364,47.48788833618164,10.554970741271973,700.7572021484375,2766.82177734375,18.76248313441208,468.258129177908,1355.3048939488922
171920269020004,54,2015,2022,7,ne,hg_bayes,24.4460506439209,47.48931121826172,9.71499729156494,643.4315185546875,2030.6688232421875,18.76248313441208,468.258129177908,1355.3048939488922
171920269020004,54,2015,2022,7,ne,hg_organon,24.4460506439209,47.48931121826172,9.71499729156494,643.4315185546875,2030.6688232421875,18.76248313441208,468.258129177908,1355.3048939488922
171920269020004,54,2015,2022,7,ne,hg_conus_sp,24.44774436950684,47.48930740356445,9.715333938598633,626.8932495117188,2030.3148193359373,18.76248313441208,468.258129177908,1355.3048939488922
171920269020004,54,2015,2022,7,ne,hg_conus_clim,24.447751998901367,47.48931503295898,9.71533489227295,589.3729858398438,1861.4583740234373,18.76248313441208,468.258129177908,1355.3048939488922
145019521010661,42,2009,2015,6,ne,default,129.85787963867188,100.94789123535156,15.35754680633545,5032.94189453125,27073.505859375,137.0447731595527,4191.113406719294,21166.510486704097
145019521010661,42,2009,2015,6,ne,calibrated,128.6294403076172,98.49905395507812,15.473565101623535,4997.05419921875,26980.75,137.0447731595527,4191.113406719294,21166.510486704097
145019521010661,42,2009,2015,6,ne,greg_dg,180.3269500732422,79.98589324951172,20.331052780151367,7099.13525390625,43489.93359375,137.0447731595527,4191.113406719294,21166.510486704097
145019521010661,42,2009,2015,6,ne,hg_bayes,129.8599853515625,100.94786834716795,15.357671737670898,5206.60595703125,27866.138671875,137.0447731595527,4191.113406719294,21166.510486704097
145019521010661,42,2009,2015,6,ne,hg_organon,129.8599853515625,100.94786834716795,15.357671737670898,5206.60595703125,27866.138671875,137.0447731595527,4191.113406719294,21166.510486704097
145019521010661,42,2009,2015,6,ne,hg_conus_sp,129.86436462402344,100.9478530883789,15.357933044433594,5083.36279296875,27398.935546875,137.0447731595527,4191.113406719294,21166.510486704097
145019521010661,42,2009,2015,6,ne,hg_conus_clim,129.8631591796875,100.9478530883789,15.35785961151123,5036.50732421875,27074.3125,137.0447731595527,4191.113406719294,21166.510486704097
304152051489998,25,2016,2023,7,ne,default,101.08367919921876,124.34378051757812,12.208571434020996,2747.638916015625,9566.0517578125,88.65699923312265,1646.04125788776,5798.759904245906
304152051489998,25,2016,2023,7,ne,calibrated,101.08168029785156,124.33934783935548,12.208663940429688,2747.591796875,9565.9453125,88.65699923312265,1646.04125788776,5798.759904245906
304152051489998,25,2016,2023,7,ne,greg_dg,116.6596221923828,124.3280792236328,13.11631965637207,3171.249755859375,12771.6201171875,88.65699923312265,1646.04125788776,5798.759904245906
304152051489998,25,2016,2023,7,ne,hg_bayes,101.07427215576172,124.34375,12.208001136779783,2890.705322265625,10077.447265625,88.65699923312265,1646.04125788776,5798.759904245906
304152051489998,25,2016,2023,7,ne,hg_organon,101.07427215576172,124.34375,12.208001136779783,2890.705322265625,10077.447265625,88.65699923312265,1646.04125788776,5798.759904245906
304152051489998,25,2016,2023,7,ne,hg_conus_sp,101.07838439941406,124.34373474121094,12.208252906799316,2781.304931640625,9686.5771484375,88.65699923312265,1646.04125788776,5798.759904245906
304152051489998,25,2016,2023,7,ne,hg_conus_clim,101.08367919921876,124.34378051757812,12.208571434020996,2748.874267578125,9566.0517578125,88.65699923312265,1646.04125788776,5798.759904245906
15806960020004,36,2013,2020,7,ne,default,95.96556854248048,165.42161560058594,10.313302993774414,2501.327880859375,6609.78857421875,98.36753603006612,1891.163029733418,4886.3384697791425
15806960020004,36,2013,2020,7,ne,calibrated,96.19556427001952,166.01394653320312,10.307221412658691,2506.79443359375,6589.7890625,98.36753603006612,1891.163029733418,4886.3384697791425
15806960020004,36,2013,2020,7,ne,greg_dg,102.3675308227539,165.4192352294922,10.651837348937988,2664.055908203125,7176.81103515625,98.36753603006612,1891.163029733418,4886.3384697791425
15806960020004,36,2013,2020,7,ne,hg_bayes,95.96512603759766,165.42164611816406,10.31328296661377,2605.11474609375,6881.99072265625,98.36753603006612,1891.163029733418,4886.3384697791425
15806960020004,36,2013,2020,7,ne,hg_organon,95.96512603759766,165.42164611816406,10.31328296661377,2605.11474609375,6881.99072265625,98.36753603006612,1891.163029733418,4886.3384697791425
15806960020004,36,2013,2020,7,ne,hg_conus_sp,95.97570037841795,165.42161560058594,10.313852310180664,2472.41162109375,6603.390625,98.36753603006612,1891.163029733418,4886.3384697791425
15806960020004,36,2013,2020,7,ne,hg_conus_clim,95.96470642089844,165.42164611816406,10.31325912475586,2514.773193359375,6552.763671875,98.36753603006612,1891.163029733418,4886.3384697791425
53053502010538,23,2003,2008,5,ne,default,62.02565002441406,118.76437377929688,9.785406112670898,1329.63818359375,4586.79833984375,62.83685155604934,491.546155766062,921.6258372282459
53053502010538,23,2003,2008,5,ne,calibrated,61.97895812988281,118.59283447265624,9.788795471191406,1328.8624267578125,4585.607421875,62.83685155604934,491.546155766062,921.6258372282459
53053502010538,23,2003,2008,5,ne,greg_dg,62.72520446777344,118.76321411132812,9.840481758117676,1345.2066650390625,4628.2890625,62.83685155604934,491.546155766062,921.6258372282459
53053502010538,23,2003,2008,5,ne,hg_bayes,62.02058792114258,118.764404296875,9.785006523132324,1380.690673828125,4712.63232421875,62.83685155604934,491.546155766062,921.6258372282459
53053502010538,23,2003,2008,5,ne,hg_organon,62.02058792114258,118.764404296875,9.785006523132324,1380.690673828125,4712.63232421875,62.83685155604934,491.546155766062,921.6258372282459
53053502010538,23,2003,2008,5,ne,hg_conus_sp,62.02622604370117,118.76441955566406,9.78545093536377,1352.73388671875,4646.96630859375,62.83685155604934,491.546155766062,921.6258372282459
53053502010538,23,2003,2008,5,ne,hg_conus_clim,62.02569961547852,118.76438903808594,9.785411834716797,1330.83203125,4586.78515625,62.83685155604934,491.546155766062,921.6258372282459
75814422010538,23,2006,2011,5,ne,default,54.55606460571289,112.96275329589844,9.410012245178224,1246.6473388671875,3221.42578125,58.3668086043926,1098.76545052824,2909.993573635048
75814422010538,23,2006,2011,5,ne,calibrated,54.44346237182617,112.60614013671876,9.415168762207031,1244.67333984375,3219.9345703125,58.3668086043926,1098.76545052824,2909.993573635048
75814422010538,23,2006,2011,5,ne,greg_dg,56.809547424316406,112.96028137207033,9.602494239807127,1301.6944580078125,3749.089111328125,58.3668086043926,1098.76545052824,2909.993573635048
75814422010538,23,2006,2011,5,ne,hg_bayes,54.55297470092773,112.96273803710938,9.409744262695312,1287.6024169921875,3598.1953125,58.3668086043926,1098.76545052824,2909.993573635048
75814422010538,23,2006,2011,5,ne,hg_organon,54.55297470092773,112.96273803710938,9.409744262695312,1287.6024169921875,3598.1953125,58.3668086043926,1098.76545052824,2909.993573635048
75814422010538,23,2006,2011,5,ne,hg_conus_sp,54.55654525756836,112.96269989013672,9.410056114196776,1251.607666015625,3609.181396484375,58.3668086043926,1098.76545052824,2909.993573635048
75814422010538,23,2006,2011,5,ne,hg_conus_clim,54.55615234375,112.96269989013672,9.410021781921388,1244.8756103515625,3221.4404296875,58.3668086043926,1098.76545052824,2909.993573635048
511304765126144,34,2019,2025,6,ne,default,33.10738754272461,41.38521194458008,12.110891342163086,909.0909423828124,3605.586669921875,,,
511304765126144,34,2019,2025,6,ne,calibrated,33.16461944580078,41.49146270751953,12.105826377868652,910.5282592773438,3611.57861328125,,,
511304765126144,34,2019,2025,6,ne,greg_dg,37.4118766784668,41.38261795043945,12.874552726745604,1028.2513427734375,4585.84619140625,,,
511304765126144,34,2019,2025,6,ne,hg_bayes,33.100738525390625,41.385196685791016,12.109678268432615,973.3250732421876,3866.51708984375,,,
511304765126144,34,2019,2025,6,ne,hg_organon,33.100738525390625,41.385196685791016,12.109678268432615,973.3250732421876,3866.51708984375,,,
511304765126144,34,2019,2025,6,ne,hg_conus_sp,33.10839080810547,41.38519287109375,12.111080169677734,943.3096313476562,3736.949951171875,,,
511304765126144,34,2019,2025,6,ne,hg_conus_clim,33.118839263916016,41.38519287109375,12.112988471984863,950.4338989257812,3737.420166015625,,,
53964317010538,36,2004,2009,5,ne,default,87.04689025878906,208.2899169921875,8.753439903259277,1909.47412109375,2112.30029296875,81.5673244064795,1690.648892470112,2719.839436362236
53964317010538,36,2004,2009,5,ne,calibrated,86.9175796508789,207.92697143554688,8.75456714630127,1907.3134765625,2109.546142578125,81.5673244064795,1690.648892470112,2719.839436362236
53964317010538,36,2004,2009,5,ne,greg_dg,94.62337493896484,208.28131103515625,9.126630783081056,2137.037353515625,3160.2734375,81.5673244064795,1690.648892470112,2719.839436362236
53964317010538,36,2004,2009,5,ne,hg_bayes,87.04285430908203,208.29006958007807,8.753235816955566,1915.691162109375,2141.1669921875,81.5673244064795,1690.648892470112,2719.839436362236
53964317010538,36,2004,2009,5,ne,hg_organon,87.04285430908203,208.29006958007807,8.753235816955566,1915.691162109375,2141.1669921875,81.5673244064795,1690.648892470112,2719.839436362236
53964317010538,36,2004,2009,5,ne,hg_conus_sp,87.04942321777344,208.29000854492188,8.753567695617676,1852.1845703125,1878.712646484375,81.5673244064795,1690.648892470112,2719.839436362236
53964317010538,36,2004,2009,5,ne,hg_conus_clim,87.04782104492188,208.2899780273437,8.753487586975098,1903.4669189453125,2112.714111328125,81.5673244064795,1690.648892470112,2719.839436362236
52875068010538,23,2001,2006,5,ne,default,95.78665924072266,219.62799072265625,8.94221305847168,2020.7852783203125,3981.73876953125,111.31903320393836,1516.806915620186,3130.167541805752
52875068010538,23,2001,2006,5,ne,calibrated,95.4799346923828,218.6898498535156,8.947010040283203,2015.266845703125,3977.291748046875,111.31903320393836,1516.806915620186,3130.167541805752
52875068010538,23,2001,2006,5,ne,greg_dg,100.70852661132812,219.62283325195312,9.169183731079102,2145.413818359375,4654.236328125,111.31903320393836,1516.806915620186,3130.167541805752
52875068010538,23,2001,2006,5,ne,hg_bayes,95.7998275756836,219.62803649902344,8.942827224731445,2057.177001953125,4047.27880859375,111.31903320393836,1516.806915620186,3130.167541805752
52875068010538,23,2001,2006,5,ne,hg_organon,95.7998275756836,219.62803649902344,8.942827224731445,2057.177001953125,4047.27880859375,111.31903320393836,1516.806915620186,3130.167541805752
52875068010538,23,2001,2006,5,ne,hg_conus_sp,95.79947662353516,219.62823486328125,8.942803382873535,2012.5260009765625,3951.837646484375,111.31903320393836,1516.806915620186,3130.167541805752
52875068010538,23,2001,2006,5,ne,hg_conus_clim,95.7895965576172,219.6280975341797,8.942346572875977,2016.463623046875,3981.84033203125,111.31903320393836,1516.806915620186,3130.167541805752
76918495010538,42,2006,2011,5,ne,default,49.30679702758789,137.25741577148438,8.115621566772461,950.4926147460938,0.0,54.133252964848026,580.64617333182,0.0
76918495010538,42,2006,2011,5,ne,calibrated,49.24536895751953,137.06781005859375,8.116170883178711,949.4270629882812,0.0,54.133252964848026,580.64617333182,0.0
76918495010538,42,2006,2011,5,ne,greg_dg,50.44194030761719,137.2559051513672,8.2085542678833,978.3269653320312,0.0,54.133252964848026,580.64617333182,0.0
76918495010538,42,2006,2011,5,ne,hg_bayes,49.30867767333984,137.25733947753906,8.115777015686035,1007.3937377929688,0.0,54.133252964848026,580.64617333182,0.0
76918495010538,42,2006,2011,5,ne,hg_organon,49.30867767333984,137.25733947753906,8.115777015686035,1007.3937377929688,0.0,54.133252964848026,580.64617333182,0.0
76918495010538,42,2006,2011,5,ne,hg_conus_sp,49.3088264465332,137.25735473632812,8.115788459777832,983.48974609375,0.0,54.133252964848026,580.64617333182,0.0
76918495010538,42,2006,2011,5,ne,hg_conus_clim,49.30644226074219,137.25721740722656,8.115596771240234,954.0870971679688,0.0,54.133252964848026,580.64617333182,0.0
58177827010538,42,2000,2005,5,ne,default,91.12226104736328,148.87979125976562,10.593284606933594,2352.28564453125,6760.4453125,81.64193000709994,1621.493052467206,3835.7323059869364
58177827010538,42,2000,2005,5,ne,calibrated,91.0431137084961,148.69544982910156,10.595247268676758,2350.7109375,6757.6025390625,81.64193000709994,1621.493052467206,3835.7323059869364
58177827010538,42,2000,2005,5,ne,greg_dg,90.9251937866211,148.88040161132812,10.58180046081543,2333.7705078125,6464.861328125,81.64193000709994,1621.493052467206,3835.7323059869364
58177827010538,42,2000,2005,5,ne,hg_bayes,91.12113189697266,148.87974548339844,10.593219757080078,2411.901123046875,7153.3564453125,81.64193000709994,1621.493052467206,3835.7323059869364
58177827010538,42,2000,2005,5,ne,hg_organon,91.12113189697266,148.87974548339844,10.593219757080078,2411.901123046875,7153.3564453125,81.64193000709994,1621.493052467206,3835.7323059869364
58177827010538,42,2000,2005,5,ne,hg_conus_sp,91.12474060058594,148.87973022460938,10.593432426452637,2323.86474609375,6598.359375,81.64193000709994,1621.493052467206,3835.7323059869364
58177827010538,42,2000,2005,5,ne,hg_conus_clim,91.12226104736328,148.87979125976562,10.593284606933594,2352.28564453125,6760.4453125,81.64193000709994,1621.493052467206,3835.7323059869364
222474184010661,33,2011,2017,6,ne,default,110.98114776611328,212.9139862060547,9.775948524475098,2224.808349609375,4364.830078125,105.88205110875226,1656.47880641901,1491.132553251652
222474184010661,33,2011,2017,6,ne,calibrated,110.81066131591795,212.4465484619141,9.779173851013184,2221.997802734375,4358.67529296875,105.88205110875226,1656.47880641901,1491.132553251652
222474184010661,33,2011,2017,6,ne,greg_dg,119.43151092529295,212.9059295654297,10.14149570465088,2418.07470703125,5096.052734375,105.88205110875226,1656.47880641901,1491.132553251652
222474184010661,33,2011,2017,6,ne,hg_bayes,111.05081939697266,212.9138336181641,9.77901554107666,2404.858154296875,4866.82666015625,105.88205110875226,1656.47880641901,1491.132553251652
222474184010661,33,2011,2017,6,ne,hg_organon,111.05081939697266,212.9138336181641,9.77901554107666,2404.858154296875,4866.82666015625,105.88205110875226,1656.47880641901,1491.132553251652
222474184010661,33,2011,2017,6,ne,hg_conus_sp,111.03070831298828,212.9140472412109,9.778121948242188,2221.87646484375,4569.595703125,105.88205110875226,1656.47880641901,1491.132553251652
222474184010661,33,2011,2017,6,ne,hg_conus_clim,110.9577865600586,212.9140472412109,9.774917602539062,2280.441650390625,4595.96826171875,105.88205110875226,1656.47880641901,1491.132553251652
58215829010538,42,2000,2005,5,ne,default,79.66183471679688,172.8218536376953,9.19310474395752,1867.06103515625,3230.323486328125,85.92964100341615,1325.547564199474,2625.370840320798
58215829010538,42,2000,2005,5,ne,calibrated,79.48753356933594,172.21377563476562,9.199237823486328,1863.87890625,3228.477294921875,85.92964100341615,1325.547564199474,2625.370840320798
58215829010538,42,2000,2005,5,ne,greg_dg,101.59830474853516,172.8041534423828,10.382511138916016,2373.986328125,5039.74853515625,85.92964100341615,1325.547564199474,2625.370840320798
58215829010538,42,2000,2005,5,ne,hg_bayes,79.65914154052734,172.8216552734375,9.192952156066896,1926.9642333984373,3379.064697265625,85.92964100341615,1325.547564199474,2625.370840320798
58215829010538,42,2000,2005,5,ne,hg_organon,79.65914154052734,172.8216552734375,9.192952156066896,1926.9642333984373,3379.064697265625,85.92964100341615,1325.547564199474,2625.370840320798
58215829010538,42,2000,2005,5,ne,hg_conus_sp,79.66213989257812,172.82174682617188,9.193122863769531,1856.7249755859373,3254.944580078125,85.92964100341615,1325.547564199474,2625.370840320798
58215829010538,42,2000,2005,5,ne,hg_conus_clim,79.66451263427734,172.8218536376953,9.193255424499512,1864.4356689453125,3230.5302734375,85.92964100341615,1325.547564199474,2625.370840320798
58576073010538,42,2004,2009,5,ne,default,98.81976318359376,118.52996063232422,12.363574981689451,2764.41455078125,11536.1875,109.72071619212797,2197.96925552712,8354.030552785478
58576073010538,42,2004,2009,5,ne,calibrated,99.03948211669922,118.87076568603516,12.35955810546875,2768.431396484375,11552.013671875,109.72071619212797,2197.96925552712,8354.030552785478
58576073010538,42,2004,2009,5,ne,greg_dg,103.48157501220705,118.52816009521484,12.651939392089844,2924.9736328125,12521.68359375,109.72071619212797,2197.96925552712,8354.030552785478
58576073010538,42,2004,2009,5,ne,hg_bayes,98.81464385986328,118.52987670898438,12.36325740814209,2851.553955078125,11844.9462890625,109.72071619212797,2197.96925552712,8354.030552785478
58576073010538,42,2004,2009,5,ne,hg_organon,98.81464385986328,118.52987670898438,12.36325740814209,2851.553955078125,11844.9462890625,109.72071619212797,2197.96925552712,8354.030552785478
58576073010538,42,2004,2009,5,ne,hg_conus_sp,98.82109832763672,118.52994537353516,12.363658905029297,2755.873779296875,11561.0078125,109.72071619212797,2197.96925552712,8354.030552785478
58576073010538,42,2004,2009,5,ne,hg_conus_clim,98.81981658935548,118.52995300292967,12.363582611083984,2787.798583984375,11668.5458984375,109.72071619212797,2197.96925552712,8354.030552785478
451063113489998,23,2018,2023,5,ne,default,120.12019348144533,207.8912048339844,10.292632102966309,2622.47412109375,9015.1142578125,158.18679308013947,2827.73429904772,9337.681730159393
451063113489998,23,2018,2023,5,ne,calibrated,119.43675994873048,205.9857177734375,10.3106689453125,2610.802001953125,8998.3681640625,158.18679308013947,2827.73429904772,9337.681730159393
451063113489998,23,2018,2023,5,ne,greg_dg,132.09564208984375,205.8375244140625,10.847209930419922,2899.976806640625,9868.7451171875,158.18679308013947,2827.73429904772,9337.681730159393
451063113489998,23,2018,2023,5,ne,hg_bayes,120.12328338623048,207.8910369873047,10.292760848999023,2821.665283203125,9728.380859375,158.18679308013947,2827.73429904772,9337.681730159393
451063113489998,23,2018,2023,5,ne,hg_organon,120.12328338623048,207.8910369873047,10.292760848999023,2821.665283203125,9728.380859375,158.18679308013947,2827.73429904772,9337.681730159393
451063113489998,23,2018,2023,5,ne,hg_conus_sp,120.12094116210938,207.8910522460937,10.292662620544434,2688.969970703125,9201.4912109375,158.18679308013947,2827.73429904772,9337.681730159393
451063113489998,23,2018,2023,5,ne,hg_conus_clim,120.11890411376952,207.8910980224609,10.292573928833008,2664.2783203125,8882.7880859375,158.18679308013947,2827.73429904772,9337.681730159393
375583610489998,33,2017,2024,7,ne,default,140.23556518554688,253.8401641845703,10.064340591430664,3277.73291015625,10107.8203125,173.88051061005456,2788.540865747774,6733.994541471424
375583610489998,33,2017,2024,7,ne,calibrated,137.82460021972656,247.01742553710932,10.114300727844238,3235.05908203125,10026.185546875,173.88051061005456,2788.540865747774,6733.994541471424
375583610489998,33,2017,2024,7,ne,greg_dg,147.36680603027344,253.8302459716797,10.317262649536133,3479.362548828125,11699.033203125,173.88051061005456,2788.540865747774,6733.994541471424
375583610489998,33,2017,2024,7,ne,hg_bayes,140.21884155273438,253.8402404785156,10.063735961914062,3479.451416015625,10556.181640625,173.88051061005456,2788.540865747774,6733.994541471424
375583610489998,33,2017,2024,7,ne,hg_organon,140.21884155273438,253.8402404785156,10.063735961914062,3479.451416015625,10556.181640625,173.88051061005456,2788.540865747774,6733.994541471424
375583610489998,33,2017,2024,7,ne,hg_conus_sp,140.22740173339844,253.8402099609375,10.064043998718262,3281.646484375,10201.416015625,173.88051061005456,2788.540865747774,6733.994541471424
375583610489998,33,2017,2024,7,ne,hg_conus_clim,140.23556518554688,253.8401641845703,10.064340591430664,3282.597900390625,10143.9091796875,173.88051061005456,2788.540865747774,6733.994541471424
107545724010661,23,2008,2013,5,ne,default,14.322413444519045,47.42894744873047,7.440850257873535,254.63229370117188,198.41583251953125,23.74802176371621,365.790310284994,462.694770625392
107545724010661,23,2008,2013,5,ne,calibrated,14.203967094421388,46.867408752441406,7.454278469085693,253.37974548339844,198.2719268798828,23.74802176371621,365.790310284994,462.694770625392
107545724010661,23,2008,2013,5,ne,greg_dg,17.9747371673584,47.426795959472656,8.33596134185791,332.04425048828125,198.41653442382807,23.74802176371621,365.790310284994,462.694770625392
107545724010661,23,2008,2013,5,ne,hg_bayes,14.322016716003418,47.42894744873047,7.440748691558838,283.8438415527344,234.47848510742188,23.74802176371621,365.790310284994,462.694770625392
107545724010661,23,2008,2013,5,ne,hg_organon,14.322016716003418,47.42894744873047,7.440748691558838,283.8438415527344,234.47848510742188,23.74802176371621,365.790310284994,462.694770625392
107545724010661,23,2008,2013,5,ne,hg_conus_sp,14.322800636291504,47.42895126342773,7.440952301025391,263.1444702148437,198.42269897460932,23.74802176371621,365.790310284994,462.694770625392
107545724010661,23,2008,2013,5,ne,hg_conus_clim,14.322968482971191,47.428932189941406,7.440995216369629,263.80523681640625,234.5018615722656,23.74802176371621,365.790310284994,462.694770625392
171958531020004,42,2015,2023,8,ne,default,76.02100372314453,183.86062622070312,8.706801414489746,1816.207275390625,925.45849609375,,,
171958531020004,42,2015,2023,8,ne,calibrated,75.9289321899414,183.5691070556641,8.708436965942383,1814.6873779296875,925.3140258789062,,,
171958531020004,42,2015,2023,8,ne,greg_dg,79.34172058105469,183.86705017089844,8.894777297973633,1777.6524658203125,1423.3641357421875,,,
171958531020004,42,2015,2023,8,ne,hg_bayes,76.02625274658203,183.8602600097656,8.707110404968262,2019.689208984375,1039.7218017578125,,,
171958531020004,42,2015,2023,8,ne,hg_organon,76.02625274658203,183.8602600097656,8.707110404968262,2019.689208984375,1039.7218017578125,,,
171958531020004,42,2015,2023,8,ne,hg_conus_sp,76.02332305908203,183.86056518554688,8.706934928894043,1877.7042236328125,1027.6654052734375,,,
171958531020004,42,2015,2023,8,ne,hg_conus_clim,76.02100372314453,183.86062622070312,8.706801414489746,1816.207275390625,925.45849609375,,,
52880261010538,23,2001,2006,5,ne,default,51.76178741455078,95.0547332763672,9.99203872680664,1037.5809326171875,2424.278076171875,72.32993819633118,1039.1634872360821,1789.81487431685
52880261010538,23,2001,2006,5,ne,calibrated,51.90568542480469,95.36416625976562,9.989669799804688,1040.2021484375,2429.083740234375,72.32993819633118,1039.1634872360821,1789.81487431685
52880261010538,23,2001,2006,5,ne,greg_dg,53.42193222045898,95.05315399169922,10.151095390319824,1080.548583984375,2878.145751953125,72.32993819633118,1039.1634872360821,1789.81487431685
52880261010538,23,2001,2006,5,ne,hg_bayes,51.76003646850586,95.05477905273438,9.991868019104004,1118.3876953125,2954.3662109375,72.32993819633118,1039.1634872360821,1789.81487431685
52880261010538,23,2001,2006,5,ne,hg_organon,51.76003646850586,95.05477905273438,9.991868019104004,1118.3876953125,2954.3662109375,72.32993819633118,1039.1634872360821,1789.81487431685
52880261010538,23,2001,2006,5,ne,hg_conus_sp,51.75978469848633,95.05475616455078,9.991840362548828,1065.850830078125,2738.60693359375,72.32993819633118,1039.1634872360821,1789.81487431685
52880261010538,23,2001,2006,5,ne,hg_conus_clim,51.76155471801758,95.0547103881836,9.992015838623049,1038.1644287109375,2424.260009765625,72.32993819633118,1039.1634872360821,1789.81487431685
160402106010854,28,1987,1994,7,sn,default,75.16644287109375,120.0575180053711,10.714048385620115,1800.1763916015625,4970.00634765625,86.86206594692871,1640.164238381375,6526.051136518307
160402106010854,28,1987,1994,7,sn,calibrated,74.73302459716797,119.04593658447266,10.728408813476562,1791.9036865234375,4960.40380859375,86.86206594692871,1640.164238381375,6526.051136518307
160402106010854,28,1987,1994,7,sn,hg_bayes,75.16887664794922,120.0575180053711,10.71422290802002,2304.752197265625,6170.54150390625,86.86206594692871,1640.164238381375,6526.051136518307
160402106010854,28,1987,1994,7,sn,hg_organon,75.16887664794922,120.0575180053711,10.71422290802002,2304.752197265625,6170.54150390625,86.86206594692871,1640.164238381375,6526.051136518307
160402106010854,28,1987,1994,7,sn,hg_conus_sp,75.098876953125,120.05755615234376,10.709228515625,2074.314697265625,5812.44580078125,86.86206594692871,1640.164238381375,6526.051136518307
160402106010854,28,1987,1994,7,sn,hg_conus_clim,75.16644287109375,120.0575180053711,10.714048385620115,1800.1763916015625,4970.00634765625,86.86206594692871,1640.164238381375,6526.051136518307
59488841010478,5,2000,2009,9,sn,default,111.13861083984376,191.7384033203125,10.30894660949707,2985.5615234375,7889.9873046875,134.2259896144072,2217.50175661725,7470.288375307692
59488841010478,5,2000,2009,9,sn,calibrated,109.87551879882812,188.4905242919922,10.338132858276367,2956.62548828125,7852.3935546875,134.2259896144072,2217.50175661725,7470.288375307692
59488841010478,5,2000,2009,9,sn,hg_bayes,111.20408630371094,191.73812866210932,10.311988830566406,3630.911865234375,9420.9765625,134.2259896144072,2217.50175661725,7470.288375307692
59488841010478,5,2000,2009,9,sn,hg_organon,111.20408630371094,191.73812866210932,10.311988830566406,3630.911865234375,9420.9765625,134.2259896144072,2217.50175661725,7470.288375307692
59488841010478,5,2000,2009,9,sn,hg_conus_sp,111.13211059570312,191.7383728027344,10.308648109436035,3327.0654296875,8937.1015625,134.2259896144072,2217.50175661725,7470.288375307692
59488841010478,5,2000,2009,9,sn,hg_conus_clim,111.03424072265624,191.73861694335932,10.304089546203612,3290.86376953125,9153.009765625,134.2259896144072,2217.50175661725,7470.288375307692
59384210010478,5,2000,2009,9,sn,default,83.30310821533203,98.719970703125,12.438398361206056,2262.553466796875,9233.6806640625,20.073953487801223,236.338782755326,915.4475366813119
59384210010478,5,2000,2009,9,sn,calibrated,80.96888732910156,94.71681213378906,12.519352912902832,2202.830078125,9146.8857421875,20.073953487801223,236.338782755326,915.4475366813119
59384210010478,5,2000,2009,9,sn,hg_bayes,83.30535888671875,98.719970703125,12.438563346862791,2888.9013671875,11763.1181640625,20.073953487801223,236.338782755326,915.4475366813119
59384210010478,5,2000,2009,9,sn,hg_organon,83.30535888671875,98.719970703125,12.438563346862791,2888.9013671875,11763.1181640625,20.073953487801223,236.338782755326,915.4475366813119
59384210010478,5,2000,2009,9,sn,hg_conus_sp,83.30570983886719,98.719970703125,12.438591003417969,2704.48388671875,10961.3603515625,20.073953487801223,236.338782755326,915.4475366813119
59384210010478,5,2000,2009,9,sn,hg_conus_clim,83.30420684814453,98.719970703125,12.438477516174316,2779.348388671875,11420.021484375,20.073953487801223,236.338782755326,915.4475366813119
61057018010478,13,2000,2008,8,sn,default,67.94682312011719,110.89697265625,10.598907470703123,1622.1488037109375,4309.37841796875,88.93750710114497,1822.543487899802,4531.706567629417
61057018010478,13,2000,2008,8,sn,calibrated,67.87159729003906,110.70440673828124,10.602242469787598,1620.632568359375,4307.87548828125,88.93750710114497,1822.543487899802,4531.706567629417
61057018010478,13,2000,2008,8,sn,hg_bayes,67.90557098388672,110.89707946777344,10.595683097839355,1861.83056640625,4887.5908203125,88.93750710114497,1822.543487899802,4531.706567629417
61057018010478,13,2000,2008,8,sn,hg_organon,67.90557098388672,110.89707946777344,10.595683097839355,1861.83056640625,4887.5908203125,88.93750710114497,1822.543487899802,4531.706567629417
61057018010478,13,2000,2008,8,sn,hg_conus_sp,67.89158630371094,110.89710998535156,10.594592094421388,1732.9869384765625,4676.15869140625,88.93750710114497,1822.543487899802,4531.706567629417
61057018010478,13,2000,2008,8,sn,hg_conus_clim,67.94682312011719,110.89697265625,10.598907470703123,1622.1488037109375,4309.37841796875,88.93750710114497,1822.543487899802,4531.706567629417
85128821010478,28,2006,2014,8,sn,default,34.51883316040039,40.79579925537109,12.45536994934082,714.8562622070312,2323.95947265625,41.81957333874206,835.3657957503481,0.0
85128821010478,28,2006,2014,8,sn,calibrated,34.33344268798828,40.434349060058594,12.477275848388672,711.7554321289062,2319.3681640625,41.81957333874206,835.3657957503481,0.0
85128821010478,28,2006,2014,8,sn,hg_bayes,34.43715286254883,40.79595947265625,12.440601348876951,859.524658203125,2735.9541015625,41.81957333874206,835.3657957503481,0.0
85128821010478,28,2006,2014,8,sn,hg_organon,34.43715286254883,40.79595947265625,12.440601348876951,859.524658203125,2735.9541015625,41.81957333874206,835.3657957503481,0.0
85128821010478,28,2006,2014,8,sn,hg_conus_sp,34.448909759521484,40.795860290527344,12.44273853302002,758.6893310546875,2321.8876953125,41.81957333874206,835.3657957503481,0.0
85128821010478,28,2006,2014,8,sn,hg_conus_clim,34.4448356628418,40.795860290527344,12.442002296447754,760.62060546875,2321.8876953125,41.81957333874206,835.3657957503481,0.0
254503059010854,40,2011,2023,12,sn,default,60.56577682495117,150.86688232421875,8.579322814941406,977.334228515625,586.9154052734375,89.87978409617611,878.080441927308,0.0
254503059010854,40,2011,2023,12,sn,calibrated,60.232154846191406,149.78501892089844,8.586504936218262,972.1473388671876,586.5672607421875,89.87978409617611,878.080441927308,0.0
254503059010854,40,2011,2023,12,sn,hg_bayes,60.60274887084961,150.86671447753906,8.581947326660156,997.923095703125,586.8990478515625,89.87978409617611,878.080441927308,0.0
254503059010854,40,2011,2023,12,sn,hg_organon,60.60274887084961,150.86671447753906,8.581947326660156,997.923095703125,586.8990478515625,89.87978409617611,878.080441927308,0.0
254503059010854,40,2011,2023,12,sn,hg_conus_sp,60.52103042602539,150.8671875,8.576142311096191,972.5993041992188,586.9154052734375,89.87978409617611,878.080441927308,0.0
254503059010854,40,2011,2023,12,sn,hg_conus_clim,60.56577682495117,150.86688232421875,8.579322814941406,977.334228515625,586.9154052734375,89.87978409617611,878.080441927308,0.0
176549239010854,13,2010,2015,5,sn,default,85.76052856445312,271.54595947265625,7.609538555145264,1733.5924072265625,1196.0640869140625,102.65505242118586,1320.965496191626,2108.015481847526
176549239010854,13,2010,2015,5,sn,calibrated,84.49939727783203,266.3297424316406,7.62699031829834,1712.7841796875,1194.77783203125,102.65505242118586,1320.965496191626,2108.015481847526
176549239010854,13,2010,2015,5,sn,hg_bayes,85.73817443847656,271.5460205078125,7.608545303344727,2088.251220703125,1421.4320068359375,102.65505242118586,1320.965496191626,2108.015481847526
176549239010854,13,2010,2015,5,sn,hg_organon,85.73817443847656,271.5460205078125,7.608545303344727,2088.251220703125,1421.4320068359375,102.65505242118586,1320.965496191626,2108.015481847526
176549239010854,13,2010,2015,5,sn,hg_conus_sp,85.73127746582031,271.5460205078125,7.608238220214844,1997.090087890625,1360.5230712890625,102.65505242118586,1320.965496191626,2108.015481847526
176549239010854,13,2010,2015,5,sn,hg_conus_clim,85.73387908935547,271.5460205078125,7.608356952667236,1978.7340087890625,1366.5081787109375,102.65505242118586,1320.965496191626,2108.015481847526
197482799010854,47,2008,2013,5,sn,default,83.97077178955078,117.37067413330078,11.453031539916992,2339.843994140625,8255.7548828125,90.29302826070952,2855.613938264678,11561.639580326937
197482799010854,47,2008,2013,5,sn,calibrated,84.010009765625,117.44200897216795,11.452231407165527,2340.84423828125,8258.130859375,90.29302826070952,2855.613938264678,11561.639580326937
197482799010854,47,2008,2013,5,sn,hg_bayes,83.9422836303711,117.37068939208984,11.451090812683104,2581.313720703125,8990.6455078125,90.29302826070952,2855.613938264678,11561.639580326937
197482799010854,47,2008,2013,5,sn,hg_organon,83.9422836303711,117.37068939208984,11.451090812683104,2581.313720703125,8990.6455078125,90.29302826070952,2855.613938264678,11561.639580326937
197482799010854,47,2008,2013,5,sn,hg_conus_sp,83.93901062011719,117.37068939208984,11.4508695602417,2470.206298828125,8751.1806640625,90.29302826070952,2855.613938264678,11561.639580326937
197482799010854,47,2008,2013,5,sn,hg_conus_clim,83.97866821289062,117.37068939208984,11.453573226928713,2348.81201171875,8270.9833984375,90.29302826070952,2855.613938264678,11561.639580326937
163587541010854,48,1985,1992,7,sn,default,99.03368377685548,193.2535400390625,9.693127632141112,2422.957275390625,6487.2216796875,165.52085279483504,2640.343295,11831.1571793
163587541010854,48,1985,1992,7,sn,calibrated,98.5137710571289,191.87022399902344,9.702441215515137,2411.43310546875,6482.07421875,165.52085279483504,2640.343295,11831.1571793
163587541010854,48,1985,1992,7,sn,hg_bayes,99.1452407836914,193.25326538085932,9.698594093322754,3065.388916015625,8148.75927734375,165.52085279483504,2640.343295,11831.1571793
163587541010854,48,1985,1992,7,sn,hg_organon,99.1452407836914,193.25326538085932,9.698594093322754,3065.388916015625,8148.75927734375,165.52085279483504,2640.343295,11831.1571793
163587541010854,48,1985,1992,7,sn,hg_conus_sp,99.0702667236328,193.2534637451172,9.694920539855955,2841.013916015625,7843.9306640625,165.52085279483504,2640.343295,11831.1571793
163587541010854,48,1985,1992,7,sn,hg_conus_clim,99.03368377685548,193.2535400390625,9.693127632141112,2422.957275390625,6487.2216796875,165.52085279483504,2640.343295,11831.1571793
24040105010478,45,2005,2010,5,sn,default,123.26649475097656,141.3115997314453,12.646488189697266,4126.23681640625,17503.87890625,152.2665737110071,4768.612978501508,19336.909937162396
24040105010478,45,2005,2010,5,sn,calibrated,122.21900939941406,139.44769287109375,12.676521301269531,4095.004638671875,17410.123046875,152.2665737110071,4768.612978501508,19336.909937162396
24040105010478,45,2005,2010,5,sn,hg_bayes,123.26018524169922,141.31158447265625,12.646166801452637,4380.22412109375,18649.052734375,152.2665737110071,4768.612978501508,19336.909937162396
24040105010478,45,2005,2010,5,sn,hg_organon,123.26018524169922,141.31158447265625,12.646166801452637,4380.22412109375,18649.052734375,152.2665737110071,4768.612978501508,19336.909937162396
24040105010478,45,2005,2010,5,sn,hg_conus_sp,123.25486755371094,141.3115997314453,12.645892143249512,4222.974609375,17938.3515625,152.2665737110071,4768.612978501508,19336.909937162396
24040105010478,45,2005,2010,5,sn,hg_conus_clim,123.2663803100586,141.3115997314453,12.64648151397705,4125.45263671875,17503.87890625,152.2665737110071,4768.612978501508,19336.909937162396
22333360010478,1,2003,2008,5,sn,default,211.1955108642578,430.2279052734375,9.48700714111328,5409.98193359375,9687.2763671875,113.55533226090876,3068.412105005138,10925.573281561576
22333360010478,1,2003,2008,5,sn,calibrated,202.9364776611328,407.90924072265625,9.550683975219728,5205.63623046875,9630.693359375,113.55533226090876,3068.412105005138,10925.573281561576
22333360010478,1,2003,2008,5,sn,hg_bayes,211.1968536376953,430.2261962890625,9.487061500549316,6188.32373046875,10816.6474609375,113.55533226090876,3068.412105005138,10925.573281561576
22333360010478,1,2003,2008,5,sn,hg_organon,211.1968536376953,430.2261962890625,9.487061500549316,6188.32373046875,10816.6474609375,113.55533226090876,3068.412105005138,10925.573281561576
22333360010478,1,2003,2008,5,sn,hg_conus_sp,211.19558715820312,430.22760009765625,9.487013816833496,5873.33642578125,10381.57421875,113.55533226090876,3068.412105005138,10925.573281561576
22333360010478,1,2003,2008,5,sn,hg_conus_clim,211.195068359375,430.2279052734375,9.487000465393066,5848.40185546875,10420.4931640625,113.55533226090876,3068.412105005138,10925.573281561576
214888760010854,51,2008,2013,5,sn,default,93.64543914794922,128.80258178710938,11.545625686645508,2321.019287109375,7223.99560546875,108.252805793307,2846.769841935262,9110.836878358608
214888760010854,51,2008,2013,5,sn,calibrated,94.0164794921875,129.50924682617188,11.536866188049316,2328.637939453125,7243.09716796875,108.252805793307,2846.769841935262,9110.836878358608
214888760010854,51,2008,2013,5,sn,hg_bayes,93.669677734375,128.8025665283203,11.54711627960205,2567.316650390625,7845.361328125,108.252805793307,2846.769841935262,9110.836878358608
214888760010854,51,2008,2013,5,sn,hg_organon,93.669677734375,128.8025665283203,11.54711627960205,2567.316650390625,7845.361328125,108.252805793307,2846.769841935262,9110.836878358608
214888760010854,51,2008,2013,5,sn,hg_conus_sp,93.64974212646484,128.80259704589844,11.54588794708252,2422.384033203125,7540.8125,108.252805793307,2846.769841935262,9110.836878358608
214888760010854,51,2008,2013,5,sn,hg_conus_clim,93.68761444091795,128.80252075195312,11.548225402832031,2374.515380859375,7272.072265625,108.252805793307,2846.769841935262,9110.836878358608
161205122010854,37,1973,1983,10,sn,default,155.72991943359375,278.421875,10.12676239013672,3483.148681640625,10362.7470703125,121.27975109834792,2561.065226768544,10451.790762187955
161205122010854,37,1973,1983,10,sn,calibrated,153.28443908691406,271.4346618652344,10.17542839050293,3436.639892578125,10297.9013671875,121.27975109834792,2561.065226768544,10451.790762187955
161205122010854,37,1973,1983,10,sn,hg_bayes,155.9079132080078,278.1846618652344,10.136868476867676,5052.3046875,14474.1689453125,121.27975109834792,2561.065226768544,10451.790762187955
161205122010854,37,1973,1983,10,sn,hg_organon,155.9079132080078,278.1846618652344,10.136868476867676,5052.3046875,14474.1689453125,121.27975109834792,2561.065226768544,10451.790762187955
161205122010854,37,1973,1983,10,sn,hg_conus_sp,155.8214111328125,278.3058166503906,10.131847381591797,4480.298828125,13411.44140625,121.27975109834792,2561.065226768544,10451.790762187955
161205122010854,37,1973,1983,10,sn,hg_conus_clim,155.69473266601562,278.4710998535156,10.124725341796877,4348.40673828125,13836.67578125,121.27975109834792,2561.065226768544,10451.790762187955
59544643010478,5,2005,2010,5,sn,default,62.64552688598633,82.134765625,11.825453758239746,1587.9730224609375,5534.248046875,78.01213934748178,1724.1056956371099,6633.4283649340505
59544643010478,5,2005,2010,5,sn,calibrated,62.57512283325195,82.0186996459961,11.827167510986328,1586.4901123046875,5529.94140625,78.01213934748178,1724.1056956371099,6633.4283649340505
59544643010478,5,2005,2010,5,sn,hg_bayes,62.651363372802734,82.13478088378906,11.826004981994627,1672.4666748046875,5738.22314453125,78.01213934748178,1724.1056956371099,6633.4283649340505
59544643010478,5,2005,2010,5,sn,hg_organon,62.651363372802734,82.13478088378906,11.826004981994627,1672.4666748046875,5738.22314453125,78.01213934748178,1724.1056956371099,6633.4283649340505
59544643010478,5,2005,2010,5,sn,hg_conus_sp,62.639190673828125,82.13477325439453,11.824851989746094,1613.792724609375,5643.720703125,78.01213934748178,1724.1056956371099,6633.4283649340505
59544643010478,5,2005,2010,5,sn,hg_conus_clim,62.64552688598633,82.134765625,11.825453758239746,1587.9730224609375,5534.248046875,78.01213934748178,1724.1056956371099,6633.4283649340505
70373300010478,22,2003,2012,9,sn,default,13.1242094039917,35.05729293823242,8.284831047058105,157.74423217773438,0.0,75.72438520291836,299.02819020491,0.0
70373300010478,22,2003,2012,9,sn,calibrated,13.11492919921875,35.027496337890625,8.28542423248291,157.63247680664062,0.0,75.72438520291836,299.02819020491,0.0
70373300010478,22,2003,2012,9,sn,hg_bayes,12.906460762023926,35.057945251464844,8.215739250183105,173.67062377929688,0.0,75.72438520291836,299.02819020491,0.0
70373300010478,22,2003,2012,9,sn,hg_organon,12.906460762023926,35.057945251464844,8.215739250183105,173.67062377929688,0.0,75.72438520291836,299.02819020491,0.0
70373300010478,22,2003,2012,9,sn,hg_conus_sp,12.96913719177246,35.0577507019043,8.235686302185059,169.9038848876953,0.0,75.72438520291836,299.02819020491,0.0
70373300010478,22,2003,2012,9,sn,hg_conus_clim,13.1242094039917,35.05729293823242,8.284831047058105,157.74423217773438,0.0,75.72438520291836,299.02819020491,0.0
291609606489998,21,2016,2024,8,sn,default,78.29408264160156,133.1416015625,10.383502960205078,1834.2490234375,4856.89697265625,114.3617861602467,2305.302110950802,6979.661993620086
291609606489998,21,2016,2024,8,sn,calibrated,77.93968200683594,132.3336944580078,10.39155387878418,1826.4940185546875,4847.0048828125,114.3617861602467,2305.302110950802,6979.661993620086
291609606489998,21,2016,2024,8,sn,hg_bayes,78.27145385742188,133.14157104492188,10.382001876831056,2229.361328125,5798.998046875,114.3617861602467,2305.302110950802,6979.661993620086
291609606489998,21,2016,2024,8,sn,hg_organon,78.27145385742188,133.14157104492188,10.382001876831056,2229.361328125,5798.998046875,114.3617861602467,2305.302110950802,6979.661993620086
291609606489998,21,2016,2024,8,sn,hg_conus_sp,78.25421905517578,133.1416473388672,10.380858421325684,2062.23095703125,5396.1435546875,114.3617861602467,2305.302110950802,6979.661993620086
291609606489998,21,2016,2024,8,sn,hg_conus_clim,78.26995849609375,133.1416015625,10.381901741027832,1853.79345703125,4931.01171875,114.3617861602467,2305.302110950802,6979.661993620086
282501862489998,13,2015,2020,5,sn,default,65.92411804199219,81.8756332397461,12.15013599395752,1445.3505859375,5004.57666015625,13.276060238227585,280.83948869635003,0.0
282501862489998,13,2015,2020,5,sn,calibrated,65.74352264404297,81.52047729492188,12.15988540649414,1441.8447265625,5000.701171875,13.276060238227585,280.83948869635003,0.0
282501862489998,13,2015,2020,5,sn,hg_bayes,65.89644622802734,81.87564849853516,12.1475830078125,1675.9259033203125,6061.49951171875,13.276060238227585,280.83948869635003,0.0
282501862489998,13,2015,2020,5,sn,hg_organon,65.89644622802734,81.87564849853516,12.1475830078125,1675.9259033203125,6061.49951171875,13.276060238227585,280.83948869635003,0.0
282501862489998,13,2015,2020,5,sn,hg_conus_sp,65.93450927734375,81.8756103515625,12.151095390319824,1499.6248779296875,5427.634765625,13.276060238227585,280.83948869635003,0.0
282501862489998,13,2015,2020,5,sn,hg_conus_clim,65.92411804199219,81.8756332397461,12.15013599395752,1445.3505859375,5004.57666015625,13.276060238227585,280.83948869635003,0.0
156177522010854,12,1987,1995,8,sn,default,249.9199676513672,258.6322631835937,13.310534477233888,6445.71728515625,22628.708984375,167.7455652017822,4042.4808907548627,12249.787719066439
156177522010854,12,1987,1995,8,sn,calibrated,249.91989135742188,258.6321716308594,13.310534477233888,6445.71533203125,22628.705078125,167.7455652017822,4042.4808907548627,12249.787719066439
156177522010854,12,1987,1995,8,sn,hg_bayes,249.9185028076172,258.9960327148437,13.301141738891602,8907.5537109375,33001.6484375,167.7455652017822,4042.4808907548627,12249.787719066439
156177522010854,12,1987,1995,8,sn,hg_organon,249.9185028076172,258.9960327148437,13.301141738891602,8907.5537109375,33001.6484375,167.7455652017822,4042.4808907548627,12249.787719066439
156177522010854,12,1987,1995,8,sn,hg_conus_sp,249.9150238037109,259.7549743652344,13.28160572052002,7968.568359375,30671.76171875,167.7455652017822,4042.4808907548627,12249.787719066439
156177522010854,12,1987,1995,8,sn,hg_conus_clim,249.9199676513672,258.6322631835937,13.310534477233888,6445.71728515625,22628.708984375,167.7455652017822,4042.4808907548627,12249.787719066439
160405597010854,28,1987,1994,7,sn,default,71.38249206542969,80.12362670898438,12.780617713928224,1811.8997802734373,7535.79931640625,86.33150069365213,1766.907839911522,7102.049559268618
160405597010854,28,1987,1994,7,sn,calibrated,71.08769989013672,79.59020233154297,12.796869277954102,1805.6571044921875,7524.40234375,86.33150069365213,1766.907839911522,7102.049559268618
160405597010854,28,1987,1994,7,sn,hg_bayes,71.38136291503906,80.12356567382812,12.780521392822266,2168.649169921875,9099.42578125,86.33150069365213,1766.907839911522,7102.049559268618
160405597010854,28,1987,1994,7,sn,hg_organon,71.38136291503906,80.12356567382812,12.780521392822266,2168.649169921875,9099.42578125,86.33150069365213,1766.907839911522,7102.049559268618
160405597010854,28,1987,1994,7,sn,hg_conus_sp,71.37960815429688,80.12358856201172,12.780363082885742,2027.4521484375,8426.935546875,86.33150069365213,1766.907839911522,7102.049559268618
160405597010854,28,1987,1994,7,sn,hg_conus_clim,71.38249206542969,80.12362670898438,12.780617713928224,1811.8997802734373,7535.79931640625,86.33150069365213,1766.907839911522,7102.049559268618
143600949010854,48,2008,2020,12,sn,default,13.65855598449707,34.68612289428711,8.496904373168945,141.02316284179688,0.0,7.946532953432636,0.0,0.0
143600949010854,48,2008,2020,12,sn,calibrated,13.65855598449707,34.68612289428711,8.496904373168945,141.02316284179688,0.0,7.946532953432636,0.0,0.0
143600949010854,48,2008,2020,12,sn,hg_bayes,13.65855598449707,34.68612289428711,8.496904373168945,141.02316284179688,0.0,7.946532953432636,0.0,0.0
143600949010854,48,2008,2020,12,sn,hg_organon,13.65855598449707,34.68612289428711,8.496904373168945,141.02316284179688,0.0,7.946532953432636,0.0,0.0
143600949010854,48,2008,2020,12,sn,hg_conus_sp,13.65855598449707,34.68612289428711,8.496904373168945,141.02316284179688,0.0,7.946532953432636,0.0,0.0
143600949010854,48,2008,2020,12,sn,hg_conus_clim,13.65855598449707,34.68612289428711,8.496904373168945,141.02316284179688,0.0,7.946532953432636,0.0,0.0
282499977489998,5,2015,2020,5,sn,default,60.28697204589844,153.4626922607422,8.486852645874023,1000.2000732421876,611.9695434570312,123.05015623817152,955.949052459818,1750.720841082686
282499977489998,5,2015,2020,5,sn,calibrated,60.07652282714844,152.75367736816406,8.491665840148926,996.8772583007812,611.7811889648438,123.05015623817152,955.949052459818,1750.720841082686
282499977489998,5,2015,2020,5,sn,hg_bayes,60.29052734375,153.46270751953125,8.487101554870605,1227.5743408203125,888.6932373046875,123.05015623817152,955.949052459818,1750.720841082686
282499977489998,5,2015,2020,5,sn,hg_organon,60.29052734375,153.46270751953125,8.487101554870605,1227.5743408203125,888.6932373046875,123.05015623817152,955.949052459818,1750.720841082686
282499977489998,5,2015,2020,5,sn,hg_conus_sp,60.283653259277344,153.46270751953125,8.486618995666504,1182.2591552734375,850.2657470703125,123.05015623817152,955.949052459818,1750.720841082686
282499977489998,5,2015,2020,5,sn,hg_conus_clim,60.28697204589844,153.4626922607422,8.486852645874023,1000.2000732421876,611.9695434570312,123.05015623817152,955.949052459818,1750.720841082686
386107123489998,1,2017,2024,7,sn,default,53.67924499511719,140.46783447265625,8.370491981506348,1027.9149169921875,870.3807983398438,118.89733876786543,1086.915358275962,1320.694605887028
386107123489998,1,2017,2024,7,sn,calibrated,52.58400344848633,136.83274841308594,8.393982887268066,1007.9473876953124,871.6468505859375,118.89733876786543,1086.915358275962,1320.694605887028
386107123489998,1,2017,2024,7,sn,hg_bayes,53.64588165283203,140.46783447265625,8.367894172668457,1443.659423828125,1088.28759765625,118.89733876786543,1086.915358275962,1320.694605887028
386107123489998,1,2017,2024,7,sn,hg_organon,53.64588165283203,140.46783447265625,8.367894172668457,1443.659423828125,1088.28759765625,118.89733876786543,1086.915358275962,1320.694605887028
386107123489998,1,2017,2024,7,sn,hg_conus_sp,53.658111572265625,140.4678497314453,8.368843078613281,1400.1051025390625,992.0098876953124,118.89733876786543,1086.915358275962,1320.694605887028
386107123489998,1,2017,2024,7,sn,hg_conus_clim,53.61624526977539,140.46786499023438,8.365580558776855,1325.01904296875,1006.1182861328124,118.89733876786543,1086.915358275962,1320.694605887028
162422702010854,45,1986,1992,6,sn,default,28.336944580078125,80.6187744140625,8.027765274047852,545.6571044921875,0.0,113.06816603416884,1534.771162183743,3353.873288285603
162422702010854,45,1986,1992,6,sn,calibrated,27.66711807250977,78.47249603271484,8.040063858032227,533.24755859375,0.0,113.06816603416884,1534.771162183743,3353.873288285603
162422702010854,45,1986,1992,6,sn,hg_bayes,28.337093353271484,80.6187744140625,8.027787208557129,708.4124755859375,0.0,113.06816603416884,1534.771162183743,3353.873288285603
162422702010854,45,1986,1992,6,sn,hg_organon,28.337093353271484,80.6187744140625,8.027787208557129,708.4124755859375,0.0,113.06816603416884,1534.771162183743,3353.873288285603
162422702010854,45,1986,1992,6,sn,hg_conus_sp,28.33721351623535,80.6187744140625,8.027804374694824,669.8668823242188,0.0,113.06816603416884,1534.771162183743,3353.873288285603
162422702010854,45,1986,1992,6,sn,hg_conus_clim,28.336763381958008,80.6187744140625,8.027741432189941,676.8510131835938,0.0,113.06816603416884,1534.771162183743,3353.873288285603
274682481489998,47,2014,2023,9,sn,default,125.73676300048828,120.77297973632812,13.81600570678711,4358.64697265625,20803.919921875,135.8192049972072,4870.985465527736,24810.59551802516
274682481489998,47,2014,2023,9,sn,calibrated,125.28345489501952,120.0816421508789,13.830721855163574,4345.1875,20752.60546875,135.8192049972072,4870.985465527736,24810.59551802516
274682481489998,47,2014,2023,9,sn,hg_bayes,125.7899169921875,120.77287292480467,13.81893253326416,4937.27685546875,23570.005859375,135.8192049972072,4870.985465527736,24810.59551802516
274682481489998,47,2014,2023,9,sn,hg_organon,125.7899169921875,120.77287292480467,13.81893253326416,4937.27685546875,23570.005859375,135.8192049972072,4870.985465527736,24810.59551802516
274682481489998,47,2014,2023,9,sn,hg_conus_sp,125.71546936035156,120.77298736572266,13.814839363098145,4581.78076171875,22056.275390625,135.8192049972072,4870.985465527736,24810.59551802516
274682481489998,47,2014,2023,9,sn,hg_conus_clim,125.73676300048828,120.77297973632812,13.81600570678711,4358.64697265625,20803.919921875,135.8192049972072,4870.985465527736,24810.59551802516
155767523010854,12,1968,1978,10,sn,default,108.23187255859376,167.3040008544922,10.890822410583496,2799.098388671875,9413.5244140625,50.02864491648229,1166.039735760896,4871.57434575587
155767523010854,12,1968,1978,10,sn,calibrated,105.08399963378906,160.45721435546875,10.957840919494627,2721.2978515625,9250.212890625,50.02864491648229,1166.039735760896,4871.57434575587
155767523010854,12,1968,1978,10,sn,hg_bayes,108.35811614990234,167.126220703125,10.902966499328612,3535.8515625,12038.6953125,50.02864491648229,1166.039735760896,4871.57434575587
155767523010854,12,1968,1978,10,sn,hg_organon,108.35811614990234,167.126220703125,10.902966499328612,3535.8515625,12038.6953125,50.02864491648229,1166.039735760896,4871.57434575587
155767523010854,12,1968,1978,10,sn,hg_conus_sp,108.3387222290039,167.15170288085938,10.901163101196287,3426.4072265625,11679.1357421875,50.02864491648229,1166.039735760896,4871.57434575587
155767523010854,12,1968,1978,10,sn,hg_conus_clim,108.23187255859376,167.3040008544922,10.890822410583496,2799.098388671875,9413.5244140625,50.02864491648229,1166.039735760896,4871.57434575587
162423731010854,45,1986,1993,7,sn,default,116.52377319335938,295.1432800292969,8.5079927444458,2481.361572265625,3356.085693359375,141.83312490813586,2472.929943674798,8422.372602083035
162423731010854,45,1986,1993,7,sn,calibrated,111.68180084228516,279.0747375488281,8.565786361694336,2382.5888671875,3322.68017578125,141.83312490813586,2472.929943674798,8422.372602083035
162423731010854,45,1986,1993,7,sn,hg_bayes,116.49164581298828,295.1432800292969,8.506820678710938,3274.055908203125,4460.04931640625,141.83312490813586,2472.929943674798,8422.372602083035
162423731010854,45,1986,1993,7,sn,hg_organon,116.49164581298828,295.1432800292969,8.506820678710938,3274.055908203125,4460.04931640625,141.83312490813586,2472.929943674798,8422.372602083035
162423731010854,45,1986,1993,7,sn,hg_conus_sp,116.36814880371094,295.1434020996094,8.502306938171387,3023.689208984375,4302.2099609375,141.83312490813586,2472.929943674798,8422.372602083035
162423731010854,45,1986,1993,7,sn,hg_conus_clim,116.33025360107422,295.1435241699219,8.500921249389648,3023.96826171875,4335.8046875,141.83312490813586,2472.929943674798,8422.372602083035
218218078020004,12,2015,2020,5,sn,default,29.45024681091309,53.1093864440918,10.083125114440918,648.3401489257812,1425.649169921875,38.84865507505456,640.056883122098,2175.763833288044
218218078020004,12,2015,2020,5,sn,calibrated,28.901670455932617,51.9141731262207,10.103102684020996,636.5574951171875,1413.126220703125,38.84865507505456,640.056883122098,2175.763833288044
218218078020004,12,2015,2020,5,sn,hg_bayes,29.45046615600586,53.1093864440918,10.083162307739258,812.7600708007812,1780.22607421875,38.84865507505456,640.056883122098,2175.763833288044
218218078020004,12,2015,2020,5,sn,hg_organon,29.45046615600586,53.1093864440918,10.083162307739258,812.7600708007812,1780.22607421875,38.84865507505456,640.056883122098,2175.763833288044
218218078020004,12,2015,2020,5,sn,hg_conus_sp,29.45047378540039,53.1093864440918,10.083162307739258,791.6414794921875,1692.249267578125,38.84865507505456,640.056883122098,2175.763833288044
218218078020004,12,2015,2020,5,sn,hg_conus_clim,29.450403213500977,53.1093864440918,10.083148956298828,781.6431274414062,1691.623291015625,38.84865507505456,640.056883122098,2175.763833288044
162411986010854,45,1968,1978,10,sn,default,56.69975280761719,106.10987091064452,9.898033142089844,1243.26416015625,3536.2001953125,108.79485966206111,1644.499424555652,4190.307642862531
162411986010854,45,1968,1978,10,sn,calibrated,56.30378723144531,104.99347686767578,9.915714263916016,1236.312744140625,3529.568359375,108.79485966206111,1644.499424555652,4190.307642862531
162411986010854,45,1968,1978,10,sn,hg_bayes,56.864349365234375,106.10968017578124,9.912399291992188,1527.024658203125,4521.94970703125,108.79485966206111,1644.499424555652,4190.307642862531
162411986010854,45,1968,1978,10,sn,hg_organon,56.864349365234375,106.10968017578124,9.912399291992188,1527.024658203125,4521.94970703125,108.79485966206111,1644.499424555652,4190.307642862531
162411986010854,45,1968,1978,10,sn,hg_conus_sp,56.812984466552734,106.10978698730467,9.907914161682127,1438.9765625,4220.958984375,108.79485966206111,1644.499424555652,4190.307642862531
162411986010854,45,1968,1978,10,sn,hg_conus_clim,56.731258392333984,106.1100082397461,9.900778770446776,1438.9747314453125,4443.06640625,108.79485966206111,1644.499424555652,4190.307642862531
54912620010478,37,2003,2013,10,sn,default,29.99431228637696,34.78319549560547,12.573927879333496,667.033203125,2300.96875,30.522432851701808,756.843944378676,3588.2646095397877
54912620010478,37,2003,2013,10,sn,calibrated,29.387975692749023,33.86041641235352,12.614644050598145,655.1170043945312,2272.965576171875,30.522432851701808,756.843944378676,3588.2646095397877
54912620010478,37,2003,2013,10,sn,hg_bayes,29.975759506225582,34.78324890136719,12.570030212402344,948.826416015625,3486.343994140625,30.522432851701808,756.843944378676,3588.2646095397877
54912620010478,37,2003,2013,10,sn,hg_organon,29.975759506225582,34.78324890136719,12.570030212402344,948.826416015625,3486.343994140625,30.522432851701808,756.843944378676,3588.2646095397877
54912620010478,37,2003,2013,10,sn,hg_conus_sp,29.953168869018555,34.7833366394043,12.565277099609377,897.2012939453125,3341.969970703125,30.522432851701808,756.843944378676,3588.2646095397877
54912620010478,37,2003,2013,10,sn,hg_conus_clim,29.87659072875977,34.78358459472656,12.549159049987791,852.3180541992188,3266.851318359375,30.522432851701808,756.843944378676,3588.2646095397877
347395158489998,45,2016,2022,6,sn,default,66.87611389160156,105.79509735107422,10.76562213897705,1913.0435791015625,5828.59814453125,56.10660416279145,1616.364028330602,6536.027385708422
347395158489998,45,2016,2022,6,sn,calibrated,65.47468566894531,102.9356918334961,10.79916000366211,1874.0506591796875,5757.90966796875,56.10660416279145,1616.364028330602,6536.027385708422
347395158489998,45,2016,2022,6,sn,hg_bayes,66.87892150878906,105.79509735107422,10.765846252441406,2199.762939453125,6668.158203125,56.10660416279145,1616.364028330602,6536.027385708422
347395158489998,45,2016,2022,6,sn,hg_organon,66.87892150878906,105.79509735107422,10.765846252441406,2199.762939453125,6668.158203125,56.10660416279145,1616.364028330602,6536.027385708422
347395158489998,45,2016,2022,6,sn,hg_conus_sp,66.87884521484375,105.79509735107422,10.765840530395508,2084.852783203125,6285.947265625,56.10660416279145,1616.364028330602,6536.027385708422
347395158489998,45,2016,2022,6,sn,hg_conus_clim,66.87833404541016,105.79509735107422,10.765801429748535,2143.211669921875,6479.359375,56.10660416279145,1616.364028330602,6536.027385708422
259266844010854,45,2012,2017,5,sn,default,60.09805679321289,76.78874206542969,11.978923797607422,1600.910888671875,4852.58056640625,51.283341286334334,1289.393930186772,6150.757503047868
259266844010854,45,2012,2017,5,sn,calibrated,59.81591033935547,76.24817657470703,11.993060111999512,1594.2977294921875,4843.2685546875,51.283341286334334,1289.393930186772,6150.757503047868
259266844010854,45,2012,2017,5,sn,hg_bayes,60.10457229614258,76.78872680664062,11.979570388793944,1861.58447265625,5779.59130859375,51.283341286334334,1289.393930186772,6150.757503047868
259266844010854,45,2012,2017,5,sn,hg_organon,60.10457229614258,76.78872680664062,11.979570388793944,1861.58447265625,5779.59130859375,51.283341286334334,1289.393930186772,6150.757503047868
259266844010854,45,2012,2017,5,sn,hg_conus_sp,60.09366989135742,76.78874206542969,11.97848415374756,1771.6180419921875,5610.9169921875,51.283341286334334,1289.393930186772,6150.757503047868
259266844010854,45,2012,2017,5,sn,hg_conus_clim,60.08571243286133,76.78875732421875,11.977691650390623,1642.24169921875,5086.21728515625,51.283341286334334,1289.393930186772,6150.757503047868
70340313010478,22,2005,2014,9,sn,default,197.4667510986328,125.19288635253906,17.005661010742188,5085.41943359375,23575.580078125,74.99715461372492,1372.744120044704,4516.092572759082
70340313010478,22,2005,2014,9,sn,calibrated,174.04742431640625,102.28744506835938,17.662771224975586,4446.3046875,21147.18359375,74.99715461372492,1372.744120044704,4516.092572759082
70340313010478,22,2005,2014,9,sn,hg_bayes,197.35926818847656,125.27103424072266,16.9957275390625,6690.53515625,33027.8828125,74.99715461372492,1372.744120044704,4516.092572759082
70340313010478,22,2005,2014,9,sn,hg_organon,197.35926818847656,125.27103424072266,16.9957275390625,6690.53515625,33027.8828125,74.99715461372492,1372.744120044704,4516.092572759082
70340313010478,22,2005,2014,9,sn,hg_conus_sp,197.3518524169922,125.27342224121094,16.99524688720703,6132.9462890625,29776.08203125,74.99715461372492,1372.744120044704,4516.092572759082
70340313010478,22,2005,2014,9,sn,hg_conus_clim,197.4667510986328,125.19288635253906,17.005661010742188,5085.41943359375,23575.580078125,74.99715461372492,1372.744120044704,4516.092572759082
134680219010854,5,2008,2014,6,sn,default,73.96034240722656,223.41758728027344,7.790711879730225,1030.355224609375,0.0,66.69359303986708,733.877967504166,555.330913786152
134680219010854,5,2008,2014,6,sn,calibrated,72.59339904785156,218.2830810546875,7.80863094329834,1012.6368408203124,0.0,66.69359303986708,733.877967504166,555.330913786152
134680219010854,5,2008,2014,6,sn,hg_bayes,73.91402435302734,223.4177398681641,7.788269519805908,1702.224609375,0.0,66.69359303986708,733.877967504166,555.330913786152
134680219010854,5,2008,2014,6,sn,hg_organon,73.91402435302734,223.4177398681641,7.788269519805908,1702.224609375,0.0,66.69359303986708,733.877967504166,555.330913786152
134680219010854,5,2008,2014,6,sn,hg_conus_sp,73.90721130371094,223.417724609375,7.787906169891357,1640.352294921875,0.0,66.69359303986708,733.877967504166,555.330913786152
134680219010854,5,2008,2014,6,sn,hg_conus_clim,73.89957427978516,223.417724609375,7.787507057189941,1517.4404296875,0.0,66.69359303986708,733.877967504166,555.330913786152
153847541010854,13,2008,2014,6,sn,default,89.73774719238281,110.9986572265625,12.174890518188477,2467.598388671875,8780.3173828125,12.84885941567978,88.53472445084,0.0
153847541010854,13,2008,2014,6,sn,calibrated,89.66279602050781,110.83999633789062,12.178509712219238,2465.823486328125,8777.56640625,12.84885941567978,88.53472445084,0.0
153847541010854,13,2008,2014,6,sn,hg_bayes,89.75975036621094,110.99864959716795,12.176377296447754,2678.033935546875,9813.6318359375,12.84885941567978,88.53472445084,0.0
153847541010854,13,2008,2014,6,sn,hg_organon,89.75975036621094,110.99864959716795,12.176377296447754,2678.033935546875,9813.6318359375,12.84885941567978,88.53472445084,0.0
153847541010854,13,2008,2014,6,sn,hg_conus_sp,89.73465728759766,110.99868774414062,12.174677848815918,2564.616455078125,9525.048828125,12.84885941567978,88.53472445084,0.0
153847541010854,13,2008,2014,6,sn,hg_conus_clim,89.73774719238281,110.9986572265625,12.174890518188477,2467.598388671875,8780.3173828125,12.84885941567978,88.53472445084,0.0
523738157126144,37,2018,2025,7,sn,default,101.45145416259766,157.17349243164062,10.878668785095217,2765.820068359375,6562.9873046875,81.51480153483234,1881.3197151003,5471.74171589649
523738157126144,37,2018,2025,7,sn,calibrated,101.26800537109376,156.778076171875,10.882528305053713,2761.084228515625,6559.041015625,81.51480153483234,1881.3197151003,5471.74171589649
523738157126144,37,2018,2025,7,sn,hg_bayes,101.51924896240234,157.17332458496094,10.882308959960938,3129.195068359375,7275.1748046875,81.51480153483234,1881.3197151003,5471.74171589649
523738157126144,37,2018,2025,7,sn,hg_organon,101.51924896240234,157.17332458496094,10.882308959960938,3129.195068359375,7275.1748046875,81.51480153483234,1881.3197151003,5471.74171589649
523738157126144,37,2018,2025,7,sn,hg_conus_sp,101.4674301147461,157.17347717285156,10.879528045654297,2894.313232421875,6739.1748046875,81.51480153483234,1881.3197151003,5471.74171589649
523738157126144,37,2018,2025,7,sn,hg_conus_clim,101.45145416259766,157.17349243164062,10.878668785095217,2765.820068359375,6562.9873046875,81.51480153483234,1881.3197151003,5471.74171589649
158712835010854,13,1970,1980,10,sn,default,50.19267654418945,65.24951171875,11.875934600830078,1126.27197265625,3837.29931640625,6.159004623226076,0.0,0.0
158712835010854,13,1970,1980,10,sn,calibrated,48.59664916992188,62.45158004760742,11.944491386413574,1094.610107421875,3767.71337890625,6.159004623226076,0.0,0.0
158712835010854,13,1970,1980,10,sn,hg_bayes,50.22100067138672,65.2493896484375,11.87929630279541,1676.7342529296875,5539.34033203125,6.159004623226076,0.0,0.0
158712835010854,13,1970,1980,10,sn,hg_organon,50.22100067138672,65.2493896484375,11.87929630279541,1676.7342529296875,5539.34033203125,6.159004623226076,0.0,0.0
158712835010854,13,1970,1980,10,sn,hg_conus_sp,50.19508361816406,65.24951171875,11.876218795776367,1687.5916748046875,6009.1015625,6.159004623226076,0.0,0.0
158712835010854,13,1970,1980,10,sn,hg_conus_clim,50.17036056518555,65.24954223632812,11.873291969299316,1267.6617431640625,4057.903076171875,6.159004623226076,0.0,0.0
153665998010854,22,2009,2021,12,sn,default,102.64533996582033,252.726303100586,8.629402160644531,1842.008544921875,1273.784423828125,148.39684587473437,3242.475991283268,14124.720346658525
153665998010854,22,2009,2021,12,sn,calibrated,98.4840316772461,239.4182891845703,8.68441390991211,1768.7762451171875,1315.3485107421875,148.39684587473437,3242.475991283268,14124.720346658525
153665998010854,22,2009,2021,12,sn,hg_bayes,102.65642547607422,252.726303100586,8.629865646362305,3199.94775390625,2328.57470703125,148.39684587473437,3242.475991283268,14124.720346658525
153665998010854,22,2009,2021,12,sn,hg_organon,102.65642547607422,252.726303100586,8.629865646362305,3199.94775390625,2328.57470703125,148.39684587473437,3242.475991283268,14124.720346658525
153665998010854,22,2009,2021,12,sn,hg_conus_sp,102.65037536621094,252.726318359375,8.629613876342773,2926.011962890625,2174.792724609375,148.39684587473437,3242.475991283268,14124.720346658525
153665998010854,22,2009,2021,12,sn,hg_conus_clim,102.64847564697266,252.72637939453125,8.62952995300293,2946.77978515625,2172.7314453125,148.39684587473437,3242.475991283268,14124.720346658525
160404574010854,28,1986,1993,7,sn,default,100.77224731445312,69.77830505371094,16.2722110748291,3383.4765625,18347.494140625,99.10520863859864,2838.755559452176,14180.608915524255
160404574010854,28,1986,1993,7,sn,calibrated,100.26632690429688,69.24935150146484,16.293184280395508,3367.958251953125,18275.634765625,99.10520863859864,2838.755559452176,14180.608915524255
160404574010854,28,1986,1993,7,sn,hg_bayes,100.75863647460938,69.7783203125,16.271108627319336,3774.51953125,20254.591796875,99.10520863859864,2838.755559452176,14180.608915524255
160404574010854,28,1986,1993,7,sn,hg_organon,100.75863647460938,69.7783203125,16.271108627319336,3774.51953125,20254.591796875,99.10520863859864,2838.755559452176,14180.608915524255
160404574010854,28,1986,1993,7,sn,hg_conus_sp,100.77249908447266,69.77828979492188,16.272232055664062,3543.868896484375,19420.30859375,99.10520863859864,2838.755559452176,14180.608915524255
160404574010854,28,1986,1993,7,sn,hg_conus_clim,100.77224731445312,69.77830505371094,16.2722110748291,3383.4765625,18347.494140625,99.10520863859864,2838.755559452176,14180.608915524255
225638079010854,48,2011,2022,11,sn,default,8.35997486114502,23.21236801147461,8.126041412353516,105.0546646118164,0.0,14.96590990180958,0.0,0.0
225638079010854,48,2011,2022,11,sn,calibrated,8.372971534729004,23.25897026062012,8.124204635620117,105.19750213623048,0.0,14.96590990180958,0.0,0.0
225638079010854,48,2011,2022,11,sn,hg_bayes,8.449357032775879,23.212064743041992,8.169421195983887,120.04106903076172,0.0,14.96590990180958,0.0,0.0
225638079010854,48,2011,2022,11,sn,hg_organon,8.449357032775879,23.212064743041992,8.169421195983887,120.04106903076172,0.0,14.96590990180958,0.0,0.0
225638079010854,48,2011,2022,11,sn,hg_conus_sp,8.403912544250488,23.21222686767578,8.147391319274902,112.60379791259766,0.0,14.96590990180958,0.0,0.0
225638079010854,48,2011,2022,11,sn,hg_conus_clim,8.35997486114502,23.21236801147461,8.126041412353516,105.0546646118164,0.0,14.96590990180958,0.0,0.0
124110623010478,40,2007,2014,7,sn,default,55.160911560058594,117.29660034179688,9.285587310791016,1149.0570068359375,2142.90869140625,53.30298623939992,815.500905943546,0.0
124110623010478,40,2007,2014,7,sn,calibrated,55.075927734375,117.0263214111328,9.28913688659668,1147.466064453125,2142.49755859375,53.30298623939992,815.500905943546,0.0
124110623010478,40,2007,2014,7,sn,hg_bayes,55.051025390625,117.29688262939452,9.276322364807127,1313.254638671875,2551.10595703125,53.30298623939992,815.500905943546,0.0
124110623010478,40,2007,2014,7,sn,hg_organon,55.051025390625,117.29688262939452,9.276322364807127,1313.254638671875,2551.10595703125,53.30298623939992,815.500905943546,0.0
124110623010478,40,2007,2014,7,sn,hg_conus_sp,55.085750579833984,117.29678344726562,9.279251098632812,1252.96533203125,2434.330810546875,53.30298623939992,815.500905943546,0.0
124110623010478,40,2007,2014,7,sn,hg_conus_clim,55.07874298095703,117.29679870605467,9.278661727905272,1246.4071044921875,2485.265380859375,53.30298623939992,815.500905943546,0.0
123924220010478,13,2006,2012,6,sn,default,68.48693084716797,123.05396270751952,10.10165309906006,1708.9737548828125,4934.39599609375,105.35801570107137,1401.48038598344,2435.308935620982
123924220010478,13,2006,2012,6,sn,calibrated,68.0352783203125,121.989990234375,10.112095832824709,1698.305419921875,4916.3779296875,105.35801570107137,1401.48038598344,2435.308935620982
123924220010478,13,2006,2012,6,sn,hg_bayes,68.49602508544922,123.05397033691406,10.102320671081545,1870.223876953125,5639.818359375,105.35801570107137,1401.48038598344,2435.308935620982
123924220010478,13,2006,2012,6,sn,hg_organon,68.49602508544922,123.05397033691406,10.102320671081545,1870.223876953125,5639.818359375,105.35801570107137,1401.48038598344,2435.308935620982
123924220010478,13,2006,2012,6,sn,hg_conus_sp,68.48004913330078,123.05398559570312,10.101141929626465,1774.3419189453125,5305.48876953125,105.35801570107137,1401.48038598344,2435.308935620982
123924220010478,13,2006,2012,6,sn,hg_conus_clim,68.48693084716797,123.05396270751952,10.10165309906006,1708.9737548828125,4934.39599609375,105.35801570107137,1401.48038598344,2435.308935620982
158716547010854,13,1972,1982,10,sn,default,179.1768035888672,304.0832824707031,10.393956184387209,4186.28125,11975.943359375,,,
158716547010854,13,1972,1982,10,sn,calibrated,159.9568634033203,259.5614013671875,10.62961769104004,3768.3671875,11278.6328125,,,
158716547010854,13,1972,1982,10,sn,hg_bayes,179.24276733398438,304.0035400390625,10.397235870361328,5603.0,15655.3935546875,,,
158716547010854,13,1972,1982,10,sn,hg_organon,179.24276733398438,304.0035400390625,10.397235870361328,5603.0,15655.3935546875,,,
158716547010854,13,1972,1982,10,sn,hg_conus_sp,179.16256713867188,304.1037902832031,10.393196105957031,4973.228515625,14244.4296875,,,
158716547010854,13,1972,1982,10,sn,hg_conus_clim,179.1768035888672,304.0832824707031,10.393956184387209,4186.28125,11975.943359375,,,
160380397010854,22,1973,1985,12,sn,default,27.240812301635746,25.359045028686523,14.033946990966797,726.5382080078125,2889.633544921875,,,
160380397010854,22,1973,1985,12,sn,calibrated,26.99473571777344,25.047550201416016,14.05701732635498,720.5165405273438,2873.022216796875,,,
160380397010854,22,1973,1985,12,sn,hg_bayes,27.240812301635746,25.359045028686523,14.033946990966797,726.5382080078125,2889.633544921875,,,
160380397010854,22,1973,1985,12,sn,hg_organon,27.240812301635746,25.359045028686523,14.033946990966797,726.5382080078125,2889.633544921875,,,
160380397010854,22,1973,1985,12,sn,hg_conus_sp,27.240812301635746,25.359045028686523,14.033946990966797,726.5382080078125,2889.633544921875,,,
160380397010854,22,1973,1985,12,sn,hg_conus_clim,27.240812301635746,25.359045028686523,14.033946990966797,726.5382080078125,2889.633544921875,,,
282497632489998,45,2015,2021,6,sn,default,92.00849151611328,117.5593490600586,11.97902774810791,2876.88427734375,11017.4677734375,109.98158703338991,2938.475023470052,14174.14865875458
282497632489998,45,2015,2021,6,sn,calibrated,90.27122497558594,114.48065185546876,12.023886680603027,2825.515869140625,10863.677734375,109.98158703338991,2938.475023470052,14174.14865875458
282497632489998,45,2015,2021,6,sn,hg_bayes,92.01398468017578,117.5593490600586,11.979388236999512,3210.971923828125,12259.1474609375,109.98158703338991,2938.475023470052,14174.14865875458
282497632489998,45,2015,2021,6,sn,hg_organon,92.01398468017578,117.5593490600586,11.979388236999512,3210.971923828125,12259.1474609375,109.98158703338991,2938.475023470052,14174.14865875458
282497632489998,45,2015,2021,6,sn,hg_conus_sp,92.01099395751952,117.5593490600586,11.979192733764648,3081.311279296875,11764.69140625,109.98158703338991,2938.475023470052,14174.14865875458
282497632489998,45,2015,2021,6,sn,hg_conus_clim,92.0077133178711,117.55935668945312,11.978978157043455,3122.381591796875,11958.029296875,109.98158703338991,2938.475023470052,14174.14865875458
161205905010854,37,1973,1983,10,sn,default,160.89646911621094,225.99984741210932,11.42498016357422,3894.88427734375,14190.9130859375,140.6420884794941,3711.152173390164,15826.072824955609
161205905010854,37,1973,1983,10,sn,calibrated,157.89218139648438,219.2437896728516,11.490870475769045,3833.7666015625,14072.2529296875,140.6420884794941,3711.152173390164,15826.072824955609
161205905010854,37,1973,1983,10,sn,hg_bayes,160.94700622558594,225.9187469482422,11.428826332092283,5517.080078125,20214.818359375,140.6420884794941,3711.152173390164,15826.072824955609
161205905010854,37,1973,1983,10,sn,hg_organon,160.94700622558594,225.9187469482422,11.428826332092283,5517.080078125,20214.818359375,140.6420884794941,3711.152173390164,15826.072824955609
161205905010854,37,1973,1983,10,sn,hg_conus_sp,160.90597534179688,225.9818115234375,11.425774574279783,5012.48486328125,18449.185546875,140.6420884794941,3711.152173390164,15826.072824955609
161205905010854,37,1973,1983,10,sn,hg_conus_clim,160.84266662597656,226.06820678710932,11.421341896057127,5065.42431640625,19069.087890625,140.6420884794941,3711.152173390164,15826.072824955609
160381055010854,22,1973,1984,11,sn,default,30.58753776550293,84.85041809082031,8.129831314086914,500.52777099609375,0.0,149.5207320071295,1647.0591747,695.3801457
160381055010854,22,1973,1984,11,sn,calibrated,29.19639778137207,80.75955200195312,8.141491889953613,477.4101257324219,0.0,149.5207320071295,1647.0591747,695.3801457
160381055010854,22,1973,1984,11,sn,hg_bayes,30.60408401489257,84.85039520263672,8.13203239440918,953.3493041992188,0.0,149.5207320071295,1647.0591747,695.3801457
160381055010854,22,1973,1984,11,sn,hg_organon,30.60408401489257,84.85039520263672,8.13203239440918,953.3493041992188,0.0,149.5207320071295,1647.0591747,695.3801457
160381055010854,22,1973,1984,11,sn,hg_conus_sp,30.603858947753903,84.85038757324219,8.132002830505371,874.9623413085938,0.0,149.5207320071295,1647.0591747,695.3801457
160381055010854,22,1973,1984,11,sn,hg_conus_clim,30.603731155395508,84.85039520263672,8.131983757019043,915.63623046875,0.0,149.5207320071295,1647.0591747,695.3801457
158062669010854,5,1987,1996,9,sn,default,130.97386169433594,218.86866760253903,10.474586486816406,2678.651611328125,5319.00244140625,132.12660586710348,1900.70194290668,3850.920000321441
158062669010854,5,1987,1996,9,sn,calibrated,129.9169158935547,216.3572235107422,10.492612838745115,2658.8330078125,5308.85302734375,132.12660586710348,1900.70194290668,3850.920000321441
158062669010854,5,1987,1996,9,sn,hg_bayes,130.9718017578125,218.8813018798828,10.474199295043944,3268.737548828125,6756.95654296875,132.12660586710348,1900.70194290668,3850.920000321441
158062669010854,5,1987,1996,9,sn,hg_organon,130.9718017578125,218.8813018798828,10.474199295043944,3268.737548828125,6756.95654296875,132.12660586710348,1900.70194290668,3850.920000321441
158062669010854,5,1987,1996,9,sn,hg_conus_sp,130.93109130859375,218.9309234619141,10.47138500213623,2980.541259765625,6146.48828125,132.12660586710348,1900.70194290668,3850.920000321441
158062669010854,5,1987,1996,9,sn,hg_conus_clim,130.97386169433594,218.86866760253903,10.474586486816406,2678.651611328125,5319.00244140625,132.12660586710348,1900.70194290668,3850.920000321441
161205398010854,37,1975,1984,9,sn,default,118.0660400390625,303.3495178222656,8.447480201721191,2235.95263671875,3668.1669921875,121.87990273222898,1520.3296302754982,1806.5933045697889
161205398010854,37,1975,1984,9,sn,calibrated,117.26821899414062,300.2232360839844,8.462610244750977,2223.856689453125,3666.15185546875,121.87990273222898,1520.3296302754982,1806.5933045697889
161205398010854,37,1975,1984,9,sn,hg_bayes,118.07096862792967,303.3486022949219,8.44766902923584,2931.885498046875,4858.45166015625,121.87990273222898,1520.3296302754982,1806.5933045697889
161205398010854,37,1975,1984,9,sn,hg_organon,118.07096862792967,303.3486022949219,8.44766902923584,2931.885498046875,4858.45166015625,121.87990273222898,1520.3296302754982,1806.5933045697889
161205398010854,37,1975,1984,9,sn,hg_conus_sp,117.9898910522461,303.49078369140625,8.442788124084473,2620.063720703125,4478.0732421875,121.87990273222898,1520.3296302754982,1806.5933045697889
161205398010854,37,1975,1984,9,sn,hg_conus_clim,118.06771087646484,303.34674072265625,8.447577476501465,2243.438720703125,3668.164306640625,121.87990273222898,1520.3296302754982,1806.5933045697889
37370657010478,5,2000,2010,10,sn,default,141.7955322265625,238.6508026123047,10.43725299835205,3269.353759765625,7961.3525390625,99.9691198598838,2147.63422851243,6866.162199720318
37370657010478,5,2000,2010,10,sn,calibrated,141.7734832763672,238.5920562744141,10.437722206115724,3268.852783203125,7960.85498046875,99.9691198598838,2147.63422851243,6866.162199720318
37370657010478,5,2000,2010,10,sn,hg_bayes,141.72935485839844,238.7157592773437,10.43339729309082,3402.78515625,8447.97265625,99.9691198598838,2147.63422851243,6866.162199720318
37370657010478,5,2000,2010,10,sn,hg_organon,141.72935485839844,238.7157592773437,10.43339729309082,3402.78515625,8447.97265625,99.9691198598838,2147.63422851243,6866.162199720318
37370657010478,5,2000,2010,10,sn,hg_conus_sp,141.72183227539062,238.7225952148437,10.43297004699707,3320.7744140625,8166.38525390625,99.9691198598838,2147.63422851243,6866.162199720318
37370657010478,5,2000,2010,10,sn,hg_conus_clim,141.79751586914062,238.6485748291016,10.437374114990234,3268.3759765625,7961.32958984375,99.9691198598838,2147.63422851243,6866.162199720318
161213439010854,37,1982,1989,7,sn,default,174.21697998046875,269.36688232421875,10.889537811279297,5211.62451171875,19140.384765625,208.5851848645079,4482.573560380302,18878.972679704857
161213439010854,37,1982,1989,7,sn,calibrated,164.94393920898438,248.7479553222656,11.02617073059082,4957.6318359375,18550.775390625,208.5851848645079,4482.573560380302,18878.972679704857
161213439010854,37,1982,1989,7,sn,hg_bayes,174.22808837890625,269.3561096191406,10.89009952545166,5994.6298828125,21399.189453125,208.5851848645079,4482.573560380302,18878.972679704857
161213439010854,37,1982,1989,7,sn,hg_organon,174.22808837890625,269.3561096191406,10.89009952545166,5994.6298828125,21399.189453125,208.5851848645079,4482.573560380302,18878.972679704857
161213439010854,37,1982,1989,7,sn,hg_conus_sp,174.21461486816406,269.3702087402344,10.889398574829102,5583.41748046875,20145.55078125,208.5851848645079,4482.573560380302,18878.972679704857
161213439010854,37,1982,1989,7,sn,hg_conus_clim,174.19488525390625,269.3905029296875,10.8883695602417,5689.625,20675.06640625,208.5851848645079,4482.573560380302,18878.972679704857
386054161489998,21,2016,2024,8,sn,default,48.610538482666016,40.36817169189453,14.858738899230955,1269.349853515625,5721.14697265625,45.88483266823687,1341.938663331742,2640.964975639332
386054161489998,21,2016,2024,8,sn,calibrated,48.62028121948242,40.38483810424805,14.85716152191162,1269.550048828125,5721.92724609375,45.88483266823687,1341.938663331742,2640.964975639332
386054161489998,21,2016,2024,8,sn,hg_bayes,48.59538269042969,40.36822509765625,14.856412887573242,1473.1810302734375,6697.55810546875,45.88483266823687,1341.938663331742,2640.964975639332
386054161489998,21,2016,2024,8,sn,hg_organon,48.59538269042969,40.36822509765625,14.856412887573242,1473.1810302734375,6697.55810546875,45.88483266823687,1341.938663331742,2640.964975639332
386054161489998,21,2016,2024,8,sn,hg_conus_sp,48.6131706237793,40.36816787719727,14.859142303466797,1355.023681640625,5998.41357421875,45.88483266823687,1341.938663331742,2640.964975639332
386054161489998,21,2016,2024,8,sn,hg_conus_clim,48.61243438720703,40.3681755065918,14.859027862548828,1279.2137451171875,5717.25341796875,45.88483266823687,1341.938663331742,2640.964975639332
448940139489998,12,2018,2024,6,sn,default,18.81829261779785,58.74540710449219,7.663715362548828,314.641357421875,558.3638916015625,94.39247179165116,438.559848495842,601.70527215077
448940139489998,12,2018,2024,6,sn,calibrated,18.929780960083008,59.23748397827149,7.654393672943115,315.5570678710937,558.84521484375,94.39247179165116,438.559848495842,601.70527215077
448940139489998,12,2018,2024,6,sn,hg_bayes,18.81521224975586,58.74541091918945,7.663088798522949,469.3609619140625,663.5830078125,94.39247179165116,438.559848495842,601.70527215077
448940139489998,12,2018,2024,6,sn,hg_organon,18.81521224975586,58.74541091918945,7.663088798522949,469.3609619140625,663.5830078125,94.39247179165116,438.559848495842,601.70527215077
448940139489998,12,2018,2024,6,sn,hg_conus_sp,18.8240966796875,58.745418548583984,7.664896011352539,438.306884765625,769.076416015625,94.39247179165116,438.559848495842,601.70527215077
448940139489998,12,2018,2024,6,sn,hg_conus_clim,18.81829261779785,58.74540710449219,7.663715362548828,314.641357421875,558.3638916015625,94.39247179165116,438.559848495842,601.70527215077
82512309010478,5,2006,2011,5,sn,default,104.45650482177734,301.1735534667969,7.974358081817627,1676.475341796875,2546.63720703125,184.19988889050185,1534.973458683374,4369.817441167218
82512309010478,5,2006,2011,5,sn,calibrated,102.0350112915039,291.0438232421875,8.017365455627441,1641.297119140625,2559.3984375,184.19988889050185,1534.973458683374,4369.817441167218
82512309010478,5,2006,2011,5,sn,hg_bayes,104.43099975585938,301.17352294921875,7.97338342666626,2306.82763671875,3809.171875,184.19988889050185,1534.973458683374,4369.817441167218
82512309010478,5,2006,2011,5,sn,hg_organon,104.43099975585938,301.17352294921875,7.97338342666626,2306.82763671875,3809.171875,184.19988889050185,1534.973458683374,4369.817441167218
82512309010478,5,2006,2011,5,sn,hg_conus_sp,104.42595672607422,301.1734619140625,7.973191738128662,2207.52685546875,3669.67138671875,184.19988889050185,1534.973458683374,4369.817441167218
82512309010478,5,2006,2011,5,sn,hg_conus_clim,104.41690826416016,301.17352294921875,7.972844123840332,2022.716552734375,3630.495361328125,184.19988889050185,1534.973458683374,4369.817441167218
46159321020004,48,2013,2018,5,sn,default,161.62185668945312,282.734619140625,10.237567901611328,4478.107421875,13389.1689453125,64.45301777082635,1850.3333137982559,9324.835669348253
46159321020004,48,2013,2018,5,sn,calibrated,159.23634338378906,276.342041015625,10.278597831726074,4415.6474609375,13277.4501953125,64.45301777082635,1850.3333137982559,9324.835669348253
46159321020004,48,2013,2018,5,sn,hg_bayes,161.62425231933594,282.73126220703125,10.237707138061523,5070.9912109375,15164.3994140625,64.45301777082635,1850.3333137982559,9324.835669348253
46159321020004,48,2013,2018,5,sn,hg_organon,161.62425231933594,282.73126220703125,10.237707138061523,5070.9912109375,15164.3994140625,64.45301777082635,1850.3333137982559,9324.835669348253
46159321020004,48,2013,2018,5,sn,hg_conus_sp,161.6206512451172,282.7365417480469,10.237493515014648,4890.62890625,14828.140625,64.45301777082635,1850.3333137982559,9324.835669348253
46159321020004,48,2013,2018,5,sn,hg_conus_clim,161.62059020996094,282.73663330078125,10.237494468688965,4853.15576171875,14572.5634765625,64.45301777082635,1850.3333137982559,9324.835669348253
161210804010854,37,1983,1989,6,sn,default,230.9649353027344,88.92544555664062,21.82208633422852,8279.1484375,50720.6484375,96.86734826852287,3009.38781760532,12277.131617571275
161210804010854,37,1983,1989,6,sn,calibrated,230.9646453857422,88.92935180664062,21.821592330932617,8279.4765625,50724.15234375,96.86734826852287,3009.38781760532,12277.131617571275
161210804010854,37,1983,1989,6,sn,hg_bayes,230.9650115966797,88.91487884521484,21.82338523864746,8710.0029296875,53037.19140625,96.86734826852287,3009.38781760532,12277.131617571275
161210804010854,37,1983,1989,6,sn,hg_organon,230.9650115966797,88.91487884521484,21.82338523864746,8710.0029296875,53037.19140625,96.86734826852287,3009.38781760532,12277.131617571275
161210804010854,37,1983,1989,6,sn,hg_conus_sp,230.9647521972656,88.93635559082031,21.82073783874512,8352.236328125,51343.27734375,96.86734826852287,3009.38781760532,12277.131617571275
161210804010854,37,1983,1989,6,sn,hg_conus_clim,230.9649658203125,88.92727661132812,21.82186508178711,8288.11328125,50756.32421875,96.86734826852287,3009.38781760532,12277.131617571275
79199730010478,51,2005,2010,5,sn,default,177.07476806640625,223.9384155273437,12.04066276550293,5535.6455078125,21959.955078125,192.60698938525584,5972.62371456672,25888.235917968337
79199730010478,51,2005,2010,5,sn,calibrated,162.14602661132812,195.18408203125,12.34147834777832,5107.47998046875,20780.703125,192.60698938525584,5972.62371456672,25888.235917968337
79199730010478,51,2005,2010,5,sn,hg_bayes,177.08294677734375,223.9293670654297,12.041180610656738,6117.63232421875,24195.015625,192.60698938525584,5972.62371456672,25888.235917968337
79199730010478,51,2005,2010,5,sn,hg_organon,177.08294677734375,223.9293670654297,12.041180610656738,6117.63232421875,24195.015625,192.60698938525584,5972.62371456672,25888.235917968337
79199730010478,51,2005,2010,5,sn,hg_conus_sp,177.0758514404297,223.9375457763672,12.04072093963623,5817.01318359375,22956.712890625,192.60698938525584,5972.62371456672,25888.235917968337
79199730010478,51,2005,2010,5,sn,hg_conus_clim,177.07476806640625,223.9384155273437,12.04066276550293,5535.6455078125,21959.955078125,192.60698938525584,5972.62371456672,25888.235917968337
157499690010854,1,1971,1982,11,sn,default,70.18292999267578,100.6209945678711,11.308571815490724,1613.4482421875,2384.247802734375,80.83399506998607,1165.365456,1333.7612490000001
157499690010854,1,1971,1982,11,sn,calibrated,69.96273040771484,100.2206802368164,11.313342094421388,1608.7750244140625,2383.1298828125,80.83399506998607,1165.365456,1333.7612490000001
157499690010854,1,1971,1982,11,sn,hg_bayes,70.58030700683594,100.61955261230467,11.340622901916504,1893.590087890625,2856.010986328125,80.83399506998607,1165.365456,1333.7612490000001
157499690010854,1,1971,1982,11,sn,hg_organon,70.58030700683594,100.61955261230467,11.340622901916504,1893.590087890625,2856.010986328125,80.83399506998607,1165.365456,1333.7612490000001
157499690010854,1,1971,1982,11,sn,hg_conus_sp,70.42977142333984,100.62013244628906,11.32848834991455,1791.6541748046875,2655.801025390625,80.83399506998607,1165.365456,1333.7612490000001
157499690010854,1,1971,1982,11,sn,hg_conus_clim,70.18292999267578,100.6209945678711,11.308571815490724,1613.4482421875,2384.247802734375,80.83399506998607,1165.365456,1333.7612490000001
20254374010478,12,2002,2010,8,sn,default,186.7943572998047,204.6375274658203,12.936758041381836,4817.00341796875,18727.646484375,86.04378527380166,2203.405573128576,7587.061005289962
20254374010478,12,2002,2010,8,sn,calibrated,178.69696044921875,190.0846405029297,13.12868309020996,4623.73681640625,18215.2421875,86.04378527380166,2203.405573128576,7587.061005289962
20254374010478,12,2002,2010,8,sn,hg_bayes,186.88284301757807,204.5471649169922,12.942682266235352,5436.8603515625,20280.26171875,86.04378527380166,2203.405573128576,7587.061005289962
20254374010478,12,2002,2010,8,sn,hg_organon,186.88284301757807,204.5471649169922,12.942682266235352,5436.8603515625,20280.26171875,86.04378527380166,2203.405573128576,7587.061005289962
20254374010478,12,2002,2010,8,sn,hg_conus_sp,186.834228515625,204.5933380126953,12.93954372406006,5317.6826171875,20287.1640625,86.04378527380166,2203.405573128576,7587.061005289962
20254374010478,12,2002,2010,8,sn,hg_conus_clim,186.7943572998047,204.6375274658203,12.936758041381836,4817.00341796875,18727.646484375,86.04378527380166,2203.405573128576,7587.061005289962
162412912010854,45,1968,1978,10,sn,default,92.41455078125,143.49366760253906,10.866509437561035,1840.7591552734373,2620.23876953125,,,
162412912010854,45,1968,1978,10,sn,calibrated,91.72331237792967,142.15945434570312,10.87647819519043,1827.6644287109373,2614.537353515625,,,
162412912010854,45,1968,1978,10,sn,hg_bayes,92.47594451904295,143.49391174316406,10.870111465454102,2392.862060546875,3616.215576171875,,,
162412912010854,45,1968,1978,10,sn,hg_organon,92.47594451904295,143.49391174316406,10.870111465454102,2392.862060546875,3616.215576171875,,,
162412912010854,45,1968,1978,10,sn,hg_conus_sp,92.40177154541016,143.49391174316406,10.86574935913086,2189.06982421875,3286.444580078125,,,
162412912010854,45,1968,1978,10,sn,hg_conus_clim,92.41455078125,143.49366760253906,10.866509437561035,1840.7591552734373,2620.23876953125,,,
153850103010854,21,2008,2013,5,sn,default,104.41566467285156,123.19396209716795,12.46592140197754,2921.4658203125,13335.90625,113.2534829242388,2841.166692062594,11070.139721388752
153850103010854,21,2008,2013,5,sn,calibrated,104.6661376953125,123.6128921508789,12.459697723388672,2927.62109375,13358.435546875,113.2534829242388,2841.166692062594,11070.139721388752
153850103010854,21,2008,2013,5,sn,hg_bayes,104.46173095703124,123.19395446777344,12.468671798706056,3189.73583984375,14518.6865234375,113.2534829242388,2841.166692062594,11070.139721388752
153850103010854,21,2008,2013,5,sn,hg_organon,104.46173095703124,123.19395446777344,12.468671798706056,3189.73583984375,14518.6865234375,113.2534829242388,2841.166692062594,11070.139721388752
153850103010854,21,2008,2013,5,sn,hg_conus_sp,104.43814086914062,123.19397735595705,12.467263221740724,3078.392822265625,14158.1943359375,113.2534829242388,2841.166692062594,11070.139721388752
153850103010854,21,2008,2013,5,sn,hg_conus_clim,104.41156005859376,123.19396209716795,12.465678215026855,2954.481689453125,13490.755859375,113.2534829242388,2841.166692062594,11070.139721388752
162413117010854,45,1967,1978,11,sn,default,16.032575607299805,26.67835807800293,10.496834754943848,288.60369873046875,759.4989013671875,42.80872452863611,489.966544626169,0.0
162413117010854,45,1967,1978,11,sn,calibrated,15.596965789794922,25.711164474487305,10.546187400817873,281.46051025390625,751.1981811523438,42.80872452863611,489.966544626169,0.0
162413117010854,45,1967,1978,11,sn,hg_bayes,15.915498733520508,26.67841911315918,10.458428382873535,473.802001953125,1085.836669921875,42.80872452863611,489.966544626169,0.0
162413117010854,45,1967,1978,11,sn,hg_organon,15.915498733520508,26.67841911315918,10.458428382873535,473.802001953125,1085.836669921875,42.80872452863611,489.966544626169,0.0
162413117010854,45,1967,1978,11,sn,hg_conus_sp,15.952664375305176,26.67839813232422,10.470635414123535,446.6065979003906,1082.96142578125,42.80872452863611,489.966544626169,0.0
162413117010854,45,1967,1978,11,sn,hg_conus_clim,15.857610702514648,26.678443908691406,10.439385414123535,395.8070373535156,733.1724853515625,42.80872452863611,489.966544626169,0.0
228182253010854,22,2011,2019,8,sn,default,114.98631286621094,46.56379699707031,21.278215408325195,4102.56201171875,23959.896484375,106.11657652676404,3732.231308956742,24425.236453940935
228182253010854,22,2011,2019,8,sn,calibrated,113.32167053222656,45.73724365234375,21.31364631652832,4043.3603515625,23629.517578125,106.11657652676404,3732.231308956742,24425.236453940935
228182253010854,22,2011,2019,8,sn,hg_bayes,114.96939086914062,46.56380462646485,21.27664566040039,4351.2197265625,25744.62109375,106.11657652676404,3732.231308956742,24425.236453940935
228182253010854,22,2011,2019,8,sn,hg_organon,114.96939086914062,46.56380462646485,21.27664566040039,4351.2197265625,25744.62109375,106.11657652676404,3732.231308956742,24425.236453940935
228182253010854,22,2011,2019,8,sn,hg_conus_sp,114.97631072998048,46.56379699707031,21.27729034423828,4201.2265625,24489.853515625,106.11657652676404,3732.231308956742,24425.236453940935
228182253010854,22,2011,2019,8,sn,hg_conus_clim,114.9681625366211,46.56380081176758,21.276531219482425,4221.6689453125,24778.05859375,106.11657652676404,3732.231308956742,24425.236453940935
33472174020004,28,2013,2019,6,sn,default,80.91405487060547,58.734256744384766,15.892877578735352,3188.5947265625,16040.2744140625,,,
33472174020004,28,2013,2019,6,sn,calibrated,79.09598541259766,57.10054397583008,15.936516761779783,3120.814697265625,15721.8505859375,,,
33472174020004,28,2013,2019,6,sn,hg_bayes,80.9142074584961,58.734256744384766,15.892895698547363,3435.044677734375,17449.20703125,,,
33472174020004,28,2013,2019,6,sn,hg_organon,80.9142074584961,58.734256744384766,15.892895698547363,3435.044677734375,17449.20703125,,,
33472174020004,28,2013,2019,6,sn,hg_conus_sp,80.91422271728516,58.734256744384766,15.89289379119873,3337.36962890625,16857.88671875,,,
33472174020004,28,2013,2019,6,sn,hg_conus_clim,80.91416931152344,58.734256744384766,15.892889022827148,3379.824462890625,17089.5625,,,
162424085010854,45,1986,1993,7,sn,default,259.4934387207031,190.32554626464844,15.81069278717041,7231.2197265625,31028.455078125,168.37725602129308,3273.375626229142,11037.242587602419
162424085010854,45,1986,1993,7,sn,calibrated,259.0889892578125,189.93133544921875,15.8147554397583,7220.59716796875,30988.568359375,168.37725602129308,3273.375626229142,11037.242587602419
162424085010854,45,1986,1993,7,sn,hg_bayes,259.461181640625,190.34829711914065,15.80876922607422,8490.66015625,38077.72265625,168.37725602129308,3273.375626229142,11037.242587602419
162424085010854,45,1986,1993,7,sn,hg_organon,259.461181640625,190.34829711914065,15.80876922607422,8490.66015625,38077.72265625,168.37725602129308,3273.375626229142,11037.242587602419
162424085010854,45,1986,1993,7,sn,hg_conus_sp,259.42047119140625,190.37863159179688,15.806265830993652,8139.03466796875,36573.6328125,168.37725602129308,3273.375626229142,11037.242587602419
162424085010854,45,1986,1993,7,sn,hg_conus_clim,259.4302673339844,190.3732452392578,15.806784629821776,7981.54296875,35785.77734375,168.37725602129308,3273.375626229142,11037.242587602419
155766809010854,12,1968,1978,10,sn,default,57.903541564941406,97.86177825927734,10.41555118560791,1272.6676025390625,2679.30029296875,99.20335176717886,1478.017122509506,4553.850719203545
155766809010854,12,1968,1978,10,sn,calibrated,56.54891586303711,95.07466888427734,10.442776679992676,1243.7454833984375,2649.02734375,99.20335176717886,1478.017122509506,4553.850719203545
155766809010854,12,1968,1978,10,sn,hg_bayes,57.85861206054688,97.86174011230467,10.411513328552246,1744.29443359375,3644.3427734375,99.20335176717886,1478.017122509506,4553.850719203545
155766809010854,12,1968,1978,10,sn,hg_organon,57.85861206054688,97.86174011230467,10.411513328552246,1744.29443359375,3644.3427734375,99.20335176717886,1478.017122509506,4553.850719203545
155766809010854,12,1968,1978,10,sn,hg_conus_sp,57.878196716308594,97.86176300048828,10.4132719039917,1808.64208984375,3946.339111328125,99.20335176717886,1478.017122509506,4553.850719203545
155766809010854,12,1968,1978,10,sn,hg_conus_clim,57.903541564941406,97.86177825927734,10.41555118560791,1272.6676025390625,2679.30029296875,99.20335176717886,1478.017122509506,4553.850719203545
163892189010854,51,1975,1984,9,sn,default,116.24655151367188,160.38096618652344,11.5278902053833,2907.59423828125,8483.9853515625,166.04360421808803,3733.822530055131,12424.61633564547
163892189010854,51,1975,1984,9,sn,calibrated,113.3818588256836,154.7882843017578,11.58881950378418,2841.634765625,8389.3740234375,166.04360421808803,3733.822530055131,12424.61633564547
163892189010854,51,1975,1984,9,sn,hg_bayes,116.17098999023438,160.38119506835938,11.524137496948242,3538.500732421875,10499.9619140625,166.04360421808803,3733.822530055131,12424.61633564547
163892189010854,51,1975,1984,9,sn,hg_organon,116.17098999023438,160.38119506835938,11.524137496948242,3538.500732421875,10499.9619140625,166.04360421808803,3733.822530055131,12424.61633564547
163892189010854,51,1975,1984,9,sn,hg_conus_sp,116.15166473388672,160.3812255859375,11.523176193237305,3290.66455078125,9782.75,166.04360421808803,3733.822530055131,12424.61633564547
163892189010854,51,1975,1984,9,sn,hg_conus_clim,116.17098236083984,160.3812255859375,11.52413558959961,3070.827392578125,9030.1005859375,166.04360421808803,3733.822530055131,12424.61633564547
162412349010854,45,1967,1977,10,sn,default,119.49274444580078,134.02175903320312,12.78554630279541,3090.861572265625,13536.7724609375,128.14746056483023,2752.674957095841,10646.502645745239
162412349010854,45,1967,1977,10,sn,calibrated,117.53789520263672,131.228759765625,12.814769744873049,3044.576171875,13372.5126953125,128.14746056483023,2752.674957095841,10646.502645745239
162412349010854,45,1967,1977,10,sn,hg_bayes,119.60823059082033,134.0213623046875,12.791747093200684,4065.765625,17417.763671875,128.14746056483023,2752.674957095841,10646.502645745239
162412349010854,45,1967,1977,10,sn,hg_organon,119.60823059082033,134.0213623046875,12.791747093200684,4065.765625,17417.763671875,128.14746056483023,2752.674957095841,10646.502645745239
162412349010854,45,1967,1977,10,sn,hg_conus_sp,119.58578491210938,134.0215606689453,12.790534973144531,3642.673828125,16027.8017578125,128.14746056483023,2752.674957095841,10646.502645745239
162412349010854,45,1967,1977,10,sn,hg_conus_clim,119.43854522705078,134.02198791503906,12.78264045715332,3435.900634765625,15612.9541015625,128.14746056483023,2752.674957095841,10646.502645745239
160391286010854,22,1984,1991,7,sn,default,84.20577239990234,159.72772216796875,9.831439971923828,1502.333251953125,4145.20947265625,56.24528539182397,1174.3951735,3892.8055526000003
160391286010854,22,1984,1991,7,sn,calibrated,83.73377227783203,158.4687957763672,9.842711448669434,1495.0897216796875,4141.59326171875,56.24528539182397,1174.3951735,3892.8055526000003
160391286010854,22,1984,1991,7,sn,hg_bayes,84.15483093261719,159.72781372070312,9.828462600708008,1747.3681640625,5120.91650390625,56.24528539182397,1174.3951735,3892.8055526000003
160391286010854,22,1984,1991,7,sn,hg_organon,84.15483093261719,159.72781372070312,9.828462600708008,1747.3681640625,5120.91650390625,56.24528539182397,1174.3951735,3892.8055526000003
160391286010854,22,1984,1991,7,sn,hg_conus_sp,84.17398071289062,159.72779846191406,9.829583168029783,1659.6375732421875,4848.0263671875,56.24528539182397,1174.3951735,3892.8055526000003
160391286010854,22,1984,1991,7,sn,hg_conus_clim,84.18875122070312,159.72776794433594,9.830442428588867,1612.9931640625,4328.109375,56.24528539182397,1174.3951735,3892.8055526000003
289516018489998,12,2016,2023,7,sn,default,18.66120338439941,35.1319694519043,9.868584632873535,275.7660522460937,523.7744140625,14.768516530908752,134.4362268871,0.0
289516018489998,12,2016,2023,7,sn,calibrated,18.17550468444824,33.90519332885742,9.91394329071045,268.8280639648437,518.8590698242188,14.768516530908752,134.4362268871,0.0
289516018489998,12,2016,2023,7,sn,hg_bayes,18.659727096557617,35.13196563720703,9.868194580078123,457.6317443847656,901.9512939453124,14.768516530908752,134.4362268871,0.0
289516018489998,12,2016,2023,7,sn,hg_organon,18.659727096557617,35.13196563720703,9.868194580078123,457.6317443847656,901.9512939453124,14.768516530908752,134.4362268871,0.0
289516018489998,12,2016,2023,7,sn,hg_conus_sp,18.659408569335938,35.1319694519043,9.868109703063965,542.262939453125,1160.5880126953125,14.768516530908752,134.4362268871,0.0
289516018489998,12,2016,2023,7,sn,hg_conus_clim,18.66120338439941,35.1319694519043,9.868584632873535,275.7660522460937,523.7744140625,14.768516530908752,134.4362268871,0.0
163897332010854,51,1984,1991,7,sn,default,70.26805114746094,164.35357666015625,8.853715896606445,1393.53271484375,2635.808349609375,139.64874594323882,2169.306574144321,3438.2259254036608
163897332010854,51,1984,1991,7,sn,calibrated,69.23112487792969,161.21998596191406,8.87314510345459,1373.2894287109375,2618.854736328125,139.64874594323882,2169.306574144321,3438.2259254036608
163897332010854,51,1984,1991,7,sn,hg_bayes,70.13880157470703,164.35398864746094,8.845560073852539,1924.6307373046875,3716.19287109375,139.64874594323882,2169.306574144321,3438.2259254036608
163897332010854,51,1984,1991,7,sn,hg_organon,70.13880157470703,164.35398864746094,8.845560073852539,1924.6307373046875,3716.19287109375,139.64874594323882,2169.306574144321,3438.2259254036608
163897332010854,51,1984,1991,7,sn,hg_conus_sp,70.0774917602539,164.35418701171875,8.84168815612793,1819.530517578125,3552.656005859375,139.64874594323882,2169.306574144321,3438.2259254036608
163897332010854,51,1984,1991,7,sn,hg_conus_clim,70.07185363769531,164.35418701171875,8.84133243560791,1809.1839599609373,3576.800048828125,139.64874594323882,2169.306574144321,3438.2259254036608
160393348010854,22,1983,1991,8,sn,default,82.35507202148438,197.2568359375,8.749141693115234,1580.7796630859375,1479.3875732421875,73.84947854324967,1447.8228764,4455.9491264
160393348010854,22,1983,1991,8,sn,calibrated,82.3478012084961,197.23248291015625,8.749295234680176,1580.65234375,1479.3775634765625,73.84947854324967,1447.8228764,4455.9491264
160393348010854,22,1983,1991,8,sn,hg_bayes,82.35507202148438,197.2568359375,8.749141693115234,1580.7796630859375,1479.3875732421875,73.84947854324967,1447.8228764,4455.9491264
160393348010854,22,1983,1991,8,sn,hg_organon,82.35507202148438,197.2568359375,8.749141693115234,1580.7796630859375,1479.3875732421875,73.84947854324967,1447.8228764,4455.9491264
160393348010854,22,1983,1991,8,sn,hg_conus_sp,82.35507202148438,197.2568359375,8.749141693115234,1580.7796630859375,1479.3875732421875,73.84947854324967,1447.8228764,4455.9491264
160393348010854,22,1983,1991,8,sn,hg_conus_clim,82.35507202148438,197.2568359375,8.749141693115234,1580.7796630859375,1479.3875732421875,73.84947854324967,1447.8228764,4455.9491264
43360677010478,1,1997,2003,6,sn,default,91.2021942138672,141.02218627929688,10.88918113708496,2572.599365234375,8844.66015625,66.40461896140737,1746.366742675364,7183.560192492067
43360677010478,1,1997,2003,6,sn,calibrated,90.74932098388672,139.97242736816406,10.902767181396484,2561.802978515625,8827.3603515625,66.40461896140737,1746.366742675364,7183.560192492067
43360677010478,1,1997,2003,6,sn,hg_bayes,91.22234344482422,141.0221405029297,10.890384674072266,2864.3125,9584.822265625,66.40461896140737,1746.366742675364,7183.560192492067
43360677010478,1,1997,2003,6,sn,hg_organon,91.22234344482422,141.0221405029297,10.890384674072266,2864.3125,9584.822265625,66.40461896140737,1746.366742675364,7183.560192492067
43360677010478,1,1997,2003,6,sn,hg_conus_sp,91.19847106933594,141.02220153808594,10.888957977294922,2688.1259765625,9223.98046875,66.40461896140737,1746.366742675364,7183.560192492067
43360677010478,1,1997,2003,6,sn,hg_conus_clim,91.1777801513672,141.022216796875,10.88772201538086,2690.358154296875,9452.349609375,66.40461896140737,1746.366742675364,7183.560192492067
274682431489998,47,2016,2023,7,sn,default,137.3846435546875,179.6704864501953,11.84041690826416,3663.629638671875,14008.2919921875,139.27767845788117,3940.891750115764,13661.438702205262
274682431489998,47,2016,2023,7,sn,calibrated,138.55905151367188,182.0118408203125,11.814191818237305,3692.0322265625,14071.8662109375,139.27767845788117,3940.891750115764,13661.438702205262
274682431489998,47,2016,2023,7,sn,hg_bayes,137.4207763671875,179.67042541503906,11.8419771194458,4158.3212890625,15864.197265625,139.27767845788117,3940.891750115764,13661.438702205262
274682431489998,47,2016,2023,7,sn,hg_organon,137.4207763671875,179.67042541503906,11.8419771194458,4158.3212890625,15864.197265625,139.27767845788117,3940.891750115764,13661.438702205262
274682431489998,47,2016,2023,7,sn,hg_conus_sp,137.395751953125,179.67044067382812,11.840898513793944,3916.3662109375,15256.470703125,139.27767845788117,3940.891750115764,13661.438702205262
274682431489998,47,2016,2023,7,sn,hg_conus_clim,137.3846435546875,179.6704864501953,11.84041690826416,3663.629638671875,14008.2919921875,139.27767845788117,3940.891750115764,13661.438702205262
158727732010854,13,1982,1989,7,sn,default,116.98346710205078,277.0054626464844,8.79942798614502,2693.056884765625,4877.21826171875,111.7254143506976,2070.841061955872,4734.412324372779
158727732010854,13,1982,1989,7,sn,calibrated,113.5700454711914,265.8120422363281,8.850765228271484,2628.30615234375,4845.9619140625,111.7254143506976,2070.841061955872,4734.412324372779
158727732010854,13,1982,1989,7,sn,hg_bayes,117.16515350341795,277.0049743652344,8.806264877319336,3597.80615234375,6193.22265625,111.7254143506976,2070.841061955872,4734.412324372779
158727732010854,13,1982,1989,7,sn,hg_organon,117.16515350341795,277.0049743652344,8.806264877319336,3597.80615234375,6193.22265625,111.7254143506976,2070.841061955872,4734.412324372779
158727732010854,13,1982,1989,7,sn,hg_conus_sp,117.05248260498048,277.0052490234375,8.80202579498291,3276.93017578125,5825.20849609375,111.7254143506976,2070.841061955872,4734.412324372779
158727732010854,13,1982,1989,7,sn,hg_conus_clim,116.90022277832033,277.0056457519531,8.796293258666992,3010.89599609375,5764.65283203125,111.7254143506976,2070.841061955872,4734.412324372779
32627518010478,47,1998,2003,5,sn,default,39.38766479492188,149.30140686035156,6.95479679107666,456.3644409179688,0.0,84.47972583609925,540.571409231266,0.0
32627518010478,47,1998,2003,5,sn,calibrated,39.37948226928711,149.26805114746094,6.954851150512695,456.2796630859375,0.0,84.47972583609925,540.571409231266,0.0
32627518010478,47,1998,2003,5,sn,hg_bayes,39.368751525878906,149.30148315429688,6.953124523162842,474.1287231445313,0.0,84.47972583609925,540.571409231266,0.0
32627518010478,47,1998,2003,5,sn,hg_organon,39.368751525878906,149.30148315429688,6.953124523162842,474.1287231445313,0.0,84.47972583609925,540.571409231266,0.0
32627518010478,47,1998,2003,5,sn,hg_conus_sp,39.375789642333984,149.30145263671875,6.95374870300293,464.2805786132813,0.0,84.47972583609925,540.571409231266,0.0
32627518010478,47,1998,2003,5,sn,hg_conus_clim,39.38766479492188,149.30140686035156,6.95479679107666,456.3644409179688,0.0,84.47972583609925,540.571409231266,0.0
163889935010854,51,1976,1985,9,sn,default,190.13101196289065,329.1977844238281,10.290449142456056,4758.6708984375,14620.7138671875,27.25896305904197,0.0,0.0
163889935010854,51,1976,1985,9,sn,calibrated,171.78121948242188,283.8598937988281,10.533487319946287,4333.27685546875,13938.6572265625,27.25896305904197,0.0,0.0
163889935010854,51,1976,1985,9,sn,hg_bayes,190.1575469970703,329.1684265136719,10.291622161865234,6060.54736328125,18333.673828125,27.25896305904197,0.0,0.0
163889935010854,51,1976,1985,9,sn,hg_organon,190.1575469970703,329.1684265136719,10.291622161865234,6060.54736328125,18333.673828125,27.25896305904197,0.0,0.0
163889935010854,51,1976,1985,9,sn,hg_conus_sp,190.1318817138672,329.1974792480469,10.290480613708496,5512.7119140625,17081.931640625,27.25896305904197,0.0,0.0
163889935010854,51,1976,1985,9,sn,hg_conus_clim,190.11050415039065,329.2185363769531,10.289566040039062,4818.078125,14977.6396484375,27.25896305904197,0.0,0.0
197482416010854,47,2008,2014,6,sn,default,130.7515106201172,222.3565216064453,10.383280754089355,2943.9921875,7402.46826171875,156.64435484798926,2775.400871533902,6739.548710467698
197482416010854,47,2008,2014,6,sn,calibrated,130.23794555664062,221.21974182128903,10.38946533203125,2932.905517578125,7387.39697265625,156.64435484798926,2775.400871533902,6739.548710467698
197482416010854,47,2008,2014,6,sn,hg_bayes,130.75448608398438,222.3494873046875,10.383564949035645,3425.923828125,8712.009765625,156.64435484798926,2775.400871533902,6739.548710467698
197482416010854,47,2008,2014,6,sn,hg_organon,130.75448608398438,222.3494873046875,10.383564949035645,3425.923828125,8712.009765625,156.64435484798926,2775.400871533902,6739.548710467698
197482416010854,47,2008,2014,6,sn,hg_conus_sp,130.7400665283203,222.37744140625,10.38234043121338,3155.991943359375,8102.76904296875,156.64435484798926,2775.400871533902,6739.548710467698
197482416010854,47,2008,2014,6,sn,hg_conus_clim,130.7178192138672,222.39356994628903,10.38107967376709,2996.455322265625,7475.697265625,156.64435484798926,2775.400871533902,6739.548710467698
20300256010478,12,2002,2009,7,sn,default,38.69526290893555,58.7083854675293,10.992971420288086,858.4403076171875,3327.78955078125,33.88927277151793,696.798427024134,3324.6191236008417
20300256010478,12,2002,2009,7,sn,calibrated,38.22072982788086,57.542667388916016,11.035468101501465,849.9305419921875,3304.194091796875,33.88927277151793,696.798427024134,3324.6191236008417
20300256010478,12,2002,2009,7,sn,hg_bayes,38.70058822631836,58.70832824707031,10.993732452392578,1147.68994140625,4572.88330078125,33.88927277151793,696.798427024134,3324.6191236008417
20300256010478,12,2002,2009,7,sn,hg_organon,38.70058822631836,58.70832824707031,10.993732452392578,1147.68994140625,4572.88330078125,33.88927277151793,696.798427024134,3324.6191236008417
20300256010478,12,2002,2009,7,sn,hg_conus_sp,38.683780670166016,58.708404541015625,10.991338729858398,1163.5478515625,4641.2119140625,33.88927277151793,696.798427024134,3324.6191236008417
20300256010478,12,2002,2009,7,sn,hg_conus_clim,38.69526290893555,58.7083854675293,10.992971420288086,858.4403076171875,3327.78955078125,33.88927277151793,696.798427024134,3324.6191236008417
161202145010854,37,1974,1984,10,sn,default,98.71871185302734,201.4511260986328,9.478753089904783,2146.0712890625,4327.13525390625,53.494144893232274,1012.603404807803,3157.542328601434
161202145010854,37,1974,1984,10,sn,calibrated,97.6538543701172,198.62417602539065,9.494341850280762,2123.923583984375,4308.3095703125,53.494144893232274,1012.603404807803,3157.542328601434
161202145010854,37,1974,1984,10,sn,hg_bayes,98.7404327392578,201.45103454589844,9.479798316955566,2918.786865234375,5739.5107421875,53.494144893232274,1012.603404807803,3157.542328601434
161202145010854,37,1974,1984,10,sn,hg_organon,98.7404327392578,201.45103454589844,9.479798316955566,2918.786865234375,5739.5107421875,53.494144893232274,1012.603404807803,3157.542328601434
161202145010854,37,1974,1984,10,sn,hg_conus_sp,98.73068237304688,201.45101928710932,9.479329109191896,2665.2275390625,5320.86962890625,53.494144893232274,1012.603404807803,3157.542328601434
161202145010854,37,1974,1984,10,sn,hg_conus_clim,98.71871185302734,201.4511260986328,9.478753089904783,2146.0712890625,4327.13525390625,53.494144893232274,1012.603404807803,3157.542328601434
160402436010854,28,1986,1993,7,sn,default,80.52680206298828,213.40945434570312,8.317630767822266,1555.3897705078125,852.0999755859375,81.9999035738319,1141.306856183995,4068.933939258908
160402436010854,28,1986,1993,7,sn,calibrated,78.4948959350586,206.77442932128903,8.342737197875977,1517.37158203125,853.6535034179688,81.9999035738319,1141.306856183995,4068.933939258908
160402436010854,28,1986,1993,7,sn,hg_bayes,80.5296401977539,213.40945434570312,8.317776679992676,2349.89404296875,1445.70166015625,81.9999035738319,1141.306856183995,4068.933939258908
160402436010854,28,1986,1993,7,sn,hg_organon,80.5296401977539,213.40945434570312,8.317776679992676,2349.89404296875,1445.70166015625,81.9999035738319,1141.306856183995,4068.933939258908
160402436010854,28,1986,1993,7,sn,hg_conus_sp,80.52743530273438,213.4094390869141,8.317666053771973,2176.078857421875,1361.2840576171875,81.9999035738319,1141.306856183995,4068.933939258908
160402436010854,28,1986,1993,7,sn,hg_conus_clim,80.52835083007812,213.4094390869141,8.317713737487793,2245.718505859375,1391.140380859375,81.9999035738319,1141.306856183995,4068.933939258908
155766891010854,12,1969,1980,11,sn,default,29.732309341430664,87.63583374023438,7.886962413787842,403.5213317871094,276.21728515625,35.71863401680923,356.697802162655,416.277241681531
155766891010854,12,1969,1980,11,sn,calibrated,29.83724975585937,88.0263900756836,7.883321285247803,404.8742065429688,276.2758178710937,35.71863401680923,356.697802162655,416.277241681531
155766891010854,12,1969,1980,11,sn,hg_bayes,29.80313873291016,87.63533020019531,7.896373271942139,643.395751953125,518.2518310546875,35.71863401680923,356.697802162655,416.277241681531
155766891010854,12,1969,1980,11,sn,hg_organon,29.80313873291016,87.63533020019531,7.896373271942139,643.395751953125,518.2518310546875,35.71863401680923,356.697802162655,416.277241681531
155766891010854,12,1969,1980,11,sn,hg_conus_sp,29.612319946289062,87.63667297363281,7.870993614196777,531.3665771484375,436.7268676757813,35.71863401680923,356.697802162655,416.277241681531
155766891010854,12,1969,1980,11,sn,hg_conus_clim,29.732309341430664,87.63583374023438,7.886962413787842,403.5213317871094,276.21728515625,35.71863401680923,356.697802162655,416.277241681531
162416970010854,45,1978,1986,8,sn,default,171.22857666015625,418.7638854980469,8.658441543579102,3784.423828125,6618.7001953125,151.2456832172824,4582.208083076638,17977.760093491615
162416970010854,45,1978,1986,8,sn,calibrated,158.188720703125,373.45257568359375,8.812646865844727,3552.86865234375,6514.23681640625,151.2456832172824,4582.208083076638,17977.760093491615
162416970010854,45,1978,1986,8,sn,hg_bayes,171.2315673828125,418.7595520019531,8.658564567565918,5269.36181640625,9237.7958984375,151.2456832172824,4582.208083076638,17977.760093491615
162416970010854,45,1978,1986,8,sn,hg_organon,171.2315673828125,418.7595520019531,8.658564567565918,5269.36181640625,9237.7958984375,151.2456832172824,4582.208083076638,17977.760093491615
162416970010854,45,1978,1986,8,sn,hg_conus_sp,171.23765563964844,418.7525024414063,8.658790588378906,4858.30859375,8517.6396484375,151.2456832172824,4582.208083076638,17977.760093491615
162416970010854,45,1978,1986,8,sn,hg_conus_clim,171.2153778076172,418.7798156738281,8.657944679260254,4908.34619140625,8769.7900390625,151.2456832172824,4582.208083076638,17977.760093491615
163585023010854,48,1975,1985,10,sn,default,13.678625106811523,11.168745994567873,14.98495101928711,408.2662658691406,1879.7880859375,86.03519920647567,1296.4262484,4501.0974353
163585023010854,48,1975,1985,10,sn,calibrated,13.64020824432373,11.135420799255373,14.98626708984375,407.1827392578125,1875.1422119140625,86.03519920647567,1296.4262484,4501.0974353
163585023010854,48,1975,1985,10,sn,hg_bayes,13.691642761230469,11.16871738433838,14.99209976196289,507.3875122070313,2336.687744140625,86.03519920647567,1296.4262484,4501.0974353
163585023010854,48,1975,1985,10,sn,hg_organon,13.691642761230469,11.16871738433838,14.99209976196289,507.3875122070313,2336.687744140625,86.03519920647567,1296.4262484,4501.0974353
163585023010854,48,1975,1985,10,sn,hg_conus_sp,13.689329147338867,11.168726921081545,14.990824699401855,483.6824951171875,2284.33837890625,86.03519920647567,1296.4262484,4501.0974353
163585023010854,48,1975,1985,10,sn,hg_conus_clim,13.678625106811523,11.168745994567873,14.98495101928711,408.2662658691406,1879.7880859375,86.03519920647567,1296.4262484,4501.0974353
43607367010478,51,2000,2005,5,sn,default,198.22227478027344,254.9817047119141,11.938729286193848,5574.60400390625,18905.828125,147.3510803921692,3312.469350711902,8134.240668346586
43607367010478,51,2000,2005,5,sn,calibrated,192.4006500244141,244.1651153564453,12.019808769226074,5424.37255859375,18577.087890625,147.3510803921692,3312.469350711902,8134.240668346586
43607367010478,51,2000,2005,5,sn,hg_bayes,198.2267303466797,255.02706909179688,11.937799453735352,6227.59814453125,21574.126953125,147.3510803921692,3312.469350711902,8134.240668346586
43607367010478,51,2000,2005,5,sn,hg_organon,198.2267303466797,255.02706909179688,11.937799453735352,6227.59814453125,21574.126953125,147.3510803921692,3312.469350711902,8134.240668346586
43607367010478,51,2000,2005,5,sn,hg_conus_sp,198.2268218994141,255.10874938964844,11.935887336730955,5822.80078125,20513.896484375,147.3510803921692,3312.469350711902,8134.240668346586
43607367010478,51,2000,2005,5,sn,hg_conus_clim,198.2214813232422,254.9884490966797,11.938547134399414,5592.5859375,18951.75,147.3510803921692,3312.469350711902,8134.240668346586
158059502010854,5,1987,1996,9,sn,default,74.54674530029297,106.02179718017578,11.354106903076172,1425.9404296875,4294.84619140625,,,
158059502010854,5,1987,1996,9,sn,calibrated,74.70977020263672,106.39513397216795,11.3465576171875,1428.2491455078125,4299.30224609375,,,
158059502010854,5,1987,1996,9,sn,hg_bayes,74.60700225830078,106.0216827392578,11.358701705932615,1855.037109375,5962.3125,,,
158059502010854,5,1987,1996,9,sn,hg_organon,74.60700225830078,106.0216827392578,11.358701705932615,1855.037109375,5962.3125,,,
158059502010854,5,1987,1996,9,sn,hg_conus_sp,74.56011962890625,106.0218276977539,11.35512638092041,1685.686279296875,5329.9931640625,,,
158059502010854,5,1987,1996,9,sn,hg_conus_clim,74.494384765625,106.02195739746094,11.350111961364746,1465.6253662109375,4381.0087890625,,,
258768714010854,5,2012,2017,5,sn,default,82.85608673095703,147.33853149414062,10.154074668884276,1875.534912109375,4290.5341796875,94.2839694382259,1870.1531705668401,4282.534680915988
258768714010854,5,2012,2017,5,sn,calibrated,82.51909637451172,146.48410034179688,10.162918090820312,1869.0225830078125,4286.16650390625,94.2839694382259,1870.1531705668401,4282.534680915988
258768714010854,5,2012,2017,5,sn,hg_bayes,82.88862609863281,147.33848571777344,10.156067848205566,2275.881103515625,5032.17138671875,94.2839694382259,1870.1531705668401,4282.534680915988
258768714010854,5,2012,2017,5,sn,hg_organon,82.88862609863281,147.33848571777344,10.156067848205566,2275.881103515625,5032.17138671875,94.2839694382259,1870.1531705668401,4282.534680915988
258768714010854,5,2012,2017,5,sn,hg_conus_sp,82.86449432373047,147.33851623535156,10.154589653015137,2122.67041015625,4811.4951171875,94.2839694382259,1870.1531705668401,4282.534680915988
258768714010854,5,2012,2017,5,sn,hg_conus_clim,82.85958862304688,147.33853149414062,10.154288291931152,1904.0009765625,4290.5341796875,94.2839694382259,1870.1531705668401,4282.534680915988
30536046010478,51,2002,2010,8,sn,default,136.2891387939453,121.5776824951172,14.336393356323242,3776.12939453125,17045.255859375,129.15364448779954,2562.653629498694,6080.274930641848
30536046010478,51,2002,2010,8,sn,calibrated,136.1955108642578,121.40636444091795,14.341580390930176,3774.08349609375,17041.572265625,129.15364448779954,2562.653629498694,6080.274930641848
30536046010478,51,2002,2010,8,sn,hg_bayes,136.35546875,121.57747650146484,14.339898109436035,4493.869140625,20207.4375,129.15364448779954,2562.653629498694,6080.274930641848
30536046010478,51,2002,2010,8,sn,hg_organon,136.35546875,121.57747650146484,14.339898109436035,4493.869140625,20207.4375,129.15364448779954,2562.653629498694,6080.274930641848
30536046010478,51,2002,2010,8,sn,hg_conus_sp,136.3167724609375,121.57758331298828,14.337855339050291,4127.5556640625,18733.46875,129.15364448779954,2562.653629498694,6080.274930641848
30536046010478,51,2002,2010,8,sn,hg_conus_clim,136.2893829345703,121.5776824951172,14.336406707763672,3777.908935546875,17045.255859375,129.15364448779954,2562.653629498694,6080.274930641848
22349775010478,1,2004,2009,5,sn,default,16.61797523498535,41.17107391357422,8.602590560913086,326.49566650390625,1110.288818359375,37.71556962902002,408.02170135010795,1461.3576387718222
22349775010478,1,2004,2009,5,sn,calibrated,16.530685424804688,40.85833358764648,8.612741470336914,325.154541015625,1105.8485107421875,37.71556962902002,408.02170135010795,1461.3576387718222
22349775010478,1,2004,2009,5,sn,hg_bayes,16.610408782958984,41.17107391357422,8.600631713867188,366.20355224609375,1151.5523681640625,37.71556962902002,408.02170135010795,1461.3576387718222
22349775010478,1,2004,2009,5,sn,hg_organon,16.610408782958984,41.17107391357422,8.600631713867188,366.20355224609375,1151.5523681640625,37.71556962902002,408.02170135010795,1461.3576387718222
22349775010478,1,2004,2009,5,sn,hg_conus_sp,16.619096755981445,41.17107772827149,8.602880477905273,336.3299560546875,1149.2606201171875,37.71556962902002,408.02170135010795,1461.3576387718222
22349775010478,1,2004,2009,5,sn,hg_conus_clim,16.618316650390625,41.17107391357422,8.602679252624512,326.49566650390625,1110.288818359375,37.71556962902002,408.02170135010795,1461.3576387718222
53431235020004,5,2013,2018,5,sn,default,92.10090637207033,94.110595703125,13.395191192626951,2482.939453125,10257.3271484375,109.99364727125923,2728.574937051582,12859.163830479247
53431235020004,5,2013,2018,5,sn,calibrated,91.8475112915039,93.71955108642578,13.404633522033691,2476.64990234375,10237.3046875,109.99364727125923,2728.574937051582,12859.163830479247
53431235020004,5,2013,2018,5,sn,hg_bayes,92.1165008544922,94.11061096191406,13.39632797241211,2730.231201171875,11274.7197265625,109.99364727125923,2728.574937051582,12859.163830479247
53431235020004,5,2013,2018,5,sn,hg_organon,92.1165008544922,94.11061096191406,13.39632797241211,2730.231201171875,11274.7197265625,109.99364727125923,2728.574937051582,12859.163830479247
53431235020004,5,2013,2018,5,sn,hg_conus_sp,92.08727264404295,94.1106185913086,13.39419937133789,2615.45166015625,10897.6015625,109.99364727125923,2728.574937051582,12859.163830479247
53431235020004,5,2013,2018,5,sn,hg_conus_clim,92.10090637207033,94.110595703125,13.395191192626951,2482.939453125,10257.3271484375,109.99364727125923,2728.574937051582,12859.163830479247
545869471126144,48,2019,2024,5,sn,default,98.25699615478516,106.09375762939452,13.03086280822754,3529.929931640625,18452.6484375,42.566632777073856,1831.6436881947939,10254.738636774207
545869471126144,48,2019,2024,5,sn,calibrated,97.4310531616211,104.63037109375,13.06640625,3505.81982421875,18368.962890625,42.566632777073856,1831.6436881947939,10254.738636774207
545869471126144,48,2019,2024,5,sn,hg_bayes,98.28034210205078,106.09374237060548,13.032408714294434,3697.041259765625,18906.1875,42.566632777073856,1831.6436881947939,10254.738636774207
545869471126144,48,2019,2024,5,sn,hg_organon,98.28034210205078,106.09374237060548,13.032408714294434,3697.041259765625,18906.1875,42.566632777073856,1831.6436881947939,10254.738636774207
545869471126144,48,2019,2024,5,sn,hg_conus_sp,98.25869750976562,106.09375762939452,13.030972480773926,3557.78369140625,18269.234375,42.566632777073856,1831.6436881947939,10254.738636774207
545869471126144,48,2019,2024,5,sn,hg_conus_clim,98.24956512451172,106.0937728881836,13.03036880493164,3587.384765625,18677.6640625,42.566632777073856,1831.6436881947939,10254.738636774207
107420518010478,48,2006,2018,12,sn,default,90.03138732910156,173.29270935058594,9.759849548339844,902.3788452148438,1188.7459716796875,,,
107420518010478,48,2006,2018,12,sn,calibrated,90.06767272949219,173.3900909423828,9.759074211120604,902.748779296875,1188.9068603515625,,,
107420518010478,48,2006,2018,12,sn,hg_bayes,90.03082275390625,173.29270935058594,9.759819984436035,902.4326171875,1188.7459716796875,,,
107420518010478,48,2006,2018,12,sn,hg_organon,90.03082275390625,173.29270935058594,9.759819984436035,902.4326171875,1188.7459716796875,,,
107420518010478,48,2006,2018,12,sn,hg_conus_sp,90.02713012695312,173.292724609375,9.759618759155272,896.3165283203125,1188.7459716796875,,,
107420518010478,48,2006,2018,12,sn,hg_conus_clim,90.03138732910156,173.29270935058594,9.759849548339844,902.3788452148438,1188.7459716796875,,,
160403804010854,28,1987,1994,7,sn,default,144.7756805419922,158.75010681152344,12.930856704711914,4319.3203125,18659.66796875,140.80527048644308,4087.689132085752,18672.449425693354
160403804010854,28,1987,1994,7,sn,calibrated,141.74786376953125,153.06112670898438,13.030529975891112,4241.44970703125,18471.099609375,140.80527048644308,4087.689132085752,18672.449425693354
160403804010854,28,1987,1994,7,sn,hg_bayes,144.85104370117188,158.67945861816406,12.937094688415527,4652.5107421875,19906.654296875,140.80527048644308,4087.689132085752,18672.449425693354
160403804010854,28,1987,1994,7,sn,hg_organon,144.85104370117188,158.67945861816406,12.937094688415527,4652.5107421875,19906.654296875,140.80527048644308,4087.689132085752,18672.449425693354
160403804010854,28,1987,1994,7,sn,hg_conus_sp,144.8004150390625,158.73300170898438,12.932646751403809,4467.23046875,19333.302734375,140.80527048644308,4087.689132085752,18672.449425693354
160403804010854,28,1987,1994,7,sn,hg_conus_clim,144.7756805419922,158.75010681152344,12.930856704711914,4319.3203125,18659.66796875,140.80527048644308,4087.689132085752,18672.449425693354
160400233010854,28,1977,1986,9,sn,default,55.716190338134766,93.8607177734375,10.43242073059082,1226.464111328125,2269.892822265625,69.07219641227086,1028.55915197224,2267.001125151048
160400233010854,28,1977,1986,9,sn,calibrated,55.84716796875,94.14631652832033,10.42882251739502,1228.9429931640625,2270.747314453125,69.07219641227086,1028.55915197224,2267.001125151048
160400233010854,28,1977,1986,9,sn,hg_bayes,55.738399505615234,93.8606414794922,10.434504508972168,1548.0228271484375,2750.10791015625,69.07219641227086,1028.55915197224,2267.001125151048
160400233010854,28,1977,1986,9,sn,hg_organon,55.738399505615234,93.8606414794922,10.434504508972168,1548.0228271484375,2750.10791015625,69.07219641227086,1028.55915197224,2267.001125151048
160400233010854,28,1977,1986,9,sn,hg_conus_sp,55.72319412231445,93.86067199707033,10.433076858520508,1429.8133544921875,2626.195068359375,69.07219641227086,1028.55915197224,2267.001125151048
160400233010854,28,1977,1986,9,sn,hg_conus_clim,55.716190338134766,93.8607177734375,10.43242073059082,1226.464111328125,2269.892822265625,69.07219641227086,1028.55915197224,2267.001125151048
158060049010854,5,1987,1994,7,sn,default,116.0014190673828,179.7377166748047,10.87798023223877,3013.9208984375,12023.7421875,105.24602800225024,2518.939951381276,12057.207016156877
158060049010854,5,1987,1994,7,sn,calibrated,115.12947845458984,178.00485229492188,10.889644622802734,2994.514892578125,11978.9775390625,105.24602800225024,2518.939951381276,12057.207016156877
158060049010854,5,1987,1994,7,sn,hg_bayes,115.97599029541016,179.73770141601562,10.876788139343262,3411.069091796875,12954.4208984375,105.24602800225024,2518.939951381276,12057.207016156877
158060049010854,5,1987,1994,7,sn,hg_organon,115.97599029541016,179.73770141601562,10.876788139343262,3411.069091796875,12954.4208984375,105.24602800225024,2518.939951381276,12057.207016156877
158060049010854,5,1987,1994,7,sn,hg_conus_sp,115.99998474121094,179.73770141601562,10.87791633605957,3202.388671875,12597.6357421875,105.24602800225024,2518.939951381276,12057.207016156877
158060049010854,5,1987,1994,7,sn,hg_conus_clim,115.99735260009766,179.73773193359375,10.877790451049805,3038.535888671875,12142.953125,105.24602800225024,2518.939951381276,12057.207016156877
160379962010854,22,1973,1983,10,sn,default,101.35768127441406,336.56414794921875,7.430717945098877,1558.52294921875,0.0,61.12539317398252,1317.9272221,3996.5035071999996
160379962010854,22,1973,1983,10,sn,calibrated,95.2418441772461,312.0844421386719,7.480214118957519,1471.8272705078125,0.0,61.12539317398252,1317.9272221,3996.5035071999996
160379962010854,22,1973,1983,10,sn,hg_bayes,101.50424194335938,336.56414794921875,7.436086654663086,3037.31982421875,0.0,61.12539317398252,1317.9272221,3996.5035071999996
160379962010854,22,1973,1983,10,sn,hg_organon,101.50424194335938,336.56414794921875,7.436086654663086,3037.31982421875,0.0,61.12539317398252,1317.9272221,3996.5035071999996
160379962010854,22,1973,1983,10,sn,hg_conus_sp,101.48860931396484,336.56414794921875,7.435515403747559,3298.8876953125,0.0,61.12539317398252,1317.9272221,3996.5035071999996
160379962010854,22,1973,1983,10,sn,hg_conus_clim,101.35768127441406,336.56414794921875,7.430717945098877,1558.52294921875,0.0,61.12539317398252,1317.9272221,3996.5035071999996
335231316489998,51,2016,2021,5,sn,default,129.4967803955078,122.72437286376952,13.909146308898926,3896.976318359375,16333.44140625,117.22293841676732,3309.5278321338837,10985.611583278964
335231316489998,51,2016,2021,5,sn,calibrated,129.71897888183594,123.05308532714844,13.90246295928955,3903.103515625,16350.9755859375,117.22293841676732,3309.5278321338837,10985.611583278964
335231316489998,51,2016,2021,5,sn,hg_bayes,129.5225372314453,122.72434997558594,13.910528182983398,4135.6083984375,17233.583984375,117.22293841676732,3309.5278321338837,10985.611583278964
335231316489998,51,2016,2021,5,sn,hg_organon,129.5225372314453,122.72434997558594,13.910528182983398,4135.6083984375,17233.583984375,117.22293841676732,3309.5278321338837,10985.611583278964
335231316489998,51,2016,2021,5,sn,hg_conus_sp,129.50543212890625,122.724365234375,13.909605979919434,4018.9736328125,16957.15234375,117.22293841676732,3309.5278321338837,10985.611583278964
335231316489998,51,2016,2021,5,sn,hg_conus_clim,129.5050048828125,122.724365234375,13.909585952758787,3905.050048828125,16354.060546875,117.22293841676732,3309.5278321338837,10985.611583278964
161207647010854,37,1974,1984,10,sn,default,169.4253387451172,214.0210418701172,12.04750633239746,4099.484375,15925.0693359375,107.97720092507842,2006.728122630185,7110.9185991088225
161207647010854,37,1974,1984,10,sn,calibrated,159.09829711914062,191.345947265625,12.34694480895996,3876.50341796875,15516.025390625,107.97720092507842,2006.728122630185,7110.9185991088225
161207647010854,37,1974,1984,10,sn,hg_bayes,169.6159210205078,213.9019012451172,12.057639122009276,4751.3466796875,18604.578125,107.97720092507842,2006.728122630185,7110.9185991088225
161207647010854,37,1974,1984,10,sn,hg_organon,169.6159210205078,213.9019012451172,12.057639122009276,4751.3466796875,18604.578125,107.97720092507842,2006.728122630185,7110.9185991088225
161207647010854,37,1974,1984,10,sn,hg_conus_sp,169.52134704589844,213.9741668701172,12.05224323272705,4470.55029296875,17452.255859375,107.97720092507842,2006.728122630185,7110.9185991088225
161207647010854,37,1974,1984,10,sn,hg_conus_clim,169.4399871826172,214.00831604003903,12.048392295837402,4127.35205078125,16093.2890625,107.97720092507842,2006.728122630185,7110.9185991088225
160391826010854,22,1984,1991,7,sn,default,100.16799926757812,130.4307098388672,11.866178512573242,2673.62109375,11378.7587890625,76.55312613391187,1296.2086734,3763.3343924
160391826010854,22,1984,1991,7,sn,calibrated,99.70323944091795,129.62185668945312,11.875494956970217,2662.51123046875,11344.478515625,76.55312613391187,1296.2086734,3763.3343924
160391826010854,22,1984,1991,7,sn,hg_bayes,100.24695587158205,130.4306182861328,11.870857238769531,3141.711181640625,13097.630859375,76.55312613391187,1296.2086734,3763.3343924
160391826010854,22,1984,1991,7,sn,hg_organon,100.24695587158205,130.4306182861328,11.870857238769531,3141.711181640625,13097.630859375,76.55312613391187,1296.2086734,3763.3343924
160391826010854,22,1984,1991,7,sn,hg_conus_sp,100.15320587158205,130.43072509765625,11.865301132202148,2864.772705078125,12365.765625,76.55312613391187,1296.2086734,3763.3343924
160391826010854,22,1984,1991,7,sn,hg_conus_clim,100.1427993774414,130.4307403564453,11.864684104919434,2817.3076171875,12255.3134765625,76.55312613391187,1296.2086734,3763.3343924
252280961010854,51,2011,2017,6,sn,default,99.30780792236328,93.39099884033205,13.962894439697266,2791.1845703125,14057.2197265625,35.78639940150987,334.380858403288,0.0
252280961010854,51,2011,2017,6,sn,calibrated,99.35458374023438,93.4622802734375,13.96085262298584,2792.312255859375,14061.4375,35.78639940150987,334.380858403288,0.0
252280961010854,51,2011,2017,6,sn,hg_bayes,99.30699920654295,93.39100646972656,13.96284008026123,3175.805419921875,16226.927734375,35.78639940150987,334.380858403288,0.0
252280961010854,51,2011,2017,6,sn,hg_organon,99.30699920654295,93.39100646972656,13.96284008026123,3175.805419921875,16226.927734375,35.78639940150987,334.380858403288,0.0
252280961010854,51,2011,2017,6,sn,hg_conus_sp,99.30850982666016,93.3910140991211,13.96294403076172,3032.003173828125,15532.96875,35.78639940150987,334.380858403288,0.0
252280961010854,51,2011,2017,6,sn,hg_conus_clim,99.30780792236328,93.39099884033205,13.962894439697266,2791.1845703125,14057.2197265625,35.78639940150987,334.380858403288,0.0
20665980010478,47,2000,2005,5,sn,default,105.56080627441406,164.50985717773438,10.846552848815918,2811.17333984375,8497.0341796875,88.86611207016884,2032.077117443194,5440.14676376488
20665980010478,47,2000,2005,5,sn,calibrated,105.704345703125,164.8054962158203,10.84418487548828,2814.84326171875,8503.9892578125,88.86611207016884,2032.077117443194,5440.14676376488
20665980010478,47,2000,2005,5,sn,hg_bayes,105.57447814941406,164.5098876953125,10.847249984741213,3128.160400390625,9626.595703125,88.86611207016884,2032.077117443194,5440.14676376488
20665980010478,47,2000,2005,5,sn,hg_organon,105.57447814941406,164.5098876953125,10.847249984741213,3128.160400390625,9626.595703125,88.86611207016884,2032.077117443194,5440.14676376488
20665980010478,47,2000,2005,5,sn,hg_conus_sp,105.55519104003906,164.50987243652344,10.846261024475098,2988.260986328125,9369.2822265625,88.86611207016884,2032.077117443194,5440.14676376488
20665980010478,47,2000,2005,5,sn,hg_conus_clim,105.56085205078124,164.50985717773438,10.846555709838867,2811.67138671875,8497.0341796875,88.86611207016884,2032.077117443194,5440.14676376488
264159976489998,1,2015,2022,7,sn,default,77.70401000976562,116.6639404296875,11.050698280334473,1583.952392578125,3284.301025390625,92.21502843031868,1645.870754608488,0.0
264159976489998,1,2015,2022,7,sn,calibrated,78.05818176269531,117.40570068359376,11.040809631347656,1590.6666259765625,3289.137939453125,92.21502843031868,1645.870754608488,0.0
264159976489998,1,2015,2022,7,sn,hg_bayes,77.6636734008789,116.66397094726562,11.04782772064209,2099.05615234375,4439.2861328125,92.21502843031868,1645.870754608488,0.0
264159976489998,1,2015,2022,7,sn,hg_organon,77.6636734008789,116.66397094726562,11.04782772064209,2099.05615234375,4439.2861328125,92.21502843031868,1645.870754608488,0.0
264159976489998,1,2015,2022,7,sn,hg_conus_sp,77.63829803466797,116.66399383544922,11.046019554138184,1900.5045166015625,4031.047119140625,92.21502843031868,1645.870754608488,0.0
264159976489998,1,2015,2022,7,sn,hg_conus_clim,77.70604705810547,116.66394805908205,11.05084228515625,1590.505859375,3284.301025390625,92.21502843031868,1645.870754608488,0.0
161208655010854,37,1983,1989,6,sn,default,74.02363586425781,135.53053283691406,10.006978034973145,1756.5804443359375,4339.216796875,56.2215944072599,1111.914743517193,1050.628124017026
161208655010854,37,1983,1989,6,sn,calibrated,73.79736328125,134.9424591064453,10.013421058654783,1751.6553955078125,4334.76416015625,56.2215944072599,1111.914743517193,1050.628124017026
161208655010854,37,1983,1989,6,sn,hg_bayes,73.8755874633789,135.53079223632812,9.996955871582031,1928.36962890625,5104.34033203125,56.2215944072599,1111.914743517193,1050.628124017026
161208655010854,37,1983,1989,6,sn,hg_organon,73.8755874633789,135.53079223632812,9.996955871582031,1928.36962890625,5104.34033203125,56.2215944072599,1111.914743517193,1050.628124017026
161208655010854,37,1983,1989,6,sn,hg_conus_sp,73.94024658203125,135.5307159423828,10.001333236694336,1859.051025390625,4817.49658203125,56.2215944072599,1111.914743517193,1050.628124017026
161208655010854,37,1983,1989,6,sn,hg_conus_clim,74.02363586425781,135.53053283691406,10.006978034973145,1756.5804443359375,4339.216796875,56.2215944072599,1111.914743517193,1050.628124017026
155767442010854,12,1969,1979,10,sn,default,111.21841430664062,138.5207061767578,12.132975578308104,2445.9951171875,7952.34423828125,116.88693031137063,2494.8516158123302,10210.175713061073
155767442010854,12,1969,1979,10,sn,calibrated,110.4661865234375,137.01019287109375,12.158345222473145,2431.355712890625,7920.96826171875,116.88693031137063,2494.8516158123302,10210.175713061073
155767442010854,12,1969,1979,10,sn,hg_bayes,111.25670623779295,138.5212860107422,12.13504123687744,3241.11669921875,10979.81640625,116.88693031137063,2494.8516158123302,10210.175713061073
155767442010854,12,1969,1979,10,sn,hg_organon,111.25670623779295,138.5212860107422,12.13504123687744,3241.11669921875,10979.81640625,116.88693031137063,2494.8516158123302,10210.175713061073
155767442010854,12,1969,1979,10,sn,hg_conus_sp,111.20411682128906,138.5211181640625,12.132174491882324,2931.643310546875,9966.302734375,116.88693031137063,2494.8516158123302,10210.175713061073
155767442010854,12,1969,1979,10,sn,hg_conus_clim,111.21841430664062,138.5207061767578,12.132975578308104,2445.9951171875,7952.34423828125,116.88693031137063,2494.8516158123302,10210.175713061073
74786460010478,21,2001,2007,6,sn,default,65.2586441040039,142.5574493408203,9.161367416381836,1240.6951904296875,2473.068115234375,109.0844806871792,2033.5285798677041,3067.000175124802
74786460010478,21,2001,2007,6,sn,calibrated,65.20477294921875,142.3805389404297,9.163272857666016,1239.80517578125,2472.472900390625,109.0844806871792,2033.5285798677041,3067.000175124802
74786460010478,21,2001,2007,6,sn,hg_bayes,65.31771087646484,142.557373046875,9.16551685333252,1319.9366455078125,2646.0830078125,109.0844806871792,2033.5285798677041,3067.000175124802
74786460010478,21,2001,2007,6,sn,hg_organon,65.31771087646484,142.557373046875,9.16551685333252,1319.9366455078125,2646.0830078125,109.0844806871792,2033.5285798677041,3067.000175124802
74786460010478,21,2001,2007,6,sn,hg_conus_sp,65.29103088378906,142.55738830566406,9.163643836975098,1288.5074462890625,2536.5732421875,109.0844806871792,2033.5285798677041,3067.000175124802
74786460010478,21,2001,2007,6,sn,hg_conus_clim,65.26490020751953,142.5574493408203,9.161808967590332,1286.6517333984375,2630.041015625,109.0844806871792,2033.5285798677041,3067.000175124802
160381231010854,22,1974,1985,11,sn,default,133.92356872558594,119.84823608398438,14.313600540161133,3496.57177734375,15586.1494140625,131.41596516460555,2442.8239789,8806.9503312
160381231010854,22,1974,1985,11,sn,calibrated,131.06187438964844,115.43204498291016,14.42816925048828,3430.806884765625,15380.31640625,131.41596516460555,2442.8239789,8806.9503312
160381231010854,22,1974,1985,11,sn,hg_bayes,134.2055206298828,119.8479232788086,14.32868480682373,4010.506591796875,17991.517578125,131.41596516460555,2442.8239789,8806.9503312
160381231010854,22,1974,1985,11,sn,hg_organon,134.2055206298828,119.8479232788086,14.32868480682373,4010.506591796875,17991.517578125,131.41596516460555,2442.8239789,8806.9503312
160381231010854,22,1974,1985,11,sn,hg_conus_sp,133.98497009277344,119.84797668457033,14.31689739227295,3583.74267578125,15977.099609375,131.41596516460555,2442.8239789,8806.9503312
160381231010854,22,1974,1985,11,sn,hg_conus_clim,133.92356872558594,119.84823608398438,14.313600540161133,3496.57177734375,15586.1494140625,131.41596516460555,2442.8239789,8806.9503312
337702354489998,37,2016,2023,7,sn,default,172.5851287841797,424.6455078125,8.632264137268066,4059.105224609375,5175.43310546875,190.40810152456137,4604.873158461206,13132.3052574001
337702354489998,37,2016,2023,7,sn,calibrated,157.62127685546875,375.5306701660156,8.772452354431152,3733.035400390625,5185.6259765625,190.40810152456137,4604.873158461206,13132.3052574001
337702354489998,37,2016,2023,7,sn,hg_bayes,172.58924865722656,424.6392211914063,8.632434844970703,5087.99560546875,6474.85009765625,190.40810152456137,4604.873158461206,13132.3052574001
337702354489998,37,2016,2023,7,sn,hg_organon,172.58924865722656,424.6392211914063,8.632434844970703,5087.99560546875,6474.85009765625,190.40810152456137,4604.873158461206,13132.3052574001
337702354489998,37,2016,2023,7,sn,hg_conus_sp,172.58676147460938,424.64306640625,8.632331848144531,4740.3603515625,6191.10546875,190.40810152456137,4604.873158461206,13132.3052574001
337702354489998,37,2016,2023,7,sn,hg_conus_clim,172.58543395996094,424.6450500488281,8.632272720336914,4736.8818359375,6232.17333984375,190.40810152456137,4604.873158461206,13132.3052574001
533664236126144,13,2018,2024,6,sn,default,102.68464660644533,229.38333129882807,9.059578895568848,2466.0322265625,4864.369140625,53.02177180045313,823.901123236094,1110.8255485137342
533664236126144,13,2018,2024,6,sn,calibrated,101.10625457763672,224.3262634277344,9.090447425842283,2439.80029296875,4840.38720703125,53.02177180045313,823.901123236094,1110.8255485137342
533664236126144,13,2018,2024,6,sn,hg_bayes,102.69328308105467,229.3833465576172,9.059965133666992,2938.52880859375,5663.0224609375,53.02177180045313,823.901123236094,1110.8255485137342
533664236126144,13,2018,2024,6,sn,hg_organon,102.69328308105467,229.3833465576172,9.059965133666992,2938.52880859375,5663.0224609375,53.02177180045313,823.901123236094,1110.8255485137342
533664236126144,13,2018,2024,6,sn,hg_conus_sp,102.67525482177734,229.3833923339844,9.059165000915527,2878.365478515625,5717.900390625,53.02177180045313,823.901123236094,1110.8255485137342
533664236126144,13,2018,2024,6,sn,hg_conus_clim,102.67534637451172,229.38336181640625,9.059171676635742,2709.574462890625,5107.9306640625,53.02177180045313,823.901123236094,1110.8255485137342
471570567489998,37,2017,2022,5,sn,default,18.40697288513184,17.57367706298828,13.857861518859863,547.412109375,1980.5928955078125,75.16263825582679,800.607204980906,2176.6452663954337
471570567489998,37,2017,2022,5,sn,calibrated,18.44394493103028,17.637128829956055,13.846795082092283,548.2731323242188,1981.55419921875,75.16263825582679,800.607204980906,2176.6452663954337
471570567489998,37,2017,2022,5,sn,hg_bayes,18.38956069946289,17.573678970336914,13.851303100585938,580.4017944335938,2058.304443359375,75.16263825582679,800.607204980906,2176.6452663954337
471570567489998,37,2017,2022,5,sn,hg_organon,18.38956069946289,17.573678970336914,13.851303100585938,580.4017944335938,2058.304443359375,75.16263825582679,800.607204980906,2176.6452663954337
471570567489998,37,2017,2022,5,sn,hg_conus_sp,18.39579200744629,17.573678970336914,13.853649139404297,557.8131103515625,1980.2353515625,75.16263825582679,800.607204980906,2176.6452663954337
471570567489998,37,2017,2022,5,sn,hg_conus_clim,18.40697288513184,17.57367706298828,13.857861518859863,547.412109375,1980.5928955078125,75.16263825582679,800.607204980906,2176.6452663954337
131578958010478,47,2007,2013,6,sn,default,52.04850387573242,151.63003540039062,7.933191299438477,844.7102661132812,209.6342010498047,85.16111896185802,813.510563608012,0.0
131578958010478,47,2007,2013,6,sn,calibrated,52.20914459228516,152.26962280273438,7.928719997406006,846.9314575195312,209.6467742919922,85.16111896185802,813.510563608012,0.0
131578958010478,47,2007,2013,6,sn,hg_bayes,52.0898323059082,151.6299591064453,7.936339855194092,1041.3543701171875,338.3638000488281,85.16111896185802,813.510563608012,0.0
131578958010478,47,2007,2013,6,sn,hg_organon,52.0898323059082,151.6299591064453,7.936339855194092,1041.3543701171875,338.3638000488281,85.16111896185802,813.510563608012,0.0
131578958010478,47,2007,2013,6,sn,hg_conus_sp,52.05427551269531,151.62998962402344,7.933631420135498,944.556884765625,306.7830505371094,85.16111896185802,813.510563608012,0.0
131578958010478,47,2007,2013,6,sn,hg_conus_clim,52.044219970703125,151.62997436523438,7.932864665985107,852.7730102539062,209.63417053222656,85.16111896185802,813.510563608012,0.0
259082537010854,13,2012,2018,6,sn,default,108.52867889404295,340.318115234375,7.646560192108154,1622.477294921875,0.0,41.74375140102033,852.852600517836,1774.869123274356
259082537010854,13,2012,2018,6,sn,calibrated,106.93084716796876,334.17822265625,7.659471035003662,1599.8863525390625,0.0,41.74375140102033,852.852600517836,1774.869123274356
259082537010854,13,2012,2018,6,sn,hg_bayes,108.55397033691406,340.2729797363281,7.647952079772949,2747.81298828125,0.0,41.74375140102033,852.852600517836,1774.869123274356
259082537010854,13,2012,2018,6,sn,hg_organon,108.55397033691406,340.2729797363281,7.647952079772949,2747.81298828125,0.0,41.74375140102033,852.852600517836,1774.869123274356
259082537010854,13,2012,2018,6,sn,hg_conus_sp,108.5431137084961,340.292724609375,7.647350788116455,3062.623779296875,0.0,41.74375140102033,852.852600517836,1774.869123274356
259082537010854,13,2012,2018,6,sn,hg_conus_clim,108.52867889404295,340.318115234375,7.646560192108154,1622.477294921875,0.0,41.74375140102033,852.852600517836,1774.869123274356
107429673010478,48,2006,2018,12,sn,default,10.478863716125488,28.93065452575684,8.149185180664062,131.2147216796875,0.0,58.92772930638525,848.118637028948,0.0
107429673010478,48,2006,2018,12,sn,calibrated,10.432332038879396,28.76478385925293,8.1544828414917,130.68482971191406,0.0,58.92772930638525,848.118637028948,0.0
107429673010478,48,2006,2018,12,sn,hg_bayes,10.478863716125488,28.93065452575684,8.149185180664062,131.2147216796875,0.0,58.92772930638525,848.118637028948,0.0
107429673010478,48,2006,2018,12,sn,hg_organon,10.478863716125488,28.93065452575684,8.149185180664062,131.2147216796875,0.0,58.92772930638525,848.118637028948,0.0
107429673010478,48,2006,2018,12,sn,hg_conus_sp,10.478863716125488,28.93065452575684,8.149185180664062,131.2147216796875,0.0,58.92772930638525,848.118637028948,0.0
107429673010478,48,2006,2018,12,sn,hg_conus_clim,10.478863716125488,28.93065452575684,8.149185180664062,131.2147216796875,0.0,58.92772930638525,848.118637028948,0.0
22339447010478,1,2002,2007,5,sn,default,16.016525268554688,41.31431579589844,8.430827140808105,291.2767028808594,239.99647521972656,141.4053871713052,1200.006069480834,805.030565079642
22339447010478,1,2002,2007,5,sn,calibrated,15.726898193359377,40.39253616333008,8.4490385055542,286.52032470703125,239.65689086914065,141.4053871713052,1200.006069480834,805.030565079642
22339447010478,1,2002,2007,5,sn,hg_bayes,16.016443252563477,41.31431579589844,8.430804252624512,414.3747253417969,351.7943420410156,141.4053871713052,1200.006069480834,805.030565079642
22339447010478,1,2002,2007,5,sn,hg_organon,16.016443252563477,41.31431579589844,8.430804252624512,414.3747253417969,351.7943420410156,141.4053871713052,1200.006069480834,805.030565079642
22339447010478,1,2002,2007,5,sn,hg_conus_sp,16.016441345214844,41.31431579589844,8.430805206298828,397.5337219238281,335.51678466796875,141.4053871713052,1200.006069480834,805.030565079642
22339447010478,1,2002,2007,5,sn,hg_conus_clim,16.01645851135254,41.31431579589844,8.430808067321777,400.3006896972656,339.6211853027344,141.4053871713052,1200.006069480834,805.030565079642
162404578010854,40,1976,1986,10,sn,default,27.224912643432617,36.05197143554688,11.766709327697754,635.539306640625,2055.9990234375,45.88335283201104,208.0331854,703.4523727999999
162404578010854,40,1976,1986,10,sn,calibrated,27.22320556640625,36.04874801635742,11.766865730285645,635.5031127929688,2055.92529296875,45.88335283201104,208.0331854,703.4523727999999
162404578010854,40,1976,1986,10,sn,hg_bayes,27.14634895324707,36.05217361450195,11.749686241149902,732.9095458984375,2243.74951171875,45.88335283201104,208.0331854,703.4523727999999
162404578010854,40,1976,1986,10,sn,hg_organon,27.14634895324707,36.05217361450195,11.749686241149902,732.9095458984375,2243.74951171875,45.88335283201104,208.0331854,703.4523727999999
162404578010854,40,1976,1986,10,sn,hg_conus_sp,27.19047737121582,36.05205535888672,11.75925064086914,696.4857788085938,2174.2001953125,45.88335283201104,208.0331854,703.4523727999999
162404578010854,40,1976,1986,10,sn,hg_conus_clim,27.24106979370117,36.05194091796875,11.770204544067385,665.8944702148438,2172.2490234375,45.88335283201104,208.0331854,703.4523727999999
163894923010854,51,1977,1985,8,sn,default,90.5877685546875,234.078842163086,8.42345142364502,1798.6444091796875,1084.2220458984375,126.71118093233902,2125.340013702573,3130.780405450061
163894923010854,51,1977,1985,8,sn,calibrated,90.76598358154295,234.6918029785156,8.420713424682617,1801.87060546875,1084.310546875,126.71118093233902,2125.340013702573,3130.780405450061
163894923010854,51,1977,1985,8,sn,hg_bayes,90.63401794433594,234.0785369873047,8.425604820251465,2595.7080078125,1263.438720703125,126.71118093233902,2125.340013702573,3130.780405450061
163894923010854,51,1977,1985,8,sn,hg_organon,90.63401794433594,234.0785369873047,8.425604820251465,2595.7080078125,1263.438720703125,126.71118093233902,2125.340013702573,3130.780405450061
163894923010854,51,1977,1985,8,sn,hg_conus_sp,90.57636260986328,234.07882690429688,8.422922134399414,2333.427001953125,1179.4202880859375,126.71118093233902,2125.340013702573,3130.780405450061
163894923010854,51,1977,1985,8,sn,hg_conus_clim,90.5877685546875,234.078842163086,8.42345142364502,1798.6444091796875,1084.2220458984375,126.71118093233902,2125.340013702573,3130.780405450061
347196124489998,5,2016,2021,5,sn,default,95.19042205810548,185.3581085205078,9.703471183776855,1904.353271484375,5189.619140625,102.04535479411084,1925.735987855944,5900.480323951942
347196124489998,5,2016,2021,5,sn,calibrated,95.21023559570312,185.4135589599609,9.703028678894045,1904.7083740234373,5190.20751953125,102.04535479411084,1925.735987855944,5900.480323951942
347196124489998,5,2016,2021,5,sn,hg_bayes,95.20408630371094,185.3581085205078,9.70417022705078,1998.7724609375,5618.4921875,102.04535479411084,1925.735987855944,5900.480323951942
347196124489998,5,2016,2021,5,sn,hg_organon,95.20408630371094,185.3581085205078,9.70417022705078,1998.7724609375,5618.4921875,102.04535479411084,1925.735987855944,5900.480323951942
347196124489998,5,2016,2021,5,sn,hg_conus_sp,95.19489288330078,185.3581085205078,9.70369815826416,1965.3336181640625,5518.29833984375,102.04535479411084,1925.735987855944,5900.480323951942
347196124489998,5,2016,2021,5,sn,hg_conus_clim,95.19042205810548,185.3581085205078,9.703471183776855,1904.353271484375,5189.619140625,102.04535479411084,1925.735987855944,5900.480323951942
48204266010497,6,2011,2021,10,wc,default,99.08289337158205,155.62777709960938,10.80418586730957,2147.5751953125,10450.02734375,,0.0,0.0
48204266010497,6,2011,2021,10,wc,calibrated,100.16082000732422,157.53395080566406,10.79687786102295,2170.33837890625,10560.89453125,,0.0,0.0
48204266010497,6,2011,2021,10,wc,hg_bayes,99.08289337158205,155.62777709960938,10.80418586730957,2147.5751953125,10450.02734375,,0.0,0.0
48204266010497,6,2011,2021,10,wc,hg_organon,99.08289337158205,155.62777709960938,10.80418586730957,2147.5751953125,10450.02734375,,0.0,0.0
48204266010497,6,2011,2021,10,wc,hg_conus_sp,99.08289337158205,155.62777709960938,10.80418586730957,2147.5751953125,10450.02734375,,0.0,0.0
48204266010497,6,2011,2021,10,wc,hg_conus_clim,99.08289337158205,155.62777709960938,10.80418586730957,2147.5751953125,10450.02734375,,0.0,0.0
24351456010900,41,2003,2013,10,wc,default,88.60830688476562,74.3486328125,14.782127380371094,1931.461181640625,10001.0693359375,95.09754212183572,2053.168134399958,10908.264337101586
24351456010900,41,2003,2013,10,wc,calibrated,88.36774444580078,74.04668426513672,14.79211711883545,1926.5068359375,9974.4423828125,95.09754212183572,2053.168134399958,10908.264337101586
24351456010900,41,2003,2013,10,wc,hg_bayes,88.6211929321289,74.3486328125,14.783201217651367,2475.84228515625,13519.4384765625,95.09754212183572,2053.168134399958,10908.264337101586
24351456010900,41,2003,2013,10,wc,hg_organon,88.6211929321289,74.3486328125,14.783201217651367,2475.84228515625,13519.4384765625,95.09754212183572,2053.168134399958,10908.264337101586
24351456010900,41,2003,2013,10,wc,hg_conus_sp,88.62191009521484,74.3486328125,14.783263206481934,2069.486328125,10869.3173828125,95.09754212183572,2053.168134399958,10908.264337101586
24351456010900,41,2003,2013,10,wc,hg_conus_clim,88.6219253540039,74.3486328125,14.783265113830566,2073.1630859375,10944.7724609375,95.09754212183572,2053.168134399958,10908.264337101586
41118821010497,41,2002,2012,10,wc,default,405.56591796875,203.11671447753903,19.133485794067383,15291.06640625,101321.2734375,434.0510889134466,16575.66902349419,107942.89660101084
41118821010497,41,2002,2012,10,wc,calibrated,407.2128601074219,205.1478271484375,19.077157974243164,15334.8037109375,101599.078125,434.0510889134466,16575.66902349419,107942.89660101084
41118821010497,41,2002,2012,10,wc,hg_bayes,405.56585693359375,203.11672973632807,19.13348197937012,16358.7841796875,108982.5234375,434.0510889134466,16575.66902349419,107942.89660101084
41118821010497,41,2002,2012,10,wc,hg_organon,405.56585693359375,203.11672973632807,19.13348197937012,16358.7841796875,108982.5234375,434.0510889134466,16575.66902349419,107942.89660101084
41118821010497,41,2002,2012,10,wc,hg_conus_sp,405.56591796875,203.11671447753903,19.133485794067383,15433.984375,102477.7109375,434.0510889134466,16575.66902349419,107942.89660101084
41118821010497,41,2002,2012,10,wc,hg_conus_clim,405.56591796875,203.11671447753903,19.133485794067383,15582.400390625,103562.8125,434.0510889134466,16575.66902349419,107942.89660101084
345935693489998,6,2016,2022,6,wc,default,47.28810501098633,78.52240753173828,10.507887840270996,810.9190063476562,3843.842529296875,61.02466032379863,1003.253856898056,4438.525345532628
345935693489998,6,2016,2022,6,wc,calibrated,47.29585266113281,78.52790069580078,10.508380889892578,810.8666381835938,3843.489990234375,61.02466032379863,1003.253856898056,4438.525345532628
345935693489998,6,2016,2022,6,wc,hg_bayes,47.28810501098633,78.52240753173828,10.507887840270996,910.640380859375,4474.98095703125,61.02466032379863,1003.253856898056,4438.525345532628
345935693489998,6,2016,2022,6,wc,hg_organon,47.28810501098633,78.52240753173828,10.507887840270996,910.640380859375,4474.98095703125,61.02466032379863,1003.253856898056,4438.525345532628
345935693489998,6,2016,2022,6,wc,hg_conus_sp,47.28810501098633,78.52240753173828,10.507887840270996,864.82958984375,4200.8359375,61.02466032379863,1003.253856898056,4438.525345532628
345935693489998,6,2016,2022,6,wc,hg_conus_clim,47.28810501098633,78.52240753173828,10.507887840270996,861.3031616210938,4184.02392578125,61.02466032379863,1003.253856898056,4438.525345532628
193208953020004,41,2007,2017,10,wc,default,391.2622985839844,105.91783905029295,26.02470588684082,17332.025390625,118890.1953125,439.935764573361,22137.536258927765,156662.75835415098
193208953020004,41,2007,2017,10,wc,calibrated,392.8396606445313,107.8291244506836,25.84496116638184,17381.787109375,119233.0546875,439.935764573361,22137.536258927765,156662.75835415098
193208953020004,41,2007,2017,10,wc,hg_bayes,391.2622680664063,105.9178237915039,26.024702072143555,17894.3046875,122908.7734375,439.935764573361,22137.536258927765,156662.75835415098
193208953020004,41,2007,2017,10,wc,hg_organon,391.2622680664063,105.9178237915039,26.024702072143555,17894.3046875,122908.7734375,439.935764573361,22137.536258927765,156662.75835415098
193208953020004,41,2007,2017,10,wc,hg_conus_sp,391.2625122070313,105.91783142089844,26.024707794189453,17110.9375,117322.2421875,439.935764573361,22137.536258927765,156662.75835415098
193208953020004,41,2007,2017,10,wc,hg_conus_clim,391.262451171875,105.91783142089844,26.024707794189453,17274.73046875,118637.953125,439.935764573361,22137.536258927765,156662.75835415098
29395540010497,53,2008,2018,10,wc,default,106.36199951171876,159.83587646484375,11.04567813873291,2278.261962890625,11175.1875,73.72157157678329,1666.1688233663701,6798.7042189993
29395540010497,53,2008,2018,10,wc,calibrated,106.74723052978516,160.5110626220703,11.042363166809082,2286.633544921875,11217.0185546875,73.72157157678329,1666.1688233663701,6798.7042189993
29395540010497,53,2008,2018,10,wc,hg_bayes,106.36776733398438,159.83587646484375,11.045975685119627,2677.536376953125,13529.0625,73.72157157678329,1666.1688233663701,6798.7042189993
29395540010497,53,2008,2018,10,wc,hg_organon,106.36776733398438,159.83587646484375,11.045975685119627,2677.536376953125,13529.0625,73.72157157678329,1666.1688233663701,6798.7042189993
29395540010497,53,2008,2018,10,wc,hg_conus_sp,106.36776733398438,159.83587646484375,11.045975685119627,2478.58740234375,12365.6396484375,73.72157157678329,1666.1688233663701,6798.7042189993
29395540010497,53,2008,2018,10,wc,hg_conus_clim,106.36776733398438,159.83587646484375,11.045975685119627,2433.901611328125,12142.685546875,73.72157157678329,1666.1688233663701,6798.7042189993
22398372010497,53,2002,2012,10,wc,default,173.7049102783203,98.65318298339844,17.96746826171875,6711.36328125,42411.71484375,158.9824160198895,7092.891535570008,47098.10563233591
22398372010497,53,2002,2012,10,wc,calibrated,174.20196533203125,99.102294921875,17.95233726501465,6728.36767578125,42518.625,158.9824160198895,7092.891535570008,47098.10563233591
22398372010497,53,2002,2012,10,wc,hg_bayes,173.75360107421875,98.6530990600586,17.969995498657227,7273.2666015625,46373.265625,158.9824160198895,7092.891535570008,47098.10563233591
22398372010497,53,2002,2012,10,wc,hg_organon,173.75360107421875,98.6530990600586,17.969995498657227,7273.2666015625,46373.265625,158.9824160198895,7092.891535570008,47098.10563233591
22398372010497,53,2002,2012,10,wc,hg_conus_sp,173.7536163330078,98.6530990600586,17.969995498657227,6871.88623046875,43580.22265625,158.9824160198895,7092.891535570008,47098.10563233591
22398372010497,53,2002,2012,10,wc,hg_conus_clim,173.7536163330078,98.6530990600586,17.969995498657227,6898.1787109375,43814.3046875,158.9824160198895,7092.891535570008,47098.10563233591
40219111010497,41,2010,2020,10,wc,default,108.7662353515625,82.58557891845703,15.539295196533203,3260.4697265625,20632.84375,191.0099817871028,3531.71163683572,22255.296506702653
40219111010497,41,2010,2020,10,wc,calibrated,108.6438446044922,81.86836242675781,15.598422050476074,3260.88623046875,20646.115234375,191.0099817871028,3531.71163683572,22255.296506702653
40219111010497,41,2010,2020,10,wc,hg_bayes,108.77468872070312,82.58547973632812,15.539905548095703,3571.91845703125,23129.66015625,191.0099817871028,3531.71163683572,22255.296506702653
40219111010497,41,2010,2020,10,wc,hg_organon,108.77468872070312,82.58547973632812,15.539905548095703,3571.91845703125,23129.66015625,191.0099817871028,3531.71163683572,22255.296506702653
40219111010497,41,2010,2020,10,wc,hg_conus_sp,108.76620483398438,82.58557891845703,15.539291381835938,3442.2724609375,22174.716796875,191.0099817871028,3531.71163683572,22255.296506702653
40219111010497,41,2010,2020,10,wc,hg_conus_clim,108.76620483398438,82.58557891845703,15.539291381835938,3477.07763671875,22440.0703125,191.0099817871028,3531.71163683572,22255.296506702653
24217717010900,6,2004,2013,9,wc,default,141.50205993652344,123.88018035888672,14.471600532531738,4005.362548828125,23479.55859375,,,
24217717010900,6,2004,2013,9,wc,calibrated,141.85635375976562,124.91592407226562,14.429518699645996,4007.374755859375,23491.5234375,,,
24217717010900,6,2004,2013,9,wc,hg_bayes,141.510498046875,123.82306671142578,14.475372314453123,4479.77880859375,26802.509765625,,,
24217717010900,6,2004,2013,9,wc,hg_organon,141.510498046875,123.82306671142578,14.475372314453123,4479.77880859375,26802.509765625,,,
24217717010900,6,2004,2013,9,wc,hg_conus_sp,141.49050903320312,123.8413314819336,14.473281860351562,4346.35205078125,25848.24609375,,,
24217717010900,6,2004,2013,9,wc,hg_conus_clim,141.4904327392578,123.84107971191406,14.473292350769045,4356.61767578125,25947.857421875,,,
40403255010497,41,2010,2020,10,wc,default,70.20266723632812,40.581085205078125,17.809484481811523,2267.144287109375,12973.0986328125,72.3139458806015,2058.21369221107,12347.721036978532
40403255010497,41,2010,2020,10,wc,calibrated,69.89022064208984,40.29258346557617,17.833309173583984,2257.615234375,12919.5947265625,72.3139458806015,2058.21369221107,12347.721036978532
40403255010497,41,2010,2020,10,wc,hg_bayes,70.20266723632812,40.581085205078125,17.809484481811523,2367.400390625,13822.6484375,72.3139458806015,2058.21369221107,12347.721036978532
40403255010497,41,2010,2020,10,wc,hg_organon,70.20266723632812,40.581085205078125,17.809484481811523,2367.400390625,13822.6484375,72.3139458806015,2058.21369221107,12347.721036978532
40403255010497,41,2010,2020,10,wc,hg_conus_sp,70.20266723632812,40.581085205078125,17.809484481811523,2328.91552734375,13458.0791015625,72.3139458806015,2058.21369221107,12347.721036978532
40403255010497,41,2010,2020,10,wc,hg_conus_clim,70.20266723632812,40.581085205078125,17.809484481811523,2328.112548828125,13455.7177734375,72.3139458806015,2058.21369221107,12347.721036978532
48206321010497,53,2011,2021,10,wc,default,32.47626495361328,20.492769241333008,17.045862197875977,1065.6248779296875,5925.486328125,18.1932336325198,704.8258945217999,4646.842933082227
48206321010497,53,2011,2021,10,wc,calibrated,32.35555648803711,20.436294555664062,17.037649154663086,1061.0234375,5898.3369140625,18.1932336325198,704.8258945217999,4646.842933082227
48206321010497,53,2011,2021,10,wc,hg_bayes,32.47626495361328,20.492769241333008,17.045862197875977,1100.05029296875,6207.89599609375,18.1932336325198,704.8258945217999,4646.842933082227
48206321010497,53,2011,2021,10,wc,hg_organon,32.47626495361328,20.492769241333008,17.045862197875977,1100.05029296875,6207.89599609375,18.1932336325198,704.8258945217999,4646.842933082227
48206321010497,53,2011,2021,10,wc,hg_conus_sp,32.47626495361328,20.492769241333008,17.045862197875977,1078.9168701171875,6085.2607421875,18.1932336325198,704.8258945217999,4646.842933082227
48206321010497,53,2011,2021,10,wc,hg_conus_clim,32.47626495361328,20.492769241333008,17.045862197875977,1078.4857177734375,6077.5283203125,18.1932336325198,704.8258945217999,4646.842933082227
12816389010497,41,2005,2015,10,wc,default,106.16968536376952,112.19718933105467,13.171813011169434,2523.708984375,12729.01171875,86.20150858513112,1589.0706865674879,6942.2954254926235
12816389010497,41,2005,2015,10,wc,calibrated,105.71466064453124,111.59624481201172,13.1788969039917,2513.65380859375,12679.16796875,86.20150858513112,1589.0706865674879,6942.2954254926235
12816389010497,41,2005,2015,10,wc,hg_bayes,106.27001190185548,112.2029037475586,13.177700996398926,2760.89990234375,14162.416015625,86.20150858513112,1589.0706865674879,6942.2954254926235
12816389010497,41,2005,2015,10,wc,hg_organon,106.27001190185548,112.2029037475586,13.177700996398926,2760.89990234375,14162.416015625,86.20150858513112,1589.0706865674879,6942.2954254926235
12816389010497,41,2005,2015,10,wc,hg_conus_sp,106.27001190185548,112.2029037475586,13.177700996398926,2657.0166015625,13493.412109375,86.20150858513112,1589.0706865674879,6942.2954254926235
12816389010497,41,2005,2015,10,wc,hg_conus_clim,106.27001190185548,112.2029037475586,13.177700996398926,2695.00341796875,13826.0126953125,86.20150858513112,1589.0706865674879,6942.2954254926235
24221941010900,6,2003,2013,10,wc,default,344.05743408203125,225.78155517578125,16.715044021606445,4885.31982421875,26223.0703125,,,
24221941010900,6,2003,2013,10,wc,calibrated,344.0663757324219,225.782958984375,16.7152099609375,4885.6279296875,26225.056640625,,,
24221941010900,6,2003,2013,10,wc,hg_bayes,344.05743408203125,225.78155517578125,16.715044021606445,4885.31982421875,26223.0703125,,,
24221941010900,6,2003,2013,10,wc,hg_organon,344.05743408203125,225.78155517578125,16.715044021606445,4885.31982421875,26223.0703125,,,
24221941010900,6,2003,2013,10,wc,hg_conus_sp,344.05743408203125,225.78155517578125,16.715044021606445,4885.31982421875,26223.0703125,,,
24221941010900,6,2003,2013,10,wc,hg_conus_clim,344.05743408203125,225.78155517578125,16.715044021606445,4885.31982421875,26223.0703125,,,
345934791489998,6,2016,2023,7,wc,default,144.1196746826172,175.9535369873047,12.25459098815918,4708.43701171875,26649.435546875,240.97941904762607,3523.0273225463,16138.313759113204
345934791489998,6,2016,2023,7,wc,calibrated,143.51699829101562,174.72308349609375,12.271926879882812,4691.28857421875,26559.525390625,240.97941904762607,3523.0273225463,16138.313759113204
345934791489998,6,2016,2023,7,wc,hg_bayes,144.11962890625,175.9535369873047,12.254589080810549,4750.54443359375,26972.97265625,240.97941904762607,3523.0273225463,16138.313759113204
345934791489998,6,2016,2023,7,wc,hg_organon,144.11962890625,175.9535369873047,12.254589080810549,4750.54443359375,26972.97265625,240.97941904762607,3523.0273225463,16138.313759113204
345934791489998,6,2016,2023,7,wc,hg_conus_sp,144.06610107421875,175.95425415039062,12.252288818359377,4694.76513671875,26596.583984375,240.97941904762607,3523.0273225463,16138.313759113204
345934791489998,6,2016,2023,7,wc,hg_conus_clim,144.1196746826172,175.9535369873047,12.25459098815918,4711.51318359375,26667.296875,240.97941904762607,3523.0273225463,16138.313759113204
8933633010901,6,2006,2016,10,wc,default,122.7748565673828,57.225215911865234,19.833410263061523,3132.36279296875,18284.646484375,173.53116819474008,1748.7599445840558,9029.815732450776
8933633010901,6,2006,2016,10,wc,calibrated,121.18326568603516,57.1455307006836,19.718164443969727,3091.597900390625,18025.259765625,173.53116819474008,1748.7599445840558,9029.815732450776
8933633010901,6,2006,2016,10,wc,hg_bayes,122.7748565673828,57.225215911865234,19.833410263061523,3132.36279296875,18284.646484375,173.53116819474008,1748.7599445840558,9029.815732450776
8933633010901,6,2006,2016,10,wc,hg_organon,122.7748565673828,57.225215911865234,19.833410263061523,3132.36279296875,18284.646484375,173.53116819474008,1748.7599445840558,9029.815732450776
8933633010901,6,2006,2016,10,wc,hg_conus_sp,122.7748565673828,57.225215911865234,19.833410263061523,3132.36279296875,18284.646484375,173.53116819474008,1748.7599445840558,9029.815732450776
8933633010901,6,2006,2016,10,wc,hg_conus_clim,122.7748565673828,57.225215911865234,19.833410263061523,3132.36279296875,18284.646484375,173.53116819474008,1748.7599445840558,9029.815732450776
24151898010900,53,2002,2012,10,wc,default,159.06573486328125,274.07208251953125,10.315546035766602,3084.3974609375,14083.02734375,177.29696437263135,3702.103044906022,13937.708008534612
24151898010900,53,2002,2012,10,wc,calibrated,159.37655639648438,274.60845947265625,10.315533638000488,3089.899658203125,14104.79296875,177.29696437263135,3702.103044906022,13937.708008534612
24151898010900,53,2002,2012,10,wc,hg_bayes,159.06590270996094,274.07208251953125,10.315552711486816,4086.945556640625,20157.626953125,177.29696437263135,3702.103044906022,13937.708008534612
24151898010900,53,2002,2012,10,wc,hg_organon,159.06590270996094,274.07208251953125,10.315552711486816,4086.945556640625,20157.626953125,177.29696437263135,3702.103044906022,13937.708008534612
24151898010900,53,2002,2012,10,wc,hg_conus_sp,159.06570434570312,274.07208251953125,10.315546035766602,3125.962890625,14345.67578125,177.29696437263135,3702.103044906022,13937.708008534612
24151898010900,53,2002,2012,10,wc,hg_conus_clim,159.06565856933594,274.07208251953125,10.315545082092283,3163.028076171875,14571.337890625,177.29696437263135,3702.103044906022,13937.708008534612
29882038010497,41,2009,2019,10,wc,default,449.9321594238281,174.481689453125,21.7437801361084,17991.8984375,116594.7890625,488.23145157867305,18683.803693010505,124591.65846771911
29882038010497,41,2009,2019,10,wc,calibrated,455.50433349609375,189.9604339599609,20.96770095825196,18095.357421875,117205.34375,488.23145157867305,18683.803693010505,124591.65846771911
29882038010497,41,2009,2019,10,wc,hg_bayes,449.9321594238281,174.481689453125,21.74377822875977,19140.890625,125288.265625,488.23145157867305,18683.803693010505,124591.65846771911
29882038010497,41,2009,2019,10,wc,hg_organon,449.9321594238281,174.481689453125,21.74377822875977,19140.890625,125288.265625,488.23145157867305,18683.803693010505,124591.65846771911
29882038010497,41,2009,2019,10,wc,hg_conus_sp,449.9321594238281,174.481689453125,21.7437801361084,18398.369140625,119738.609375,488.23145157867305,18683.803693010505,124591.65846771911
29882038010497,41,2009,2019,10,wc,hg_conus_clim,449.9321594238281,174.481689453125,21.7437801361084,18465.107421875,120350.7578125,488.23145157867305,18683.803693010505,124591.65846771911
29395656010497,53,2008,2018,10,wc,default,20.32683753967285,17.87427520751953,14.439661026000977,604.4111938476562,3068.417236328125,22.857852471875063,561.233617916516,3022.0677165096004
29395656010497,53,2008,2018,10,wc,calibrated,20.35109138488769,17.894092559814453,14.44027042388916,605.1199340820312,3071.9775390625,22.857852471875063,561.233617916516,3022.0677165096004
29395656010497,53,2008,2018,10,wc,hg_bayes,20.36264419555664,17.87427520751953,14.452372550964355,607.7685546875,3122.710693359375,22.857852471875063,561.233617916516,3022.0677165096004
29395656010497,53,2008,2018,10,wc,hg_organon,20.36264419555664,17.87427520751953,14.452372550964355,607.7685546875,3122.710693359375,22.857852471875063,561.233617916516,3022.0677165096004
29395656010497,53,2008,2018,10,wc,hg_conus_sp,20.32683753967285,17.87427520751953,14.439661026000977,604.4111938476562,3068.417236328125,22.857852471875063,561.233617916516,3022.0677165096004
29395656010497,53,2008,2018,10,wc,hg_conus_clim,20.32683753967285,17.87427520751953,14.439661026000977,604.4111938476562,3068.417236328125,22.857852471875063,561.233617916516,3022.0677165096004
22954675010497,53,2007,2017,10,wc,default,91.30713653564452,29.747312545776367,23.72273826599121,2958.74365234375,17879.99609375,102.2459950399048,3711.0538126554898,23882.60157508489
22954675010497,53,2007,2017,10,wc,calibrated,91.52600860595705,29.820518493652344,23.721981048583984,2965.750244140625,17922.318359375,102.2459950399048,3711.0538126554898,23882.60157508489
22954675010497,53,2007,2017,10,wc,hg_bayes,91.30713653564452,29.747312545776367,23.72273826599121,3217.9365234375,19737.94140625,102.2459950399048,3711.0538126554898,23882.60157508489
22954675010497,53,2007,2017,10,wc,hg_organon,91.30713653564452,29.747312545776367,23.72273826599121,3217.9365234375,19737.94140625,102.2459950399048,3711.0538126554898,23882.60157508489
22954675010497,53,2007,2017,10,wc,hg_conus_sp,91.30713653564452,29.747312545776367,23.72273826599121,3110.037841796875,19036.447265625,102.2459950399048,3711.0538126554898,23882.60157508489
22954675010497,53,2007,2017,10,wc,hg_conus_clim,91.30713653564452,29.747312545776367,23.72273826599121,3096.28857421875,18981.671875,102.2459950399048,3711.0538126554898,23882.60157508489
23973404010497,6,2011,2020,9,wc,default,163.70721435546875,235.76446533203125,11.283169746398926,3832.114990234375,19220.154296875,164.20965147195523,1878.8238689368582,4993.911078137418
23973404010497,6,2011,2020,9,wc,calibrated,165.7381134033203,238.75885009765625,11.281522750854492,3879.080322265625,19456.23046875,164.20965147195523,1878.8238689368582,4993.911078137418
23973404010497,6,2011,2020,9,wc,hg_bayes,163.70721435546875,235.76446533203125,11.283169746398926,3832.114990234375,19220.154296875,164.20965147195523,1878.8238689368582,4993.911078137418
23973404010497,6,2011,2020,9,wc,hg_organon,163.70721435546875,235.76446533203125,11.283169746398926,3832.114990234375,19220.154296875,164.20965147195523,1878.8238689368582,4993.911078137418
23973404010497,6,2011,2020,9,wc,hg_conus_sp,163.70721435546875,235.76446533203125,11.283169746398926,3832.114990234375,19220.154296875,164.20965147195523,1878.8238689368582,4993.911078137418
23973404010497,6,2011,2020,9,wc,hg_conus_clim,163.70721435546875,235.76446533203125,11.283169746398926,3832.114990234375,19220.154296875,164.20965147195523,1878.8238689368582,4993.911078137418
24352291010900,41,2003,2013,10,wc,default,270.5564880371094,183.5135040283203,16.441118240356445,7800.6171875,43597.6328125,263.0301646541915,6521.677114680762,37156.296712234755
24352291010900,41,2003,2013,10,wc,calibrated,269.0000305175781,181.8744964599609,16.467466354370117,7754.13330078125,43339.78125,263.0301646541915,6521.677114680762,37156.296712234755
24352291010900,41,2003,2013,10,wc,hg_bayes,270.5907897949219,183.51339721679688,16.442155838012695,9967.8173828125,58270.06640625,263.0301646541915,6521.677114680762,37156.296712234755
24352291010900,41,2003,2013,10,wc,hg_organon,270.5907897949219,183.51339721679688,16.442155838012695,9967.8173828125,58270.06640625,263.0301646541915,6521.677114680762,37156.296712234755
24352291010900,41,2003,2013,10,wc,hg_conus_sp,270.5566101074219,183.5135040283203,16.441118240356445,8137.51513671875,45796.32421875,263.0301646541915,6521.677114680762,37156.296712234755
24352291010900,41,2003,2013,10,wc,hg_conus_clim,270.5567932128906,183.5135040283203,16.441125869750977,8085.81103515625,45607.1015625,263.0301646541915,6521.677114680762,37156.296712234755
12994872010497,53,2005,2015,10,wc,default,30.32885932922364,14.858420372009276,19.34541320800781,649.1153564453125,3299.579345703125,26.706653148709872,355.547659363956,1815.225044723812
12994872010497,53,2005,2015,10,wc,calibrated,30.26280975341797,14.849458694458008,19.33016586303711,647.5162963867188,3291.15771484375,26.706653148709872,355.547659363956,1815.225044723812
12994872010497,53,2005,2015,10,wc,hg_bayes,30.32885932922364,14.858420372009276,19.34541320800781,752.6026000976562,4048.095703125,26.706653148709872,355.547659363956,1815.225044723812
12994872010497,53,2005,2015,10,wc,hg_organon,30.32885932922364,14.858420372009276,19.34541320800781,752.6026000976562,4048.095703125,26.706653148709872,355.547659363956,1815.225044723812
12994872010497,53,2005,2015,10,wc,hg_conus_sp,30.32885932922364,14.858420372009276,19.34541320800781,736.5875244140625,3939.183349609375,26.706653148709872,355.547659363956,1815.225044723812
12994872010497,53,2005,2015,10,wc,hg_conus_clim,30.32885932922364,14.858420372009276,19.34541320800781,734.39794921875,3929.79931640625,26.706653148709872,355.547659363956,1815.225044723812
40219172010497,41,2010,2022,12,wc,default,147.86695861816406,174.66848754882812,12.458463668823242,4262.5478515625,24334.09375,70.0263547008145,2496.368096640898,14669.714101045547
40219172010497,41,2010,2022,12,wc,calibrated,148.0243377685547,174.87258911132812,12.457818031311035,4267.6103515625,24367.701171875,70.0263547008145,2496.368096640898,14669.714101045547
40219172010497,41,2010,2022,12,wc,hg_bayes,147.85147094726562,174.62351989746094,12.45942211151123,4699.9853515625,27244.833984375,70.0263547008145,2496.368096640898,14669.714101045547
40219172010497,41,2010,2022,12,wc,hg_organon,147.85147094726562,174.62351989746094,12.45942211151123,4699.9853515625,27244.833984375,70.0263547008145,2496.368096640898,14669.714101045547
40219172010497,41,2010,2022,12,wc,hg_conus_sp,147.8579864501953,174.6444549560547,12.458945274353027,4497.6357421875,25898.259765625,70.0263547008145,2496.368096640898,14669.714101045547
40219172010497,41,2010,2022,12,wc,hg_conus_clim,147.85659790039062,174.64083862304688,12.459017753601074,4526.25537109375,26223.03515625,70.0263547008145,2496.368096640898,14669.714101045547
22398293010497,53,2002,2012,10,wc,default,78.5816879272461,72.14253997802734,14.131922721862791,1939.3143310546875,9698.0673828125,82.96947281552158,2009.191686834104,10666.738808014197
22398293010497,53,2002,2012,10,wc,calibrated,78.7018814086914,72.21961975097656,14.135174751281738,1942.4613037109373,9714.2607421875,82.96947281552158,2009.191686834104,10666.738808014197
22398293010497,53,2002,2012,10,wc,hg_bayes,78.96733856201172,72.142333984375,14.166577339172363,2391.4697265625,12568.5537109375,82.96947281552158,2009.191686834104,10666.738808014197
22398293010497,53,2002,2012,10,wc,hg_organon,78.96733856201172,72.142333984375,14.166577339172363,2391.4697265625,12568.5537109375,82.96947281552158,2009.191686834104,10666.738808014197
22398293010497,53,2002,2012,10,wc,hg_conus_sp,78.90269470214844,72.14236450195312,14.160778045654297,2216.74560546875,11505.2470703125,82.96947281552158,2009.191686834104,10666.738808014197
22398293010497,53,2002,2012,10,wc,hg_conus_clim,78.92859649658203,72.14234924316406,14.16310214996338,2195.447509765625,11310.3271484375,82.96947281552158,2009.191686834104,10666.738808014197
41118430010497,41,2001,2011,10,wc,default,112.66182708740234,186.1705474853516,10.533416748046877,2460.912353515625,12127.412109375,154.45647276746269,2617.855660945194,12054.639593699816
41118430010497,41,2001,2011,10,wc,calibrated,111.60563659667967,182.69400024414065,10.583202362060549,2440.326416015625,12024.2763671875,154.45647276746269,2617.855660945194,12054.639593699816
41118430010497,41,2001,2011,10,wc,hg_bayes,112.7712631225586,186.19625854492188,10.53780460357666,2628.5185546875,13201.4677734375,154.45647276746269,2617.855660945194,12054.639593699816
41118430010497,41,2001,2011,10,wc,hg_organon,112.7712631225586,186.19625854492188,10.53780460357666,2628.5185546875,13201.4677734375,154.45647276746269,2617.855660945194,12054.639593699816
41118430010497,41,2001,2011,10,wc,hg_conus_sp,112.69571685791016,186.1701812744141,10.535009384155272,2543.862060546875,12598.0908203125,154.45647276746269,2617.855660945194,12054.639593699816
41118430010497,41,2001,2011,10,wc,hg_conus_clim,112.69571685791016,186.1701812744141,10.535009384155272,2537.19775390625,12583.1513671875,154.45647276746269,2617.855660945194,12054.639593699816
40219721010497,41,2010,2020,10,wc,default,174.81602478027344,51.06538391113281,25.05322456359864,7646.0185546875,50574.37109375,136.5659625654593,6996.490008761815,49463.76616932281
40219721010497,41,2010,2020,10,wc,calibrated,175.30162048339844,51.33541870117188,25.02192497253418,7664.70556640625,50692.15625,136.5659625654593,6996.490008761815,49463.76616932281
40219721010497,41,2010,2020,10,wc,hg_bayes,174.8160400390625,51.06538391113281,25.053226470947266,7975.361328125,53069.3203125,136.5659625654593,6996.490008761815,49463.76616932281
40219721010497,41,2010,2020,10,wc,hg_organon,174.8160400390625,51.06538391113281,25.053226470947266,7975.361328125,53069.3203125,136.5659625654593,6996.490008761815,49463.76616932281
40219721010497,41,2010,2020,10,wc,hg_conus_sp,174.8160858154297,51.06538391113281,25.053226470947266,7647.91845703125,50600.375,136.5659625654593,6996.490008761815,49463.76616932281
40219721010497,41,2010,2020,10,wc,hg_conus_clim,174.8160858154297,51.06538391113281,25.053226470947266,7735.79150390625,51276.015625,136.5659625654593,6996.490008761815,49463.76616932281
29881985010497,41,2009,2019,10,wc,default,217.0448760986328,171.58116149902344,15.229169845581056,4449.66845703125,21471.162109375,218.60908872558213,4765.37161078154,25127.295032305967
29881985010497,41,2009,2019,10,wc,calibrated,217.0008087158203,170.7866668701172,15.263004302978516,4450.79052734375,21474.251953125,218.60908872558213,4765.37161078154,25127.295032305967
29881985010497,41,2009,2019,10,wc,hg_bayes,217.11892700195312,171.5808868408203,15.231779098510742,5575.36328125,28846.365234375,218.60908872558213,4765.37161078154,25127.295032305967
29881985010497,41,2009,2019,10,wc,hg_organon,217.11892700195312,171.5808868408203,15.231779098510742,5575.36328125,28846.365234375,218.60908872558213,4765.37161078154,25127.295032305967
29881985010497,41,2009,2019,10,wc,hg_conus_sp,217.11892700195312,171.5808868408203,15.231779098510742,5227.9072265625,26495.767578125,218.60908872558213,4765.37161078154,25127.295032305967
29881985010497,41,2009,2019,10,wc,hg_conus_clim,217.11892700195312,171.5808868408203,15.231779098510742,5126.6396484375,25921.5546875,218.60908872558213,4765.37161078154,25127.295032305967
24536111010900,53,2003,2013,10,wc,default,95.2576141357422,91.34954071044922,13.827160835266112,2701.2646484375,15473.02734375,118.19519130146529,1976.4939995587758,9499.674181212271
24536111010900,53,2003,2013,10,wc,calibrated,95.37793731689452,91.49325561523438,13.82502269744873,2704.260009765625,15489.33203125,118.19519130146529,1976.4939995587758,9499.674181212271
24536111010900,53,2003,2013,10,wc,hg_bayes,95.0735855102539,91.34954071044922,13.813796997070312,2579.8984375,14128.6689453125,118.19519130146529,1976.4939995587758,9499.674181212271
24536111010900,53,2003,2013,10,wc,hg_organon,95.0735855102539,91.34954071044922,13.813796997070312,2579.8984375,14128.6689453125,118.19519130146529,1976.4939995587758,9499.674181212271
24536111010900,53,2003,2013,10,wc,hg_conus_sp,95.25762176513672,91.34954071044922,13.827160835266112,2701.2646484375,15473.02734375,118.19519130146529,1976.4939995587758,9499.674181212271
24536111010900,53,2003,2013,10,wc,hg_conus_clim,95.25759887695312,91.34954071044922,13.82715892791748,2703.0517578125,15478.986328125,118.19519130146529,1976.4939995587758,9499.674181212271
13179846010497,6,2005,2015,10,wc,default,75.4706802368164,164.15614318847656,9.18114185333252,1236.774169921875,5918.96630859375,221.26820654459064,2458.378886095698,3583.1646337051798
13179846010497,6,2005,2015,10,wc,calibrated,75.2428207397461,163.39952087402344,9.188474655151367,1232.7923583984375,5899.896484375,221.26820654459064,2458.378886095698,3583.1646337051798
13179846010497,6,2005,2015,10,wc,hg_bayes,75.4619369506836,164.1562042236328,9.180611610412598,1461.4150390625,7411.36474609375,221.26820654459064,2458.378886095698,3583.1646337051798
13179846010497,6,2005,2015,10,wc,hg_organon,75.4619369506836,164.1562042236328,9.180611610412598,1461.4150390625,7411.36474609375,221.26820654459064,2458.378886095698,3583.1646337051798
13179846010497,6,2005,2015,10,wc,hg_conus_sp,75.4706802368164,164.15614318847656,9.18114185333252,1376.3170166015625,6798.90234375,221.26820654459064,2458.378886095698,3583.1646337051798
13179846010497,6,2005,2015,10,wc,hg_conus_clim,75.4706802368164,164.15614318847656,9.18114185333252,1372.6884765625,6778.71875,221.26820654459064,2458.378886095698,3583.1646337051798
193209190020004,41,2007,2017,10,wc,default,123.43061065673828,147.99957275390625,12.365663528442385,3561.275390625,18283.236328125,119.53607480301932,3789.77326501287,19576.598117581438
193209190020004,41,2007,2017,10,wc,calibrated,123.8232879638672,148.59861755371094,12.360329627990724,3570.6533203125,18331.18359375,119.53607480301932,3789.77326501287,19576.598117581438
193209190020004,41,2007,2017,10,wc,hg_bayes,123.43064880371094,147.99957275390625,12.365665435791016,3930.354248046875,20606.708984375,119.53607480301932,3789.77326501287,19576.598117581438
193209190020004,41,2007,2017,10,wc,hg_organon,123.43064880371094,147.99957275390625,12.365665435791016,3930.354248046875,20606.708984375,119.53607480301932,3789.77326501287,19576.598117581438
193209190020004,41,2007,2017,10,wc,hg_conus_sp,123.4306411743164,147.99957275390625,12.3656644821167,3705.75537109375,19277.193359375,119.53607480301932,3789.77326501287,19576.598117581438
193209190020004,41,2007,2017,10,wc,hg_conus_clim,123.4306411743164,147.99957275390625,12.3656644821167,3662.2412109375,18872.01171875,119.53607480301932,3789.77326501287,19576.598117581438
41118698010497,41,2002,2012,10,wc,default,67.94833374023438,118.57146453857422,10.25027847290039,1067.9208984375,5117.69677734375,27.85149014549607,423.465969269104,1812.0455242047578
41118698010497,41,2002,2012,10,wc,calibrated,67.72049713134766,118.16486358642578,10.250669479370115,1063.75927734375,5097.50341796875,27.85149014549607,423.465969269104,1812.0455242047578
41118698010497,41,2002,2012,10,wc,hg_bayes,68.13980865478516,118.57971954345705,10.264354705810549,1212.6246337890625,5876.67919921875,27.85149014549607,423.465969269104,1812.0455242047578
41118698010497,41,2002,2012,10,wc,hg_organon,68.13980865478516,118.57971954345705,10.264354705810549,1212.6246337890625,5876.67919921875,27.85149014549607,423.465969269104,1812.0455242047578
41118698010497,41,2002,2012,10,wc,hg_conus_sp,68.1382064819336,118.57971954345705,10.26423454284668,1186.2408447265625,5686.80615234375,27.85149014549607,423.465969269104,1812.0455242047578
41118698010497,41,2002,2012,10,wc,hg_conus_clim,68.1382064819336,118.57971954345705,10.26423454284668,1186.2408447265625,5686.80615234375,27.85149014549607,423.465969269104,1812.0455242047578
48205545010497,41,2011,2022,11,wc,default,122.52407836914062,228.65252685546875,9.911947250366213,3242.57763671875,16834.8828125,111.80583021221416,1967.51826418417,4779.502536449772
48205545010497,41,2011,2022,11,wc,calibrated,115.05860137939452,204.1368560791016,10.165650367736816,3050.520263671875,15763.166015625,111.80583021221416,1967.51826418417,4779.502536449772
48205545010497,41,2011,2022,11,wc,hg_bayes,122.52310180664062,228.652572631836,9.911907196044922,3671.751708984375,19723.68359375,111.80583021221416,1967.51826418417,4779.502536449772
48205545010497,41,2011,2022,11,wc,hg_organon,122.52310180664062,228.652572631836,9.911907196044922,3671.751708984375,19723.68359375,111.80583021221416,1967.51826418417,4779.502536449772
48205545010497,41,2011,2022,11,wc,hg_conus_sp,122.52394104003906,228.65252685546875,9.911941528320312,3272.82861328125,17021.3515625,111.80583021221416,1967.51826418417,4779.502536449772
48205545010497,41,2011,2022,11,wc,hg_conus_clim,122.52407836914062,228.65252685546875,9.911947250366213,3242.57763671875,16834.8828125,111.80583021221416,1967.51826418417,4779.502536449772
48206128010497,41,2011,2022,11,wc,default,226.07672119140625,245.2958984375,12.999272346496582,9169.4609375,50795.3671875,204.5026345851069,5421.528085542432,26607.204956795398
48206128010497,41,2011,2022,11,wc,calibrated,224.08868408203125,242.0545959472656,13.02835464477539,9106.65234375,50532.6875,204.5026345851069,5421.528085542432,26607.204956795398
48206128010497,41,2011,2022,11,wc,hg_bayes,226.0751190185547,245.29591369628903,12.999223709106444,9952.7958984375,56017.62890625,204.5026345851069,5421.528085542432,26607.204956795398
48206128010497,41,2011,2022,11,wc,hg_organon,226.0751190185547,245.29591369628903,12.999223709106444,9952.7958984375,56017.62890625,204.5026345851069,5421.528085542432,26607.204956795398
48206128010497,41,2011,2022,11,wc,hg_conus_sp,226.0767364501953,245.2958984375,12.999272346496582,9181.162109375,50930.80859375,204.5026345851069,5421.528085542432,26607.204956795398
48206128010497,41,2011,2022,11,wc,hg_conus_clim,226.0752716064453,245.29591369628903,12.999227523803713,9780.4599609375,54800.4453125,204.5026345851069,5421.528085542432,26607.204956795398
23774742010900,6,2002,2012,10,wc,default,214.393783569336,185.7146453857422,14.548539161682127,7194.07568359375,41610.0703125,216.5322516174106,6073.030959871268,35485.17540760638
23774742010900,6,2002,2012,10,wc,calibrated,205.1346893310547,178.36427307128906,14.52117919921875,6904.3642578125,39806.12109375,216.5322516174106,6073.030959871268,35485.17540760638
23774742010900,6,2002,2012,10,wc,hg_bayes,214.393783569336,185.7146453857422,14.548539161682127,7503.08349609375,43405.953125,216.5322516174106,6073.030959871268,35485.17540760638
23774742010900,6,2002,2012,10,wc,hg_organon,214.393783569336,185.7146453857422,14.548539161682127,7503.08349609375,43405.953125,216.5322516174106,6073.030959871268,35485.17540760638
23774742010900,6,2002,2012,10,wc,hg_conus_sp,214.393783569336,185.7146453857422,14.548539161682127,7194.07568359375,41610.0703125,216.5322516174106,6073.030959871268,35485.17540760638
23774742010900,6,2002,2012,10,wc,hg_conus_clim,214.393783569336,185.7146453857422,14.548539161682127,7194.07568359375,41610.0703125,216.5322516174106,6073.030959871268,35485.17540760638
13174664010497,6,2005,2015,10,wc,default,216.5404052734375,232.1064453125,13.078622817993164,6153.927734375,33056.3046875,251.1104479257069,6756.328685248416,34733.736080451825
13174664010497,6,2005,2015,10,wc,calibrated,215.6144561767578,230.03207397460932,13.109346389770508,6132.47265625,32939.6484375,251.1104479257069,6756.328685248416,34733.736080451825
13174664010497,6,2005,2015,10,wc,hg_bayes,216.5404052734375,232.1064453125,13.078622817993164,6497.89111328125,35189.6796875,251.1104479257069,6756.328685248416,34733.736080451825
13174664010497,6,2005,2015,10,wc,hg_organon,216.5404052734375,232.1064453125,13.078622817993164,6497.89111328125,35189.6796875,251.1104479257069,6756.328685248416,34733.736080451825
13174664010497,6,2005,2015,10,wc,hg_conus_sp,216.5404052734375,232.1064453125,13.078622817993164,6326.5439453125,34115.76953125,251.1104479257069,6756.328685248416,34733.736080451825
13174664010497,6,2005,2015,10,wc,hg_conus_clim,216.5404052734375,232.1064453125,13.078622817993164,6304.99072265625,33986.74609375,251.1104479257069,6756.328685248416,34733.736080451825
29395142010497,41,2008,2018,10,wc,default,262.36407470703125,221.6708068847656,14.73106861114502,8896.9091796875,50676.99609375,232.03033804685265,8473.120132076961,49433.374396456114
29395142010497,41,2008,2018,10,wc,calibrated,264.25909423828125,226.1324462890625,14.637601852416992,8936.60546875,50899.20703125,232.03033804685265,8473.120132076961,49433.374396456114
29395142010497,41,2008,2018,10,wc,hg_bayes,262.2867736816406,221.661361694336,14.72921371459961,9525.99609375,54767.78515625,232.03033804685265,8473.120132076961,49433.374396456114
29395142010497,41,2008,2018,10,wc,hg_organon,262.2867736816406,221.661361694336,14.72921371459961,9525.99609375,54767.78515625,232.03033804685265,8473.120132076961,49433.374396456114
29395142010497,41,2008,2018,10,wc,hg_conus_sp,262.3641662597656,221.67079162597656,14.731072425842283,8891.4609375,50688.54296875,232.03033804685265,8473.120132076961,49433.374396456114
29395142010497,41,2008,2018,10,wc,hg_conus_clim,262.28692626953125,221.661361694336,14.72921657562256,8918.2978515625,50817.34375,232.03033804685265,8473.120132076961,49433.374396456114
40218823010497,6,2010,2020,10,wc,default,246.59588623046875,392.306640625,10.735356330871582,6794.18212890625,36225.03515625,222.3497215053508,4704.96190508385,16595.916545243734
40218823010497,6,2010,2020,10,wc,calibrated,243.4365997314453,382.0408630371094,10.808721542358398,6741.07861328125,35955.5234375,222.3497215053508,4704.96190508385,16595.916545243734
40218823010497,6,2010,2020,10,wc,hg_bayes,246.59588623046875,392.306640625,10.735356330871582,7218.7900390625,39026.3828125,222.3497215053508,4704.96190508385,16595.916545243734
40218823010497,6,2010,2020,10,wc,hg_organon,246.59588623046875,392.306640625,10.735356330871582,7218.7900390625,39026.3828125,222.3497215053508,4704.96190508385,16595.916545243734
40218823010497,6,2010,2020,10,wc,hg_conus_sp,246.59591674804688,392.306640625,10.735356330871582,6951.72607421875,37233.94921875,222.3497215053508,4704.96190508385,16595.916545243734
40218823010497,6,2010,2020,10,wc,hg_conus_clim,246.5959014892578,392.306640625,10.735356330871582,6924.38525390625,37120.0859375,222.3497215053508,4704.96190508385,16595.916545243734
30852492020004,53,2012,2022,10,wc,default,112.81055450439452,169.83840942382812,11.035528182983398,2414.55419921875,12481.591796875,69.08770286432643,1145.029765281664,3862.401905536956
30852492020004,53,2012,2022,10,wc,calibrated,112.9966278076172,170.2763214111328,11.030420303344728,2417.04052734375,12494.75390625,69.08770286432643,1145.029765281664,3862.401905536956
30852492020004,53,2012,2022,10,wc,hg_bayes,112.8850326538086,169.8380584716797,11.039183616638184,2940.483642578125,15903.072265625,69.08770286432643,1145.029765281664,3862.401905536956
30852492020004,53,2012,2022,10,wc,hg_organon,112.8850326538086,169.8380584716797,11.039183616638184,2940.483642578125,15903.072265625,69.08770286432643,1145.029765281664,3862.401905536956
30852492020004,53,2012,2022,10,wc,hg_conus_sp,112.81055450439452,169.83840942382812,11.035528182983398,2687.6728515625,14254.1015625,69.08770286432643,1145.029765281664,3862.401905536956
30852492020004,53,2012,2022,10,wc,hg_conus_clim,112.81055450439452,169.83840942382812,11.035528182983398,2652.282470703125,14016.59375,69.08770286432643,1145.029765281664,3862.401905536956
41118826010497,41,2002,2012,10,wc,default,13.870798110961914,12.905436515808104,14.03785228729248,247.8263702392578,1247.430908203125,,,
41118826010497,41,2002,2012,10,wc,calibrated,13.883674621582031,12.930203437805176,14.030909538269045,247.77525329589844,1246.5096435546875,,,
41118826010497,41,2002,2012,10,wc,hg_bayes,13.870798110961914,12.905436515808104,14.03785228729248,316.6547546386719,1660.7445068359375,,,
41118826010497,41,2002,2012,10,wc,hg_organon,13.870798110961914,12.905436515808104,14.03785228729248,316.6547546386719,1660.7445068359375,,,
41118826010497,41,2002,2012,10,wc,hg_conus_sp,13.870798110961914,12.905436515808104,14.03785228729248,303.9752502441406,1557.00341796875,,,
41118826010497,41,2002,2012,10,wc,hg_conus_clim,13.870798110961914,12.905436515808104,14.03785228729248,296.4681091308594,1511.721923828125,,,
24408765010900,41,2003,2013,10,wc,default,205.40847778320312,110.40897369384766,18.46900177001953,6366.416015625,35514.8046875,186.55012177227087,5210.948095767238,31142.21736467032
24408765010900,41,2003,2013,10,wc,calibrated,204.1909637451172,109.31745147705078,18.5058822631836,6330.78076171875,35320.0703125,186.55012177227087,5210.948095767238,31142.21736467032
24408765010900,41,2003,2013,10,wc,hg_bayes,205.40847778320312,110.40897369384766,18.46900177001953,6634.6298828125,37301.39453125,186.55012177227087,5210.948095767238,31142.21736467032
24408765010900,41,2003,2013,10,wc,hg_organon,205.40847778320312,110.40897369384766,18.46900177001953,6634.6298828125,37301.39453125,186.55012177227087,5210.948095767238,31142.21736467032
24408765010900,41,2003,2013,10,wc,hg_conus_sp,205.40847778320312,110.40897369384766,18.46900177001953,6487.6376953125,36228.58984375,186.55012177227087,5210.948095767238,31142.21736467032
24408765010900,41,2003,2013,10,wc,hg_conus_clim,205.40847778320312,110.40897369384766,18.46900177001953,6476.3876953125,36123.45703125,186.55012177227087,5210.948095767238,31142.21736467032
22827615010497,53,2007,2017,10,wc,default,29.966306686401367,12.487080574035645,20.97599029541016,849.6661987304688,4721.0537109375,20.9041358630124,221.67040986771002,1262.081931603876
22827615010497,53,2007,2017,10,wc,calibrated,29.800012588500977,12.384268760681152,21.00435447692871,844.8230590820312,4695.134765625,20.9041358630124,221.67040986771002,1262.081931603876
22827615010497,53,2007,2017,10,wc,hg_bayes,29.966306686401367,12.487080574035645,20.97599029541016,853.395263671875,4744.60546875,20.9041358630124,221.67040986771002,1262.081931603876
22827615010497,53,2007,2017,10,wc,hg_organon,29.966306686401367,12.487080574035645,20.97599029541016,853.395263671875,4744.60546875,20.9041358630124,221.67040986771002,1262.081931603876
22827615010497,53,2007,2017,10,wc,hg_conus_sp,29.966306686401367,12.487080574035645,20.97599029541016,849.6661987304688,4721.0537109375,20.9041358630124,221.67040986771002,1262.081931603876
22827615010497,53,2007,2017,10,wc,hg_conus_clim,29.966306686401367,12.487080574035645,20.97599029541016,850.8172607421875,4738.31982421875,20.9041358630124,221.67040986771002,1262.081931603876
22952837010497,6,2007,2016,9,wc,default,44.73274230957031,77.13153076171875,10.311763763427734,622.0629272460938,2809.77099609375,39.88726274407631,17.586583970168,0.0
22952837010497,6,2007,2016,9,wc,calibrated,44.76534271240234,77.29019927978516,10.304930686950684,622.0629272460938,2809.77099609375,39.88726274407631,17.586583970168,0.0
22952837010497,6,2007,2016,9,wc,hg_bayes,44.73274230957031,77.13153076171875,10.311763763427734,622.0629272460938,2809.77099609375,39.88726274407631,17.586583970168,0.0
22952837010497,6,2007,2016,9,wc,hg_organon,44.73274230957031,77.13153076171875,10.311763763427734,622.0629272460938,2809.77099609375,39.88726274407631,17.586583970168,0.0
22952837010497,6,2007,2016,9,wc,hg_conus_sp,44.73274230957031,77.13153076171875,10.311763763427734,622.0629272460938,2809.77099609375,39.88726274407631,17.586583970168,0.0
22952837010497,6,2007,2016,9,wc,hg_conus_clim,44.73274230957031,77.13153076171875,10.311763763427734,622.0629272460938,2809.77099609375,39.88726274407631,17.586583970168,0.0
48205390010497,6,2011,2021,10,wc,default,30.236072540283203,88.29994201660156,7.923530578613281,386.8266296386719,2054.65673828125,23.106325228824613,131.084000741766,75.57101084039999
48205390010497,6,2011,2021,10,wc,calibrated,30.41439437866211,88.8545913696289,7.92202091217041,388.9536743164063,2065.943603515625,23.106325228824613,131.084000741766,75.57101084039999
48205390010497,6,2011,2021,10,wc,hg_bayes,30.236072540283203,88.29994201660156,7.923530578613281,386.8266296386719,2054.65673828125,23.106325228824613,131.084000741766,75.57101084039999
48205390010497,6,2011,2021,10,wc,hg_organon,30.236072540283203,88.29994201660156,7.923530578613281,386.8266296386719,2054.65673828125,23.106325228824613,131.084000741766,75.57101084039999
48205390010497,6,2011,2021,10,wc,hg_conus_sp,30.236072540283203,88.29994201660156,7.923530578613281,386.8266296386719,2054.65673828125,23.106325228824613,131.084000741766,75.57101084039999
48205390010497,6,2011,2021,10,wc,hg_conus_clim,30.236072540283203,88.29994201660156,7.923530578613281,386.8266296386719,2054.65673828125,23.106325228824613,131.084000741766,75.57101084039999
48204329010497,41,2011,2021,10,wc,default,52.197265625,78.56103515625,11.037141799926758,1054.1126708984375,5460.318359375,,,
48204329010497,41,2011,2021,10,wc,calibrated,52.05818176269531,78.3146743774414,11.039752006530762,1051.3802490234375,5446.583984375,,,
48204329010497,41,2011,2021,10,wc,hg_bayes,52.24766540527344,78.56178283691406,11.042413711547852,1143.4102783203125,6009.07763671875,,,
48204329010497,41,2011,2021,10,wc,hg_organon,52.24766540527344,78.56178283691406,11.042413711547852,1143.4102783203125,6009.07763671875,,,
48204329010497,41,2011,2021,10,wc,hg_conus_sp,52.21710586547852,78.56130981445312,11.039216995239258,1122.643798828125,5886.1708984375,,,
48204329010497,41,2011,2021,10,wc,hg_conus_clim,52.21782684326172,78.56130981445312,11.03929328918457,1121.895751953125,5891.03955078125,,,
41120048010497,41,2005,2015,10,wc,default,119.54086303710938,114.68795013427734,13.824060440063477,4468.5400390625,29466.591796875,182.56840559680484,5209.622725392496,28741.396637769496
41120048010497,41,2005,2015,10,wc,calibrated,119.6200714111328,114.96829223632812,13.811769485473633,4465.82177734375,29445.705078125,182.56840559680484,5209.622725392496,28741.396637769496
41120048010497,41,2005,2015,10,wc,hg_bayes,119.83200073242188,114.68656158447266,13.840965270996094,5104.54931640625,34031.96484375,182.56840559680484,5209.622725392496,28741.396637769496
41120048010497,41,2005,2015,10,wc,hg_organon,119.83200073242188,114.68656158447266,13.840965270996094,5104.54931640625,34031.96484375,182.56840559680484,5209.622725392496,28741.396637769496
41120048010497,41,2005,2015,10,wc,hg_conus_sp,119.59635925292967,114.68771362304688,13.827282905578612,4707.005859375,30934.75390625,182.56840559680484,5209.622725392496,28741.396637769496
41120048010497,41,2005,2015,10,wc,hg_conus_clim,119.80785369873048,114.6866455078125,13.839567184448242,4909.1376953125,32744.59765625,182.56840559680484,5209.622725392496,28741.396637769496
22828322010497,6,2008,2017,9,wc,default,39.02693939208984,23.78925323486328,17.343158721923828,847.5550537109375,4227.49365234375,37.43535852424393,548.30823324105,2511.319925804442
22828322010497,6,2008,2017,9,wc,calibrated,39.05063629150391,23.822494506835938,17.336313247680664,848.2041015625,4230.75146484375,37.43535852424393,548.30823324105,2511.319925804442
22828322010497,6,2008,2017,9,wc,hg_bayes,39.02693939208984,23.78925323486328,17.343158721923828,847.5550537109375,4227.49365234375,37.43535852424393,548.30823324105,2511.319925804442
22828322010497,6,2008,2017,9,wc,hg_organon,39.02693939208984,23.78925323486328,17.343158721923828,847.5550537109375,4227.49365234375,37.43535852424393,548.30823324105,2511.319925804442
22828322010497,6,2008,2017,9,wc,hg_conus_sp,39.02693939208984,23.78925323486328,17.343158721923828,847.5550537109375,4227.49365234375,37.43535852424393,548.30823324105,2511.319925804442
22828322010497,6,2008,2017,9,wc,hg_conus_clim,39.02693939208984,23.78925323486328,17.343158721923828,847.5550537109375,4227.49365234375,37.43535852424393,548.30823324105,2511.319925804442
41120246010497,41,2005,2015,10,wc,default,230.538818359375,290.8013000488281,12.056190490722656,6712.4697265625,35727.44921875,241.8184207977093,7863.083585717858,40327.766278947995
41120246010497,41,2005,2015,10,wc,calibrated,230.4370574951172,289.32745361328125,12.084195137023926,6717.72265625,35758.3515625,241.8184207977093,7863.083585717858,40327.766278947995
41120246010497,41,2005,2015,10,wc,hg_bayes,230.538818359375,290.8013000488281,12.056190490722656,7721.341796875,41907.96875,241.8184207977093,7863.083585717858,40327.766278947995
41120246010497,41,2005,2015,10,wc,hg_organon,230.538818359375,290.8013000488281,12.056190490722656,7721.341796875,41907.96875,241.8184207977093,7863.083585717858,40327.766278947995
41120246010497,41,2005,2015,10,wc,hg_conus_sp,230.538818359375,290.8013000488281,12.056190490722656,7223.74755859375,39078.74609375,241.8184207977093,7863.083585717858,40327.766278947995
41120246010497,41,2005,2015,10,wc,hg_conus_clim,230.538818359375,290.8013000488281,12.056190490722656,7119.23046875,38477.21875,241.8184207977093,7863.083585717858,40327.766278947995
41118293010497,41,2001,2011,10,wc,default,155.55160522460938,124.17005920410156,15.155318260192873,4212.8818359375,21923.369140625,135.5622479094844,3747.2676624091782,20485.785005134538
41118293010497,41,2001,2011,10,wc,calibrated,155.14834594726562,123.79501342773438,15.1585693359375,4200.00830078125,21857.265625,135.5622479094844,3747.2676624091782,20485.785005134538
41118293010497,41,2001,2011,10,wc,hg_bayes,155.6964569091797,124.17857360839844,15.16185188293457,4676.26708984375,24838.962890625,135.5622479094844,3747.2676624091782,20485.785005134538
41118293010497,41,2001,2011,10,wc,hg_organon,155.6964569091797,124.17857360839844,15.16185188293457,4676.26708984375,24838.962890625,135.5622479094844,3747.2676624091782,20485.785005134538
41118293010497,41,2001,2011,10,wc,hg_conus_sp,155.55160522460938,124.17005920410156,15.155318260192873,4472.10107421875,23654.306640625,135.5622479094844,3747.2676624091782,20485.785005134538
41118293010497,41,2001,2011,10,wc,hg_conus_clim,155.55160522460938,124.17005920410156,15.155318260192873,4439.240234375,23418.794921875,135.5622479094844,3747.2676624091782,20485.785005134538
24284942010900,6,2003,2013,10,wc,default,20.39435386657715,30.575529098510746,11.058704376220703,399.201904296875,2106.244384765625,,,
24284942010900,6,2003,2013,10,wc,calibrated,20.440574645996094,30.68689727783203,11.051119804382324,399.7609558105469,2109.518798828125,,,
24284942010900,6,2003,2013,10,wc,hg_bayes,20.39435386657715,30.575529098510746,11.058704376220703,399.201904296875,2106.244384765625,,,
24284942010900,6,2003,2013,10,wc,hg_organon,20.39435386657715,30.575529098510746,11.058704376220703,399.201904296875,2106.244384765625,,,
24284942010900,6,2003,2013,10,wc,hg_conus_sp,20.39435386657715,30.575529098510746,11.058704376220703,399.201904296875,2106.244384765625,,,
24284942010900,6,2003,2013,10,wc,hg_conus_clim,20.39435386657715,30.575529098510746,11.058704376220703,399.201904296875,2106.244384765625,,,
8728156010901,41,2006,2016,10,wc,default,290.2416687011719,302.6227722167969,13.260661125183104,8010.63623046875,42227.52734375,,,
8728156010901,41,2006,2016,10,wc,calibrated,289.97625732421875,302.21685791015625,13.263498306274414,8011.0927734375,42255.68359375,,,
8728156010901,41,2006,2016,10,wc,hg_bayes,290.24139404296875,302.6227722167969,13.260655403137209,8471.80859375,45495.33203125,,,
8728156010901,41,2006,2016,10,wc,hg_organon,290.24139404296875,302.6227722167969,13.260655403137209,8471.80859375,45495.33203125,,,
8728156010901,41,2006,2016,10,wc,hg_conus_sp,290.2418212890625,302.62274169921875,13.260664939880373,7671.01611328125,40279.9921875,,,
8728156010901,41,2006,2016,10,wc,hg_conus_clim,290.24176025390625,302.62274169921875,13.260663986206056,8290.3486328125,44046.640625,,,
48206174010497,53,2011,2021,10,wc,default,204.54774475097656,311.1014709472656,10.97950553894043,3165.408935546875,13612.9912109375,143.48694481867508,2779.898331833036,6534.175055221806
48206174010497,53,2011,2021,10,wc,calibrated,206.03585815429688,314.08258056640625,10.966948509216309,3189.2392578125,13711.0625,143.48694481867508,2779.898331833036,6534.175055221806
48206174010497,53,2011,2021,10,wc,hg_bayes,204.54782104492188,311.1014709472656,10.979509353637695,3960.716552734375,18480.8125,143.48694481867508,2779.898331833036,6534.175055221806
48206174010497,53,2011,2021,10,wc,hg_organon,204.54782104492188,311.1014709472656,10.979509353637695,3960.716552734375,18480.8125,143.48694481867508,2779.898331833036,6534.175055221806
48206174010497,53,2011,2021,10,wc,hg_conus_sp,204.54788208007807,311.1014709472656,10.979509353637695,3137.3330078125,13442.62890625,143.48694481867508,2779.898331833036,6534.175055221806
48206174010497,53,2011,2021,10,wc,hg_conus_clim,204.54786682128903,311.1014709472656,10.979509353637695,3064.178466796875,13047.275390625,143.48694481867508,2779.898331833036,6534.175055221806
40403230010497,41,2010,2020,10,wc,default,159.67347717285156,104.11158752441406,16.768844604492188,5314.95068359375,29762.787109375,19.30206379794535,504.377850009888,3036.243627273652
40403230010497,41,2010,2020,10,wc,calibrated,158.40914916992188,102.02410125732422,16.872325897216797,5272.30712890625,29522.02734375,19.30206379794535,504.377850009888,3036.243627273652
40403230010497,41,2010,2020,10,wc,hg_bayes,159.67347717285156,104.11158752441406,16.768844604492188,5392.86669921875,30250.1171875,19.30206379794535,504.377850009888,3036.243627273652
40403230010497,41,2010,2020,10,wc,hg_organon,159.67347717285156,104.11158752441406,16.768844604492188,5392.86669921875,30250.1171875,19.30206379794535,504.377850009888,3036.243627273652
40403230010497,41,2010,2020,10,wc,hg_conus_sp,159.67347717285156,104.11158752441406,16.768844604492188,5291.14697265625,29575.005859375,19.30206379794535,504.377850009888,3036.243627273652
40403230010497,41,2010,2020,10,wc,hg_conus_clim,159.67347717285156,104.11158752441406,16.768844604492188,5290.5751953125,29560.984375,19.30206379794535,504.377850009888,3036.243627273652
41119189010497,41,2003,2013,10,wc,default,106.51022338867188,105.51741790771484,13.604101181030272,2729.3193359375,13874.8974609375,91.96446108602872,2208.375877319976,11306.039192804124
41119189010497,41,2003,2013,10,wc,calibrated,106.71158599853516,106.26459503173828,13.568998336791992,2730.7294921875,13881.279296875,91.96446108602872,2208.375877319976,11306.039192804124
41119189010497,41,2003,2013,10,wc,hg_bayes,106.50968170166016,105.51741790771484,13.6040678024292,3000.062255859375,15556.0205078125,91.96446108602872,2208.375877319976,11306.039192804124
41119189010497,41,2003,2013,10,wc,hg_organon,106.50968170166016,105.51741790771484,13.6040678024292,3000.062255859375,15556.0205078125,91.96446108602872,2208.375877319976,11306.039192804124
41119189010497,41,2003,2013,10,wc,hg_conus_sp,106.51020050048828,105.51741790771484,13.604101181030272,2794.540283203125,14356.712890625,91.96446108602872,2208.375877319976,11306.039192804124
41119189010497,41,2003,2013,10,wc,hg_conus_clim,106.51024627685548,105.51741790771484,13.604103088378906,2780.762451171875,14238.109375,91.96446108602872,2208.375877319976,11306.039192804124
23647738010900,6,2001,2011,10,wc,default,167.06277465820312,188.00393676757807,12.76417350769043,4717.0322265625,26720.697265625,172.90250378050953,3520.532215835974,16906.527760255012
23647738010900,6,2001,2011,10,wc,calibrated,168.9812774658203,191.9214324951172,12.705564498901367,4752.3193359375,26907.04296875,172.90250378050953,3520.532215835974,16906.527760255012
23647738010900,6,2001,2011,10,wc,hg_bayes,167.0457763671875,187.98341369628903,12.764215469360352,4738.33349609375,26907.248046875,172.90250378050953,3520.532215835974,16906.527760255012
23647738010900,6,2001,2011,10,wc,hg_organon,167.0457763671875,187.98341369628903,12.764215469360352,4738.33349609375,26907.248046875,172.90250378050953,3520.532215835974,16906.527760255012
23647738010900,6,2001,2011,10,wc,hg_conus_sp,167.05856323242188,187.9986572265625,12.764184951782228,4711.08642578125,26704.529296875,172.90250378050953,3520.532215835974,16906.527760255012
23647738010900,6,2001,2011,10,wc,hg_conus_clim,167.0530242919922,187.9921417236328,12.764200210571287,4730.4501953125,26842.5078125,172.90250378050953,3520.532215835974,16906.527760255012
30763751020004,41,2012,2022,10,wc,default,71.11775970458984,59.24762344360352,14.83508014678955,1497.21435546875,7041.65771484375,70.96047140312467,1127.09783938187,5055.92211940579
30763751020004,41,2012,2022,10,wc,calibrated,71.03970336914062,59.19737243652344,14.83322811126709,1494.140625,7025.42431640625,70.96047140312467,1127.09783938187,5055.92211940579
30763751020004,41,2012,2022,10,wc,hg_bayes,71.27647399902344,59.24760437011719,14.8516263961792,1620.07568359375,7750.33984375,70.96047140312467,1127.09783938187,5055.92211940579
30763751020004,41,2012,2022,10,wc,hg_organon,71.27647399902344,59.24760437011719,14.8516263961792,1620.07568359375,7750.33984375,70.96047140312467,1127.09783938187,5055.92211940579
30763751020004,41,2012,2022,10,wc,hg_conus_sp,71.2735595703125,59.24760437011719,14.851322174072266,1564.57275390625,7419.5869140625,70.96047140312467,1127.09783938187,5055.92211940579
30763751020004,41,2012,2022,10,wc,hg_conus_clim,71.2735595703125,59.24760437011719,14.851322174072266,1564.87158203125,7421.97119140625,70.96047140312467,1127.09783938187,5055.92211940579
13119260010497,6,2005,2015,10,wc,default,304.1124572753906,136.52850341796875,20.2088565826416,13945.486328125,90245.7890625,265.2516979905972,9415.742577220222,60789.1279098978
13119260010497,6,2005,2015,10,wc,calibrated,303.83697509765625,136.3450164794922,20.213293075561523,13935.619140625,90184.5546875,265.2516979905972,9415.742577220222,60789.1279098978
13119260010497,6,2005,2015,10,wc,hg_bayes,304.1430358886719,136.5283660888672,20.20987701416016,15830.421875,103718.3671875,265.2516979905972,9415.742577220222,60789.1279098978
13119260010497,6,2005,2015,10,wc,hg_organon,304.1430358886719,136.5283660888672,20.20987701416016,15830.421875,103718.3671875,265.2516979905972,9415.742577220222,60789.1279098978
13119260010497,6,2005,2015,10,wc,hg_conus_sp,304.1124572753906,136.52850341796875,20.2088565826416,13952.39453125,90279.625,265.2516979905972,9415.742577220222,60789.1279098978
13119260010497,6,2005,2015,10,wc,hg_conus_clim,304.1431579589844,136.5283660888672,20.20988273620605,15687.84765625,102702.546875,265.2516979905972,9415.742577220222,60789.1279098978
22398985010497,53,2005,2015,10,wc,default,48.4943962097168,59.54232406616211,12.219941139221191,1045.618896484375,5330.931640625,60.31224853892359,744.686751239018,3389.2066347949176
22398985010497,53,2005,2015,10,wc,calibrated,48.36989974975586,59.41013717651367,12.217818260192873,1041.4783935546875,5308.8505859375,60.31224853892359,744.686751239018,3389.2066347949176
22398985010497,53,2005,2015,10,wc,hg_bayes,48.562896728515625,59.54219818115234,12.22858428955078,1198.727783203125,6378.5732421875,60.31224853892359,744.686751239018,3389.2066347949176
22398985010497,53,2005,2015,10,wc,hg_organon,48.562896728515625,59.54219818115234,12.22858428955078,1198.727783203125,6378.5732421875,60.31224853892359,744.686751239018,3389.2066347949176
22398985010497,53,2005,2015,10,wc,hg_conus_sp,48.562896728515625,59.54219818115234,12.22858428955078,1171.9866943359375,6221.18603515625,60.31224853892359,744.686751239018,3389.2066347949176
22398985010497,53,2005,2015,10,wc,hg_conus_clim,48.562896728515625,59.54219818115234,12.22858428955078,1157.2982177734375,6120.00048828125,60.31224853892359,744.686751239018,3389.2066347949176
40220714010497,53,2010,2022,12,wc,default,85.48892211914062,75.93365478515625,14.367263793945312,2496.113525390625,13547.2822265625,116.30610402629236,1493.659027829586,7193.285073318714
40220714010497,53,2010,2022,12,wc,calibrated,84.76112365722656,74.77860260009766,14.416041374206545,2476.57958984375,13450.2724609375,116.30610402629236,1493.659027829586,7193.285073318714
40220714010497,53,2010,2022,12,wc,hg_bayes,85.48867797851562,75.93363952636719,14.3672456741333,2439.10546875,13195.560546875,116.30610402629236,1493.659027829586,7193.285073318714
40220714010497,53,2010,2022,12,wc,hg_organon,85.48867797851562,75.93363952636719,14.3672456741333,2439.10546875,13195.560546875,116.30610402629236,1493.659027829586,7193.285073318714
40220714010497,53,2010,2022,12,wc,hg_conus_sp,85.42283630371094,75.93183135986328,14.361881256103516,2362.266845703125,12800.7841796875,116.30610402629236,1493.659027829586,7193.285073318714
40220714010497,53,2010,2022,12,wc,hg_conus_clim,85.42283630371094,75.93183135986328,14.361881256103516,2361.3310546875,12791.3505859375,116.30610402629236,1493.659027829586,7193.285073318714
41118072010497,41,2001,2011,10,wc,default,230.54229736328125,95.8667221069336,20.997987747192383,9585.1435546875,61388.50390625,205.5769811795174,8126.121372321988,54683.36456813698
41118072010497,41,2001,2011,10,wc,calibrated,231.4166717529297,96.62205505371094,20.95537757873535,9616.041015625,61581.36328125,205.5769811795174,8126.121372321988,54683.36456813698
41118072010497,41,2001,2011,10,wc,hg_bayes,230.54226684570312,95.8667221069336,20.997987747192383,9693.662109375,62210.234375,205.5769811795174,8126.121372321988,54683.36456813698
41118072010497,41,2001,2011,10,wc,hg_organon,230.54226684570312,95.8667221069336,20.997987747192383,9693.662109375,62210.234375,205.5769811795174,8126.121372321988,54683.36456813698
41118072010497,41,2001,2011,10,wc,hg_conus_sp,230.54010009765625,95.8667221069336,20.99788856506348,9282.9345703125,59191.671875,205.5769811795174,8126.121372321988,54683.36456813698
41118072010497,41,2001,2011,10,wc,hg_conus_clim,230.5422821044922,95.8667221069336,20.997989654541016,9427.1611328125,60291.99609375,205.5769811795174,8126.121372321988,54683.36456813698
29882013010497,41,2009,2019,10,wc,default,194.18911743164065,159.68360900878906,14.932022094726562,4519.78564453125,23253.328125,202.07301339881707,5275.60848141739,29349.19631100781
29882013010497,41,2009,2019,10,wc,calibrated,194.72042846679688,160.31362915039062,14.92302417755127,4530.404296875,23309.6015625,202.07301339881707,5275.60848141739,29349.19631100781
29882013010497,41,2009,2019,10,wc,hg_bayes,194.24859619140625,159.68321228027344,14.934321403503418,5630.33349609375,30530.412109375,202.07301339881707,5275.60848141739,29349.19631100781
29882013010497,41,2009,2019,10,wc,hg_organon,194.24859619140625,159.68321228027344,14.934321403503418,5630.33349609375,30530.412109375,202.07301339881707,5275.60848141739,29349.19631100781
29882013010497,41,2009,2019,10,wc,hg_conus_sp,194.2481384277344,159.68321228027344,14.934304237365724,5120.369140625,27126.173828125,202.07301339881707,5275.60848141739,29349.19631100781
29882013010497,41,2009,2019,10,wc,hg_conus_clim,194.2486114501953,159.68321228027344,14.934322357177734,5106.814453125,27096.083984375,202.07301339881707,5275.60848141739,29349.19631100781
41119936010497,41,2005,2016,11,wc,default,132.95294189453125,150.4671173095703,12.728132247924805,3709.00341796875,19805.6953125,134.52288418694414,2974.2741956455598,14475.006037418021
41119936010497,41,2005,2016,11,wc,calibrated,131.101318359375,146.47898864746094,12.810089111328123,3668.619140625,19594.787109375,134.52288418694414,2974.2741956455598,14475.006037418021
41119936010497,41,2005,2016,11,wc,hg_bayes,132.95294189453125,150.4671173095703,12.728132247924805,3899.07421875,21060.84765625,134.52288418694414,2974.2741956455598,14475.006037418021
41119936010497,41,2005,2016,11,wc,hg_organon,132.95294189453125,150.4671173095703,12.728132247924805,3899.07421875,21060.84765625,134.52288418694414,2974.2741956455598,14475.006037418021
41119936010497,41,2005,2016,11,wc,hg_conus_sp,132.95294189453125,150.4671173095703,12.728132247924805,3801.145263671875,20504.703125,134.52288418694414,2974.2741956455598,14475.006037418021
41119936010497,41,2005,2016,11,wc,hg_conus_clim,132.95294189453125,150.4671173095703,12.728132247924805,3796.685302734375,20473.724609375,134.52288418694414,2974.2741956455598,14475.006037418021
40403089010497,41,2010,2020,10,wc,default,66.47366333007812,65.34593963623047,13.65688705444336,1308.9593505859375,6013.51171875,84.90612797447918,2266.911009561622,10330.119176458707
40403089010497,41,2010,2020,10,wc,calibrated,66.64508819580078,65.5353775024414,13.654711723327637,1312.3018798828125,6028.77587890625,84.90612797447918,2266.911009561622,10330.119176458707
40403089010497,41,2010,2020,10,wc,hg_bayes,66.47431182861328,65.34593963623047,13.656953811645508,1516.8343505859375,7285.3818359375,84.90612797447918,2266.911009561622,10330.119176458707
40403089010497,41,2010,2020,10,wc,hg_organon,66.47431182861328,65.34593963623047,13.656953811645508,1516.8343505859375,7285.3818359375,84.90612797447918,2266.911009561622,10330.119176458707
40403089010497,41,2010,2020,10,wc,hg_conus_sp,66.47431182861328,65.34593963623047,13.656953811645508,1371.2625732421875,6352.0615234375,84.90612797447918,2266.911009561622,10330.119176458707
40403089010497,41,2010,2020,10,wc,hg_conus_clim,66.47431182861328,65.34593963623047,13.656953811645508,1369.543701171875,6340.2373046875,84.90612797447918,2266.911009561622,10330.119176458707
22398979010497,53,2005,2015,10,wc,default,81.77391052246094,120.95729064941406,11.133393287658691,1952.9766845703125,9820.9775390625,,,
22398979010497,53,2005,2015,10,wc,calibrated,81.09613800048828,120.46056365966795,11.109996795654297,1934.5872802734373,9729.12890625,,,
22398979010497,53,2005,2015,10,wc,hg_bayes,82.04644012451172,120.9561538696289,11.151984214782717,2155.448974609375,11269.8623046875,,,
22398979010497,53,2005,2015,10,wc,hg_organon,82.04644012451172,120.9561538696289,11.151984214782717,2155.448974609375,11269.8623046875,,,
22398979010497,53,2005,2015,10,wc,hg_conus_sp,81.77391052246094,120.95729064941406,11.133393287658691,1957.1473388671875,9838.8515625,,,
22398979010497,53,2005,2015,10,wc,hg_conus_clim,81.77391052246094,120.95729064941406,11.133393287658691,1952.9766845703125,9820.9775390625,,,
22933207010497,53,2008,2018,10,wc,default,134.910400390625,124.27970123291016,14.1077880859375,3989.6796875,21772.330078125,172.4462703655382,4573.957164316918,24836.583704863322
22933207010497,53,2008,2018,10,wc,calibrated,135.51760864257812,125.18038940429688,14.088540077209473,4005.718017578125,21855.798828125,172.4462703655382,4573.957164316918,24836.583704863322
22933207010497,53,2008,2018,10,wc,hg_bayes,134.91029357910156,124.27970123291016,14.107782363891602,4446.8779296875,24769.818359375,172.4462703655382,4573.957164316918,24836.583704863322
22933207010497,53,2008,2018,10,wc,hg_organon,134.91029357910156,124.27970123291016,14.107782363891602,4446.8779296875,24769.818359375,172.4462703655382,4573.957164316918,24836.583704863322
22933207010497,53,2008,2018,10,wc,hg_conus_sp,134.91041564941406,124.27970123291016,14.1077880859375,4190.0625,23240.943359375,172.4462703655382,4573.957164316918,24836.583704863322
22933207010497,53,2008,2018,10,wc,hg_conus_clim,134.91041564941406,124.27970123291016,14.1077880859375,4170.24658203125,23117.353515625,172.4462703655382,4573.957164316918,24836.583704863322
345933367489998,6,2016,2022,6,wc,default,135.57293701171875,167.14649963378906,12.194782257080078,3499.171142578125,19245.755859375,141.87263915567195,3909.305305805518,19506.845843328276
345933367489998,6,2016,2022,6,wc,calibrated,135.96534729003906,168.0098114013672,12.181000709533691,3509.416748046875,19299.82421875,141.87263915567195,3909.305305805518,19506.845843328276
345933367489998,6,2016,2022,6,wc,hg_bayes,135.56809997558594,167.09317016601562,12.196515083312988,3895.81103515625,21815.525390625,141.87263915567195,3909.305305805518,19506.845843328276
345933367489998,6,2016,2022,6,wc,hg_organon,135.56809997558594,167.09317016601562,12.196515083312988,3895.81103515625,21815.525390625,141.87263915567195,3909.305305805518,19506.845843328276
345933367489998,6,2016,2022,6,wc,hg_conus_sp,135.5666046142578,167.10928344726562,12.195859909057615,3760.570556640625,20885.716796875,141.87263915567195,3909.305305805518,19506.845843328276
345933367489998,6,2016,2022,6,wc,hg_conus_clim,135.57020568847656,167.1082763671875,12.19606113433838,3764.469970703125,20935.54296875,141.87263915567195,3909.305305805518,19506.845843328276
29880510010497,41,2009,2019,10,wc,default,222.6969451904297,185.292236328125,14.84447956085205,7489.12158203125,43860.51171875,209.0047725449193,6171.872187933342,35103.44016265212
29880510010497,41,2009,2019,10,wc,calibrated,220.8489227294922,181.7720642089844,14.92520523071289,7443.28759765625,43633.625,209.0047725449193,6171.872187933342,35103.44016265212
29880510010497,41,2009,2019,10,wc,hg_bayes,222.6969146728516,185.292236328125,14.844478607177734,7553.134765625,44279.953125,209.0047725449193,6171.872187933342,35103.44016265212
29880510010497,41,2009,2019,10,wc,hg_organon,222.6969146728516,185.292236328125,14.844478607177734,7553.134765625,44279.953125,209.0047725449193,6171.872187933342,35103.44016265212
29880510010497,41,2009,2019,10,wc,hg_conus_sp,222.6970367431641,185.292221069336,14.844482421875,7245.75537109375,42097.5546875,209.0047725449193,6171.872187933342,35103.44016265212
29880510010497,41,2009,2019,10,wc,hg_conus_clim,222.6969757080078,185.292236328125,14.84447956085205,7409.80908203125,43362.5078125,209.0047725449193,6171.872187933342,35103.44016265212
41118910010497,41,2002,2012,10,wc,default,208.75784301757807,279.21685791015625,11.708110809326172,5933.19677734375,31212.443359375,224.15258956525165,6277.26183698214,30494.22390741495
41118910010497,41,2002,2012,10,wc,calibrated,208.2519073486328,277.67779541015625,11.726279258728027,5923.08447265625,31169.966796875,224.15258956525165,6277.26183698214,30494.22390741495
41118910010497,41,2002,2012,10,wc,hg_bayes,208.75791931152344,279.2168273925781,11.708114624023438,6276.4228515625,33389.1953125,224.15258956525165,6277.26183698214,30494.22390741495
41118910010497,41,2002,2012,10,wc,hg_organon,208.75791931152344,279.2168273925781,11.708114624023438,6276.4228515625,33389.1953125,224.15258956525165,6277.26183698214,30494.22390741495
41118910010497,41,2002,2012,10,wc,hg_conus_sp,208.75796508789065,279.2168273925781,11.70811653137207,5952.21728515625,31296.423828125,224.15258956525165,6277.26183698214,30494.22390741495
41118910010497,41,2002,2012,10,wc,hg_conus_clim,208.75796508789065,279.2168273925781,11.70811653137207,5937.60009765625,31311.310546875,224.15258956525165,6277.26183698214,30494.22390741495
22932627010497,41,2008,2018,10,wc,default,195.0289306640625,146.72850036621094,15.610925674438477,6395.10107421875,37536.84375,208.9020321608197,6567.846115844552,39127.95576553696
22932627010497,41,2008,2018,10,wc,calibrated,195.2160797119141,146.19886779785156,15.646672248840332,6400.046875,37584.60546875,208.9020321608197,6567.846115844552,39127.95576553696
22932627010497,41,2008,2018,10,wc,hg_bayes,195.05569458007807,146.72848510742188,15.611998558044434,6742.306640625,39848.83984375,208.9020321608197,6567.846115844552,39127.95576553696
22932627010497,41,2008,2018,10,wc,hg_organon,195.05569458007807,146.72848510742188,15.611998558044434,6742.306640625,39848.83984375,208.9020321608197,6567.846115844552,39127.95576553696
22932627010497,41,2008,2018,10,wc,hg_conus_sp,195.047607421875,146.72850036621094,15.61167335510254,6513.98779296875,38270.13671875,208.9020321608197,6567.846115844552,39127.95576553696
22932627010497,41,2008,2018,10,wc,hg_conus_clim,195.0289306640625,146.72850036621094,15.610925674438477,6530.93994140625,38259.453125,208.9020321608197,6567.846115844552,39127.95576553696
41118273010497,41,2001,2011,10,wc,default,175.20298767089844,167.3868865966797,13.853078842163086,5828.45068359375,31843.50390625,151.7742445202952,5838.929959239998,34120.49736494991
41118273010497,41,2001,2011,10,wc,calibrated,176.2054443359375,168.42298889160156,13.84985637664795,5862.10400390625,32015.736328125,151.7742445202952,5838.929959239998,34120.49736494991
41118273010497,41,2001,2011,10,wc,hg_bayes,175.20262145996094,167.3868865966797,13.85306453704834,6264.443359375,34579.23046875,151.7742445202952,5838.929959239998,34120.49736494991
41118273010497,41,2001,2011,10,wc,hg_organon,175.20262145996094,167.3868865966797,13.85306453704834,6264.443359375,34579.23046875,151.7742445202952,5838.929959239998,34120.49736494991
41118273010497,41,2001,2011,10,wc,hg_conus_sp,175.20306396484375,167.3868865966797,13.853081703186035,5827.3515625,31823.59765625,151.7742445202952,5838.929959239998,34120.49736494991
41118273010497,41,2001,2011,10,wc,hg_conus_clim,175.2030029296875,167.3868865966797,13.853079795837402,5882.9248046875,32244.34375,151.7742445202952,5838.929959239998,34120.49736494991
29882244010497,41,2009,2019,10,wc,default,37.34744644165039,42.280670166015625,12.726117134094238,782.8859252929688,3899.112060546875,26.71534700626319,487.097357337446,2350.769686922852
29882244010497,41,2009,2019,10,wc,calibrated,37.22250747680664,42.117958068847656,12.729326248168944,780.2494506835938,3886.2744140625,26.71534700626319,487.097357337446,2350.769686922852
29882244010497,41,2009,2019,10,wc,hg_bayes,37.34744644165039,42.280670166015625,12.726117134094238,909.0988159179688,4533.2294921875,26.71534700626319,487.097357337446,2350.769686922852
29882244010497,41,2009,2019,10,wc,hg_organon,37.34744644165039,42.280670166015625,12.726117134094238,909.0988159179688,4533.2294921875,26.71534700626319,487.097357337446,2350.769686922852
29882244010497,41,2009,2019,10,wc,hg_conus_sp,37.34744644165039,42.280670166015625,12.726117134094238,887.5838623046875,4418.77880859375,26.71534700626319,487.097357337446,2350.769686922852
29882244010497,41,2009,2019,10,wc,hg_conus_clim,37.34744644165039,42.280670166015625,12.726117134094238,886.6719970703125,4409.83642578125,26.71534700626319,487.097357337446,2350.769686922852
22398279010497,53,2002,2012,10,wc,default,73.48116302490234,39.481388092041016,18.47260475158692,2144.989501953125,11846.8583984375,113.70364723436448,1802.8546932991321,10657.34234517277
22398279010497,53,2002,2012,10,wc,calibrated,73.310302734375,39.41552734375,18.466524124145508,2138.708740234375,11811.0625,113.70364723436448,1802.8546932991321,10657.34234517277
22398279010497,53,2002,2012,10,wc,hg_bayes,73.49490356445312,39.48137283325195,18.47433280944824,2374.294677734375,13355.77734375,113.70364723436448,1802.8546932991321,10657.34234517277
22398279010497,53,2002,2012,10,wc,hg_organon,73.49490356445312,39.48137283325195,18.47433280944824,2374.294677734375,13355.77734375,113.70364723436448,1802.8546932991321,10657.34234517277
22398279010497,53,2002,2012,10,wc,hg_conus_sp,73.48116302490234,39.481388092041016,18.47260475158692,2308.57763671875,12928.0927734375,113.70364723436448,1802.8546932991321,10657.34234517277
22398279010497,53,2002,2012,10,wc,hg_conus_clim,73.48116302490234,39.481388092041016,18.47260475158692,2307.979736328125,12929.0595703125,113.70364723436448,1802.8546932991321,10657.34234517277
29883023010497,53,2009,2019,10,wc,default,185.5629730224609,220.07540893554688,12.433582305908203,4348.580078125,20626.46484375,189.58405708551027,4883.13598465438,23782.43990953975
29883023010497,53,2009,2019,10,wc,calibrated,186.0469665527344,220.73915100097656,12.431050300598145,4359.15771484375,20676.53125,189.58405708551027,4883.13598465438,23782.43990953975
29883023010497,53,2009,2019,10,wc,hg_bayes,185.5631256103516,220.07540893554688,12.43358325958252,5405.85400390625,27056.294921875,189.58405708551027,4883.13598465438,23782.43990953975
29883023010497,53,2009,2019,10,wc,hg_organon,185.5631256103516,220.07540893554688,12.43358325958252,5405.85400390625,27056.294921875,189.58405708551027,4883.13598465438,23782.43990953975
29883023010497,53,2009,2019,10,wc,hg_conus_sp,185.56277465820312,220.07540893554688,12.433573722839355,4546.27978515625,21911.923828125,189.58405708551027,4883.13598465438,23782.43990953975
29883023010497,53,2009,2019,10,wc,hg_conus_clim,185.5627593994141,220.07540893554688,12.433571815490724,4573.228515625,22037.34765625,189.58405708551027,4883.13598465438,23782.43990953975
29881958010497,41,2009,2019,10,wc,default,175.5203857421875,141.8732452392578,15.060858726501465,4109.95947265625,21769.724609375,189.00730718113547,4025.9417650502137,20964.654435215693
29881958010497,41,2009,2019,10,wc,calibrated,175.16799926757812,141.3849639892578,15.071696281433104,4099.4365234375,21711.66796875,189.00730718113547,4025.9417650502137,20964.654435215693
29881958010497,41,2009,2019,10,wc,hg_bayes,175.5201873779297,141.8732452392578,15.060851097106934,4780.99365234375,26390.193359375,189.00730718113547,4025.9417650502137,20964.654435215693
29881958010497,41,2009,2019,10,wc,hg_organon,175.5201873779297,141.8732452392578,15.060851097106934,4780.99365234375,26390.193359375,189.00730718113547,4025.9417650502137,20964.654435215693
29881958010497,41,2009,2019,10,wc,hg_conus_sp,175.5203857421875,141.8732452392578,15.060858726501465,4455.4931640625,24111.955078125,189.00730718113547,4025.9417650502137,20964.654435215693
29881958010497,41,2009,2019,10,wc,hg_conus_clim,175.5204315185547,141.8732452392578,15.060860633850098,4538.4951171875,24700.857421875,189.00730718113547,4025.9417650502137,20964.654435215693
29882979010497,41,2009,2019,10,wc,default,101.35729217529295,76.8570556640625,15.549694061279297,3312.013427734375,17262.81640625,100.51748924048944,2571.978038115462,13871.946888099847
29882979010497,41,2009,2019,10,wc,calibrated,100.4916000366211,75.98323822021484,15.57192325592041,3283.37939453125,17111.8125,100.51748924048944,2571.978038115462,13871.946888099847
29882979010497,41,2009,2019,10,wc,hg_bayes,101.5871353149414,76.87783813476562,15.565214157104492,3452.47314453125,18249.62109375,100.51748924048944,2571.978038115462,13871.946888099847
29882979010497,41,2009,2019,10,wc,hg_organon,101.5871353149414,76.87783813476562,15.565214157104492,3452.47314453125,18249.62109375,100.51748924048944,2571.978038115462,13871.946888099847
29882979010497,41,2009,2019,10,wc,hg_conus_sp,101.4374008178711,76.86589813232422,15.554946899414062,3369.224609375,17695.16015625,100.51748924048944,2571.978038115462,13871.946888099847
29882979010497,41,2009,2019,10,wc,hg_conus_clim,101.4374008178711,76.86589813232422,15.554946899414062,3369.6044921875,17699.181640625,100.51748924048944,2571.978038115462,13871.946888099847
24486516010900,53,2003,2013,10,wc,default,62.89437484741211,104.39391326904295,10.51004695892334,1512.8974609375,7529.197265625,93.61451487699648,2291.924572425218,8650.387524948459
24486516010900,53,2003,2013,10,wc,calibrated,62.12510299682617,102.14550018310548,10.559908866882324,1492.58251953125,7418.39111328125,93.61451487699648,2291.924572425218,8650.387524948459
24486516010900,53,2003,2013,10,wc,hg_bayes,62.8941764831543,104.39391326904295,10.51003074645996,1524.07666015625,7637.8505859375,93.61451487699648,2291.924572425218,8650.387524948459
24486516010900,53,2003,2013,10,wc,hg_organon,62.8941764831543,104.39391326904295,10.51003074645996,1524.07666015625,7637.8505859375,93.61451487699648,2291.924572425218,8650.387524948459
24486516010900,53,2003,2013,10,wc,hg_conus_sp,62.89450454711914,104.39391326904295,10.510058403015137,1460.8768310546875,7194.43701171875,93.61451487699648,2291.924572425218,8650.387524948459
24486516010900,53,2003,2013,10,wc,hg_conus_clim,62.89438629150391,104.39391326904295,10.510047912597656,1535.566650390625,7693.57177734375,93.61451487699648,2291.924572425218,8650.387524948459
24327439010900,6,2003,2013,10,wc,default,33.223121643066406,25.773094177246094,15.373516082763672,1285.1075439453125,7930.22412109375,105.87339515626026,2165.724603597146,12820.103326334862
24327439010900,6,2003,2013,10,wc,calibrated,33.09480285644531,25.71418190002441,15.361367225646973,1279.7789306640625,7896.34228515625,105.87339515626026,2165.724603597146,12820.103326334862
24327439010900,6,2003,2013,10,wc,hg_bayes,33.222938537597656,25.773094177246094,15.37347412109375,1378.949462890625,8609.8515625,105.87339515626026,2165.724603597146,12820.103326334862
24327439010900,6,2003,2013,10,wc,hg_organon,33.222938537597656,25.773094177246094,15.37347412109375,1378.949462890625,8609.8515625,105.87339515626026,2165.724603597146,12820.103326334862
24327439010900,6,2003,2013,10,wc,hg_conus_sp,33.223121643066406,25.773094177246094,15.373516082763672,1285.1075439453125,7930.22412109375,105.87339515626026,2165.724603597146,12820.103326334862
24327439010900,6,2003,2013,10,wc,hg_conus_clim,33.222938537597656,25.773094177246094,15.373473167419434,1375.3753662109375,8593.46875,105.87339515626026,2165.724603597146,12820.103326334862
23976146010900,6,2002,2012,10,wc,default,8.78031063079834,5.9580912590026855,16.437572479248047,196.6676788330078,941.3784790039062,,,
23976146010900,6,2002,2012,10,wc,calibrated,8.78031063079834,5.9580912590026855,16.437572479248047,196.6676788330078,941.3784790039062,,,
23976146010900,6,2002,2012,10,wc,hg_bayes,8.78031063079834,5.9580912590026855,16.437572479248047,196.6676788330078,941.3784790039062,,,
23976146010900,6,2002,2012,10,wc,hg_organon,8.78031063079834,5.9580912590026855,16.437572479248047,196.6676788330078,941.3784790039062,,,
23976146010900,6,2002,2012,10,wc,hg_conus_sp,8.78031063079834,5.9580912590026855,16.437572479248047,196.6676788330078,941.3784790039062,,,
23976146010900,6,2002,2012,10,wc,hg_conus_clim,8.78031063079834,5.9580912590026855,16.437572479248047,196.6676788330078,941.3784790039062,,,
30763473020004,41,2012,2022,10,wc,default,255.8384552001953,167.70240783691406,16.724367141723633,9655.0546875,56867.45703125,290.2613051990513,10086.500327348906,62090.41925298568
30763473020004,41,2012,2022,10,wc,calibrated,255.1937561035156,165.537841796875,16.812129974365234,9643.15234375,56822.76953125,290.2613051990513,10086.500327348906,62090.41925298568
30763473020004,41,2012,2022,10,wc,hg_bayes,255.8384552001953,167.70240783691406,16.724367141723633,10157.376953125,60028.7734375,290.2613051990513,10086.500327348906,62090.41925298568
30763473020004,41,2012,2022,10,wc,hg_organon,255.8384552001953,167.70240783691406,16.724367141723633,10157.376953125,60028.7734375,290.2613051990513,10086.500327348906,62090.41925298568
30763473020004,41,2012,2022,10,wc,hg_conus_sp,255.8384552001953,167.70240783691406,16.724367141723633,9729.2548828125,57457.74609375,290.2613051990513,10086.500327348906,62090.41925298568
30763473020004,41,2012,2022,10,wc,hg_conus_clim,255.8384552001953,167.70240783691406,16.724367141723633,9782.7763671875,57702.953125,290.2613051990513,10086.500327348906,62090.41925298568
40402975010497,41,2010,2020,10,wc,default,208.9212951660156,119.28102111816406,17.920166015625,7465.2607421875,43502.6484375,225.8697490479583,9603.978919163905,62004.87180035429
40402975010497,41,2010,2020,10,wc,calibrated,207.98687744140625,116.28314971923828,18.10905647277832,7444.7705078125,43381.140625,225.8697490479583,9603.978919163905,62004.87180035429
40402975010497,41,2010,2020,10,wc,hg_bayes,208.92124938964844,119.28102111816406,17.920164108276367,8129.4111328125,47915.08984375,225.8697490479583,9603.978919163905,62004.87180035429
40402975010497,41,2010,2020,10,wc,hg_organon,208.92124938964844,119.28102111816406,17.920164108276367,8129.4111328125,47915.08984375,225.8697490479583,9603.978919163905,62004.87180035429
40402975010497,41,2010,2020,10,wc,hg_conus_sp,208.92127990722656,119.28102111816406,17.920164108276367,7688.4013671875,44856.953125,225.8697490479583,9603.978919163905,62004.87180035429
40402975010497,41,2010,2020,10,wc,hg_conus_clim,208.9213104248047,119.28102111816406,17.920166015625,7706.439453125,44949.8125,225.8697490479583,9603.978919163905,62004.87180035429
30852742020004,41,2012,2022,10,wc,default,125.63703155517578,114.15281677246094,14.205344200134276,3397.54150390625,18459.802734375,41.44011562362103,1030.76283356769,5835.0237766939445
30852742020004,41,2012,2022,10,wc,calibrated,124.70101165771484,113.34307861328124,14.202791213989258,3372.10498046875,18313.69140625,41.44011562362103,1030.76283356769,5835.0237766939445
30852742020004,41,2012,2022,10,wc,hg_bayes,125.81492614746094,114.15274047851562,14.215404510498049,4201.75,23616.892578125,41.44011562362103,1030.76283356769,5835.0237766939445
30852742020004,41,2012,2022,10,wc,hg_organon,125.81492614746094,114.15274047851562,14.215404510498049,4201.75,23616.892578125,41.44011562362103,1030.76283356769,5835.0237766939445
30852742020004,41,2012,2022,10,wc,hg_conus_sp,125.33363342285156,114.15275573730467,14.188188552856444,3154.3056640625,16635.80859375,41.44011562362103,1030.76283356769,5835.0237766939445
30852742020004,41,2012,2022,10,wc,hg_conus_clim,125.63704681396484,114.15281677246094,14.205345153808594,3414.640625,18556.689453125,41.44011562362103,1030.76283356769,5835.0237766939445
41119268010497,41,2003,2013,10,wc,default,29.1875057220459,35.31236267089844,12.310379028320312,533.0850830078125,2473.3515625,7.84978421690166,178.37999973085599,1057.9407170240438
41119268010497,41,2003,2013,10,wc,calibrated,29.1875057220459,35.31236267089844,12.310379028320312,533.0850830078125,2473.3515625,7.84978421690166,178.37999973085599,1057.9407170240438
41119268010497,41,2003,2013,10,wc,hg_bayes,29.1875057220459,35.31236267089844,12.310379028320312,533.0850830078125,2473.3515625,7.84978421690166,178.37999973085599,1057.9407170240438
41119268010497,41,2003,2013,10,wc,hg_organon,29.1875057220459,35.31236267089844,12.310379028320312,533.0850830078125,2473.3515625,7.84978421690166,178.37999973085599,1057.9407170240438
41119268010497,41,2003,2013,10,wc,hg_conus_sp,29.1875057220459,35.31236267089844,12.310379028320312,533.0850830078125,2473.3515625,7.84978421690166,178.37999973085599,1057.9407170240438
41119268010497,41,2003,2013,10,wc,hg_conus_clim,29.1875057220459,35.31236267089844,12.310379028320312,533.0850830078125,2473.3515625,7.84978421690166,178.37999973085599,1057.9407170240438
24167156010900,53,2002,2012,10,wc,default,173.0772247314453,142.64285278320312,14.915278434753418,5662.06640625,32166.1015625,188.1075946842639,6622.514094879021,41604.11531671839
24167156010900,53,2002,2012,10,wc,calibrated,173.0911407470703,142.613525390625,14.917407035827637,5662.25390625,32169.064453125,188.1075946842639,6622.514094879021,41604.11531671839
24167156010900,53,2002,2012,10,wc,hg_bayes,173.09048461914062,142.64280700683594,14.915850639343262,6294.1015625,36372.99609375,188.1075946842639,6622.514094879021,41604.11531671839
24167156010900,53,2002,2012,10,wc,hg_organon,173.09048461914062,142.64280700683594,14.915850639343262,6294.1015625,36372.99609375,188.1075946842639,6622.514094879021,41604.11531671839
24167156010900,53,2002,2012,10,wc,hg_conus_sp,173.0772247314453,142.64285278320312,14.915278434753418,6019.45947265625,34588.8984375,188.1075946842639,6622.514094879021,41604.11531671839
24167156010900,53,2002,2012,10,wc,hg_conus_clim,173.0772247314453,142.64285278320312,14.915278434753418,5917.0673828125,33964.90625,188.1075946842639,6622.514094879021,41604.11531671839
22931779010497,6,2008,2018,10,wc,default,262.01171875,461.8918762207031,10.198269844055176,6239.544921875,32769.6875,269.5560488546035,4279.095702618074,16305.023689280262
22931779010497,6,2008,2018,10,wc,calibrated,258.2263488769531,450.3090515136719,10.25371265411377,6177.84326171875,32456.5390625,269.5560488546035,4279.095702618074,16305.023689280262
22931779010497,6,2008,2018,10,wc,hg_bayes,262.0126342773437,461.89166259765625,10.198287010192873,7017.41650390625,37628.90234375,269.5560488546035,4279.095702618074,16305.023689280262
22931779010497,6,2008,2018,10,wc,hg_organon,262.0126342773437,461.89166259765625,10.198287010192873,7017.41650390625,37628.90234375,269.5560488546035,4279.095702618074,16305.023689280262
22931779010497,6,2008,2018,10,wc,hg_conus_sp,262.0118713378906,461.8918762207031,10.198272705078123,6494.734375,34423.125,269.5560488546035,4279.095702618074,16305.023689280262
22931779010497,6,2008,2018,10,wc,hg_conus_clim,262.0126953125,461.89166259765625,10.198288917541504,6826.33203125,36488.89453125,269.5560488546035,4279.095702618074,16305.023689280262
24281289010900,6,2003,2013,10,wc,default,22.243072509765625,46.94957733154297,9.320040702819824,211.1231231689453,920.4552001953124,,,
24281289010900,6,2003,2013,10,wc,calibrated,22.158456802368164,46.81550979614258,9.315608024597168,210.08956909179688,915.90185546875,,,
24281289010900,6,2003,2013,10,wc,hg_bayes,22.24441719055176,46.918399810791016,9.323419570922852,336.6368408203125,1447.954833984375,,,
24281289010900,6,2003,2013,10,wc,hg_organon,22.24441719055176,46.918399810791016,9.323419570922852,336.6368408203125,1447.954833984375,,,
24281289010900,6,2003,2013,10,wc,hg_conus_sp,22.24538803100586,46.923336029052734,9.32313346862793,324.0762634277344,1411.49462890625,,,
24281289010900,6,2003,2013,10,wc,hg_conus_clim,22.24514389038086,46.92204666137695,9.323209762573242,324.3558044433594,1412.2933349609375,,,
23938369010900,41,1999,2011,12,wc,default,29.90418243408203,35.36786651611328,12.45081615447998,493.7733459472656,2227.704833984375,,,
23938369010900,41,1999,2011,12,wc,calibrated,29.90418243408203,35.36786651611328,12.45081615447998,493.7733459472656,2227.704833984375,,,
23938369010900,41,1999,2011,12,wc,hg_bayes,29.90418243408203,35.36786651611328,12.45081615447998,493.7733459472656,2227.704833984375,,,
23938369010900,41,1999,2011,12,wc,hg_organon,29.90418243408203,35.36786651611328,12.45081615447998,493.7733459472656,2227.704833984375,,,
23938369010900,41,1999,2011,12,wc,hg_conus_sp,29.90418243408203,35.36786651611328,12.45081615447998,493.7733459472656,2227.704833984375,,,
23938369010900,41,1999,2011,12,wc,hg_conus_clim,29.90418243408203,35.36786651611328,12.45081615447998,493.7733459472656,2227.704833984375,,,
30852561020004,53,2012,2022,10,wc,default,136.39578247070312,119.00824737548828,14.495997428894045,3198.946533203125,16012.27734375,4.333839489481308,117.0650409379,713.721131471072
30852561020004,53,2012,2022,10,wc,calibrated,135.2452850341797,117.5342254638672,14.524968147277832,3159.619873046875,15809.107421875,4.333839489481308,117.0650409379,713.721131471072
30852561020004,53,2012,2022,10,wc,hg_bayes,136.51283264160156,119.00797271728516,14.502235412597656,3805.5234375,19967.005859375,4.333839489481308,117.0650409379,713.721131471072
30852561020004,53,2012,2022,10,wc,hg_organon,136.51283264160156,119.00797271728516,14.502235412597656,3805.5234375,19967.005859375,4.333839489481308,117.0650409379,713.721131471072
30852561020004,53,2012,2022,10,wc,hg_conus_sp,136.51283264160156,119.00797271728516,14.502235412597656,3585.104248046875,18464.14453125,4.333839489481308,117.0650409379,713.721131471072
30852561020004,53,2012,2022,10,wc,hg_conus_clim,136.51283264160156,119.00797271728516,14.502235412597656,3577.4521484375,18411.26953125,4.333839489481308,117.0650409379,713.721131471072
41118802010497,41,2002,2012,10,wc,default,92.49871826171876,223.8436584472656,8.70425796508789,1933.0706787109373,9689.30859375,95.55669755748836,992.0789091727739,2114.904977016602
41118802010497,41,2002,2012,10,wc,calibrated,91.7435073852539,221.70704650878903,8.710322380065918,1917.6441650390625,9611.5,95.55669755748836,992.0789091727739,2114.904977016602
41118802010497,41,2002,2012,10,wc,hg_bayes,92.49871826171876,223.8436584472656,8.70425796508789,1837.947265625,9124.6484375,95.55669755748836,992.0789091727739,2114.904977016602
41118802010497,41,2002,2012,10,wc,hg_organon,92.49871826171876,223.8436584472656,8.70425796508789,1837.947265625,9124.6484375,95.55669755748836,992.0789091727739,2114.904977016602
41118802010497,41,2002,2012,10,wc,hg_conus_sp,92.49871826171876,223.8436584472656,8.70425796508789,1933.0706787109373,9689.30859375,95.55669755748836,992.0789091727739,2114.904977016602
41118802010497,41,2002,2012,10,wc,hg_conus_clim,92.49871826171876,223.8436584472656,8.70425796508789,1933.0706787109373,9689.30859375,95.55669755748836,992.0789091727739,2114.904977016602
25095614010900,53,2004,2014,10,wc,default,24.218435287475582,34.95909881591797,11.270137786865234,414.6464538574219,1730.430419921875,54.99882153036437,400.556218998372,927.933561872456
25095614010900,53,2004,2014,10,wc,calibrated,24.20186424255371,34.89227294921875,11.277066230773926,414.1435852050781,1729.3909912109375,54.99882153036437,400.556218998372,927.933561872456
25095614010900,53,2004,2014,10,wc,hg_bayes,24.240970611572266,34.95906066894531,11.275384902954102,445.4189147949219,1974.711181640625,54.99882153036437,400.556218998372,927.933561872456
25095614010900,53,2004,2014,10,wc,hg_organon,24.240970611572266,34.95906066894531,11.275384902954102,445.4189147949219,1974.711181640625,54.99882153036437,400.556218998372,927.933561872456
25095614010900,53,2004,2014,10,wc,hg_conus_sp,24.240970611572266,34.95906066894531,11.275384902954102,435.8859558105469,1921.08837890625,54.99882153036437,400.556218998372,927.933561872456
25095614010900,53,2004,2014,10,wc,hg_conus_clim,24.240970611572266,34.95906066894531,11.275384902954102,435.8859558105469,1921.08837890625,54.99882153036437,400.556218998372,927.933561872456
30852422020004,53,2012,2022,10,wc,default,266.394287109375,234.32150268554688,14.43752098083496,7260.693359375,41710.69140625,260.0235606519525,5780.6823223838155,31040.257058341005
30852422020004,53,2012,2022,10,wc,calibrated,266.9233703613281,234.7354888916016,14.439101219177246,7275.189453125,41791.046875,260.0235606519525,5780.6823223838155,31040.257058341005
30852422020004,53,2012,2022,10,wc,hg_bayes,266.4961853027344,234.32150268554688,14.44028663635254,8307.8525390625,48439.296875,260.0235606519525,5780.6823223838155,31040.257058341005
30852422020004,53,2012,2022,10,wc,hg_organon,266.4961853027344,234.32150268554688,14.44028663635254,8307.8525390625,48439.296875,260.0235606519525,5780.6823223838155,31040.257058341005
30852422020004,53,2012,2022,10,wc,hg_conus_sp,266.3942565917969,234.32150268554688,14.437518119812012,7360.0087890625,42520.0234375,260.0235606519525,5780.6823223838155,31040.257058341005
30852422020004,53,2012,2022,10,wc,hg_conus_clim,266.3992004394531,234.32150268554688,14.43765354156494,7408.94482421875,42826.0390625,260.0235606519525,5780.6823223838155,31040.257058341005
30764605020004,41,2012,2023,11,wc,default,113.62296295166016,81.98588562011719,15.940421104431152,3210.21484375,16860.896484375,78.31656081976307,1842.598316300046,10152.226768957597
30764605020004,41,2012,2023,11,wc,calibrated,113.07256317138672,81.23727416992188,15.974867820739746,3200.330322265625,16834.650390625,78.31656081976307,1842.598316300046,10152.226768957597
30764605020004,41,2012,2023,11,wc,hg_bayes,113.63478088378906,81.98634338378906,15.941204071044922,3424.068603515625,18316.12890625,78.31656081976307,1842.598316300046,10152.226768957597
30764605020004,41,2012,2023,11,wc,hg_organon,113.63478088378906,81.98634338378906,15.941204071044922,3424.068603515625,18316.12890625,78.31656081976307,1842.598316300046,10152.226768957597
30764605020004,41,2012,2023,11,wc,hg_conus_sp,113.63478088378906,81.98634338378906,15.941204071044922,3320.747802734375,17646.78515625,78.31656081976307,1842.598316300046,10152.226768957597
30764605020004,41,2012,2023,11,wc,hg_conus_clim,113.63478088378906,81.98634338378906,15.941204071044922,3317.69677734375,17618.2265625,78.31656081976307,1842.598316300046,10152.226768957597
8921215010901,6,2006,2016,10,wc,default,61.05875396728516,113.44930267333984,9.933660507202148,1107.93701171875,6006.1337890625,68.72644204270856,659.527321887558,2613.8869427657582
8921215010901,6,2006,2016,10,wc,calibrated,61.191287994384766,113.88719177246094,9.925301551818848,1107.76123046875,6005.9775390625,68.72644204270856,659.527321887558,2613.8869427657582
8921215010901,6,2006,2016,10,wc,hg_bayes,61.18239974975586,113.41703033447266,9.945128440856934,1479.2950439453125,7998.9619140625,68.72644204270856,659.527321887558,2613.8869427657582
8921215010901,6,2006,2016,10,wc,hg_organon,61.18239974975586,113.41703033447266,9.945128440856934,1479.2950439453125,7998.9619140625,68.72644204270856,659.527321887558,2613.8869427657582
8921215010901,6,2006,2016,10,wc,hg_conus_sp,61.12543487548828,113.46076202392578,9.938581466674805,1123.4127197265625,6071.4189453125,68.72644204270856,659.527321887558,2613.8869427657582
8921215010901,6,2006,2016,10,wc,hg_conus_clim,61.11808395385742,113.406982421875,9.940340042114258,1433.276123046875,7781.197265625,68.72644204270856,659.527321887558,2613.8869427657582
41118225010497,41,2001,2011,10,wc,default,66.53175354003906,89.13797760009766,11.69821071624756,1106.985595703125,5054.50341796875,68.11731285530834,801.195938384994,2670.196984135364
41118225010497,41,2001,2011,10,wc,calibrated,66.53175354003906,89.13797760009766,11.69821071624756,1106.985595703125,5054.50341796875,68.11731285530834,801.195938384994,2670.196984135364
41118225010497,41,2001,2011,10,wc,hg_bayes,66.53175354003906,89.13797760009766,11.69821071624756,1106.985595703125,5054.50341796875,68.11731285530834,801.195938384994,2670.196984135364
41118225010497,41,2001,2011,10,wc,hg_organon,66.53175354003906,89.13797760009766,11.69821071624756,1106.985595703125,5054.50341796875,68.11731285530834,801.195938384994,2670.196984135364
41118225010497,41,2001,2011,10,wc,hg_conus_sp,66.53175354003906,89.13797760009766,11.69821071624756,1106.985595703125,5054.50341796875,68.11731285530834,801.195938384994,2670.196984135364
41118225010497,41,2001,2011,10,wc,hg_conus_clim,66.53175354003906,89.13797760009766,11.69821071624756,1106.985595703125,5054.50341796875,68.11731285530834,801.195938384994,2670.196984135364
22932728010497,41,2008,2018,10,wc,default,146.89944458007812,44.58652877807617,24.57788848876953,4913.20068359375,30173.044921875,80.25243169341023,3213.539281139722,21209.02528779625
22932728010497,41,2008,2018,10,wc,calibrated,147.22584533691406,44.69983673095703,24.57397079467773,4924.12158203125,30240.1015625,80.25243169341023,3213.539281139722,21209.02528779625
22932728010497,41,2008,2018,10,wc,hg_bayes,146.89944458007812,44.58652877807617,24.57788848876953,5437.91943359375,33955.61328125,80.25243169341023,3213.539281139722,21209.02528779625
22932728010497,41,2008,2018,10,wc,hg_organon,146.89944458007812,44.58652877807617,24.57788848876953,5437.91943359375,33955.61328125,80.25243169341023,3213.539281139722,21209.02528779625
22932728010497,41,2008,2018,10,wc,hg_conus_sp,146.89944458007812,44.58652877807617,24.57788848876953,5093.61572265625,31613.126953125,80.25243169341023,3213.539281139722,21209.02528779625
22932728010497,41,2008,2018,10,wc,hg_conus_clim,146.89944458007812,44.58652877807617,24.57788848876953,5165.01953125,32037.111328125,80.25243169341023,3213.539281139722,21209.02528779625
22954284010497,41,2007,2017,10,wc,default,41.21298599243164,65.460205078125,10.74396514892578,710.1840209960938,3191.288818359375,67.42145950324084,936.1554343717941,1506.871308233612
22954284010497,41,2007,2017,10,wc,calibrated,41.14825439453125,65.35843658447266,10.743882179260254,709.5884399414062,3191.78271484375,67.42145950324084,936.1554343717941,1506.871308233612
22954284010497,41,2007,2017,10,wc,hg_bayes,41.21221160888672,65.460205078125,10.743865966796877,828.3676147460938,3876.869384765625,67.42145950324084,936.1554343717941,1506.871308233612
22954284010497,41,2007,2017,10,wc,hg_organon,41.21221160888672,65.460205078125,10.743865966796877,828.3676147460938,3876.869384765625,67.42145950324084,936.1554343717941,1506.871308233612
22954284010497,41,2007,2017,10,wc,hg_conus_sp,41.21318817138672,65.460205078125,10.743992805480955,666.461669921875,2929.710693359375,67.42145950324084,936.1554343717941,1506.871308233612
22954284010497,41,2007,2017,10,wc,hg_conus_clim,41.2130126953125,65.460205078125,10.743969917297363,725.4930419921875,3226.617431640625,67.42145950324084,936.1554343717941,1506.871308233612
29881752010497,41,2009,2019,10,wc,default,78.9971694946289,99.40117645263672,12.071084022521973,1984.3385009765625,9428.98046875,92.257488956595,1654.376125218794,7584.491275575778
29881752010497,41,2009,2019,10,wc,calibrated,77.53670501708984,96.96414947509766,12.108330726623535,1945.865234375,9241.521484375,92.257488956595,1654.376125218794,7584.491275575778
29881752010497,41,2009,2019,10,wc,hg_bayes,79.03878784179688,99.40100860595705,12.074275970458984,2187.07666015625,10599.3857421875,92.257488956595,1654.376125218794,7584.491275575778
29881752010497,41,2009,2019,10,wc,hg_organon,79.03878784179688,99.40100860595705,12.074275970458984,2187.07666015625,10599.3857421875,92.257488956595,1654.376125218794,7584.491275575778
29881752010497,41,2009,2019,10,wc,hg_conus_sp,79.02056121826172,99.40110778808594,12.0728759765625,2058.640625,9875.1943359375,92.257488956595,1654.376125218794,7584.491275575778
29881752010497,41,2009,2019,10,wc,hg_conus_clim,79.02056121826172,99.40110778808594,12.0728759765625,2057.625244140625,9867.744140625,92.257488956595,1654.376125218794,7584.491275575778
345934396489998,6,2016,2023,7,wc,default,36.2279167175293,30.61396026611328,14.729844093322754,694.5612182617188,3599.816162109375,39.83863662253415,911.614873476184,5122.948577483008
345934396489998,6,2016,2023,7,wc,calibrated,36.30564498901367,30.74022483825684,14.715323448181152,695.8671875,3606.583740234375,39.83863662253415,911.614873476184,5122.948577483008
345934396489998,6,2016,2023,7,wc,hg_bayes,36.22240447998047,30.593843460083008,14.733569145202637,858.6839599609375,4774.69970703125,39.83863662253415,911.614873476184,5122.948577483008
345934396489998,6,2016,2023,7,wc,hg_organon,36.22240447998047,30.593843460083008,14.733569145202637,858.6839599609375,4774.69970703125,39.83863662253415,911.614873476184,5122.948577483008
345934396489998,6,2016,2023,7,wc,hg_conus_sp,36.2237434387207,30.59870147705078,14.732667922973633,828.0374145507812,4580.98486328125,39.83863662253415,911.614873476184,5122.948577483008
345934396489998,6,2016,2023,7,wc,hg_conus_clim,36.22357177734375,30.59811782836914,14.732776641845703,832.7581787109375,4611.6455078125,39.83863662253415,911.614873476184,5122.948577483008
345934767489998,6,2016,2021,5,wc,default,40.17620849609375,90.40047454833984,9.026829719543455,596.5617065429688,3172.209228515625,32.92748615647315,225.241066872972,594.86282028491
345934767489998,6,2016,2021,5,wc,calibrated,40.25374984741211,90.57842254638672,9.02665901184082,597.6600341796875,3177.94140625,32.92748615647315,225.241066872972,594.86282028491
345934767489998,6,2016,2021,5,wc,hg_bayes,40.174102783203125,90.39582824707033,9.026827812194824,596.5313110351562,3172.053466796875,32.92748615647315,225.241066872972,594.86282028491
345934767489998,6,2016,2021,5,wc,hg_organon,40.174102783203125,90.39582824707033,9.026827812194824,596.5313110351562,3172.053466796875,32.92748615647315,225.241066872972,594.86282028491
345934767489998,6,2016,2021,5,wc,hg_conus_sp,40.17620849609375,90.40047454833984,9.026829719543455,596.5617065429688,3172.209228515625,32.92748615647315,225.241066872972,594.86282028491
345934767489998,6,2016,2021,5,wc,hg_conus_clim,40.17354965209961,90.39459228515624,9.026824951171877,596.5231323242188,3172.0126953125,32.92748615647315,225.241066872972,594.86282028491
24458686010900,53,2003,2013,10,wc,default,152.57005310058594,513.6926879882812,7.379369258880615,3463.55908203125,19214.69140625,244.20955336868792,3590.293774290068,1958.644119751076
24458686010900,53,2003,2013,10,wc,calibrated,130.91334533691406,430.3927917480469,7.467856407165527,3027.471435546875,16715.109375,244.20955336868792,3590.293774290068,1958.644119751076
24458686010900,53,2003,2013,10,wc,hg_bayes,152.57005310058594,513.6926879882812,7.379369258880615,3558.37109375,19881.0546875,244.20955336868792,3590.293774290068,1958.644119751076
24458686010900,53,2003,2013,10,wc,hg_organon,152.57005310058594,513.6926879882812,7.379369258880615,3558.37109375,19881.0546875,244.20955336868792,3590.293774290068,1958.644119751076
24458686010900,53,2003,2013,10,wc,hg_conus_sp,152.57005310058594,513.6926879882812,7.379369258880615,3463.55908203125,19214.69140625,244.20955336868792,3590.293774290068,1958.644119751076
24458686010900,53,2003,2013,10,wc,hg_conus_clim,152.57005310058594,513.6926879882812,7.379369258880615,3463.55908203125,19214.69140625,244.20955336868792,3590.293774290068,1958.644119751076
22932435010497,41,2008,2018,10,wc,default,331.06524658203125,57.24840927124024,32.5620231628418,16750.291015625,116324.7890625,334.0049718354295,16066.35550063484,114731.58326207752
22932435010497,41,2008,2018,10,wc,calibrated,331.871826171875,57.49269485473633,32.5323371887207,16790.04296875,116599.765625,334.0049718354295,16066.35550063484,114731.58326207752
22932435010497,41,2008,2018,10,wc,hg_bayes,331.06524658203125,57.24840927124024,32.5620231628418,17528.83203125,122362.515625,334.0049718354295,16066.35550063484,114731.58326207752
22932435010497,41,2008,2018,10,wc,hg_organon,331.06524658203125,57.24840927124024,32.5620231628418,17528.83203125,122362.515625,334.0049718354295,16066.35550063484,114731.58326207752
22932435010497,41,2008,2018,10,wc,hg_conus_sp,331.06524658203125,57.24840927124024,32.5620231628418,17028.00390625,118373.265625,334.0049718354295,16066.35550063484,114731.58326207752
22932435010497,41,2008,2018,10,wc,hg_conus_clim,331.06524658203125,57.24840927124024,32.5620231628418,17110.462890625,119067.3671875,334.0049718354295,16066.35550063484,114731.58326207752
39637246010690,35,2010,2015,5,pn,default,68.47892761230469,77.5342025756836,12.725298881530762,1877.099609375,9945.59765625,87.74206636493567,1045.84678609506,4820.389351605382
39637246010690,35,2010,2015,5,pn,calibrated,68.49005889892578,77.55084228515625,12.72497272491455,1877.3876953125,9947.037109375,87.74206636493567,1045.84678609506,4820.389351605382
39637246010690,35,2010,2015,5,pn,hg_bayes,68.54855346679688,77.53416442871094,12.731771469116213,2133.8642578125,11616.5791015625,87.74206636493567,1045.84678609506,4820.389351605382
39637246010690,35,2010,2015,5,pn,hg_organon,68.54855346679688,77.53416442871094,12.731771469116213,2133.8642578125,11616.5791015625,87.74206636493567,1045.84678609506,4820.389351605382
39637246010690,35,2010,2015,5,pn,hg_conus_sp,68.47899627685547,77.5342025756836,12.72530460357666,1921.74755859375,10142.033203125,87.74206636493567,1045.84678609506,4820.389351605382
39637246010690,35,2010,2015,5,pn,hg_conus_clim,68.54854583740234,77.53416442871094,12.731770515441896,2126.17626953125,11566.0458984375,87.74206636493567,1045.84678609506,4820.389351605382
4804667010690,32,2004,2016,12,pn,default,122.10369110107422,129.38446044921875,13.154050827026367,1304.744140625,6642.01220703125,118.8803865868088,0.0,0.0
4804667010690,32,2004,2016,12,pn,calibrated,122.10369110107422,129.38446044921875,13.154050827026367,1304.744140625,6642.01220703125,118.8803865868088,0.0,0.0
4804667010690,32,2004,2016,12,pn,hg_bayes,122.10369110107422,129.38446044921875,13.154050827026367,1304.744140625,6642.01220703125,118.8803865868088,0.0,0.0
4804667010690,32,2004,2016,12,pn,hg_organon,122.10369110107422,129.38446044921875,13.154050827026367,1304.744140625,6642.01220703125,118.8803865868088,0.0,0.0
4804667010690,32,2004,2016,12,pn,hg_conus_sp,122.10369110107422,129.38446044921875,13.154050827026367,1304.744140625,6642.01220703125,118.8803865868088,0.0,0.0
4804667010690,32,2004,2016,12,pn,hg_conus_clim,122.10369110107422,129.38446044921875,13.154050827026367,1304.744140625,6642.01220703125,118.8803865868088,0.0,0.0
37259185010690,35,2009,2018,9,pn,default,120.65044403076172,183.3370361328125,10.984380722045898,1111.9727783203125,5616.54541015625,106.35388934482816,0.0,0.0
37259185010690,35,2009,2018,9,pn,calibrated,120.65044403076172,183.3370361328125,10.984380722045898,1111.9727783203125,5616.54541015625,106.35388934482816,0.0,0.0
37259185010690,35,2009,2018,9,pn,hg_bayes,120.65044403076172,183.3370361328125,10.984380722045898,1111.9727783203125,5616.54541015625,106.35388934482816,0.0,0.0
37259185010690,35,2009,2018,9,pn,hg_organon,120.65044403076172,183.3370361328125,10.984380722045898,1111.9727783203125,5616.54541015625,106.35388934482816,0.0,0.0
37259185010690,35,2009,2018,9,pn,hg_conus_sp,120.65044403076172,183.3370361328125,10.984380722045898,1111.9727783203125,5616.54541015625,106.35388934482816,0.0,0.0
37259185010690,35,2009,2018,9,pn,hg_conus_clim,120.65044403076172,183.3370361328125,10.984380722045898,1111.9727783203125,5616.54541015625,106.35388934482816,0.0,0.0
31356589010690,16,2008,2018,10,pn,default,254.32452392578125,194.0055084228516,15.503273963928224,11487.9033203125,67278.3203125,250.0940592823489,9757.228777963526,57943.71997057961
31356589010690,16,2008,2018,10,pn,calibrated,253.3020782470703,193.57090759277344,15.489434242248535,11427.2353515625,66911.9609375,250.0940592823489,9757.228777963526,57943.71997057961
31356589010690,16,2008,2018,10,pn,hg_bayes,254.32452392578125,194.0055084228516,15.503273963928224,12249.8076171875,72479.59375,250.0940592823489,9757.228777963526,57943.71997057961
31356589010690,16,2008,2018,10,pn,hg_organon,254.32452392578125,194.0055084228516,15.503273963928224,12249.8076171875,72479.59375,250.0940592823489,9757.228777963526,57943.71997057961
31356589010690,16,2008,2018,10,pn,hg_conus_sp,254.32452392578125,194.0055084228516,15.503273963928224,11685.056640625,68423.296875,250.0940592823489,9757.228777963526,57943.71997057961
31356589010690,16,2008,2018,10,pn,hg_conus_clim,254.32452392578125,194.0055084228516,15.503273963928224,11580.263671875,67854.7421875,250.0940592823489,9757.228777963526,57943.71997057961
4844772010690,49,2004,2014,10,pn,default,166.24876403808594,159.1443328857422,13.839485168457031,1257.840087890625,7264.83251953125,155.92161473828776,0.0,0.0
4844772010690,49,2004,2014,10,pn,calibrated,166.24876403808594,159.1443328857422,13.839485168457031,1257.840087890625,7264.83251953125,155.92161473828776,0.0,0.0
4844772010690,49,2004,2014,10,pn,hg_bayes,166.24876403808594,159.1443328857422,13.839485168457031,1257.840087890625,7264.83251953125,155.92161473828776,0.0,0.0
4844772010690,49,2004,2014,10,pn,hg_organon,166.24876403808594,159.1443328857422,13.839485168457031,1257.840087890625,7264.83251953125,155.92161473828776,0.0,0.0
4844772010690,49,2004,2014,10,pn,hg_conus_sp,166.24876403808594,159.1443328857422,13.839485168457031,1257.840087890625,7264.83251953125,155.92161473828776,0.0,0.0
4844772010690,49,2004,2014,10,pn,hg_conus_clim,166.24876403808594,159.1443328857422,13.839485168457031,1257.840087890625,7264.83251953125,155.92161473828776,0.0,0.0
12228319010690,8,2007,2017,10,pn,default,95.83048248291016,89.37139129638672,14.021320343017578,2225.887939453125,11271.740234375,99.18253297207254,1165.278110565532,4789.43597132174
12228319010690,8,2007,2017,10,pn,calibrated,95.83048248291016,89.37139129638672,14.021320343017578,2225.887939453125,11271.740234375,99.18253297207254,1165.278110565532,4789.43597132174
12228319010690,8,2007,2017,10,pn,hg_bayes,95.9013442993164,89.37139129638672,14.026498794555664,2771.564453125,14774.458984375,99.18253297207254,1165.278110565532,4789.43597132174
12228319010690,8,2007,2017,10,pn,hg_organon,95.9013442993164,89.37139129638672,14.026498794555664,2771.564453125,14774.458984375,99.18253297207254,1165.278110565532,4789.43597132174
12228319010690,8,2007,2017,10,pn,hg_conus_sp,95.8984603881836,89.37139129638672,14.026288986206056,2643.694580078125,14070.078125,99.18253297207254,1165.278110565532,4789.43597132174
12228319010690,8,2007,2017,10,pn,hg_conus_clim,95.83048248291016,89.37139129638672,14.021320343017578,2225.887939453125,11271.740234375,99.18253297207254,1165.278110565532,4789.43597132174
40392684010690,8,2013,2023,10,pn,default,153.51914978027344,200.1844787597656,11.85775089263916,2014.145263671875,8021.70556640625,,,
40392684010690,8,2013,2023,10,pn,calibrated,152.82321166992188,198.77159118652344,11.87281608581543,2003.80615234375,7970.55615234375,,,
40392684010690,8,2013,2023,10,pn,hg_bayes,153.54791259765625,200.18930053710932,11.858717918395996,3011.506591796875,14320.2958984375,,,
40392684010690,8,2013,2023,10,pn,hg_organon,153.54791259765625,200.18930053710932,11.858717918395996,3011.506591796875,14320.2958984375,,,
40392684010690,8,2013,2023,10,pn,hg_conus_sp,153.54791259765625,200.18930053710932,11.858717918395996,2588.938232421875,11897.1376953125,,,
40392684010690,8,2013,2023,10,pn,hg_conus_clim,153.54791259765625,200.18930053710932,11.858717918395996,2507.771484375,11352.2548828125,,,
5441317010690,30,2005,2016,11,pn,default,101.89554595947266,224.4498748779297,9.123346328735352,2421.953857421875,11908.6650390625,,,
5441317010690,30,2005,2016,11,pn,calibrated,100.52747344970705,220.8364105224609,9.13573169708252,2382.2353515625,11705.646484375,,,
5441317010690,30,2005,2016,11,pn,hg_bayes,102.367919921875,224.49285888671875,9.143595695495604,2966.84765625,15196.3671875,,,
5441317010690,30,2005,2016,11,pn,hg_organon,102.367919921875,224.49285888671875,9.143595695495604,2966.84765625,15196.3671875,,,
5441317010690,30,2005,2016,11,pn,hg_conus_sp,102.18102264404295,224.4425201416016,9.136268615722656,2662.322509765625,13373.08203125,,,
5441317010690,30,2005,2016,11,pn,hg_conus_clim,101.89554595947266,224.4498748779297,9.123346328735352,2421.953857421875,11908.6650390625,,,
31527932010690,49,2008,2018,10,pn,default,78.23583984375,65.48094177246094,14.800683975219728,964.1531372070312,4147.45947265625,,,
31527932010690,49,2008,2018,10,pn,calibrated,78.11552429199219,65.36949157714844,14.801898956298828,962.8043212890624,4142.7587890625,,,
31527932010690,49,2008,2018,10,pn,hg_bayes,78.33097839355469,65.4796371459961,14.80982494354248,1214.1748046875,5766.26025390625,,,
31527932010690,49,2008,2018,10,pn,hg_organon,78.33097839355469,65.4796371459961,14.80982494354248,1214.1748046875,5766.26025390625,,,
31527932010690,49,2008,2018,10,pn,hg_conus_sp,78.33097839355469,65.4796371459961,14.80982494354248,1111.7689208984375,5095.46923828125,,,
31527932010690,49,2008,2018,10,pn,hg_conus_clim,78.33097839355469,65.4796371459961,14.80982494354248,1103.749267578125,5056.20556640625,,,
12440881010690,49,2007,2017,10,pn,default,44.00687789916992,100.76611328125,8.948273658752441,578.2064208984375,2589.539794921875,,,
12440881010690,49,2007,2017,10,pn,calibrated,43.96402359008789,100.73445892333984,8.945324897766113,577.6195068359375,2587.349365234375,,,
12440881010690,49,2007,2017,10,pn,hg_bayes,44.2373275756836,100.76509857177734,8.971719741821289,729.226806640625,3589.522216796875,,,
12440881010690,49,2007,2017,10,pn,hg_organon,44.2373275756836,100.76509857177734,8.971719741821289,729.226806640625,3589.522216796875,,,
12440881010690,49,2007,2017,10,pn,hg_conus_sp,44.2373275756836,100.76509857177734,8.971719741821289,692.9649047851562,3343.166748046875,,,
12440881010690,49,2007,2017,10,pn,hg_conus_clim,44.2373275756836,100.76509857177734,8.971719741821289,639.7422485351562,2977.32568359375,,,
40391952010690,8,2013,2023,10,pn,default,13.524496078491213,41.706634521484375,7.7107086181640625,173.6947784423828,822.2166748046875,27.332003264450044,226.670677513452,177.26369337242198
40391952010690,8,2013,2023,10,pn,calibrated,13.524496078491213,41.706634521484375,7.7107086181640625,173.6947784423828,822.2166748046875,27.332003264450044,226.670677513452,177.26369337242198
40391952010690,8,2013,2023,10,pn,hg_bayes,13.524496078491213,41.706634521484375,7.7107086181640625,224.3385162353516,1078.41455078125,27.332003264450044,226.670677513452,177.26369337242198
40391952010690,8,2013,2023,10,pn,hg_organon,13.524496078491213,41.706634521484375,7.7107086181640625,224.3385162353516,1078.41455078125,27.332003264450044,226.670677513452,177.26369337242198
40391952010690,8,2013,2023,10,pn,hg_conus_sp,13.524496078491213,41.706634521484375,7.7107086181640625,202.2935943603516,971.1690063476562,27.332003264450044,226.670677513452,177.26369337242198
40391952010690,8,2013,2023,10,pn,hg_conus_clim,13.524496078491213,41.706634521484375,7.7107086181640625,173.6947784423828,822.2166748046875,27.332003264450044,226.670677513452,177.26369337242198
35371496010690,16,2009,2019,10,pn,default,104.20245361328124,148.7388458251953,11.333476066589355,2177.851806640625,11048.38671875,78.20458467376729,1544.235339802202,8644.269465041987
35371496010690,16,2009,2019,10,pn,calibrated,104.47346496582033,149.53807067871094,11.317835807800291,2178.52197265625,11048.2451171875,78.20458467376729,1544.235339802202,8644.269465041987
35371496010690,16,2009,2019,10,pn,hg_bayes,104.33998107910156,148.73867797851562,11.340954780578612,2614.950927734375,13728.1083984375,78.20458467376729,1544.235339802202,8644.269465041987
35371496010690,16,2009,2019,10,pn,hg_organon,104.33998107910156,148.73867797851562,11.340954780578612,2614.950927734375,13728.1083984375,78.20458467376729,1544.235339802202,8644.269465041987
35371496010690,16,2009,2019,10,pn,hg_conus_sp,104.25167846679688,148.73880004882812,11.33615016937256,2321.8544921875,11864.92578125,78.20458467376729,1544.235339802202,8644.269465041987
35371496010690,16,2009,2019,10,pn,hg_conus_clim,104.20255279541016,148.7388458251953,11.333480834960938,2207.547119140625,11202.103515625,78.20458467376729,1544.235339802202,8644.269465041987
40388206010690,8,2011,2021,10,pn,default,165.9745635986328,221.6669464111328,11.716733932495115,4925.9716796875,25615.3359375,108.88304728238442,2229.703152304778,10829.939591814538
40388206010690,8,2011,2021,10,pn,calibrated,163.46925354003906,218.5917053222656,11.709477424621582,4828.52099609375,25076.591796875,108.88304728238442,2229.703152304778,10829.939591814538
40388206010690,8,2011,2021,10,pn,hg_bayes,166.42161560058594,221.65879821777344,11.732717514038086,5674.80517578125,30301.080078125,108.88304728238442,2229.703152304778,10829.939591814538
40388206010690,8,2011,2021,10,pn,hg_organon,166.42161560058594,221.65879821777344,11.732717514038086,5674.80517578125,30301.080078125,108.88304728238442,2229.703152304778,10829.939591814538
40388206010690,8,2011,2021,10,pn,hg_conus_sp,166.27642822265625,221.66232299804688,11.727502822875977,5421.0849609375,28734.43359375,108.88304728238442,2229.703152304778,10829.939591814538
40388206010690,8,2011,2021,10,pn,hg_conus_clim,166.27642822265625,221.66232299804688,11.727502822875977,5323.97998046875,28207.576171875,108.88304728238442,2229.703152304778,10829.939591814538
37275015010690,30,2010,2022,12,pn,default,76.46326446533203,121.53327941894533,10.740269660949709,1841.7276611328125,9655.197265625,,,
37275015010690,30,2010,2022,12,pn,calibrated,75.66608428955078,118.79244232177734,10.806687355041504,1831.7178955078125,9609.513671875,,,
37275015010690,30,2010,2022,12,pn,hg_bayes,76.584228515625,121.53195190429688,10.748818397521973,2115.26953125,11373.447265625,,,
37275015010690,30,2010,2022,12,pn,hg_organon,76.584228515625,121.53195190429688,10.748818397521973,2115.26953125,11373.447265625,,,
37275015010690,30,2010,2022,12,pn,hg_conus_sp,76.55670166015625,121.53223419189452,10.74687671661377,2047.0760498046875,10821.0556640625,,,
37275015010690,30,2010,2022,12,pn,hg_conus_clim,76.46212768554688,121.5327377319336,10.740214347839355,1886.7000732421875,9952.458984375,,,
35372877010690,8,2009,2019,10,pn,default,31.59469985961914,29.79045867919922,13.944560050964355,261.873046875,1459.7325439453125,29.452719886181903,0.0,0.0
35372877010690,8,2009,2019,10,pn,calibrated,31.59469985961914,29.79045867919922,13.944560050964355,261.873046875,1459.7325439453125,29.452719886181903,0.0,0.0
35372877010690,8,2009,2019,10,pn,hg_bayes,31.59469985961914,29.79045867919922,13.944560050964355,261.873046875,1459.7325439453125,29.452719886181903,0.0,0.0
35372877010690,8,2009,2019,10,pn,hg_organon,31.59469985961914,29.79045867919922,13.944560050964355,261.873046875,1459.7325439453125,29.452719886181903,0.0,0.0
35372877010690,8,2009,2019,10,pn,hg_conus_sp,31.59469985961914,29.79045867919922,13.944560050964355,261.873046875,1459.7325439453125,29.452719886181903,0.0,0.0
35372877010690,8,2009,2019,10,pn,hg_conus_clim,31.59469985961914,29.79045867919922,13.944560050964355,261.873046875,1459.7325439453125,29.452719886181903,0.0,0.0
40388210010690,8,2011,2021,10,pn,default,62.56467819213867,113.20378875732422,10.066313743591309,1182.0391845703125,5501.998046875,83.11272659793728,727.906988641932,1533.263418876382
40388210010690,8,2011,2021,10,pn,calibrated,62.56467819213867,113.20378875732422,10.066313743591309,1182.0391845703125,5501.998046875,83.11272659793728,727.906988641932,1533.263418876382
40388210010690,8,2011,2021,10,pn,hg_bayes,62.66553115844727,113.20378875732422,10.074423789978027,1454.7261962890625,6964.9921875,83.11272659793728,727.906988641932,1533.263418876382
40388210010690,8,2011,2021,10,pn,hg_organon,62.66553115844727,113.20378875732422,10.074423789978027,1454.7261962890625,6964.9921875,83.11272659793728,727.906988641932,1533.263418876382
40388210010690,8,2011,2021,10,pn,hg_conus_sp,62.66553115844727,113.20378875732422,10.074423789978027,1357.7386474609375,6338.03857421875,83.11272659793728,727.906988641932,1533.263418876382
40388210010690,8,2011,2021,10,pn,hg_conus_clim,62.56467819213867,113.20378875732422,10.066313743591309,1182.0391845703125,5501.998046875,83.11272659793728,727.906988641932,1533.263418876382
40403053010690,35,2011,2022,11,pn,default,60.354713439941406,29.74092102050781,19.289220809936523,740.4532470703125,4481.951171875,50.963502087884,0.0,0.0
40403053010690,35,2011,2022,11,pn,calibrated,60.354713439941406,29.74092102050781,19.289220809936523,740.4532470703125,4481.951171875,50.963502087884,0.0,0.0
40403053010690,35,2011,2022,11,pn,hg_bayes,60.354713439941406,29.74092102050781,19.289220809936523,740.4532470703125,4481.951171875,50.963502087884,0.0,0.0
40403053010690,35,2011,2022,11,pn,hg_organon,60.354713439941406,29.74092102050781,19.289220809936523,740.4532470703125,4481.951171875,50.963502087884,0.0,0.0
40403053010690,35,2011,2022,11,pn,hg_conus_sp,60.354713439941406,29.74092102050781,19.289220809936523,740.4532470703125,4481.951171875,50.963502087884,0.0,0.0
40403053010690,35,2011,2022,11,pn,hg_conus_clim,60.354713439941406,29.74092102050781,19.289220809936523,740.4532470703125,4481.951171875,50.963502087884,0.0,0.0
40395869010690,30,2012,2022,10,pn,default,35.58030700683594,40.6212158203125,12.672568321228027,810.2090454101562,3878.450927734375,26.02071044540984,465.63798629238204,1716.457228578698
40395869010690,30,2012,2022,10,pn,calibrated,35.608455657958984,40.67437744140625,12.669293403625488,810.7420654296875,3880.957763671875,26.02071044540984,465.63798629238204,1716.457228578698
40395869010690,30,2012,2022,10,pn,hg_bayes,35.7286376953125,40.65163803100586,12.694201469421388,947.3763427734376,4674.640625,26.02071044540984,465.63798629238204,1716.457228578698
40395869010690,30,2012,2022,10,pn,hg_organon,35.7286376953125,40.65163803100586,12.694201469421388,947.3763427734376,4674.640625,26.02071044540984,465.63798629238204,1716.457228578698
40395869010690,30,2012,2022,10,pn,hg_conus_sp,35.7286376953125,40.65163803100586,12.694201469421388,942.3953857421876,4633.8876953125,26.02071044540984,465.63798629238204,1716.457228578698
40395869010690,30,2012,2022,10,pn,hg_conus_clim,35.7286376953125,40.65163803100586,12.694201469421388,942.3953857421876,4633.8876953125,26.02071044540984,465.63798629238204,1716.457228578698
5393181010690,16,2005,2015,10,pn,default,167.22044372558594,339.9420166015625,9.496829986572266,5705.46923828125,30120.83203125,118.76941170938656,2367.587677423556,5303.34102153597
5393181010690,16,2005,2015,10,pn,calibrated,153.9239959716797,302.7181701660156,9.655402183532717,5305.82470703125,28015.0703125,118.76941170938656,2367.587677423556,5303.34102153597
5393181010690,16,2005,2015,10,pn,hg_bayes,167.22044372558594,339.9420166015625,9.496829986572266,6392.96142578125,34283.53125,118.76941170938656,2367.587677423556,5303.34102153597
5393181010690,16,2005,2015,10,pn,hg_organon,167.22044372558594,339.9420166015625,9.496829986572266,6392.96142578125,34283.53125,118.76941170938656,2367.587677423556,5303.34102153597
5393181010690,16,2005,2015,10,pn,hg_conus_sp,167.22044372558594,339.9420166015625,9.496829986572266,5712.51806640625,30180.47265625,118.76941170938656,2367.587677423556,5303.34102153597
5393181010690,16,2005,2015,10,pn,hg_conus_clim,167.22044372558594,339.9420166015625,9.496829986572266,5712.51806640625,30180.47265625,118.76941170938656,2367.587677423556,5303.34102153597
37258686010690,35,2011,2017,6,pn,default,94.53451538085938,178.4316864013672,9.855883598327637,2086.6591796875,10700.044921875,74.81918438951683,1229.76684757061,4875.178996449732
37258686010690,35,2011,2017,6,pn,calibrated,94.51691436767578,178.4071044921875,9.85564422607422,2086.56640625,10699.9130859375,74.81918438951683,1229.76684757061,4875.178996449732
37258686010690,35,2011,2017,6,pn,hg_bayes,94.57162475585938,178.43797302246094,9.85764503479004,2268.59521484375,11876.6650390625,74.81918438951683,1229.76684757061,4875.178996449732
37258686010690,35,2011,2017,6,pn,hg_organon,94.57162475585938,178.43797302246094,9.85764503479004,2268.59521484375,11876.6650390625,74.81918438951683,1229.76684757061,4875.178996449732
37258686010690,35,2011,2017,6,pn,hg_conus_sp,94.57162475585938,178.43797302246094,9.85764503479004,2211.537353515625,11394.48828125,74.81918438951683,1229.76684757061,4875.178996449732
37258686010690,35,2011,2017,6,pn,hg_conus_clim,94.57162475585938,178.43797302246094,9.85764503479004,2210.17333984375,11389.94140625,74.81918438951683,1229.76684757061,4875.178996449732
4774842010690,30,2004,2014,10,pn,default,92.22554779052734,94.06401824951172,13.407572746276855,1235.0943603515625,4756.07373046875,145.44517401598836,1200.783107544262,5626.199873500762
4774842010690,30,2004,2014,10,pn,calibrated,91.75921630859376,93.08287048339844,13.443930625915527,1225.64794921875,4711.11083984375,145.44517401598836,1200.783107544262,5626.199873500762
4774842010690,30,2004,2014,10,pn,hg_bayes,92.96215057373048,94.06268310546876,13.461105346679688,1936.3114013671875,9175.2568359375,145.44517401598836,1200.783107544262,5626.199873500762
4774842010690,30,2004,2014,10,pn,hg_organon,92.96215057373048,94.06268310546876,13.461105346679688,1936.3114013671875,9175.2568359375,145.44517401598836,1200.783107544262,5626.199873500762
4774842010690,30,2004,2014,10,pn,hg_conus_sp,92.96215057373048,94.06268310546876,13.461105346679688,1727.74267578125,7844.27099609375,145.44517401598836,1200.783107544262,5626.199873500762
4774842010690,30,2004,2014,10,pn,hg_conus_clim,92.96215057373048,94.06268310546876,13.461105346679688,1702.6220703125,7641.50244140625,145.44517401598836,1200.783107544262,5626.199873500762
12270598010690,16,2007,2017,10,pn,default,184.87245178222656,376.1192321777344,9.493139266967772,5339.42431640625,27550.451171875,244.2246092230837,5491.834533177496,21239.207405153866
12270598010690,16,2007,2017,10,pn,calibrated,185.08917236328125,376.9166564941406,9.488641738891602,5341.36962890625,27559.0546875,244.2246092230837,5491.834533177496,21239.207405153866
12270598010690,16,2007,2017,10,pn,hg_bayes,185.16856384277344,376.115478515625,9.50078296661377,6132.5986328125,32603.541015625,244.2246092230837,5491.834533177496,21239.207405153866
12270598010690,16,2007,2017,10,pn,hg_organon,185.16856384277344,376.115478515625,9.50078296661377,6132.5986328125,32603.541015625,244.2246092230837,5491.834533177496,21239.207405153866
12270598010690,16,2007,2017,10,pn,hg_conus_sp,185.15386962890625,376.1154479980469,9.500407218933104,5667.232421875,29571.033203125,244.2246092230837,5491.834533177496,21239.207405153866
12270598010690,16,2007,2017,10,pn,hg_conus_clim,185.16395568847656,376.11566162109375,9.50066375732422,5609.51318359375,29266.439453125,244.2246092230837,5491.834533177496,21239.207405153866
37264379010690,35,2009,2018,9,pn,default,134.60537719726562,231.671615600586,10.321226119995115,3590.3076171875,18844.330078125,130.9872651069333,2046.399429010318,6566.44369149484
37264379010690,35,2009,2018,9,pn,calibrated,134.3812713623047,230.95867919921875,10.328533172607422,3585.833740234375,18822.841796875,130.9872651069333,2046.399429010318,6566.44369149484
37264379010690,35,2009,2018,9,pn,hg_bayes,134.60511779785156,231.671615600586,10.321216583251951,4136.98486328125,22080.302734375,130.9872651069333,2046.399429010318,6566.44369149484
37264379010690,35,2009,2018,9,pn,hg_organon,134.60511779785156,231.671615600586,10.321216583251951,4136.98486328125,22080.302734375,130.9872651069333,2046.399429010318,6566.44369149484
37264379010690,35,2009,2018,9,pn,hg_conus_sp,134.6055145263672,231.671615600586,10.321229934692385,3745.18359375,19744.369140625,130.9872651069333,2046.399429010318,6566.44369149484
37264379010690,35,2009,2018,9,pn,hg_conus_clim,134.60494995117188,231.671615600586,10.321209907531738,3863.806640625,20527.087890625,130.9872651069333,2046.399429010318,6566.44369149484
31291730010690,8,2008,2018,10,pn,default,107.57174682617188,187.94541931152344,10.243999481201172,3215.251953125,15841.8720703125,101.21676533697304,1928.989181036302,2982.164195907976
31291730010690,8,2008,2018,10,pn,calibrated,107.57174682617188,187.94541931152344,10.243999481201172,3215.251953125,15841.8720703125,101.21676533697304,1928.989181036302,2982.164195907976
31291730010690,8,2008,2018,10,pn,hg_bayes,107.57174682617188,187.94541931152344,10.243999481201172,3561.72412109375,17863.150390625,101.21676533697304,1928.989181036302,2982.164195907976
31291730010690,8,2008,2018,10,pn,hg_organon,107.57174682617188,187.94541931152344,10.243999481201172,3561.72412109375,17863.150390625,101.21676533697304,1928.989181036302,2982.164195907976
31291730010690,8,2008,2018,10,pn,hg_conus_sp,107.57174682617188,187.94541931152344,10.243999481201172,3472.16748046875,17387.43359375,101.21676533697304,1928.989181036302,2982.164195907976
31291730010690,8,2008,2018,10,pn,hg_conus_clim,107.57174682617188,187.94541931152344,10.243999481201172,3215.251953125,15841.8720703125,101.21676533697304,1928.989181036302,2982.164195907976
37263460010690,35,2010,2017,7,pn,default,102.52488708496094,153.9535675048828,11.04984188079834,2663.519287109375,13147.5810546875,102.98119030193192,1911.31612376316,7995.248852854038
37263460010690,35,2010,2017,7,pn,calibrated,102.65702056884766,154.25323486328125,11.046212196350098,2666.35791015625,13161.3515625,102.98119030193192,1911.31612376316,7995.248852854038
37263460010690,35,2010,2017,7,pn,hg_bayes,102.5993423461914,153.968994140625,11.053299903869627,2965.503662109375,15127.0087890625,102.98119030193192,1911.31612376316,7995.248852854038
37263460010690,35,2010,2017,7,pn,hg_organon,102.5993423461914,153.968994140625,11.053299903869627,2965.503662109375,15127.0087890625,102.98119030193192,1911.31612376316,7995.248852854038
37263460010690,35,2010,2017,7,pn,hg_conus_sp,102.5993423461914,153.968994140625,11.053299903869627,2928.802490234375,14808.4658203125,102.98119030193192,1911.31612376316,7995.248852854038
37263460010690,35,2010,2017,7,pn,hg_conus_clim,102.5993423461914,153.968994140625,11.053299903869627,2923.95947265625,14749.701171875,102.98119030193192,1911.31612376316,7995.248852854038
31291310010690,8,2008,2018,10,pn,default,45.63436508178711,185.5787811279297,6.714569568634033,311.69744873046875,1598.0509033203125,72.44277387390954,795.631310024772,0.0
31291310010690,8,2008,2018,10,pn,calibrated,45.63436508178711,185.5787811279297,6.714569568634033,311.69744873046875,1598.0509033203125,72.44277387390954,795.631310024772,0.0
31291310010690,8,2008,2018,10,pn,hg_bayes,45.63436508178711,185.5787811279297,6.714569568634033,331.4469299316406,1718.6922607421875,72.44277387390954,795.631310024772,0.0
31291310010690,8,2008,2018,10,pn,hg_organon,45.63436508178711,185.5787811279297,6.714569568634033,331.4469299316406,1718.6922607421875,72.44277387390954,795.631310024772,0.0
31291310010690,8,2008,2018,10,pn,hg_conus_sp,45.63436508178711,185.5787811279297,6.714569568634033,330.65972900390625,1713.2677001953125,72.44277387390954,795.631310024772,0.0
31291310010690,8,2008,2018,10,pn,hg_conus_clim,45.63436508178711,185.5787811279297,6.714569568634033,311.69744873046875,1598.0509033203125,72.44277387390954,795.631310024772,0.0
37262702010690,35,2011,2019,8,pn,default,61.422637939453125,77.49142456054688,12.055181503295898,1092.751220703125,4983.771484375,45.2288461704528,660.807484866996,2651.291003760156
37262702010690,35,2011,2019,8,pn,calibrated,61.336185455322266,77.39704895019531,12.054036140441896,1091.51171875,4978.66796875,45.2288461704528,660.807484866996,2651.291003760156
37262702010690,35,2011,2019,8,pn,hg_bayes,61.511024475097656,77.49137115478516,12.06385326385498,1438.2081298828125,7126.7392578125,45.2288461704528,660.807484866996,2651.291003760156
37262702010690,35,2011,2019,8,pn,hg_organon,61.511024475097656,77.49137115478516,12.06385326385498,1438.2081298828125,7126.7392578125,45.2288461704528,660.807484866996,2651.291003760156
37262702010690,35,2011,2019,8,pn,hg_conus_sp,61.47613906860352,77.49139404296875,12.060431480407717,1285.9234619140625,6074.81005859375,45.2288461704528,660.807484866996,2651.291003760156
37262702010690,35,2011,2019,8,pn,hg_conus_clim,61.47600936889648,77.49139404296875,12.060418128967283,1339.239013671875,6461.88720703125,45.2288461704528,660.807484866996,2651.291003760156
35382081010690,32,2010,2018,8,pn,default,49.684818267822266,41.55649948120117,14.805688858032228,0.0,0.0,,,
35382081010690,32,2010,2018,8,pn,calibrated,49.684818267822266,41.55649948120117,14.805688858032228,0.0,0.0,,,
35382081010690,32,2010,2018,8,pn,hg_bayes,49.684818267822266,41.55649948120117,14.805688858032228,0.0,0.0,,,
35382081010690,32,2010,2018,8,pn,hg_organon,49.684818267822266,41.55649948120117,14.805688858032228,0.0,0.0,,,
35382081010690,32,2010,2018,8,pn,hg_conus_sp,49.684818267822266,41.55649948120117,14.805688858032228,0.0,0.0,,,
35382081010690,32,2010,2018,8,pn,hg_conus_clim,49.684818267822266,41.55649948120117,14.805688858032228,0.0,0.0,,,
3647196010690,8,2002,2012,10,pn,default,224.24594116210932,404.1856994628906,10.08574676513672,6356.953125,31990.654296875,235.22577489359705,4351.208734210272,8877.763216550813
3647196010690,8,2002,2012,10,pn,calibrated,222.142578125,401.2838134765625,10.074566841125488,6285.1708984375,31606.638671875,235.22577489359705,4351.208734210272,8877.763216550813
3647196010690,8,2002,2012,10,pn,hg_bayes,224.24594116210932,404.1856994628906,10.08574676513672,7056.1357421875,36342.97265625,235.22577489359705,4351.208734210272,8877.763216550813
3647196010690,8,2002,2012,10,pn,hg_organon,224.24594116210932,404.1856994628906,10.08574676513672,7056.1357421875,36342.97265625,235.22577489359705,4351.208734210272,8877.763216550813
3647196010690,8,2002,2012,10,pn,hg_conus_sp,224.24594116210932,404.1856994628906,10.08574676513672,6803.56298828125,34941.43359375,235.22577489359705,4351.208734210272,8877.763216550813
3647196010690,8,2002,2012,10,pn,hg_conus_clim,224.24594116210932,404.1856994628906,10.08574676513672,6530.14794921875,33018.71875,235.22577489359705,4351.208734210272,8877.763216550813
37261113010690,35,2010,2017,7,pn,default,50.50555419921875,119.05372619628906,8.819302558898926,322.7437744140625,1599.7362060546875,92.1425404988002,0.0,0.0
37261113010690,35,2010,2017,7,pn,calibrated,50.50555419921875,119.05372619628906,8.819302558898926,322.7437744140625,1599.7362060546875,92.1425404988002,0.0,0.0
37261113010690,35,2010,2017,7,pn,hg_bayes,50.50555419921875,119.05372619628906,8.819302558898926,322.7437744140625,1599.7362060546875,92.1425404988002,0.0,0.0
37261113010690,35,2010,2017,7,pn,hg_organon,50.50555419921875,119.05372619628906,8.819302558898926,322.7437744140625,1599.7362060546875,92.1425404988002,0.0,0.0
37261113010690,35,2010,2017,7,pn,hg_conus_sp,50.50555419921875,119.05372619628906,8.819302558898926,322.7437744140625,1599.7362060546875,92.1425404988002,0.0,0.0
37261113010690,35,2010,2017,7,pn,hg_conus_clim,50.50555419921875,119.05372619628906,8.819302558898926,322.7437744140625,1599.7362060546875,92.1425404988002,0.0,0.0
37259471010690,35,2011,2016,5,pn,default,22.657609939575195,23.737812042236328,13.22887897491455,551.6311645507812,2648.806640625,39.21179187333927,422.007357405946,2021.603448599852
37259471010690,35,2011,2016,5,pn,calibrated,22.65788650512696,23.740833282470703,13.228116035461426,551.7269287109375,2649.337890625,39.21179187333927,422.007357405946,2021.603448599852
37259471010690,35,2011,2016,5,pn,hg_bayes,22.710569381713867,23.73779296875,13.24433422088623,587.3408203125,2818.87841796875,39.21179187333927,422.007357405946,2021.603448599852
37259471010690,35,2011,2016,5,pn,hg_organon,22.710569381713867,23.73779296875,13.24433422088623,587.3408203125,2818.87841796875,39.21179187333927,422.007357405946,2021.603448599852
37259471010690,35,2011,2016,5,pn,hg_conus_sp,22.710569381713867,23.73779296875,13.24433422088623,586.6386108398438,2815.182373046875,39.21179187333927,422.007357405946,2021.603448599852
37259471010690,35,2011,2016,5,pn,hg_conus_clim,22.710569381713867,23.73779296875,13.24433422088623,586.584716796875,2815.047607421875,39.21179187333927,422.007357405946,2021.603448599852
31355289010690,16,2008,2018,10,pn,default,74.50501251220703,59.52194213867188,15.149226188659668,2269.36962890625,12254.650390625,104.31484671335102,2574.467432933592,13983.836638044959
31355289010690,16,2008,2018,10,pn,calibrated,74.45228576660156,59.35248565673828,15.165470123291016,2269.6337890625,12259.140625,104.31484671335102,2574.467432933592,13983.836638044959
31355289010690,16,2008,2018,10,pn,hg_bayes,74.73583221435547,59.52186584472656,15.172686576843262,2577.77587890625,14294.7724609375,104.31484671335102,2574.467432933592,13983.836638044959
31355289010690,16,2008,2018,10,pn,hg_organon,74.73583221435547,59.52186584472656,15.172686576843262,2577.77587890625,14294.7724609375,104.31484671335102,2574.467432933592,13983.836638044959
31355289010690,16,2008,2018,10,pn,hg_conus_sp,74.50491333007812,59.52194213867188,15.149216651916504,2395.310302734375,13109.3994140625,104.31484671335102,2574.467432933592,13983.836638044959
31355289010690,16,2008,2018,10,pn,hg_conus_clim,74.50508880615234,59.52194213867188,15.149235725402832,2374.306396484375,12993.1572265625,104.31484671335102,2574.467432933592,13983.836638044959
37262756010690,35,2008,2018,10,pn,default,36.33934020996094,35.57176971435547,13.68585968017578,910.19482421875,4879.630859375,44.10465815456081,470.46613821921596,2773.0201987348078
37262756010690,35,2008,2018,10,pn,calibrated,36.3526496887207,35.581138610839844,13.686563491821287,910.6699829101562,4882.2041015625,44.10465815456081,470.46613821921596,2773.0201987348078
37262756010690,35,2008,2018,10,pn,hg_bayes,36.48397064208984,35.583919525146484,13.71072483062744,976.2974853515624,5291.6298828125,44.10465815456081,470.46613821921596,2773.0201987348078
37262756010690,35,2008,2018,10,pn,hg_organon,36.48397064208984,35.583919525146484,13.71072483062744,976.2974853515624,5291.6298828125,44.10465815456081,470.46613821921596,2773.0201987348078
37262756010690,35,2008,2018,10,pn,hg_conus_sp,36.43538284301758,35.580101013183594,13.702327728271484,959.7133178710938,5172.203125,44.10465815456081,470.46613821921596,2773.0201987348078
37262756010690,35,2008,2018,10,pn,hg_conus_clim,36.43925476074219,35.580440521240234,13.702991485595703,959.7927856445312,5172.3525390625,44.10465815456081,470.46613821921596,2773.0201987348078
35371908010690,16,2009,2019,10,pn,default,51.75850296020508,29.79045867919922,17.847959518432617,2029.8919677734373,12118.4912109375,36.8166383830948,893.751548054182,5705.179788443725
35371908010690,16,2009,2019,10,pn,calibrated,51.49655151367188,29.660274505615234,17.84176254272461,2019.9884033203125,12056.5400390625,36.8166383830948,893.751548054182,5705.179788443725
35371908010690,16,2009,2019,10,pn,hg_bayes,51.73837661743164,29.79045867919922,17.844486236572266,2332.853759765625,14326.88671875,36.8166383830948,893.751548054182,5705.179788443725
35371908010690,16,2009,2019,10,pn,hg_organon,51.73837661743164,29.79045867919922,17.844486236572266,2332.853759765625,14326.88671875,36.8166383830948,893.751548054182,5705.179788443725
35371908010690,16,2009,2019,10,pn,hg_conus_sp,51.75870132446289,29.79045867919922,17.847993850708008,2139.363037109375,12835.78515625,36.8166383830948,893.751548054182,5705.179788443725
35371908010690,16,2009,2019,10,pn,hg_conus_clim,51.75870895385742,29.79045867919922,17.84799575805664,2069.09912109375,12398.7001953125,36.8166383830948,893.751548054182,5705.179788443725
2359141010690,49,2001,2011,10,pn,default,78.41081237792969,41.70474624633789,18.56656074523925,217.7280120849609,1126.079345703125,66.48139710810023,0.0,0.0
2359141010690,49,2001,2011,10,pn,calibrated,78.41081237792969,41.70474624633789,18.56656074523925,217.7280120849609,1126.079345703125,66.48139710810023,0.0,0.0
2359141010690,49,2001,2011,10,pn,hg_bayes,78.41081237792969,41.70474624633789,18.56656074523925,217.7280120849609,1126.079345703125,66.48139710810023,0.0,0.0
2359141010690,49,2001,2011,10,pn,hg_organon,78.41081237792969,41.70474624633789,18.56656074523925,217.7280120849609,1126.079345703125,66.48139710810023,0.0,0.0
2359141010690,49,2001,2011,10,pn,hg_conus_sp,78.41081237792969,41.70474624633789,18.56656074523925,217.7280120849609,1126.079345703125,66.48139710810023,0.0,0.0
2359141010690,49,2001,2011,10,pn,hg_conus_clim,78.41081237792969,41.70474624633789,18.56656074523925,217.7280120849609,1126.079345703125,66.48139710810023,0.0,0.0
4695499010690,8,2004,2014,10,pn,default,80.94865417480469,65.45429992675781,15.058161735534668,917.7061767578124,5127.3076171875,66.38124847285889,0.0,0.0
4695499010690,8,2004,2014,10,pn,calibrated,80.94865417480469,65.45429992675781,15.058161735534668,917.7061767578124,5127.3076171875,66.38124847285889,0.0,0.0
4695499010690,8,2004,2014,10,pn,hg_bayes,80.94865417480469,65.45429992675781,15.058161735534668,917.7061767578124,5127.3076171875,66.38124847285889,0.0,0.0
4695499010690,8,2004,2014,10,pn,hg_organon,80.94865417480469,65.45429992675781,15.058161735534668,917.7061767578124,5127.3076171875,66.38124847285889,0.0,0.0
4695499010690,8,2004,2014,10,pn,hg_conus_sp,80.94865417480469,65.45429992675781,15.058161735534668,917.7061767578124,5127.3076171875,66.38124847285889,0.0,0.0
4695499010690,8,2004,2014,10,pn,hg_conus_clim,80.94865417480469,65.45429992675781,15.058161735534668,917.7061767578124,5127.3076171875,66.38124847285889,0.0,0.0
2398415010690,49,2003,2013,10,pn,default,18.750816345214844,29.75272560119629,10.749371528625488,58.59187316894531,339.6112365722656,23.20553839037024,0.0,0.0
2398415010690,49,2003,2013,10,pn,calibrated,18.750816345214844,29.75272560119629,10.749371528625488,58.59187316894531,339.6112365722656,23.20553839037024,0.0,0.0
2398415010690,49,2003,2013,10,pn,hg_bayes,18.750816345214844,29.75272560119629,10.749371528625488,58.59187316894531,339.6112365722656,23.20553839037024,0.0,0.0
2398415010690,49,2003,2013,10,pn,hg_organon,18.750816345214844,29.75272560119629,10.749371528625488,58.59187316894531,339.6112365722656,23.20553839037024,0.0,0.0
2398415010690,49,2003,2013,10,pn,hg_conus_sp,18.750816345214844,29.75272560119629,10.749371528625488,58.59187316894531,339.6112365722656,23.20553839037024,0.0,0.0
2398415010690,49,2003,2013,10,pn,hg_conus_clim,18.750816345214844,29.75272560119629,10.749371528625488,58.59187316894531,339.6112365722656,23.20553839037024,0.0,0.0
31528337010690,49,2008,2018,10,pn,default,30.09597969055176,61.95529174804688,9.4373779296875,802.1122436523438,3980.878662109375,43.78405081607764,707.494522847636,1665.795517954944
31528337010690,49,2008,2018,10,pn,calibrated,29.51601219177246,60.07456207275391,9.491171836853027,784.8478393554688,3888.369140625,43.78405081607764,707.494522847636,1665.795517954944
31528337010690,49,2008,2018,10,pn,hg_bayes,30.247116088867188,61.98973083496094,9.458414077758787,957.1489868164062,4825.9140625,43.78405081607764,707.494522847636,1665.795517954944
31528337010690,49,2008,2018,10,pn,hg_organon,30.247116088867188,61.98973083496094,9.458414077758787,957.1489868164062,4825.9140625,43.78405081607764,707.494522847636,1665.795517954944
31528337010690,49,2008,2018,10,pn,hg_conus_sp,30.247116088867188,61.98973083496094,9.458414077758787,870.3466186523438,4336.89111328125,43.78405081607764,707.494522847636,1665.795517954944
31528337010690,49,2008,2018,10,pn,hg_conus_clim,30.247116088867188,61.98973083496094,9.458414077758787,870.3466186523438,4336.89111328125,43.78405081607764,707.494522847636,1665.795517954944
12215717010690,8,2007,2017,10,pn,default,46.36398315429688,89.37139129638672,9.752756118774414,1163.5408935546875,6196.416015625,,,
12215717010690,8,2007,2017,10,pn,calibrated,44.648414611816406,85.79130554199219,9.768271446228027,1121.825927734375,5972.91455078125,,,
12215717010690,8,2007,2017,10,pn,hg_bayes,46.44036483764648,89.37139129638672,9.760786056518556,1325.537109375,7158.40966796875,,,
12215717010690,8,2007,2017,10,pn,hg_organon,46.44036483764648,89.37139129638672,9.760786056518556,1325.537109375,7158.40966796875,,,
12215717010690,8,2007,2017,10,pn,hg_conus_sp,46.42925643920898,89.37139129638672,9.759618759155272,1265.1876220703125,6820.5263671875,,,
12215717010690,8,2007,2017,10,pn,hg_conus_clim,46.36398315429688,89.37139129638672,9.752756118774414,1287.3052978515625,6989.94482421875,,,
40407570010690,56,2013,2023,10,pn,default,73.9847183227539,112.43635559082033,10.983835220336914,2469.25927734375,13199.7294921875,78.36655409939996,1776.518326654334,9136.6588212692
40407570010690,56,2013,2023,10,pn,calibrated,71.97376251220703,109.27818298339844,10.988961219787598,2391.892333984375,12771.0908203125,78.36655409939996,1776.518326654334,9136.6588212692
40407570010690,56,2013,2023,10,pn,hg_bayes,74.07916259765625,112.45940399169922,10.98971462249756,2813.871337890625,15461.8701171875,78.36655409939996,1776.518326654334,9136.6588212692
40407570010690,56,2013,2023,10,pn,hg_organon,74.07916259765625,112.45940399169922,10.98971462249756,2813.871337890625,15461.8701171875,78.36655409939996,1776.518326654334,9136.6588212692
40407570010690,56,2013,2023,10,pn,hg_conus_sp,73.9948501586914,112.43634796142578,10.98458480834961,2615.98779296875,14133.037109375,78.36655409939996,1776.518326654334,9136.6588212692
40407570010690,56,2013,2023,10,pn,hg_conus_clim,73.9948501586914,112.43634796142578,10.98458480834961,2621.70166015625,14232.5654296875,78.36655409939996,1776.518326654334,9136.6588212692
37258697010690,35,2008,2018,10,pn,default,17.4432373046875,29.77238273620605,10.364375114440918,141.31402587890625,762.5166015625,15.84941085181337,0.0,0.0
37258697010690,35,2008,2018,10,pn,calibrated,17.4432373046875,29.77238273620605,10.364375114440918,141.31402587890625,762.5166015625,15.84941085181337,0.0,0.0
37258697010690,35,2008,2018,10,pn,hg_bayes,17.4432373046875,29.77238273620605,10.364375114440918,141.31402587890625,762.5166015625,15.84941085181337,0.0,0.0
37258697010690,35,2008,2018,10,pn,hg_organon,17.4432373046875,29.77238273620605,10.364375114440918,141.31402587890625,762.5166015625,15.84941085181337,0.0,0.0
37258697010690,35,2008,2018,10,pn,hg_conus_sp,17.4432373046875,29.77238273620605,10.364375114440918,141.31402587890625,762.5166015625,15.84941085181337,0.0,0.0
37258697010690,35,2008,2018,10,pn,hg_conus_clim,17.4432373046875,29.77238273620605,10.364375114440918,141.31402587890625,762.5166015625,15.84941085181337,0.0,0.0
2381174010690,49,2002,2012,10,pn,default,85.62266540527344,106.32421112060548,12.151073455810549,842.0806274414062,4422.97509765625,62.782205601070665,0.0,0.0
2381174010690,49,2002,2012,10,pn,calibrated,85.62266540527344,106.32421112060548,12.151073455810549,842.0806274414062,4422.97509765625,62.782205601070665,0.0,0.0
2381174010690,49,2002,2012,10,pn,hg_bayes,85.62266540527344,106.32421112060548,12.151073455810549,842.0806274414062,4422.97509765625,62.782205601070665,0.0,0.0
2381174010690,49,2002,2012,10,pn,hg_organon,85.62266540527344,106.32421112060548,12.151073455810549,842.0806274414062,4422.97509765625,62.782205601070665,0.0,0.0
2381174010690,49,2002,2012,10,pn,hg_conus_sp,85.62266540527344,106.32421112060548,12.151073455810549,842.0806274414062,4422.97509765625,62.782205601070665,0.0,0.0
2381174010690,49,2002,2012,10,pn,hg_conus_clim,85.62266540527344,106.32421112060548,12.151073455810549,842.0806274414062,4422.97509765625,62.782205601070665,0.0,0.0
37274710010690,30,2010,2020,10,pn,default,62.27137756347656,106.94913482666016,10.332178115844728,2012.7042236328125,10873.8671875,64.27838837847708,1309.40199532596,6162.580784905216
37274710010690,30,2010,2020,10,pn,calibrated,60.3577995300293,103.05890655517578,10.362396240234377,1952.242919921875,10557.103515625,64.27838837847708,1309.40199532596,6162.580784905216
37274710010690,30,2010,2020,10,pn,hg_bayes,62.478797912597656,106.9748077392578,10.34813117980957,2317.7119140625,12868.076171875,64.27838837847708,1309.40199532596,6162.580784905216
37274710010690,30,2010,2020,10,pn,hg_organon,62.478797912597656,106.9748077392578,10.34813117980957,2317.7119140625,12868.076171875,64.27838837847708,1309.40199532596,6162.580784905216
37274710010690,30,2010,2020,10,pn,hg_conus_sp,62.29570388793945,106.9491195678711,10.334196090698242,2103.126953125,11451.7998046875,64.27838837847708,1309.40199532596,6162.580784905216
37274710010690,30,2010,2020,10,pn,hg_conus_clim,62.33908462524414,106.94910430908205,10.337796211242676,2140.662353515625,11660.330078125,64.27838837847708,1309.40199532596,6162.580784905216
37260259010690,35,2009,2018,9,pn,default,198.3071746826172,206.7965087890625,13.25970458984375,2968.168701171875,13164.0751953125,,,
37260259010690,35,2009,2018,9,pn,calibrated,197.97653198242188,206.55728149414065,13.256314277648926,2964.05859375,13147.7822265625,,,
37260259010690,35,2009,2018,9,pn,hg_bayes,198.636459350586,206.79428100585932,13.270777702331545,3948.177734375,19970.259765625,,,
37260259010690,35,2009,2018,9,pn,hg_organon,198.636459350586,206.79428100585932,13.270777702331545,3948.177734375,19970.259765625,,,
37260259010690,35,2009,2018,9,pn,hg_conus_sp,198.636459350586,206.79428100585932,13.270777702331545,3617.353759765625,17761.123046875,,,
37260259010690,35,2009,2018,9,pn,hg_conus_clim,198.636459350586,206.79428100585932,13.270777702331545,3578.610107421875,17516.87890625,,,
4736252010690,16,2004,2014,10,pn,default,21.330774307250977,35.624420166015625,10.477693557739258,329.1241149902344,1451.4771728515625,49.90910159634183,790.1372793621761,1878.9441155139841
4736252010690,16,2004,2014,10,pn,calibrated,21.311229705810547,35.624351501464844,10.472902297973633,329.1395568847656,1452.185546875,49.90910159634183,790.1372793621761,1878.9441155139841
4736252010690,16,2004,2014,10,pn,hg_bayes,21.633378982543945,35.62433242797852,10.551765441894531,443.9565124511719,2135.1943359375,49.90910159634183,790.1372793621761,1878.9441155139841
4736252010690,16,2004,2014,10,pn,hg_organon,21.633378982543945,35.62433242797852,10.551765441894531,443.9565124511719,2135.1943359375,49.90910159634183,790.1372793621761,1878.9441155139841
4736252010690,16,2004,2014,10,pn,hg_conus_sp,21.633480072021484,35.62433242797852,10.55178928375244,407.6136474609375,1886.4881591796875,49.90910159634183,790.1372793621761,1878.9441155139841
4736252010690,16,2004,2014,10,pn,hg_conus_clim,21.633525848388672,35.62433242797852,10.551801681518556,403.2418823242188,1860.94287109375,49.90910159634183,790.1372793621761,1878.9441155139841
35377515010690,30,2009,2019,10,pn,default,82.60723876953125,90.8894271850586,12.908884048461914,2110.462646484375,10983.578125,101.47371371692084,2296.426431915978,10008.775355538324
35377515010690,30,2009,2019,10,pn,calibrated,82.71136474609375,91.07902526855467,12.90356731414795,2112.867919921875,10995.5302734375,101.47371371692084,2296.426431915978,10008.775355538324
35377515010690,30,2009,2019,10,pn,hg_bayes,82.89392852783203,90.9284896850586,12.928485870361328,2397.8671875,12797.947265625,101.47371371692084,2296.426431915978,10008.775355538324
35377515010690,30,2009,2019,10,pn,hg_organon,82.89392852783203,90.9284896850586,12.928485870361328,2397.8671875,12797.947265625,101.47371371692084,2296.426431915978,10008.775355538324
35377515010690,30,2009,2019,10,pn,hg_conus_sp,82.89392852783203,90.9284896850586,12.928485870361328,2352.985107421875,12563.359375,101.47371371692084,2296.426431915978,10008.775355538324
35377515010690,30,2009,2019,10,pn,hg_conus_clim,82.89392852783203,90.9284896850586,12.928485870361328,2338.3935546875,12489.1611328125,101.47371371692084,2296.426431915978,10008.775355538324
35381793010690,32,2012,2018,6,pn,default,102.12059020996094,197.2906036376953,9.741811752319336,638.4600219726562,3244.448486328125,92.07242185570628,0.0,0.0
35381793010690,32,2012,2018,6,pn,calibrated,102.12059020996094,197.2906036376953,9.741811752319336,638.4600219726562,3244.448486328125,92.07242185570628,0.0,0.0
35381793010690,32,2012,2018,6,pn,hg_bayes,102.12059020996094,197.2906036376953,9.741811752319336,638.4600219726562,3244.448486328125,92.07242185570628,0.0,0.0
35381793010690,32,2012,2018,6,pn,hg_organon,102.12059020996094,197.2906036376953,9.741811752319336,638.4600219726562,3244.448486328125,92.07242185570628,0.0,0.0
35381793010690,32,2012,2018,6,pn,hg_conus_sp,102.12059020996094,197.2906036376953,9.741811752319336,638.4600219726562,3244.448486328125,92.07242185570628,0.0,0.0
35381793010690,32,2012,2018,6,pn,hg_conus_clim,102.12059020996094,197.2906036376953,9.741811752319336,638.4600219726562,3244.448486328125,92.07242185570628,0.0,0.0
40400702010690,32,2012,2023,11,pn,default,20.060863494873047,41.66493606567383,9.395626068115234,182.8302154541016,941.92529296875,16.851507717027324,0.0,0.0
40400702010690,32,2012,2023,11,pn,calibrated,20.060863494873047,41.66493606567383,9.395626068115234,182.8302154541016,941.92529296875,16.851507717027324,0.0,0.0
40400702010690,32,2012,2023,11,pn,hg_bayes,20.060863494873047,41.66493606567383,9.395626068115234,182.8302154541016,941.92529296875,16.851507717027324,0.0,0.0
40400702010690,32,2012,2023,11,pn,hg_organon,20.060863494873047,41.66493606567383,9.395626068115234,182.8302154541016,941.92529296875,16.851507717027324,0.0,0.0
40400702010690,32,2012,2023,11,pn,hg_conus_sp,20.060863494873047,41.66493606567383,9.395626068115234,182.8302154541016,941.92529296875,16.851507717027324,0.0,0.0
40400702010690,32,2012,2023,11,pn,hg_conus_clim,20.060863494873047,41.66493606567383,9.395626068115234,182.8302154541016,941.92529296875,16.851507717027324,0.0,0.0
11856472010690,30,2006,2017,11,pn,default,132.70794677734375,101.1863021850586,15.506858825683594,5339.31494140625,31023.998046875,76.15443610771055,2038.6631345885821,12213.190804930067
11856472010690,30,2006,2017,11,pn,calibrated,131.408447265625,99.5038833618164,15.56065273284912,5288.17333984375,30728.962890625,76.15443610771055,2038.6631345885821,12213.190804930067
11856472010690,30,2006,2017,11,pn,hg_bayes,132.78831481933594,101.1863021850586,15.51155948638916,5858.94873046875,34681.734375,76.15443610771055,2038.6631345885821,12213.190804930067
11856472010690,30,2006,2017,11,pn,hg_organon,132.78831481933594,101.1863021850586,15.51155948638916,5858.94873046875,34681.734375,76.15443610771055,2038.6631345885821,12213.190804930067
11856472010690,30,2006,2017,11,pn,hg_conus_sp,132.70794677734375,101.1863021850586,15.506858825683594,5640.92626953125,33010.96484375,76.15443610771055,2038.6631345885821,12213.190804930067
11856472010690,30,2006,2017,11,pn,hg_conus_clim,132.70794677734375,101.1863021850586,15.506858825683594,5402.92041015625,31439.560546875,76.15443610771055,2038.6631345885821,12213.190804930067
11857589010690,30,2006,2016,10,pn,default,152.61842346191406,422.8385314941406,8.134906768798828,5316.2080078125,27677.42578125,164.94112118388094,4132.27615051431,9100.009998359434
11857589010690,30,2006,2016,10,pn,calibrated,139.76759338378906,380.4976806640625,8.206603050231934,4914.53955078125,25549.44140625,164.94112118388094,4132.27615051431,9100.009998359434
11857589010690,30,2006,2016,10,pn,hg_bayes,152.61842346191406,422.8385314941406,8.134906768798828,5997.703125,31691.76953125,164.94112118388094,4132.27615051431,9100.009998359434
11857589010690,30,2006,2016,10,pn,hg_organon,152.61842346191406,422.8385314941406,8.134906768798828,5997.703125,31691.76953125,164.94112118388094,4132.27615051431,9100.009998359434
11857589010690,30,2006,2016,10,pn,hg_conus_sp,152.61842346191406,422.8385314941406,8.134906768798828,5316.2080078125,27677.42578125,164.94112118388094,4132.27615051431,9100.009998359434
11857589010690,30,2006,2016,10,pn,hg_conus_clim,152.61842346191406,422.8385314941406,8.134906768798828,5316.2080078125,27677.42578125,164.94112118388094,4132.27615051431,9100.009998359434
2379341010690,49,2002,2012,10,pn,default,203.5531463623047,195.3836975097656,13.820731163024902,2387.345703125,12576.96875,193.48257297055787,0.0,0.0
2379341010690,49,2002,2012,10,pn,calibrated,203.5531463623047,195.3836975097656,13.820731163024902,2387.345703125,12576.96875,193.48257297055787,0.0,0.0
2379341010690,49,2002,2012,10,pn,hg_bayes,203.5531463623047,195.3836975097656,13.820731163024902,2387.345703125,12576.96875,193.48257297055787,0.0,0.0
2379341010690,49,2002,2012,10,pn,hg_organon,203.5531463623047,195.3836975097656,13.820731163024902,2387.345703125,12576.96875,193.48257297055787,0.0,0.0
2379341010690,49,2002,2012,10,pn,hg_conus_sp,203.5531463623047,195.3836975097656,13.820731163024902,2387.345703125,12576.96875,193.48257297055787,0.0,0.0
2379341010690,49,2002,2012,10,pn,hg_conus_clim,203.5531463623047,195.3836975097656,13.820731163024902,2387.345703125,12576.96875,193.48257297055787,0.0,0.0
4696911010690,8,2004,2014,10,pn,default,168.42532348632812,250.3981475830078,11.10515022277832,4973.9091796875,25679.921875,75.83441059459602,1345.337144178632,5107.306759841385
4696911010690,8,2004,2014,10,pn,calibrated,161.15411376953125,235.5323638916016,11.200349807739258,4773.61572265625,24664.53125,75.83441059459602,1345.337144178632,5107.306759841385
4696911010690,8,2004,2014,10,pn,hg_bayes,168.44810485839844,250.4022216796875,11.105810165405272,6182.05419921875,32651.76171875,75.83441059459602,1345.337144178632,5107.306759841385
4696911010690,8,2004,2014,10,pn,hg_organon,168.44810485839844,250.4022216796875,11.105810165405272,6182.05419921875,32651.76171875,75.83441059459602,1345.337144178632,5107.306759841385
4696911010690,8,2004,2014,10,pn,hg_conus_sp,168.42532348632812,250.3981475830078,11.10515022277832,5039.150390625,26013.57421875,75.83441059459602,1345.337144178632,5107.306759841385
4696911010690,8,2004,2014,10,pn,hg_conus_clim,168.42532348632812,250.3981475830078,11.10515022277832,4992.9755859375,25775.25,75.83441059459602,1345.337144178632,5107.306759841385
37273610010690,8,2010,2021,11,pn,default,9.264287948608398,23.808536529541016,8.446483612060547,128.3175811767578,653.8419189453125,64.81644812215134,0.0,0.0
37273610010690,8,2010,2021,11,pn,calibrated,9.264287948608398,23.808536529541016,8.446483612060547,128.3175811767578,653.8419189453125,64.81644812215134,0.0,0.0
37273610010690,8,2010,2021,11,pn,hg_bayes,9.264287948608398,23.808536529541016,8.446483612060547,128.3175811767578,653.8419189453125,64.81644812215134,0.0,0.0
37273610010690,8,2010,2021,11,pn,hg_organon,9.264287948608398,23.808536529541016,8.446483612060547,128.3175811767578,653.8419189453125,64.81644812215134,0.0,0.0
37273610010690,8,2010,2021,11,pn,hg_conus_sp,9.264287948608398,23.808536529541016,8.446483612060547,128.3175811767578,653.8419189453125,64.81644812215134,0.0,0.0
37273610010690,8,2010,2021,11,pn,hg_conus_clim,9.264287948608398,23.808536529541016,8.446483612060547,128.3175811767578,653.8419189453125,64.81644812215134,0.0,0.0
