PLOT,STATE,MEASYEAR1,MEASYEAR2,PERIOD_YR,variant,config,BA_PRED,TPA_PRED,QMD_PRED,MCuFt_PRED,BdFt_PRED,BA_OBS,MCuFt_OBS,BdFt_OBS
158718482010854,13,1971,1982,11,sn,default,50.82819747924805,73.51667785644531,11.258895874023438,1132.2740478515625,3774.47412109375,105.36674475629852,1044.125477588064,3298.77721543382
158718482010854,13,1971,1982,11,sn,calibrated,50.56207275390625,72.9067153930664,11.27625846862793,1127.6759033203125,3762.4609375,105.36674475629852,1044.125477588064,3298.77721543382
158718482010854,13,1971,1982,11,sn,hg_bayes,50.77409744262695,73.51652526855469,11.252909660339355,1444.72509765625,4652.65771484375,105.36674475629852,1044.125477588064,3298.77721543382
158718482010854,13,1971,1982,11,sn,hg_organon,50.77409744262695,73.51652526855469,11.252909660339355,1444.72509765625,4652.65771484375,105.36674475629852,1044.125477588064,3298.77721543382
158718482010854,13,1971,1982,11,sn,hg_conus_sp,50.791259765625,73.51657104492188,11.25480842590332,1345.3267822265625,4440.333984375,105.36674475629852,1044.125477588064,3298.77721543382
158718482010854,13,1971,1982,11,sn,hg_conus_clim,50.82819747924805,73.51667785644531,11.258895874023438,1132.2740478515625,3774.47412109375,105.36674475629852,1044.125477588064,3298.77721543382
216219273020004,13,2014,2019,5,sn,default,13.69765567779541,23.603273391723636,10.315096855163574,263.15435791015625,508.6880493164063,13.52509423220522,216.54634420431802,985.188721928408
216219273020004,13,2014,2019,5,sn,calibrated,13.425333023071287,23.07107162475586,10.329158782958984,257.9454650878906,504.658447265625,13.52509423220522,216.54634420431802,985.188721928408
216219273020004,13,2014,2019,5,sn,hg_bayes,13.699308395385742,23.603269577026367,10.315719604492188,368.3886413574219,745.460205078125,13.52509423220522,216.54634420431802,985.188721928408
216219273020004,13,2014,2019,5,sn,hg_organon,13.699308395385742,23.603269577026367,10.315719604492188,368.3886413574219,745.460205078125,13.52509423220522,216.54634420431802,985.188721928408
216219273020004,13,2014,2019,5,sn,hg_conus_sp,13.699311256408691,23.603273391723636,10.315719604492188,351.522705078125,716.8206176757812,13.52509423220522,216.54634420431802,985.188721928408
216219273020004,13,2014,2019,5,sn,hg_conus_clim,13.699313163757324,23.603269577026367,10.31572151184082,358.423583984375,724.8922729492188,13.52509423220522,216.54634420431802,985.188721928408
61357366010478,13,2004,2009,5,sn,default,18.525413513183597,23.61347007751465,11.993346214294434,463.4493408203125,1687.409912109375,,,
61357366010478,13,2004,2009,5,sn,calibrated,18.232074737548828,23.151582717895508,12.016112327575684,456.4357299804688,1667.394775390625,,,
61357366010478,13,2004,2009,5,sn,hg_bayes,18.53016662597656,23.613468170166016,11.99488639831543,567.9439086914062,2061.400390625,,,
61357366010478,13,2004,2009,5,sn,hg_organon,18.53016662597656,23.613468170166016,11.99488639831543,567.9439086914062,2061.400390625,,,
61357366010478,13,2004,2009,5,sn,hg_conus_sp,18.52945327758789,23.61347007751465,11.994651794433594,538.5132446289062,1966.8192138671875,,,
61357366010478,13,2004,2009,5,sn,hg_conus_clim,18.52416038513184,23.61347770690918,11.992937088012695,542.936767578125,2035.475341796875,,,
22300805010478,1,2001,2006,5,sn,default,121.18643951416016,194.3504638671875,10.692285537719728,2882.83544921875,7980.03369140625,125.27244746014608,2632.662671955204,8330.206143775391
22300805010478,1,2001,2006,5,sn,calibrated,120.09546661376952,191.73223876953125,10.716476440429688,2858.970458984375,7945.0908203125,125.27244746014608,2632.662671955204,8330.206143775391
22300805010478,1,2001,2006,5,sn,hg_bayes,121.1914520263672,194.3444366455078,10.692670822143556,3283.7509765625,9070.4560546875,125.27244746014608,2632.662671955204,8330.206143775391
22300805010478,1,2001,2006,5,sn,hg_organon,121.1914520263672,194.3444366455078,10.692670822143556,3283.7509765625,9070.4560546875,125.27244746014608,2632.662671955204,8330.206143775391
22300805010478,1,2001,2006,5,sn,hg_conus_sp,121.16886901855467,194.3724822998047,10.69090461730957,3074.3037109375,8711.1025390625,125.27244746014608,2632.662671955204,8330.206143775391
22300805010478,1,2001,2006,5,sn,hg_conus_clim,121.16614532470705,194.3719940185547,10.690796852111816,2914.031005859375,8086.546875,125.27244746014608,2632.662671955204,8330.206143775391
216219421020004,13,2014,2020,6,sn,default,139.03407287597656,163.5279998779297,12.485357284545898,4016.468017578125,17189.25390625,153.02770733095477,3747.1258945721443,16431.81339199065
216219421020004,13,2014,2020,6,sn,calibrated,138.40074157714844,162.2723846435547,12.50498390197754,4000.999267578125,17151.75,153.02770733095477,3747.1258945721443,16431.81339199065
216219421020004,13,2014,2020,6,sn,hg_bayes,139.0394287109375,163.5228271484375,12.485791206359863,4550.6728515625,19575.171875,153.02770733095477,3747.1258945721443,16431.81339199065
216219421020004,13,2014,2020,6,sn,hg_organon,139.0394287109375,163.5228271484375,12.485791206359863,4550.6728515625,19575.171875,153.02770733095477,3747.1258945721443,16431.81339199065
216219421020004,13,2014,2020,6,sn,hg_conus_sp,139.02610778808594,163.53538513183594,12.48471450805664,4211.923828125,17893.73046875,153.02770733095477,3747.1258945721443,16431.81339199065
216219421020004,13,2014,2020,6,sn,hg_conus_clim,139.03419494628906,163.5279083251953,12.485365867614746,4030.510498046875,17189.251953125,153.02770733095477,3747.1258945721443,16431.81339199065
100597968010478,28,2007,2014,7,sn,default,33.07107162475586,59.28287506103516,10.11336898803711,573.7123413085938,1411.6173095703125,0.9220078920360296,6.245606373398001,0.0
100597968010478,28,2007,2014,7,sn,calibrated,32.98835754394531,59.09667205810547,10.11661148071289,572.5193481445312,1409.47314453125,0.9220078920360296,6.245606373398001,0.0
100597968010478,28,2007,2014,7,sn,hg_bayes,33.10273742675781,59.28276443481445,10.118218421936035,691.9115600585938,1870.84716796875,0.9220078920360296,6.245606373398001,0.0
100597968010478,28,2007,2014,7,sn,hg_organon,33.10273742675781,59.28276443481445,10.118218421936035,691.9115600585938,1870.84716796875,0.9220078920360296,6.245606373398001,0.0
100597968010478,28,2007,2014,7,sn,hg_conus_sp,33.0801887512207,59.282814025878906,10.114768028259276,670.0548706054688,1844.201171875,0.9220078920360296,6.245606373398001,0.0
100597968010478,28,2007,2014,7,sn,hg_conus_clim,33.07107162475586,59.28287506103516,10.11336898803711,573.7123413085938,1411.6173095703125,0.9220078920360296,6.245606373398001,0.0
158722965010854,13,1981,1988,7,sn,default,98.59626770019533,126.0084457397461,11.977516174316406,2377.915771484375,7421.19921875,130.40447783587132,2146.755163114731,8516.224172599694
158722965010854,13,1981,1988,7,sn,calibrated,96.94935607910156,123.2903823852539,12.007266998291016,2340.481201171875,7342.37060546875,130.40447783587132,2146.755163114731,8516.224172599694
158722965010854,13,1981,1988,7,sn,hg_bayes,98.63451385498048,126.00837707519533,11.979838371276855,3156.842041015625,10250.6416015625,130.40447783587132,2146.755163114731,8516.224172599694
158722965010854,13,1981,1988,7,sn,hg_organon,98.63451385498048,126.00837707519533,11.979838371276855,3156.842041015625,10250.6416015625,130.40447783587132,2146.755163114731,8516.224172599694
158722965010854,13,1981,1988,7,sn,hg_conus_sp,98.61788177490234,126.00843048095705,11.978826522827148,3184.48291015625,10754.6396484375,130.40447783587132,2146.755163114731,8516.224172599694
158722965010854,13,1981,1988,7,sn,hg_conus_clim,98.59626770019533,126.0084457397461,11.977516174316406,2377.915771484375,7421.19921875,130.40447783587132,2146.755163114731,8516.224172599694
160399080010854,28,1977,1987,10,sn,default,59.735626220703125,139.99827575683594,8.844874382019043,1175.221435546875,1337.236328125,83.96817425650404,926.937842047825,2083.7890078586024
160399080010854,28,1977,1987,10,sn,calibrated,59.24063491821289,138.6064910888672,8.852264404296875,1165.9273681640625,1334.750732421875,83.96817425650404,926.937842047825,2083.7890078586024
160399080010854,28,1977,1987,10,sn,hg_bayes,59.77225875854492,139.99807739257812,8.847591400146484,1602.373046875,1609.008544921875,83.96817425650404,926.937842047825,2083.7890078586024
160399080010854,28,1977,1987,10,sn,hg_organon,59.77225875854492,139.99807739257812,8.847591400146484,1602.373046875,1609.008544921875,83.96817425650404,926.937842047825,2083.7890078586024
160399080010854,28,1977,1987,10,sn,hg_conus_sp,59.766849517822266,139.9980926513672,8.847190856933594,1425.4324951171875,1520.4017333984375,83.96817425650404,926.937842047825,2083.7890078586024
160399080010854,28,1977,1987,10,sn,hg_conus_clim,59.735626220703125,139.99827575683594,8.844874382019043,1175.221435546875,1337.236328125,83.96817425650404,926.937842047825,2083.7890078586024
158715511010854,13,1971,1981,10,sn,default,177.4371337890625,260.6126708984375,11.172771453857422,4872.02783203125,17937.5859375,107.02635295976506,2913.754298942505,15648.252947796349
158715511010854,13,1971,1981,10,sn,calibrated,161.91192626953125,227.9081573486328,11.41289234161377,4485.29150390625,16921.16015625,107.02635295976506,2913.754298942505,15648.252947796349
158715511010854,13,1971,1981,10,sn,hg_bayes,177.3960418701172,260.6610717773437,11.170440673828123,6265.07470703125,23095.166015625,107.02635295976506,2913.754298942505,15648.252947796349
158715511010854,13,1971,1981,10,sn,hg_organon,177.3960418701172,260.6610717773437,11.170440673828123,6265.07470703125,23095.166015625,107.02635295976506,2913.754298942505,15648.252947796349
158715511010854,13,1971,1981,10,sn,hg_conus_sp,177.39662170410156,260.6593017578125,11.170493125915527,5722.125,21222.34765625,107.02635295976506,2913.754298942505,15648.252947796349
158715511010854,13,1971,1981,10,sn,hg_conus_clim,177.3624725341797,260.69586181640625,11.168633460998535,5783.91552734375,21584.548828125,107.02635295976506,2913.754298942505,15648.252947796349
282502672489998,13,2015,2021,6,sn,default,58.60070037841797,88.256591796875,11.033520698547363,1078.02099609375,3122.74169921875,65.28203191141114,1070.055351053512,404.72939688879603
282502672489998,13,2015,2021,6,sn,calibrated,58.33808898925781,87.6022720336914,11.049809455871582,1073.825927734375,3119.4169921875,65.28203191141114,1070.055351053512,404.72939688879603
282502672489998,13,2015,2021,6,sn,hg_bayes,58.62397766113281,88.25653076171875,11.035714149475098,1503.175048828125,4288.5634765625,65.28203191141114,1070.055351053512,404.72939688879603
282502672489998,13,2015,2021,6,sn,hg_organon,58.62397766113281,88.25653076171875,11.035714149475098,1503.175048828125,4288.5634765625,65.28203191141114,1070.055351053512,404.72939688879603
282502672489998,13,2015,2021,6,sn,hg_conus_sp,58.617774963378906,88.25654602050781,11.03513240814209,1375.7474365234375,3969.919921875,65.28203191141114,1070.055351053512,404.72939688879603
282502672489998,13,2015,2021,6,sn,hg_conus_clim,58.60070037841797,88.256591796875,11.033520698547363,1078.02099609375,3122.74169921875,65.28203191141114,1070.055351053512,404.72939688879603
162419313010854,45,1978,1986,8,sn,default,134.0113983154297,301.87921142578125,9.02174472808838,3173.31201171875,7328.30615234375,92.76402592744324,1738.686661354366,3422.252612906295
162419313010854,45,1978,1986,8,sn,calibrated,131.28982543945312,292.9387512207031,9.06490707397461,3118.89599609375,7288.5244140625,92.76402592744324,1738.686661354366,3422.252612906295
162419313010854,45,1978,1986,8,sn,hg_bayes,134.17575073242188,301.61834716796875,9.03117561340332,4118.33056640625,9164.5771484375,92.76402592744324,1738.686661354366,3422.252612906295
162419313010854,45,1978,1986,8,sn,hg_organon,134.17575073242188,301.61834716796875,9.03117561340332,4118.33056640625,9164.5771484375,92.76402592744324,1738.686661354366,3422.252612906295
162419313010854,45,1978,1986,8,sn,hg_conus_sp,134.0460968017578,301.8246459960937,9.02372932434082,3710.593505859375,8723.087890625,92.76402592744324,1738.686661354366,3422.252612906295
162419313010854,45,1978,1986,8,sn,hg_conus_clim,133.98703002929688,301.9169921875,9.02035903930664,3328.065185546875,7974.021484375,92.76402592744324,1738.686661354366,3422.252612906295
162414396010854,45,1966,1977,11,sn,default,136.62120056152344,208.51239013671875,10.960477828979492,3208.279296875,11998.91015625,146.91198279296557,2621.096427297723,8862.132656187048
162414396010854,45,1966,1977,11,sn,calibrated,131.1912841796875,195.0646514892578,11.104509353637695,3104.65966796875,11761.3115234375,146.91198279296557,2621.096427297723,8862.132656187048
162414396010854,45,1966,1977,11,sn,hg_bayes,136.7522735595703,208.5118865966797,10.965743064880373,4607.5537109375,16467.5703125,146.91198279296557,2621.096427297723,8862.132656187048
162414396010854,45,1966,1977,11,sn,hg_organon,136.7522735595703,208.5118865966797,10.965743064880373,4607.5537109375,16467.5703125,146.91198279296557,2621.096427297723,8862.132656187048
162414396010854,45,1966,1977,11,sn,hg_conus_sp,136.667724609375,208.51217651367188,10.962347984313965,4067.028564453125,14729.8984375,146.91198279296557,2621.096427297723,8862.132656187048
162414396010854,45,1966,1977,11,sn,hg_conus_clim,136.60824584960938,208.51243591308597,10.959956169128418,3365.472900390625,12079.080078125,146.91198279296557,2621.096427297723,8862.132656187048
162415882010854,45,1978,1986,8,sn,default,36.41184997558594,75.76821899414062,9.386726379394531,759.8373413085938,1757.2261962890625,57.63850586454937,734.965781577054,1070.2196737858599
162415882010854,45,1978,1986,8,sn,calibrated,36.19750595092773,75.11861419677734,9.399436950683594,755.6841430664062,1753.5269775390625,57.63850586454937,734.965781577054,1070.2196737858599
162415882010854,45,1978,1986,8,sn,hg_bayes,36.51049423217773,75.76815032958984,9.399436950683594,961.3143310546876,2218.611572265625,57.63850586454937,734.965781577054,1070.2196737858599
162415882010854,45,1978,1986,8,sn,hg_organon,36.51049423217773,75.76815032958984,9.399436950683594,961.3143310546876,2218.611572265625,57.63850586454937,734.965781577054,1070.2196737858599
162415882010854,45,1978,1986,8,sn,hg_conus_sp,36.514892578125,75.76815032958984,9.400002479553224,945.9901733398438,2136.40283203125,57.63850586454937,734.965781577054,1070.2196737858599
162415882010854,45,1978,1986,8,sn,hg_conus_clim,36.41184997558594,75.76821899414062,9.386726379394531,759.8373413085938,1757.2261962890625,57.63850586454937,734.965781577054,1070.2196737858599
198390889020004,28,2014,2020,6,sn,default,49.21015548706055,75.40022277832031,10.938993453979492,1195.7431640625,2553.515869140625,11.947042810369314,190.87033289118,0.0
198390889020004,28,2014,2020,6,sn,calibrated,49.39480972290039,75.81534576416016,10.929452896118164,1199.7210693359375,2556.41552734375,11.947042810369314,190.87033289118,0.0
198390889020004,28,2014,2020,6,sn,hg_bayes,49.223575592041016,75.40021514892578,10.940484046936035,1354.52099609375,2775.561767578125,11.947042810369314,190.87033289118,0.0
198390889020004,28,2014,2020,6,sn,hg_organon,49.223575592041016,75.40021514892578,10.940484046936035,1354.52099609375,2775.561767578125,11.947042810369314,190.87033289118,0.0
198390889020004,28,2014,2020,6,sn,hg_conus_sp,49.21973419189453,75.40021514892578,10.940057754516602,1271.5584716796875,2712.986083984375,11.947042810369314,190.87033289118,0.0
198390889020004,28,2014,2020,6,sn,hg_conus_clim,49.21306610107422,75.40023803710938,10.93931484222412,1231.528076171875,2675.510009765625,11.947042810369314,190.87033289118,0.0
162418183010854,45,1978,1986,8,sn,default,114.66588592529295,249.67361450195312,9.176288604736328,2552.52490234375,5977.00048828125,178.77556907737528,3441.883119462265,15317.207826566135
162418183010854,45,1978,1986,8,sn,calibrated,110.60684204101562,237.34860229492188,9.243446350097656,2472.481201171875,5904.94970703125,178.77556907737528,3441.883119462265,15317.207826566135
162418183010854,45,1978,1986,8,sn,hg_bayes,114.72891998291016,249.6734619140625,9.17881202697754,3487.975830078125,8080.3212890625,178.77556907737528,3441.883119462265,15317.207826566135
162418183010854,45,1978,1986,8,sn,hg_organon,114.72891998291016,249.6734619140625,9.17881202697754,3487.975830078125,8080.3212890625,178.77556907737528,3441.883119462265,15317.207826566135
162418183010854,45,1978,1986,8,sn,hg_conus_sp,114.6366195678711,249.67372131347656,9.175116539001465,3204.959716796875,7628.0478515625,178.77556907737528,3441.883119462265,15317.207826566135
162418183010854,45,1978,1986,8,sn,hg_conus_clim,114.48680877685548,249.6740264892578,9.169113159179688,3000.21826171875,7537.36279296875,178.77556907737528,3441.883119462265,15317.207826566135
158727466010854,13,1982,1988,6,sn,default,9.015917778015137,17.63466453552246,9.68183422088623,183.77166748046875,233.1382751464844,,0.0,0.0
158727466010854,13,1982,1988,6,sn,calibrated,8.791788101196289,17.160526275634766,9.691914558410645,179.2372283935547,232.0868225097656,,0.0,0.0
158727466010854,13,1982,1988,6,sn,hg_bayes,9.015909194946287,17.63466453552246,9.681829452514648,258.6384582519531,335.08837890625,,0.0,0.0
158727466010854,13,1982,1988,6,sn,hg_organon,9.015909194946287,17.63466453552246,9.681829452514648,258.6384582519531,335.08837890625,,0.0,0.0
158727466010854,13,1982,1988,6,sn,hg_conus_sp,9.015907287597656,17.63466453552246,9.681830406188965,246.48171997070312,307.3244934082031,,0.0,0.0
158727466010854,13,1982,1988,6,sn,hg_conus_clim,9.015909194946287,17.63466453552246,9.681830406188965,251.2950897216797,323.16656494140625,,0.0,0.0
43549010010478,1,1997,2004,7,sn,default,108.01887512207033,246.2734222412109,8.967622756958008,2479.562255859375,3159.607666015625,,,
43549010010478,1,1997,2004,7,sn,calibrated,106.13553619384766,240.59669494628903,8.993359565734863,2440.95068359375,3144.664794921875,,,
43549010010478,1,1997,2004,7,sn,hg_bayes,108.09334564208984,246.2733917236328,8.97071361541748,2937.78466796875,3532.751708984375,,,
43549010010478,1,1997,2004,7,sn,hg_organon,108.09334564208984,246.2733917236328,8.97071361541748,2937.78466796875,3532.751708984375,,,
43549010010478,1,1997,2004,7,sn,hg_conus_sp,108.0294189453125,246.27345275878903,8.968059539794922,2762.84375,3414.560302734375,,,
43549010010478,1,1997,2004,7,sn,hg_conus_clim,107.98875427246094,246.2735595703125,8.96636962890625,2548.9033203125,3230.207275390625,,,
548083451126144,28,2019,2024,5,sn,default,85.6927719116211,159.6481170654297,9.920336723327637,2373.556640625,3747.5458984375,91.518976127403,1999.4669390055221,3698.726090609674
548083451126144,28,2019,2024,5,sn,calibrated,85.49490356445312,159.12998962402344,9.924996376037598,2368.5517578125,3745.921142578125,91.518976127403,1999.4669390055221,3698.726090609674
548083451126144,28,2019,2024,5,sn,hg_bayes,85.68966674804688,159.6481170654297,9.920161247253418,2586.558349609375,3916.80859375,91.518976127403,1999.4669390055221,3698.726090609674
548083451126144,28,2019,2024,5,sn,hg_organon,85.68966674804688,159.6481170654297,9.920161247253418,2586.558349609375,3916.80859375,91.518976127403,1999.4669390055221,3698.726090609674
548083451126144,28,2019,2024,5,sn,hg_conus_sp,85.67769622802734,159.6481170654297,9.919466972351074,2469.19921875,3837.09375,91.518976127403,1999.4669390055221,3698.726090609674
548083451126144,28,2019,2024,5,sn,hg_conus_clim,85.68687438964844,159.6481170654297,9.91999626159668,2380.439208984375,3768.52001953125,91.518976127403,1999.4669390055221,3698.726090609674
157528848010854,1,1981,1990,9,sn,default,151.4700927734375,230.78237915039065,10.9697904586792,4508.87939453125,15545.9755859375,155.92113007529107,4405.528505,20410.963603
157528848010854,1,1981,1990,9,sn,calibrated,135.63388061523438,201.27589416503903,11.11538314819336,4037.2646484375,14381.41015625,155.92113007529107,4405.528505,20410.963603
157528848010854,1,1981,1990,9,sn,hg_bayes,151.4989013671875,230.75299072265625,10.971534729003906,5276.40283203125,18201.044921875,155.92113007529107,4405.528505,20410.963603
157528848010854,1,1981,1990,9,sn,hg_organon,151.4989013671875,230.75299072265625,10.971534729003906,5276.40283203125,18201.044921875,155.92113007529107,4405.528505,20410.963603
157528848010854,1,1981,1990,9,sn,hg_conus_sp,151.49411010742188,230.75401306152344,10.971339225769045,4958.77294921875,17248.96484375,155.92113007529107,4405.528505,20410.963603
157528848010854,1,1981,1990,9,sn,hg_conus_clim,151.43185424804688,230.81655883789065,10.967596054077148,4565.0615234375,15874.6640625,155.92113007529107,4405.528505,20410.963603
236616728010854,1,2010,2017,7,sn,default,83.73806762695312,198.7018280029297,8.790160179138184,1945.9039306640625,2881.584228515625,52.18441351906978,29.284696488762,0.0
236616728010854,1,2010,2017,7,sn,calibrated,83.2780532836914,197.1020050048828,8.801488876342773,1937.1280517578125,2878.828369140625,52.18441351906978,29.284696488762,0.0
236616728010854,1,2010,2017,7,sn,hg_bayes,83.77558135986328,198.7017517089844,8.792129516601562,2180.34375,3208.37646484375,52.18441351906978,29.284696488762,0.0
236616728010854,1,2010,2017,7,sn,hg_organon,83.77558135986328,198.7017517089844,8.792129516601562,2180.34375,3208.37646484375,52.18441351906978,29.284696488762,0.0
236616728010854,1,2010,2017,7,sn,hg_conus_sp,83.72528076171875,198.7018585205078,8.78948974609375,2025.835693359375,2995.643798828125,52.18441351906978,29.284696488762,0.0
236616728010854,1,2010,2017,7,sn,hg_conus_clim,83.71216583251953,198.7018585205078,8.788801193237305,1997.490966796875,2923.587890625,52.18441351906978,29.284696488762,0.0
236617690010854,1,2010,2017,7,sn,default,6.295701026916504,23.430635452270508,7.018855571746826,61.08153533935547,0.0,96.51509028331871,1625.058877119218,674.05431143346
236617690010854,1,2010,2017,7,sn,calibrated,6.114848136901856,22.70824432373047,7.026472568511963,59.38837432861328,0.0,96.51509028331871,1625.058877119218,674.05431143346
236617690010854,1,2010,2017,7,sn,hg_bayes,6.295649528503418,23.430635452270508,7.018826484680176,145.1329803466797,0.0,96.51509028331871,1625.058877119218,674.05431143346
236617690010854,1,2010,2017,7,sn,hg_organon,6.295649528503418,23.430635452270508,7.018826484680176,145.1329803466797,0.0,96.51509028331871,1625.058877119218,674.05431143346
236617690010854,1,2010,2017,7,sn,hg_conus_sp,6.295661926269531,23.430635452270508,7.018833637237549,134.75831604003906,0.0,96.51509028331871,1625.058877119218,674.05431143346
236617690010854,1,2010,2017,7,sn,hg_conus_clim,6.295653820037842,23.430635452270508,7.018830299377441,137.88255310058594,0.0,96.51509028331871,1625.058877119218,674.05431143346
236495425010854,13,2011,2017,6,sn,default,101.44202423095705,146.01736450195312,11.28607940673828,3028.859619140625,8791.37109375,89.27705904550297,1675.51003436757,1696.4772135519158
236495425010854,13,2011,2017,6,sn,calibrated,101.60176849365234,146.3746795654297,11.281166076660156,3033.12158203125,8795.0244140625,89.27705904550297,1675.51003436757,1696.4772135519158
236495425010854,13,2011,2017,6,sn,hg_bayes,101.47950744628906,146.01731872558594,11.288162231445312,3182.057861328125,9176.9658203125,89.27705904550297,1675.51003436757,1696.4772135519158
236495425010854,13,2011,2017,6,sn,hg_organon,101.47950744628906,146.01731872558594,11.288162231445312,3182.057861328125,9176.9658203125,89.27705904550297,1675.51003436757,1696.4772135519158
236495425010854,13,2011,2017,6,sn,hg_conus_sp,101.44457244873048,146.01736450195312,11.286218643188477,3063.84765625,8959.4169921875,89.27705904550297,1675.51003436757,1696.4772135519158
236495425010854,13,2011,2017,6,sn,hg_conus_clim,101.44113159179688,146.0173797607422,11.286029815673828,3023.048828125,8791.37109375,89.27705904550297,1675.51003436757,1696.4772135519158
22304323010478,1,2001,2006,5,sn,default,72.63477325439453,100.4148406982422,11.516213417053224,2172.71484375,8195.5302734375,64.46630956888622,1694.119102407276,5647.838118976522
22304323010478,1,2001,2006,5,sn,calibrated,72.2806625366211,99.69247436523438,11.529647827148438,2163.828369140625,8179.8154296875,64.46630956888622,1694.119102407276,5647.838118976522
22304323010478,1,2001,2006,5,sn,hg_bayes,72.61180114746094,100.41484832763672,11.514391899108888,2319.01611328125,8802.35546875,64.46630956888622,1694.119102407276,5647.838118976522
22304323010478,1,2001,2006,5,sn,hg_organon,72.61180114746094,100.41484832763672,11.514391899108888,2319.01611328125,8802.35546875,64.46630956888622,1694.119102407276,5647.838118976522
22304323010478,1,2001,2006,5,sn,hg_conus_sp,72.61336517333984,100.4148406982422,11.51451301574707,2245.644775390625,8511.17578125,64.46630956888622,1694.119102407276,5647.838118976522
22304323010478,1,2001,2006,5,sn,hg_conus_clim,72.61152648925781,100.4148406982422,11.514371871948242,2225.351318359375,8422.7822265625,64.46630956888622,1694.119102407276,5647.838118976522
158714446010854,13,1971,1981,10,sn,default,71.58112335205078,181.3773651123047,8.506363868713379,1399.804443359375,1355.3255615234375,119.3655109982572,1958.7234959139898,2667.013393847195
158714446010854,13,1971,1981,10,sn,calibrated,71.86602020263672,182.33680725097656,8.500823020935059,1404.890380859375,1355.532470703125,119.3655109982572,1958.7234959139898,2667.013393847195
158714446010854,13,1971,1981,10,sn,hg_bayes,71.62503051757812,181.3770751953125,8.508979797363281,2066.831787109375,1833.1304931640625,119.3655109982572,1958.7234959139898,2667.013393847195
158714446010854,13,1971,1981,10,sn,hg_organon,71.62503051757812,181.3770751953125,8.508979797363281,2066.831787109375,1833.1304931640625,119.3655109982572,1958.7234959139898,2667.013393847195
158714446010854,13,1971,1981,10,sn,hg_conus_sp,71.60260009765625,181.37713623046875,8.507646560668945,1796.9237060546875,1698.21435546875,119.3655109982572,1958.7234959139898,2667.013393847195
158714446010854,13,1971,1981,10,sn,hg_conus_clim,71.58112335205078,181.3773651123047,8.506363868713379,1399.804443359375,1355.3255615234375,119.3655109982572,1958.7234959139898,2667.013393847195
635664036126144,13,2019,2024,5,sn,default,98.9430160522461,129.01864624023438,11.857760429382324,3467.840576171875,15530.7900390625,105.1287609420839,3553.569527209784,9223.228334744603
635664036126144,13,2019,2024,5,sn,calibrated,99.01477813720705,129.15948486328125,11.855589866638184,3470.13623046875,15538.126953125,105.1287609420839,3553.569527209784,9223.228334744603
635664036126144,13,2019,2024,5,sn,hg_bayes,98.94896697998048,129.01864624023438,11.858116149902344,3700.977294921875,16747.75390625,105.1287609420839,3553.569527209784,9223.228334744603
635664036126144,13,2019,2024,5,sn,hg_organon,98.94896697998048,129.01864624023438,11.858116149902344,3700.977294921875,16747.75390625,105.1287609420839,3553.569527209784,9223.228334744603
635664036126144,13,2019,2024,5,sn,hg_conus_sp,98.94416809082033,129.01864624023438,11.857827186584473,3581.503662109375,16191.0712890625,105.1287609420839,3553.569527209784,9223.228334744603
635664036126144,13,2019,2024,5,sn,hg_conus_clim,98.9430160522461,129.01864624023438,11.857760429382324,3467.840576171875,15530.7900390625,105.1287609420839,3553.569527209784,9223.228334744603
189296052020004,1,2014,2021,7,sn,default,22.170604705810547,64.61968231201172,7.931268215179443,371.87841796875,0.0,88.4066888022845,890.689157022254,991.3714276850139
189296052020004,1,2014,2021,7,sn,calibrated,21.98863410949707,64.01008605957031,7.936174392700195,368.934814453125,0.0,88.4066888022845,890.689157022254,991.3714276850139
189296052020004,1,2014,2021,7,sn,hg_bayes,22.089496612548828,64.61990356445312,7.916735172271728,554.60498046875,0.0,88.4066888022845,890.689157022254,991.3714276850139
189296052020004,1,2014,2021,7,sn,hg_organon,22.089496612548828,64.61990356445312,7.916735172271728,554.60498046875,0.0,88.4066888022845,890.689157022254,991.3714276850139
189296052020004,1,2014,2021,7,sn,hg_conus_sp,22.092145919799805,64.61990356445312,7.917209148406982,514.6527099609375,0.0,88.4066888022845,890.689157022254,991.3714276850139
189296052020004,1,2014,2021,7,sn,hg_conus_clim,22.06181907653809,64.6199722290039,7.91176700592041,452.68267822265625,0.0,88.4066888022845,890.689157022254,991.3714276850139
162418630010854,45,1978,1986,8,sn,default,26.330060958862305,22.732406616210938,14.572683334350586,630.4442749023438,2126.250732421875,35.5839059923026,296.86501343097603,1154.510592219696
162418630010854,45,1978,1986,8,sn,calibrated,26.703857421875,23.11629676818848,14.553390502929688,638.8641357421875,2150.234619140625,35.5839059923026,296.86501343097603,1154.510592219696
162418630010854,45,1978,1986,8,sn,hg_bayes,26.335113525390625,22.732402801513672,14.574082374572754,844.6625366210938,3311.8388671875,35.5839059923026,296.86501343097603,1154.510592219696
162418630010854,45,1978,1986,8,sn,hg_organon,26.335113525390625,22.732402801513672,14.574082374572754,844.6625366210938,3311.8388671875,35.5839059923026,296.86501343097603,1154.510592219696
162418630010854,45,1978,1986,8,sn,hg_conus_sp,26.334716796875,22.73240089416504,14.573974609375,776.3187255859375,2888.896240234375,35.5839059923026,296.86501343097603,1154.510592219696
162418630010854,45,1978,1986,8,sn,hg_conus_clim,26.330060958862305,22.732406616210938,14.572683334350586,630.4442749023438,2126.250732421875,35.5839059923026,296.86501343097603,1154.510592219696
259082515010854,13,2012,2018,6,sn,default,87.0483169555664,164.2916717529297,9.856184005737305,2154.492919921875,5242.79443359375,119.51935187652684,2125.838406520206,4355.999526107538
259082515010854,13,2012,2018,6,sn,calibrated,87.10554504394531,164.45399475097656,9.854555130004885,2155.835693359375,5244.09130859375,119.51935187652684,2125.838406520206,4355.999526107538
259082515010854,13,2012,2018,6,sn,hg_bayes,87.08984375,164.29161071777344,9.858537673950195,2517.562255859375,6222.07470703125,119.51935187652684,2125.838406520206,4355.999526107538
259082515010854,13,2012,2018,6,sn,hg_organon,87.08984375,164.29161071777344,9.858537673950195,2517.562255859375,6222.07470703125,119.51935187652684,2125.838406520206,4355.999526107538
259082515010854,13,2012,2018,6,sn,hg_conus_sp,87.0615463256836,164.2916259765625,9.856931686401367,2361.66064453125,5874.7734375,119.51935187652684,2125.838406520206,4355.999526107538
259082515010854,13,2012,2018,6,sn,hg_conus_clim,87.0483169555664,164.2916717529297,9.856184005737305,2154.492919921875,5242.79443359375,119.51935187652684,2125.838406520206,4355.999526107538
61089209010478,13,1999,2009,10,sn,default,77.9822769165039,132.22779846191406,10.398550987243652,2484.364990234375,8099.982421875,67.95286787349627,2142.3574011660658,7863.2549115209795
61089209010478,13,1999,2009,10,sn,calibrated,77.3414535522461,130.55970764160156,10.42168426513672,2466.833251953125,8071.65234375,67.95286787349627,2142.3574011660658,7863.2549115209795
61089209010478,13,1999,2009,10,sn,hg_bayes,78.05083465576172,132.2275390625,10.403130531311035,2766.327880859375,9260.1787109375,67.95286787349627,2142.3574011660658,7863.2549115209795
61089209010478,13,1999,2009,10,sn,hg_organon,78.05083465576172,132.2275390625,10.403130531311035,2766.327880859375,9260.1787109375,67.95286787349627,2142.3574011660658,7863.2549115209795
61089209010478,13,1999,2009,10,sn,hg_conus_sp,77.98573303222656,132.22767639160156,10.39878749847412,2546.06103515625,8516.7001953125,67.95286787349627,2142.3574011660658,7863.2549115209795
61089209010478,13,1999,2009,10,sn,hg_conus_clim,77.9822769165039,132.22779846191406,10.398550987243652,2484.364990234375,8099.982421875,67.95286787349627,2142.3574011660658,7863.2549115209795
197125854010854,28,2010,2016,6,sn,default,26.06057357788086,82.37152862548828,7.616223335266113,475.0472717285156,0.0,71.61059990432963,648.006601527178,1351.9542806398858
197125854010854,28,2010,2016,6,sn,calibrated,25.773914337158203,81.28963470458984,7.624456405639648,470.2796630859375,0.0,71.61059990432963,648.006601527178,1351.9542806398858
197125854010854,28,2010,2016,6,sn,hg_bayes,26.05042266845703,82.37157440185547,7.614739894866943,626.6864624023438,0.0,71.61059990432963,648.006601527178,1351.9542806398858
197125854010854,28,2010,2016,6,sn,hg_organon,26.05042266845703,82.37157440185547,7.614739894866943,626.6864624023438,0.0,71.61059990432963,648.006601527178,1351.9542806398858
197125854010854,28,2010,2016,6,sn,hg_conus_sp,26.04890251159668,82.3715591430664,7.6145172119140625,591.74072265625,0.0,71.61059990432963,648.006601527178,1351.9542806398858
197125854010854,28,2010,2016,6,sn,hg_conus_clim,26.02497100830078,82.37161254882812,7.611016273498535,553.7476806640625,0.0,71.61059990432963,648.006601527178,1351.9542806398858
24020808010478,45,2002,2007,5,sn,default,134.30148315429688,503.4195556640625,6.993774890899658,1620.091796875,0.0,85.90923920270862,1238.268920291708,496.422187266872
24020808010478,45,2002,2007,5,sn,calibrated,133.83990478515625,500.9601135253906,6.998862266540527,1616.01025390625,0.0,85.90923920270862,1238.268920291708,496.422187266872
24020808010478,45,2002,2007,5,sn,hg_bayes,134.30393981933594,503.4152526855469,6.993866443634033,2782.98193359375,0.0,85.90923920270862,1238.268920291708,496.422187266872
24020808010478,45,2002,2007,5,sn,hg_organon,134.30393981933594,503.4152526855469,6.993866443634033,2782.98193359375,0.0,85.90923920270862,1238.268920291708,496.422187266872
24020808010478,45,2002,2007,5,sn,hg_conus_sp,134.30145263671875,503.4192199707031,6.993776798248291,2592.595703125,0.0,85.90923920270862,1238.268920291708,496.422187266872
24020808010478,45,2002,2007,5,sn,hg_conus_clim,134.30101013183594,503.4205322265625,6.993755340576172,2542.760986328125,0.0,85.90923920270862,1238.268920291708,496.422187266872
158712944010854,13,1971,1980,9,sn,default,63.520164489746094,89.2382583618164,11.423957824707031,1245.4127197265625,4388.228515625,62.92706567754514,1289.8550567433058,6510.351836508124
158712944010854,13,1971,1980,9,sn,calibrated,61.60478210449219,85.4251937866211,11.49874782562256,1211.4415283203125,4297.9150390625,62.92706567754514,1289.8550567433058,6510.351836508124
158712944010854,13,1971,1980,9,sn,hg_bayes,63.54751205444336,89.2382583618164,11.426417350769045,1936.8931884765625,6969.91796875,62.92706567754514,1289.8550567433058,6510.351836508124
158712944010854,13,1971,1980,9,sn,hg_organon,63.54751205444336,89.2382583618164,11.426417350769045,1936.8931884765625,6969.91796875,62.92706567754514,1289.8550567433058,6510.351836508124
158712944010854,13,1971,1980,9,sn,hg_conus_sp,63.55329513549805,89.23822021484375,11.426936149597168,2119.4609375,7523.1708984375,62.92706567754514,1289.8550567433058,6510.351836508124
158712944010854,13,1971,1980,9,sn,hg_conus_clim,63.520164489746094,89.2382583618164,11.423957824707031,1245.4127197265625,4388.228515625,62.92706567754514,1289.8550567433058,6510.351836508124
175742586010854,1,2010,2017,7,sn,default,116.81727600097656,181.56011962890625,10.86124324798584,2935.872314453125,9089.9921875,143.45222686106416,3004.186091816236,9918.296441146724
175742586010854,1,2010,2017,7,sn,calibrated,114.17375946044922,175.82708740234375,10.911304473876951,2873.938232421875,8978.5771484375,143.45222686106416,3004.186091816236,9918.296441146724
175742586010854,1,2010,2017,7,sn,hg_bayes,116.82902526855467,181.5601043701172,10.861791610717772,3689.505859375,11526.8349609375,143.45222686106416,3004.186091816236,9918.296441146724
175742586010854,1,2010,2017,7,sn,hg_organon,116.82902526855467,181.5601043701172,10.861791610717772,3689.505859375,11526.8349609375,143.45222686106416,3004.186091816236,9918.296441146724
175742586010854,1,2010,2017,7,sn,hg_conus_sp,116.81524658203124,181.56011962890625,10.86115264892578,3443.815185546875,10753.537109375,143.45222686106416,3004.186091816236,9918.296441146724
175742586010854,1,2010,2017,7,sn,hg_conus_clim,116.80718231201172,181.5601501464844,10.860776901245115,3500.19189453125,10979.947265625,143.45222686106416,3004.186091816236,9918.296441146724
22347825010478,1,2004,2012,8,sn,default,113.6790008544922,127.68611145019533,12.776287078857422,3778.724609375,17536.04296875,153.00094547028397,5586.49778893485,28333.19552455193
22347825010478,1,2004,2012,8,sn,calibrated,112.85149383544922,126.13678741455078,12.80763816833496,3754.78759765625,17459.4921875,153.00094547028397,5586.49778893485,28333.19552455193
22347825010478,1,2004,2012,8,sn,hg_bayes,113.7747802734375,127.68592071533205,12.781675338745115,4408.7607421875,19506.47265625,153.00094547028397,5586.49778893485,28333.19552455193
22347825010478,1,2004,2012,8,sn,hg_organon,113.7747802734375,127.68592071533205,12.781675338745115,4408.7607421875,19506.47265625,153.00094547028397,5586.49778893485,28333.19552455193
22347825010478,1,2004,2012,8,sn,hg_conus_sp,113.72187042236328,127.6859893798828,12.778698921203612,4095.83349609375,18674.779296875,153.00094547028397,5586.49778893485,28333.19552455193
22347825010478,1,2004,2012,8,sn,hg_conus_clim,113.66486358642578,127.6861343383789,12.77548885345459,3828.575439453125,17685.7734375,153.00094547028397,5586.49778893485,28333.19552455193
43571186010478,1,1997,2002,5,sn,default,104.30622863769533,188.4979705810547,10.072518348693848,2370.954833984375,2721.205322265625,80.94515679177998,1233.847269318036,1721.3604857196121
43571186010478,1,1997,2002,5,sn,calibrated,104.27452850341795,188.42747497558597,10.072872161865234,2370.23828125,2721.063232421875,80.94515679177998,1233.847269318036,1721.3604857196121
43571186010478,1,1997,2002,5,sn,hg_bayes,104.35189056396484,188.49786376953125,10.074726104736328,2728.780029296875,3257.733154296875,80.94515679177998,1233.847269318036,1721.3604857196121
43571186010478,1,1997,2002,5,sn,hg_organon,104.35189056396484,188.49786376953125,10.074726104736328,2728.780029296875,3257.733154296875,80.94515679177998,1233.847269318036,1721.3604857196121
43571186010478,1,1997,2002,5,sn,hg_conus_sp,104.30467987060548,188.4979248046875,10.07244873046875,2548.1484375,3159.290771484375,80.94515679177998,1233.847269318036,1721.3604857196121
43571186010478,1,1997,2002,5,sn,hg_conus_clim,104.30587005615234,188.4979705810547,10.072500228881836,2369.06787109375,2721.205322265625,80.94515679177998,1233.847269318036,1721.3604857196121
198390888020004,28,2014,2020,6,sn,default,125.39136505126952,205.98138427734372,10.564677238464355,3041.671630859375,10590.5576171875,,,
198390888020004,28,2014,2020,6,sn,calibrated,123.40992736816406,200.43820190429688,10.62480926513672,3000.612060546875,10528.111328125,,,
198390888020004,28,2014,2020,6,sn,hg_bayes,125.34579467773438,205.9815368652344,10.56275463104248,3571.140625,12384.4501953125,,,
198390888020004,28,2014,2020,6,sn,hg_organon,125.34579467773438,205.9815368652344,10.56275463104248,3571.140625,12384.4501953125,,,
198390888020004,28,2014,2020,6,sn,hg_conus_sp,125.33013916015624,205.98150634765625,10.562089920043944,3366.95166015625,11598.189453125,,,
198390888020004,28,2014,2020,6,sn,hg_conus_clim,125.31417846679688,205.98150634765625,10.561419486999512,3219.561767578125,10950.2685546875,,,
76358540010478,13,2005,2010,5,sn,default,109.86690521240234,236.5263519287109,9.228477478027344,2832.95654296875,7172.08056640625,135.58408370621686,3323.68453911118,11040.594425454052
76358540010478,13,2005,2010,5,sn,calibrated,108.85576629638672,233.2561798095703,9.250078201293944,2809.966552734375,7147.939453125,135.58408370621686,3323.68453911118,11040.594425454052
76358540010478,13,2005,2010,5,sn,hg_bayes,109.86705780029295,236.52630615234372,9.228480339050291,3173.089599609375,7961.4853515625,135.58408370621686,3323.68453911118,11040.594425454052
76358540010478,13,2005,2010,5,sn,hg_organon,109.86705780029295,236.52630615234372,9.228480339050291,3173.089599609375,7961.4853515625,135.58408370621686,3323.68453911118,11040.594425454052
76358540010478,13,2005,2010,5,sn,hg_conus_sp,109.84698486328124,236.52638244628903,9.227635383605955,2954.1845703125,7580.94970703125,135.58408370621686,3323.68453911118,11040.594425454052
76358540010478,13,2005,2010,5,sn,hg_conus_clim,109.8527374267578,236.5263671875,9.22787857055664,2905.432373046875,7377.87548828125,135.58408370621686,3323.68453911118,11040.594425454052
157528221010854,1,1982,1990,8,sn,default,83.87437438964844,202.5830841064453,8.712631225585938,1834.1207275390625,2189.482177734375,121.15616463822737,1103.239965,2112.935584
157528221010854,1,1982,1990,8,sn,calibrated,83.91313934326172,202.7010955810547,8.712108612060547,1834.887939453125,2189.596923828125,121.15616463822737,1103.239965,2112.935584
157528221010854,1,1982,1990,8,sn,hg_bayes,83.90819549560547,202.5829315185547,8.71438980102539,2340.607177734375,2665.469482421875,121.15616463822737,1103.239965,2112.935584
157528221010854,1,1982,1990,8,sn,hg_organon,83.90819549560547,202.5829315185547,8.71438980102539,2340.607177734375,2665.469482421875,121.15616463822737,1103.239965,2112.935584
157528221010854,1,1982,1990,8,sn,hg_conus_sp,83.85926055908203,202.5830841064453,8.711846351623535,2124.995849609375,2509.260498046875,121.15616463822737,1103.239965,2112.935584
157528221010854,1,1982,1990,8,sn,hg_conus_clim,83.85984802246094,202.58311462402344,8.711875915527344,1890.09228515625,2169.82421875,121.15616463822737,1103.239965,2112.935584
158725519010854,13,1981,1988,7,sn,default,138.4719696044922,393.3008117675781,8.034427642822266,2759.04736328125,4510.990234375,157.74220957383298,2391.959811790082,3718.593077193439
158725519010854,13,1981,1988,7,sn,calibrated,136.89907836914062,387.11029052734375,8.052288055419922,2732.653564453125,4504.07666015625,157.74220957383298,2391.959811790082,3718.593077193439
158725519010854,13,1981,1988,7,sn,hg_bayes,138.55227661132812,393.1824645996094,8.0379638671875,4051.28759765625,5850.751953125,157.74220957383298,2391.959811790082,3718.593077193439
158725519010854,13,1981,1988,7,sn,hg_organon,138.55227661132812,393.1824645996094,8.0379638671875,4051.28759765625,5850.751953125,157.74220957383298,2391.959811790082,3718.593077193439
158725519010854,13,1981,1988,7,sn,hg_conus_sp,138.5657501220703,393.16204833984375,8.03856372833252,4337.26513671875,6297.87158203125,157.74220957383298,2391.959811790082,3718.593077193439
158725519010854,13,1981,1988,7,sn,hg_conus_clim,138.4719696044922,393.3008117675781,8.034427642822266,2759.04736328125,4510.990234375,157.74220957383298,2391.959811790082,3718.593077193439
158716544010854,13,1972,1982,10,sn,default,84.5840072631836,168.12594604492188,9.604243278503418,1811.471435546875,3563.689453125,128.2823603798072,1993.544352980086,4972.927905764037
158716544010854,13,1972,1982,10,sn,calibrated,83.61311340332031,165.707763671875,9.61838150024414,1790.62890625,3545.68408203125,128.2823603798072,1993.544352980086,4972.927905764037
158716544010854,13,1972,1982,10,sn,hg_bayes,84.6584701538086,168.1259307861328,9.608468055725098,2483.33740234375,4866.55712890625,128.2823603798072,1993.544352980086,4972.927905764037
158716544010854,13,1972,1982,10,sn,hg_organon,84.6584701538086,168.1259307861328,9.608468055725098,2483.33740234375,4866.55712890625,128.2823603798072,1993.544352980086,4972.927905764037
158716544010854,13,1972,1982,10,sn,hg_conus_sp,84.62076568603516,168.1259765625,9.60632610321045,2252.419921875,4470.69775390625,128.2823603798072,1993.544352980086,4972.927905764037
158716544010854,13,1972,1982,10,sn,hg_conus_clim,84.59831237792969,168.1259002685547,9.60505199432373,1815.7078857421875,3563.690185546875,128.2823603798072,1993.544352980086,4972.927905764037
106286383010478,1,2007,2013,6,sn,default,92.35214233398438,87.69178009033203,13.895699501037598,3126.511474609375,14737.3359375,63.90869847339345,1911.30134946023,7309.179969953074
106286383010478,1,2007,2013,6,sn,calibrated,92.22232055664062,87.5103530883789,13.900314331054688,3122.734619140625,14726.78125,63.90869847339345,1911.30134946023,7309.179969953074
106286383010478,1,2007,2013,6,sn,hg_bayes,92.37743377685548,87.69172668457031,13.897605895996094,3298.539306640625,15747.390625,63.90869847339345,1911.30134946023,7309.179969953074
106286383010478,1,2007,2013,6,sn,hg_organon,92.37743377685548,87.69172668457031,13.897605895996094,3298.539306640625,15747.390625,63.90869847339345,1911.30134946023,7309.179969953074
106286383010478,1,2007,2013,6,sn,hg_conus_sp,92.35540008544922,87.6917724609375,13.895941734313965,3160.338623046875,14902.00390625,63.90869847339345,1911.30134946023,7309.179969953074
106286383010478,1,2007,2013,6,sn,hg_conus_clim,92.3806381225586,87.6917495727539,13.897845268249512,3211.092529296875,15288.5458984375,63.90869847339345,1911.30134946023,7309.179969953074
160401302010854,28,1986,1993,7,sn,default,89.35258483886719,114.95795440673828,11.937692642211914,2510.5205078125,9699.314453125,94.59511002833662,2608.922552537149,11871.795542569354
160401302010854,28,1986,1993,7,sn,calibrated,88.58409881591797,113.5839385986328,11.95792007446289,2489.7734375,9639.05859375,94.59511002833662,2608.922552537149,11871.795542569354
160401302010854,28,1986,1993,7,sn,hg_bayes,89.37528228759766,114.95787811279295,11.939214706420898,3014.853515625,11793.068359375,94.59511002833662,2608.922552537149,11871.795542569354
160401302010854,28,1986,1993,7,sn,hg_organon,89.37528228759766,114.95787811279295,11.939214706420898,3014.853515625,11793.068359375,94.59511002833662,2608.922552537149,11871.795542569354
160401302010854,28,1986,1993,7,sn,hg_conus_sp,89.35972595214844,114.95793151855467,11.938167572021484,2804.859130859375,10864.3310546875,94.59511002833662,2608.922552537149,11871.795542569354
160401302010854,28,1986,1993,7,sn,hg_conus_clim,89.29415130615234,114.9580307006836,11.933782577514648,2729.95703125,10750.8828125,94.59511002833662,2608.922552537149,11871.795542569354
162412626010854,45,1968,1978,10,sn,default,199.96728515625,340.2791748046875,10.380017280578612,4927.93896484375,13483.126953125,104.70877443953304,2026.375029617884,4394.982397233612
162412626010854,45,1968,1978,10,sn,calibrated,178.6671905517578,284.8463439941406,10.723913192749023,4474.9873046875,12842.853515625,104.70877443953304,2026.375029617884,4394.982397233612
162412626010854,45,1968,1978,10,sn,hg_bayes,199.9729461669922,339.64862060546875,10.389796257019045,6550.58056640625,17407.953125,104.70877443953304,2026.375029617884,4394.982397233612
162412626010854,45,1968,1978,10,sn,hg_organon,199.9729461669922,339.64862060546875,10.389796257019045,6550.58056640625,17407.953125,104.70877443953304,2026.375029617884,4394.982397233612
162412626010854,45,1968,1978,10,sn,hg_conus_sp,199.96994018554688,340.2843933105469,10.380006790161133,5720.25,15882.45703125,104.70877443953304,2026.375029617884,4394.982397233612
162412626010854,45,1968,1978,10,sn,hg_conus_clim,199.96725463867188,340.2740478515625,10.38009548187256,4939.20263671875,13544.619140625,104.70877443953304,2026.375029617884,4394.982397233612
451407629489998,28,2017,2024,7,sn,default,31.602807998657227,17.485319137573242,18.20381164550781,1166.4266357421875,5882.91748046875,77.67685068514027,1290.54345520737,3063.25495252153
451407629489998,28,2017,2024,7,sn,calibrated,31.32588005065918,17.29590606689453,18.222848892211918,1156.4091796875,5836.05419921875,77.67685068514027,1290.54345520737,3063.25495252153
451407629489998,28,2017,2024,7,sn,hg_bayes,31.58253288269043,17.485347747802734,18.19795608520508,1249.04248046875,6326.8662109375,77.67685068514027,1290.54345520737,3063.25495252153
451407629489998,28,2017,2024,7,sn,hg_organon,31.58253288269043,17.485347747802734,18.19795608520508,1249.04248046875,6326.8662109375,77.67685068514027,1290.54345520737,3063.25495252153
451407629489998,28,2017,2024,7,sn,hg_conus_sp,31.593748092651367,17.485328674316406,18.20119857788086,1204.40771484375,6147.2197265625,77.67685068514027,1290.54345520737,3063.25495252153
451407629489998,28,2017,2024,7,sn,hg_conus_clim,31.602807998657227,17.485319137573242,18.20381164550781,1166.4266357421875,5882.91748046875,77.67685068514027,1290.54345520737,3063.25495252153
158727064010854,13,1982,1989,7,sn,default,78.2129898071289,120.44002532958984,10.911645889282228,1577.9869384765625,2379.7255859375,51.980193840014586,1188.843487845102,3096.054265412531
158727064010854,13,1982,1989,7,sn,calibrated,77.99636840820312,120.05826568603516,10.913838386535645,1573.768798828125,2377.639892578125,51.980193840014586,1188.843487845102,3096.054265412531
158727064010854,13,1982,1989,7,sn,hg_bayes,78.30197143554688,120.43992614746094,10.917856216430664,1670.7855224609375,2379.736083984375,51.980193840014586,1188.843487845102,3096.054265412531
158727064010854,13,1982,1989,7,sn,hg_organon,78.30197143554688,120.43992614746094,10.917856216430664,1670.7855224609375,2379.736083984375,51.980193840014586,1188.843487845102,3096.054265412531
158727064010854,13,1982,1989,7,sn,hg_conus_sp,78.24882507324219,120.44000244140624,10.914148330688477,1623.0531005859375,2379.732177734375,51.980193840014586,1188.843487845102,3096.054265412531
158727064010854,13,1982,1989,7,sn,hg_conus_clim,78.2129898071289,120.44002532958984,10.911645889282228,1577.9869384765625,2379.7255859375,51.980193840014586,1188.843487845102,3096.054265412531
158714338010854,13,1970,1980,10,sn,default,37.99756622314453,71.20256042480469,9.89159870147705,809.3045654296875,2543.05029296875,86.92120456147921,2119.412961915986,8557.038109381487
158714338010854,13,1970,1980,10,sn,calibrated,37.819522857666016,70.70580291748047,9.903000831604004,805.9556884765625,2536.445556640625,86.92120456147921,2119.412961915986,8557.038109381487
158714338010854,13,1970,1980,10,sn,hg_bayes,38.08232498168945,71.20248413085938,9.902627944946287,1095.4981689453125,3431.35009765625,86.92120456147921,2119.412961915986,8557.038109381487
158714338010854,13,1970,1980,10,sn,hg_organon,38.08232498168945,71.20248413085938,9.902627944946287,1095.4981689453125,3431.35009765625,86.92120456147921,2119.412961915986,8557.038109381487
158714338010854,13,1970,1980,10,sn,hg_conus_sp,38.09443664550781,71.20246124267578,9.904204368591309,1084.9249267578125,3416.336669921875,86.92120456147921,2119.412961915986,8557.038109381487
158714338010854,13,1970,1980,10,sn,hg_conus_clim,37.99756622314453,71.20256042480469,9.89159870147705,809.3045654296875,2543.05029296875,86.92120456147921,2119.412961915986,8557.038109381487
106287071010478,1,2007,2014,7,sn,default,75.9347915649414,146.40855407714844,9.751548767089844,1649.5655517578125,2193.44482421875,89.93190360291892,1578.000038238652,2373.348680642804
106287071010478,1,2007,2014,7,sn,calibrated,75.53839111328125,145.30491638183594,9.762927055358888,1642.162353515625,2191.196044921875,89.93190360291892,1578.000038238652,2373.348680642804
106287071010478,1,2007,2014,7,sn,hg_bayes,75.93110656738281,146.40853881835938,9.75130844116211,2007.09375,2751.595947265625,89.93190360291892,1578.000038238652,2373.348680642804
106287071010478,1,2007,2014,7,sn,hg_organon,75.93110656738281,146.40853881835938,9.75130844116211,2007.09375,2751.595947265625,89.93190360291892,1578.000038238652,2373.348680642804
106287071010478,1,2007,2014,7,sn,hg_conus_sp,75.89564514160156,146.40863037109375,9.749030113220217,1856.7239990234373,2628.228515625,89.93190360291892,1578.000038238652,2373.348680642804
106287071010478,1,2007,2014,7,sn,hg_conus_clim,75.88170623779297,146.4086456298828,9.748130798339844,1716.2821044921875,2335.14794921875,89.93190360291892,1578.000038238652,2373.348680642804
85239084010478,28,2006,2011,5,sn,default,243.0746917724609,111.85933685302734,19.96043968200684,7844.19287109375,43272.03125,102.63730146247713,2610.1908488738463,12180.38014130795
85239084010478,28,2006,2011,5,sn,calibrated,243.0746917724609,111.85933685302734,19.96043968200684,7844.19287109375,43272.03125,102.63730146247713,2610.1908488738463,12180.38014130795
85239084010478,28,2006,2011,5,sn,hg_bayes,243.0894775390625,111.85250854492188,19.961650848388672,8594.93359375,47806.9921875,102.63730146247713,2610.1908488738463,12180.38014130795
85239084010478,28,2006,2011,5,sn,hg_organon,243.0894775390625,111.85250854492188,19.961650848388672,8594.93359375,47806.9921875,102.63730146247713,2610.1908488738463,12180.38014130795
85239084010478,28,2006,2011,5,sn,hg_conus_sp,243.079345703125,111.85751342773438,19.960792541503903,8150.37890625,45070.28125,102.63730146247713,2610.1908488738463,12180.38014130795
85239084010478,28,2006,2011,5,sn,hg_conus_clim,243.0746917724609,111.85933685302734,19.96043968200684,7844.19287109375,43272.03125,102.63730146247713,2610.1908488738463,12180.38014130795
158712558010854,13,1970,1981,11,sn,default,114.21002960205078,290.9135131835937,8.484113693237305,1899.38330078125,1417.4769287109375,,0.0,0.0
158712558010854,13,1970,1981,11,sn,calibrated,107.00092315673828,266.5075988769531,8.57976245880127,1795.0660400390625,1412.2130126953125,,0.0,0.0
158712558010854,13,1970,1981,11,sn,hg_bayes,114.35802459716795,290.7021179199219,8.492697715759277,3590.34521484375,2587.314453125,,0.0,0.0
158712558010854,13,1970,1981,11,sn,hg_organon,114.35802459716795,290.7021179199219,8.492697715759277,3590.34521484375,2587.314453125,,0.0,0.0
158712558010854,13,1970,1981,11,sn,hg_conus_sp,114.2792739868164,290.7358703613281,8.489278793334961,3811.3955078125,2835.875,,0.0,0.0
158712558010854,13,1970,1981,11,sn,hg_conus_clim,114.21002960205078,290.9135131835937,8.484113693237305,1899.38330078125,1417.4769287109375,,0.0,0.0
488022715489998,45,2019,2024,5,sn,default,164.5557861328125,105.71569061279295,16.893634796142578,5646.20263671875,30404.9921875,191.9738587343752,5339.9235015066315,24598.297848098337
488022715489998,45,2019,2024,5,sn,calibrated,146.71871948242188,88.01657104492188,17.482229232788086,5094.8779296875,27978.34765625,191.9738587343752,5339.9235015066315,24598.297848098337
488022715489998,45,2019,2024,5,sn,hg_bayes,164.55531311035156,105.71575164794922,16.89361000061035,6112.9912109375,33312.0703125,191.9738587343752,5339.9235015066315,24598.297848098337
488022715489998,45,2019,2024,5,sn,hg_organon,164.55531311035156,105.71575164794922,16.89361000061035,6112.9912109375,33312.0703125,191.9738587343752,5339.9235015066315,24598.297848098337
488022715489998,45,2019,2024,5,sn,hg_conus_sp,164.5533905029297,105.71763610839844,16.893360137939453,5898.9482421875,31892.52734375,191.9738587343752,5339.9235015066315,24598.297848098337
488022715489998,45,2019,2024,5,sn,hg_conus_clim,164.5558624267578,105.71566009521484,16.89364242553711,5661.03759765625,30473.576171875,191.9738587343752,5339.9235015066315,24598.297848098337
76937671010478,13,2006,2011,5,sn,default,22.99621963500977,76.54435729980469,7.42177677154541,333.1407775878906,0.0,99.63721833538668,493.91963700018596,233.865281596682
76937671010478,13,2006,2011,5,sn,calibrated,22.987966537475582,76.5134048461914,7.42194652557373,333.0357971191406,0.0,99.63721833538668,493.91963700018596,233.865281596682
76937671010478,13,2006,2011,5,sn,hg_bayes,22.999351501464844,76.5443344116211,7.422283172607422,448.9520568847656,0.0,99.63721833538668,493.91963700018596,233.865281596682
76937671010478,13,2006,2011,5,sn,hg_organon,22.999351501464844,76.5443344116211,7.422283172607422,448.9520568847656,0.0,99.63721833538668,493.91963700018596,233.865281596682
76937671010478,13,2006,2011,5,sn,hg_conus_sp,22.99778175354004,76.54434204101562,7.422029495239258,414.3406066894531,0.0,99.63721833538668,493.91963700018596,233.865281596682
76937671010478,13,2006,2011,5,sn,hg_conus_clim,22.977272033691406,76.54436492919922,7.418718338012695,359.7613830566406,0.0,99.63721833538668,493.91963700018596,233.865281596682
249675685010854,28,2011,2018,7,sn,default,88.39237976074219,187.3263092041016,9.301311492919922,2001.2471923828125,4922.91943359375,115.95556702776987,2439.015215448588,7454.261692932908
249675685010854,28,2011,2018,7,sn,calibrated,87.93236541748047,185.8594512939453,9.313615798950195,1992.986083984375,4915.6484375,115.95556702776987,2439.015215448588,7454.261692932908
249675685010854,28,2011,2018,7,sn,hg_bayes,88.3714828491211,187.3262939453125,9.300214767456056,2369.505126953125,5387.03076171875,115.95556702776987,2439.015215448588,7454.261692932908
249675685010854,28,2011,2018,7,sn,hg_organon,88.3714828491211,187.3262939453125,9.300214767456056,2369.505126953125,5387.03076171875,115.95556702776987,2439.015215448588,7454.261692932908
249675685010854,28,2011,2018,7,sn,hg_conus_sp,88.33123016357422,187.32644653320312,9.298091888427734,2202.013671875,5240.6259765625,115.95556702776987,2439.015215448588,7454.261692932908
249675685010854,28,2011,2018,7,sn,hg_conus_clim,88.3347396850586,187.32638549804688,9.298279762268066,2037.4954833984373,5101.13818359375,115.95556702776987,2439.015215448588,7454.261692932908
635664828126144,13,2019,2024,5,sn,default,39.49699020385742,70.64220428466797,10.124791145324709,944.5877685546876,991.5838012695312,86.30065872719976,953.402504258826,382.44880925518004
635664828126144,13,2019,2024,5,sn,calibrated,39.51032257080078,70.67235565185547,10.124340057373049,944.885498046875,991.6267700195312,86.30065872719976,953.402504258826,382.44880925518004
635664828126144,13,2019,2024,5,sn,hg_bayes,39.50516128540039,70.6422119140625,10.125840187072754,1086.6104736328125,1092.21875,86.30065872719976,953.402504258826,382.44880925518004
635664828126144,13,2019,2024,5,sn,hg_organon,39.50516128540039,70.6422119140625,10.125840187072754,1086.6104736328125,1092.21875,86.30065872719976,953.402504258826,382.44880925518004
635664828126144,13,2019,2024,5,sn,hg_conus_sp,39.49781799316406,70.6422119140625,10.124897956848145,1019.9393310546876,1029.694580078125,86.30065872719976,953.402504258826,382.44880925518004
635664828126144,13,2019,2024,5,sn,hg_conus_clim,39.49699020385742,70.64220428466797,10.124791145324709,944.5877685546876,991.5838012695312,86.30065872719976,953.402504258826,382.44880925518004
44593411010478,45,1999,2004,5,sn,default,155.64056396484375,194.3417510986328,12.117544174194336,4339.103515625,14962.68359375,111.21812228369852,1511.182847019622,2887.630388320082
44593411010478,45,1999,2004,5,sn,calibrated,150.79254150390625,185.91824340820312,12.194534301757812,4217.4560546875,14753.5908203125,111.21812228369852,1511.182847019622,2887.630388320082
44593411010478,45,1999,2004,5,sn,hg_bayes,155.64845275878906,194.330810546875,12.118193626403809,4880.27294921875,16985.49609375,111.21812228369852,1511.182847019622,2887.630388320082
44593411010478,45,1999,2004,5,sn,hg_organon,155.64845275878906,194.330810546875,12.118193626403809,4880.27294921875,16985.49609375,111.21812228369852,1511.182847019622,2887.630388320082
44593411010478,45,1999,2004,5,sn,hg_conus_sp,155.6243896484375,194.3526611328125,12.116575241088867,4526.06689453125,15561.9296875,111.21812228369852,1511.182847019622,2887.630388320082
44593411010478,45,1999,2004,5,sn,hg_conus_clim,155.64056396484375,194.3417510986328,12.117544174194336,4339.103515625,14962.68359375,111.21812228369852,1511.182847019622,2887.630388320082
335445502489998,1,2016,2022,6,sn,default,79.86434173583984,234.9333953857422,7.894787311553955,1656.180908203125,2011.2784423828125,,,
335445502489998,1,2016,2022,6,sn,calibrated,79.29167175292969,232.67144775390625,7.904575347900391,1645.5875244140625,2008.7652587890625,,,
335445502489998,1,2016,2022,6,sn,hg_bayes,79.84723663330078,234.93338012695312,7.893942832946777,2024.3929443359373,2591.41357421875,,,
335445502489998,1,2016,2022,6,sn,hg_organon,79.84723663330078,234.93338012695312,7.893942832946777,2024.3929443359373,2591.41357421875,,,
335445502489998,1,2016,2022,6,sn,hg_conus_sp,79.79656219482422,234.9335021972656,7.891436576843262,1876.4962158203125,2472.78955078125,,,
335445502489998,1,2016,2022,6,sn,hg_conus_clim,79.7369613647461,234.93362426757807,7.888485431671143,1783.25537109375,2489.990966796875,,,
100565376010478,28,2007,2012,5,sn,default,42.75710678100586,35.23176574707031,14.916715621948242,1464.399169921875,7586.4931640625,51.5570760230584,1217.463271480048,7105.852510527642
100565376010478,28,2007,2012,5,sn,calibrated,42.32969284057617,34.78232192993164,14.937555313110352,1451.13720703125,7527.63330078125,51.5570760230584,1217.463271480048,7105.852510527642
100565376010478,28,2007,2012,5,sn,hg_bayes,42.731048583984375,35.231788635253906,14.912166595458984,1530.7281494140625,7857.73876953125,51.5570760230584,1217.463271480048,7105.852510527642
100565376010478,28,2007,2012,5,sn,hg_organon,42.731048583984375,35.231788635253906,14.912166595458984,1530.7281494140625,7857.73876953125,51.5570760230584,1217.463271480048,7105.852510527642
100565376010478,28,2007,2012,5,sn,hg_conus_sp,42.74282836914063,35.231781005859375,14.914222717285156,1502.9622802734375,7744.2177734375,51.5570760230584,1217.463271480048,7105.852510527642
100565376010478,28,2007,2012,5,sn,hg_conus_clim,42.73975372314453,35.231781005859375,14.913683891296388,1512.02490234375,7755.86181640625,51.5570760230584,1217.463271480048,7105.852510527642
158719257010854,13,1970,1980,10,sn,default,55.10261917114258,108.50106048583984,9.649513244628906,1062.4805908203125,1913.0042724609373,67.8210019839872,1584.093424510087,6364.465498724767
158719257010854,13,1970,1980,10,sn,calibrated,54.798248291015625,107.74339294433594,9.656601905822754,1056.7716064453125,1909.6064453125,67.8210019839872,1584.093424510087,6364.465498724767
158719257010854,13,1970,1980,10,sn,hg_bayes,55.18718719482422,108.5009765625,9.6569185256958,1517.8790283203125,2810.194580078125,67.8210019839872,1584.093424510087,6364.465498724767
158719257010854,13,1970,1980,10,sn,hg_organon,55.18718719482422,108.5009765625,9.6569185256958,1517.8790283203125,2810.194580078125,67.8210019839872,1584.093424510087,6364.465498724767
158719257010854,13,1970,1980,10,sn,hg_conus_sp,55.16763305664063,108.50098419189452,9.655207633972168,1516.87744140625,2840.62353515625,67.8210019839872,1584.093424510087,6364.465498724767
158719257010854,13,1970,1980,10,sn,hg_conus_clim,55.10261917114258,108.50106048583984,9.649513244628906,1062.4805908203125,1913.0042724609373,67.8210019839872,1584.093424510087,6364.465498724767
158728714010854,13,1982,1988,6,sn,default,18.4246768951416,52.30736541748047,8.036274909973145,361.44183349609375,0.0,113.7488048110504,1085.606262945495,493.653805641892
158728714010854,13,1982,1988,6,sn,calibrated,18.343833923339844,52.05732345581055,8.037859916687012,359.7664794921875,0.0,113.7488048110504,1085.606262945495,493.653805641892
158728714010854,13,1982,1988,6,sn,hg_bayes,18.42469596862793,52.30736541748047,8.036279678344727,457.6072998046875,0.0,113.7488048110504,1085.606262945495,493.653805641892
158728714010854,13,1982,1988,6,sn,hg_organon,18.42469596862793,52.30736541748047,8.036279678344727,457.6072998046875,0.0,113.7488048110504,1085.606262945495,493.653805641892
158728714010854,13,1982,1988,6,sn,hg_conus_sp,18.429763793945312,52.30735778808594,8.037385940551758,450.4231262207031,0.0,113.7488048110504,1085.606262945495,493.653805641892
158728714010854,13,1982,1988,6,sn,hg_conus_clim,18.4246768951416,52.30736541748047,8.036274909973145,361.44183349609375,0.0,113.7488048110504,1085.606262945495,493.653805641892
61234200010478,13,1998,2007,9,sn,default,80.47325134277344,209.2303924560547,8.397493362426758,1396.40283203125,1023.1534423828124,110.5558813970215,1601.201916498316,4412.455056355378
61234200010478,13,1998,2007,9,sn,calibrated,78.05393981933594,201.1370086669922,8.435051918029785,1357.4697265625,1000.6641235351562,110.5558813970215,1601.201916498316,4412.455056355378
61234200010478,13,1998,2007,9,sn,hg_bayes,80.48778533935547,209.23031616210935,8.398255348205566,2365.81005859375,1862.984619140625,110.5558813970215,1601.201916498316,4412.455056355378
61234200010478,13,1998,2007,9,sn,hg_organon,80.48778533935547,209.23031616210935,8.398255348205566,2365.81005859375,1862.984619140625,110.5558813970215,1601.201916498316,4412.455056355378
61234200010478,13,1998,2007,9,sn,hg_conus_sp,80.48660278320312,209.23031616210935,8.398189544677734,2290.25048828125,1799.625,110.5558813970215,1601.201916498316,4412.455056355378
61234200010478,13,1998,2007,9,sn,hg_conus_clim,80.48361206054688,209.23031616210935,8.398036003112793,2189.663330078125,1754.611572265625,110.5558813970215,1601.201916498316,4412.455056355378
162413360010854,45,1968,1978,10,sn,default,31.30836677551269,55.15790939331055,10.201465606689451,646.4115600585938,1551.6773681640625,34.17375435048524,597.583610485397,1602.2303680169412
162413360010854,45,1968,1978,10,sn,calibrated,31.191593170166016,54.872650146484375,10.208858489990234,644.0555419921875,1549.035888671875,34.17375435048524,597.583610485397,1602.2303680169412
162413360010854,45,1968,1978,10,sn,hg_bayes,31.29006576538086,55.15804290771485,10.19847297668457,799.3101196289062,1972.6219482421875,34.17375435048524,597.583610485397,1602.2303680169412
162413360010854,45,1968,1978,10,sn,hg_organon,31.29006576538086,55.15804290771485,10.19847297668457,799.3101196289062,1972.6219482421875,34.17375435048524,597.583610485397,1602.2303680169412
162413360010854,45,1968,1978,10,sn,hg_conus_sp,31.289941787719727,55.15803909301758,10.19845199584961,791.4332275390625,1962.599365234375,34.17375435048524,597.583610485397,1602.2303680169412
162413360010854,45,1968,1978,10,sn,hg_conus_clim,31.30836677551269,55.15790939331055,10.201465606689451,646.4115600585938,1551.6773681640625,34.17375435048524,597.583610485397,1602.2303680169412
158713114010854,13,1971,1981,10,sn,default,91.653076171875,190.3700714111328,9.395296096801758,1944.39501953125,3154.0341796875,186.0526714616929,3496.788866750825,10125.425142064589
158713114010854,13,1971,1981,10,sn,calibrated,91.19143676757812,189.04345703125,9.404430389404297,1935.5384521484373,3150.713134765625,186.0526714616929,3496.788866750825,10125.425142064589
158713114010854,13,1971,1981,10,sn,hg_bayes,91.70584869384766,190.3699493408203,9.39800262451172,2870.518798828125,4238.38671875,186.0526714616929,3496.788866750825,10125.425142064589
158713114010854,13,1971,1981,10,sn,hg_organon,91.70584869384766,190.3699493408203,9.39800262451172,2870.518798828125,4238.38671875,186.0526714616929,3496.788866750825,10125.425142064589
158713114010854,13,1971,1981,10,sn,hg_conus_sp,91.70318603515624,190.3700256347656,9.397866249084473,2637.372314453125,4195.75244140625,186.0526714616929,3496.788866750825,10125.425142064589
158713114010854,13,1971,1981,10,sn,hg_conus_clim,91.65771484375,190.37005615234372,9.395533561706545,2013.9571533203125,3154.0341796875,186.0526714616929,3496.788866750825,10125.425142064589
282502332489998,13,2016,2021,5,sn,default,34.31591033935547,46.98557662963867,11.571823120117188,787.3218994140625,2663.119140625,45.59227602752233,809.652033234652,2752.87275565026
282502332489998,13,2016,2021,5,sn,calibrated,34.25764083862305,46.85800552368164,11.57772159576416,786.1641235351562,2660.77880859375,45.59227602752233,809.652033234652,2752.87275565026
282502332489998,13,2016,2021,5,sn,hg_bayes,34.30983352661133,46.98558044433594,11.570798873901367,952.1926879882812,3391.46337890625,45.59227602752233,809.652033234652,2752.87275565026
282502332489998,13,2016,2021,5,sn,hg_organon,34.30983352661133,46.98558044433594,11.570798873901367,952.1926879882812,3391.46337890625,45.59227602752233,809.652033234652,2752.87275565026
282502332489998,13,2016,2021,5,sn,hg_conus_sp,34.31089401245117,46.98558044433594,11.570977210998535,928.547607421875,3296.28857421875,45.59227602752233,809.652033234652,2752.87275565026
282502332489998,13,2016,2021,5,sn,hg_conus_clim,34.31591033935547,46.98557662963867,11.571823120117188,787.3218994140625,2663.119140625,45.59227602752233,809.652033234652,2752.87275565026
176549474010854,13,2010,2015,5,sn,default,54.8891487121582,123.93590545654295,9.0111665725708,747.7571411132812,1354.984130859375,90.70505082084698,1591.382920789084,825.765531941032
176549474010854,13,2010,2015,5,sn,calibrated,54.0019645690918,121.16254425048828,9.03976058959961,736.3856811523438,1347.674560546875,90.70505082084698,1591.382920789084,825.765531941032
176549474010854,13,2010,2015,5,sn,hg_bayes,54.89079284667969,123.9358901977539,9.011300086975098,1277.134765625,2438.446044921875,90.70505082084698,1591.382920789084,825.765531941032
176549474010854,13,2010,2015,5,sn,hg_organon,54.89079284667969,123.9358901977539,9.011300086975098,1277.134765625,2438.446044921875,90.70505082084698,1591.382920789084,825.765531941032
176549474010854,13,2010,2015,5,sn,hg_conus_sp,54.89052963256836,123.93589782714844,9.011279106140137,1186.90185546875,2275.802734375,90.70505082084698,1591.382920789084,825.765531941032
176549474010854,13,2010,2015,5,sn,hg_conus_clim,54.89009094238281,123.93589782714844,9.011244773864746,1216.9305419921875,2364.421875,90.70505082084698,1591.382920789084,825.765531941032
22341571010478,1,2002,2007,5,sn,default,115.53571319580078,194.72335815429688,10.43002700805664,3063.609130859375,7953.919921875,96.96517231862212,2966.448917323462,13881.621264145651
22341571010478,1,2002,2007,5,sn,calibrated,112.40140533447266,188.0921630859375,10.467348098754885,2982.01953125,7833.02685546875,96.96517231862212,2966.448917323462,13881.621264145651
22341571010478,1,2002,2007,5,sn,hg_bayes,115.5366668701172,194.7233428955078,10.430068969726562,3511.78271484375,9178.1298828125,96.96517231862212,2966.448917323462,13881.621264145651
22341571010478,1,2002,2007,5,sn,hg_organon,115.5366668701172,194.7233428955078,10.430068969726562,3511.78271484375,9178.1298828125,96.96517231862212,2966.448917323462,13881.621264145651
22341571010478,1,2002,2007,5,sn,hg_conus_sp,115.53594970703124,194.7233428955078,10.430038452148438,3335.349365234375,8668.130859375,96.96517231862212,2966.448917323462,13881.621264145651
22341571010478,1,2002,2007,5,sn,hg_conus_clim,115.5357437133789,194.72335815429688,10.430025100708008,3385.393310546875,8907.8232421875,96.96517231862212,2966.448917323462,13881.621264145651
335445583489998,1,2016,2023,7,sn,default,97.3366928100586,163.99990844726562,10.431646347045898,2484.244384765625,8159.8935546875,166.17488016541105,3170.37424554681,10238.933671250155
335445583489998,1,2016,2023,7,sn,calibrated,96.13301849365234,160.65110778808594,10.47443675994873,2458.3583984375,8126.97705078125,166.17488016541105,3170.37424554681,10238.933671250155
335445583489998,1,2016,2023,7,sn,hg_bayes,97.32656860351562,163.9999542236328,10.43109893798828,2946.67822265625,9486.19921875,166.17488016541105,3170.37424554681,10238.933671250155
335445583489998,1,2016,2023,7,sn,hg_organon,97.32656860351562,163.9999542236328,10.43109893798828,2946.67822265625,9486.19921875,166.17488016541105,3170.37424554681,10238.933671250155
335445583489998,1,2016,2023,7,sn,hg_conus_sp,97.3030776977539,163.99998474121094,10.42984104156494,2767.38818359375,9042.9443359375,166.17488016541105,3170.37424554681,10238.933671250155
335445583489998,1,2016,2023,7,sn,hg_conus_clim,97.28495025634766,164.00001525878906,10.428868293762209,2670.728271484375,8545.578125,166.17488016541105,3170.37424554681,10238.933671250155
158714264010854,13,1970,1980,10,sn,default,132.92539978027344,267.8163757324219,9.539413452148438,2690.857177734375,6905.1982421875,156.7060725258539,3536.877529193206,10767.128359512488
158714264010854,13,1970,1980,10,sn,calibrated,131.11158752441406,262.1900634765625,9.57522201538086,2660.1650390625,6878.9833984375,156.7060725258539,3536.877529193206,10767.128359512488
158714264010854,13,1970,1980,10,sn,hg_bayes,132.9582061767578,267.74810791015625,9.541807174682615,4436.49755859375,11123.919921875,156.7060725258539,3536.877529193206,10767.128359512488
158714264010854,13,1970,1980,10,sn,hg_organon,132.9582061767578,267.74810791015625,9.541807174682615,4436.49755859375,11123.919921875,156.7060725258539,3536.877529193206,10767.128359512488
158714264010854,13,1970,1980,10,sn,hg_conus_sp,132.97068786621094,267.73443603515625,9.542499542236328,4741.21630859375,11997.01953125,156.7060725258539,3536.877529193206,10767.128359512488
158714264010854,13,1970,1980,10,sn,hg_conus_clim,132.92539978027344,267.8163757324219,9.539413452148438,2690.857177734375,6905.1982421875,156.7060725258539,3536.877529193206,10767.128359512488
158712756010854,13,1972,1982,10,sn,default,81.98529052734375,118.53140258789062,11.261274337768556,1905.7550048828125,5245.9716796875,62.56987626462397,665.42289226172,2939.676706837413
158712756010854,13,1972,1982,10,sn,calibrated,82.07193756103516,118.72004699707033,11.25826930999756,1907.347900390625,5247.48291015625,62.56987626462397,665.42289226172,2939.676706837413
158712756010854,13,1972,1982,10,sn,hg_bayes,82.14856719970703,118.53079223632812,11.272512435913086,2338.927978515625,6081.556640625,62.56987626462397,665.42289226172,2939.676706837413
158712756010854,13,1972,1982,10,sn,hg_organon,82.14856719970703,118.53079223632812,11.272512435913086,2338.927978515625,6081.556640625,62.56987626462397,665.42289226172,2939.676706837413
158712756010854,13,1972,1982,10,sn,hg_conus_sp,82.03876495361328,118.53118133544922,11.264955520629885,2155.379150390625,5741.37841796875,62.56987626462397,665.42289226172,2939.676706837413
158712756010854,13,1972,1982,10,sn,hg_conus_clim,82.00656127929688,118.53137969970705,11.262736320495604,1924.4674072265625,5245.9755859375,62.56987626462397,665.42289226172,2939.676706837413
61145397010478,13,1999,2007,8,sn,default,34.87764358520508,46.51611328125,11.724871635437012,1261.348876953125,5094.09521484375,35.00514396265082,1199.971917069784,6139.45282630457
61145397010478,13,1999,2007,8,sn,calibrated,34.87981414794922,46.52142333984375,11.724569320678713,1261.4171142578125,5094.23046875,35.00514396265082,1199.971917069784,6139.45282630457
61145397010478,13,1999,2007,8,sn,hg_bayes,34.859344482421875,46.51611709594727,11.721796989440918,1319.0494384765625,5383.27783203125,35.00514396265082,1199.971917069784,6139.45282630457
61145397010478,13,1999,2007,8,sn,hg_organon,34.859344482421875,46.51611709594727,11.721796989440918,1319.0494384765625,5383.27783203125,35.00514396265082,1199.971917069784,6139.45282630457
61145397010478,13,1999,2007,8,sn,hg_conus_sp,34.8762321472168,46.51611709594727,11.724635124206545,1270.820068359375,5165.3505859375,35.00514396265082,1199.971917069784,6139.45282630457
61145397010478,13,1999,2007,8,sn,hg_conus_clim,34.87764358520508,46.51611328125,11.724871635437012,1261.348876953125,5094.09521484375,35.00514396265082,1199.971917069784,6139.45282630457
158731097010854,13,1982,1988,6,sn,default,173.73558044433594,83.96875762939453,19.47698974609375,5333.8046875,28029.9296875,117.35330097933654,2522.353898662186,10304.116145233922
158731097010854,13,1982,1988,6,sn,calibrated,157.81491088867188,71.01300048828125,20.18558692932129,4864.72998046875,26182.541015625,117.35330097933654,2522.353898662186,10304.116145233922
158731097010854,13,1982,1988,6,sn,hg_bayes,173.74021911621094,83.94908142089844,19.47953224182129,5948.9736328125,31110.91015625,117.35330097933654,2522.353898662186,10304.116145233922
158731097010854,13,1982,1988,6,sn,hg_organon,173.74021911621094,83.94908142089844,19.47953224182129,5948.9736328125,31110.91015625,117.35330097933654,2522.353898662186,10304.116145233922
158731097010854,13,1982,1988,6,sn,hg_conus_sp,173.73703002929688,83.95006561279297,19.47923469543457,5617.1455078125,29439.486328125,117.35330097933654,2522.353898662186,10304.116145233922
158731097010854,13,1982,1988,6,sn,hg_conus_clim,173.73558044433594,83.96875762939453,19.47698974609375,5333.8046875,28029.9296875,117.35330097933654,2522.353898662186,10304.116145233922
22304130010478,1,2001,2006,5,sn,default,4.459556579589844,17.646076202392578,6.807036399841309,70.2304916381836,0.0,114.60308071569791,723.92113446935,0.0
22304130010478,1,2001,2006,5,sn,calibrated,4.427624702453613,17.5095272064209,6.809018611907959,69.687255859375,0.0,114.60308071569791,723.92113446935,0.0
22304130010478,1,2001,2006,5,sn,hg_bayes,4.458031177520752,17.64607810974121,6.805872440338135,93.74945068359376,0.0,114.60308071569791,723.92113446935,0.0
22304130010478,1,2001,2006,5,sn,hg_organon,4.458031177520752,17.64607810974121,6.805872440338135,93.74945068359376,0.0,114.60308071569791,723.92113446935,0.0
22304130010478,1,2001,2006,5,sn,hg_conus_sp,4.455775737762451,17.646080017089844,6.804149150848389,88.6649169921875,0.0,114.60308071569791,723.92113446935,0.0
22304130010478,1,2001,2006,5,sn,hg_conus_clim,4.453375339508057,17.64607810974121,6.802317142486572,81.19001770019531,0.0,114.60308071569791,723.92113446935,0.0
162423886010854,45,1986,1992,6,sn,default,130.35562133789062,201.9468688964844,10.878841400146484,3189.678466796875,9900.390625,104.5495167424747,2337.349382540294,7936.94766547784
162423886010854,45,1986,1992,6,sn,calibrated,125.56121063232422,190.8270263671875,10.983583450317385,3085.515869140625,9730.341796875,104.5495167424747,2337.349382540294,7936.94766547784
162423886010854,45,1986,1992,6,sn,hg_bayes,130.2801055908203,202.045166015625,10.873042106628418,3619.126220703125,11595.177734375,104.5495167424747,2337.349382540294,7936.94766547784
162423886010854,45,1986,1992,6,sn,hg_organon,130.2801055908203,202.045166015625,10.873042106628418,3619.126220703125,11595.177734375,104.5495167424747,2337.349382540294,7936.94766547784
162423886010854,45,1986,1992,6,sn,hg_conus_sp,130.2635040283203,202.07296752929688,10.87160301208496,3421.409423828125,10960.77734375,104.5495167424747,2337.349382540294,7936.94766547784
162423886010854,45,1986,1992,6,sn,hg_conus_clim,130.25125122070312,202.0850830078125,10.870768547058104,3417.1298828125,11015.6611328125,104.5495167424747,2337.349382540294,7936.94766547784
158727712010854,13,1982,1989,7,sn,default,2.086188793182373,5.856464862823486,8.081562042236328,43.27677917480469,0.0,57.09971045345711,446.272167494945,0.0
158727712010854,13,1982,1989,7,sn,calibrated,2.072878360748291,5.818698406219482,8.081840515136719,43.00022888183594,0.0,57.09971045345711,446.272167494945,0.0
158727712010854,13,1982,1989,7,sn,hg_bayes,2.086981773376465,5.856464385986328,8.083098411560059,55.91001892089844,0.0,57.09971045345711,446.272167494945,0.0
158727712010854,13,1982,1989,7,sn,hg_organon,2.086981773376465,5.856464385986328,8.083098411560059,55.91001892089844,0.0,57.09971045345711,446.272167494945,0.0
158727712010854,13,1982,1989,7,sn,hg_conus_sp,2.086982011795044,5.856464385986328,8.083098411560059,54.65773010253906,0.0,57.09971045345711,446.272167494945,0.0
158727712010854,13,1982,1989,7,sn,hg_conus_clim,2.086188793182373,5.856464862823486,8.081562042236328,43.27677917480469,0.0,57.09971045345711,446.272167494945,0.0
158720093010854,13,1980,1987,7,sn,default,81.18299865722656,102.44745635986328,12.05364227294922,1962.88037109375,8985.5537109375,,,
158720093010854,13,1980,1987,7,sn,calibrated,80.72212219238281,101.62075805664062,12.06816864013672,1952.7685546875,8944.9833984375,,,
158720093010854,13,1980,1987,7,sn,hg_bayes,81.10321807861328,102.44766998291016,12.047703742980955,2350.64697265625,10914.8564453125,,,
158720093010854,13,1980,1987,7,sn,hg_organon,81.10321807861328,102.44766998291016,12.047703742980955,2350.64697265625,10914.8564453125,,,
158720093010854,13,1980,1987,7,sn,hg_conus_sp,81.08132934570312,102.4477081298828,12.046075820922852,2369.17041015625,11000.0693359375,,,
158720093010854,13,1980,1987,7,sn,hg_conus_clim,81.18299865722656,102.44745635986328,12.05364227294922,1962.88037109375,8985.5537109375,,,
218220913020004,45,2014,2020,6,sn,default,127.6901626586914,187.9858856201172,11.15969944000244,3377.77099609375,10380.3779296875,160.5909746946008,4542.80618547331,21396.53986578038
218220913020004,45,2014,2020,6,sn,calibrated,125.34563446044922,183.16244506835935,11.201409339904783,3318.10986328125,10272.0537109375,160.5909746946008,4542.80618547331,21396.53986578038
218220913020004,45,2014,2020,6,sn,hg_bayes,127.691162109375,187.9858856201172,11.15973949432373,4055.0791015625,12582.0078125,160.5909746946008,4542.80618547331,21396.53986578038
218220913020004,45,2014,2020,6,sn,hg_organon,127.691162109375,187.9858856201172,11.15973949432373,4055.0791015625,12582.0078125,160.5909746946008,4542.80618547331,21396.53986578038
218220913020004,45,2014,2020,6,sn,hg_conus_sp,127.6901626586914,187.98590087890625,11.159695625305176,3800.45166015625,11604.373046875,160.5909746946008,4542.80618547331,21396.53986578038
218220913020004,45,2014,2020,6,sn,hg_conus_clim,127.68931579589844,187.98590087890625,11.15965747833252,3901.81201171875,12086.3427734375,160.5909746946008,4542.80618547331,21396.53986578038
258656981489998,28,2015,2020,5,sn,default,90.40406799316406,171.130859375,9.8416109085083,2304.4599609375,4817.64697265625,72.93524008409639,1876.459577258976,7824.407263108102
258656981489998,28,2015,2020,5,sn,calibrated,88.74954223632812,167.2802734375,9.862726211547852,2262.74560546875,4876.490234375,72.93524008409639,1876.459577258976,7824.407263108102
258656981489998,28,2015,2020,5,sn,hg_bayes,90.40478515625,171.130859375,9.841650009155272,2751.902099609375,5807.3154296875,72.93524008409639,1876.459577258976,7824.407263108102
258656981489998,28,2015,2020,5,sn,hg_organon,90.40478515625,171.130859375,9.841650009155272,2751.902099609375,5807.3154296875,72.93524008409639,1876.459577258976,7824.407263108102
258656981489998,28,2015,2020,5,sn,hg_conus_sp,90.4044952392578,171.130859375,9.841631889343262,2642.933837890625,5561.4619140625,72.93524008409639,1876.459577258976,7824.407263108102
258656981489998,28,2015,2020,5,sn,hg_conus_clim,90.40413665771484,171.130859375,9.841612815856934,2653.054931640625,5606.9296875,72.93524008409639,1876.459577258976,7824.407263108102
158721414010854,13,1981,1988,7,sn,default,103.11092376708984,256.8601989746094,8.579069137573242,1713.19873046875,2927.968505859375,203.26902932754376,1777.940077598877,3275.7487331602406
158721414010854,13,1981,1988,7,sn,calibrated,103.78485870361328,259.3428955078125,8.565763473510742,1722.6343994140625,2931.704833984375,203.26902932754376,1777.940077598877,3275.7487331602406
158721414010854,13,1981,1988,7,sn,hg_bayes,103.0576629638672,256.8602600097656,8.57685375213623,2564.173828125,4270.81982421875,203.26902932754376,1777.940077598877,3275.7487331602406
158721414010854,13,1981,1988,7,sn,hg_organon,103.0576629638672,256.8602600097656,8.57685375213623,2564.173828125,4270.81982421875,203.26902932754376,1777.940077598877,3275.7487331602406
158721414010854,13,1981,1988,7,sn,hg_conus_sp,103.0809555053711,256.8601989746094,8.577823638916016,2069.066162109375,3783.042236328125,203.26902932754376,1777.940077598877,3275.7487331602406
158721414010854,13,1981,1988,7,sn,hg_conus_clim,103.11092376708984,256.8601989746094,8.579069137573242,1713.19873046875,2927.968505859375,203.26902932754376,1777.940077598877,3275.7487331602406
451407854489998,28,2018,2023,5,sn,default,73.11795043945312,105.56256866455078,11.269206047058104,1957.9560546875,6514.24560546875,92.83045150319528,2112.480799762974,7781.0033219783945
451407854489998,28,2018,2023,5,sn,calibrated,73.09736633300781,105.52505493164062,11.269624710083008,1957.46533203125,6513.35693359375,92.83045150319528,2112.480799762974,7781.0033219783945
451407854489998,28,2018,2023,5,sn,hg_bayes,73.10356903076172,105.56256866455078,11.26809787750244,2223.677978515625,7659.91943359375,92.83045150319528,2112.480799762974,7781.0033219783945
451407854489998,28,2018,2023,5,sn,hg_organon,73.10356903076172,105.56256866455078,11.26809787750244,2223.677978515625,7659.91943359375,92.83045150319528,2112.480799762974,7781.0033219783945
451407854489998,28,2018,2023,5,sn,hg_conus_sp,73.11543273925781,105.56258392333984,11.269012451171877,2128.24609375,7222.86962890625,92.83045150319528,2112.480799762974,7781.0033219783945
451407854489998,28,2018,2023,5,sn,hg_conus_clim,73.11857604980469,105.56256866455078,11.269253730773926,1962.3349609375,6514.24560546875,92.83045150319528,2112.480799762974,7781.0033219783945
157502105010854,1,1971,1981,10,sn,default,64.41650390625,163.2083282470703,8.506750106811523,1424.655029296875,2762.910400390625,143.18819643198978,2327.528745,5036.98365
157502105010854,1,1971,1981,10,sn,calibrated,64.07730102539062,162.00660705566406,8.515731811523438,1417.983154296875,2760.822021484375,143.18819643198978,2327.528745,5036.98365
157502105010854,1,1971,1981,10,sn,hg_bayes,64.43296813964844,163.2083282470703,8.507838249206543,1945.6800537109373,3688.798828125,143.18819643198978,2327.528745,5036.98365
157502105010854,1,1971,1981,10,sn,hg_organon,64.43296813964844,163.2083282470703,8.507838249206543,1945.6800537109373,3688.798828125,143.18819643198978,2327.528745,5036.98365
157502105010854,1,1971,1981,10,sn,hg_conus_sp,64.40225982666016,163.20838928222656,8.505809783935547,1819.187255859375,3482.9306640625,143.18819643198978,2327.528745,5036.98365
157502105010854,1,1971,1981,10,sn,hg_conus_clim,64.41650390625,163.2083282470703,8.506750106811523,1424.655029296875,2762.910400390625,143.18819643198978,2327.528745,5036.98365
259083333010854,13,2012,2018,6,sn,default,40.66431427001953,58.31897735595703,11.306756973266602,898.6578979492188,2983.371337890625,27.055208220897036,453.66172570571405,1478.195264881198
259083333010854,13,2012,2018,6,sn,calibrated,40.19130706787109,57.4078254699707,11.329656600952148,888.8170166015625,2960.71435546875,27.055208220897036,453.66172570571405,1478.195264881198
259083333010854,13,2012,2018,6,sn,hg_bayes,40.65244674682617,58.31898880004883,11.305105209350586,1056.9293212890625,3643.982421875,27.055208220897036,453.66172570571405,1478.195264881198
259083333010854,13,2012,2018,6,sn,hg_organon,40.65244674682617,58.31898880004883,11.305105209350586,1056.9293212890625,3643.982421875,27.055208220897036,453.66172570571405,1478.195264881198
259083333010854,13,2012,2018,6,sn,hg_conus_sp,40.65065002441406,58.3189811706543,11.304855346679688,979.4351196289062,3414.029296875,27.055208220897036,453.66172570571405,1478.195264881198
259083333010854,13,2012,2018,6,sn,hg_conus_clim,40.64934921264648,58.3189811706543,11.304673194885254,999.5106811523438,3554.27783203125,27.055208220897036,453.66172570571405,1478.195264881198
162412461010854,45,1966,1977,11,sn,default,129.52774047851562,150.76235961914062,12.550795555114746,3381.241943359375,12495.5986328125,103.09454776473356,1750.098905692036,5647.3731952758435
162412461010854,45,1966,1977,11,sn,calibrated,129.70217895507812,151.08035278320312,12.546019554138184,3385.133056640625,12505.38671875,103.09454776473356,1750.098905692036,5647.3731952758435
162412461010854,45,1966,1977,11,sn,hg_bayes,129.53707885742188,150.75689697265625,12.551474571228027,3729.26806640625,13804.6552734375,103.09454776473356,1750.098905692036,5647.3731952758435
162412461010854,45,1966,1977,11,sn,hg_organon,129.53707885742188,150.75689697265625,12.551474571228027,3729.26806640625,13804.6552734375,103.09454776473356,1750.098905692036,5647.3731952758435
162412461010854,45,1966,1977,11,sn,hg_conus_sp,129.53311157226562,150.7603302001953,12.551138877868652,3601.5185546875,13433.013671875,103.09454776473356,1750.098905692036,5647.3731952758435
162412461010854,45,1966,1977,11,sn,hg_conus_clim,129.52774047851562,150.76235961914062,12.550795555114746,3381.241943359375,12495.5986328125,103.09454776473356,1750.098905692036,5647.3731952758435
175742824010854,1,2010,2017,7,sn,default,134.7633514404297,425.4446105957031,7.620799541473389,2730.264404296875,229.17965698242188,119.8493032304094,2379.351043614928,5250.547989831086
175742824010854,1,2010,2017,7,sn,calibrated,128.81898498535156,400.8234558105469,7.6762614250183105,2619.372314453125,263.9866943359375,119.8493032304094,2379.351043614928,5250.547989831086
175742824010854,1,2010,2017,7,sn,hg_bayes,134.7734375,425.4248352050781,7.621261119842529,3620.36865234375,293.18853759765625,119.8493032304094,2379.351043614928,5250.547989831086
175742824010854,1,2010,2017,7,sn,hg_organon,134.7734375,425.4248352050781,7.621261119842529,3620.36865234375,293.18853759765625,119.8493032304094,2379.351043614928,5250.547989831086
175742824010854,1,2010,2017,7,sn,hg_conus_sp,134.7659149169922,425.44091796875,7.620903491973877,3327.947021484375,262.093505859375,119.8493032304094,2379.351043614928,5250.547989831086
175742824010854,1,2010,2017,7,sn,hg_conus_clim,134.7626495361328,425.4478759765625,7.620752334594727,3342.61376953125,283.8708190917969,119.8493032304094,2379.351043614928,5250.547989831086
162423342010854,45,1986,1992,6,sn,default,68.33474731445312,86.77896118164062,12.015719413757324,1820.093017578125,3959.071533203125,75.77511959921851,1151.38944465139,1592.700126844536
162423342010854,45,1986,1992,6,sn,calibrated,68.61400604248047,87.18928527832031,12.011884689331056,1827.283935546875,3970.838623046875,75.77511959921851,1151.38944465139,1592.700126844536
162423342010854,45,1986,1992,6,sn,hg_bayes,68.31839752197266,86.77896881103516,12.014286041259766,1980.4466552734373,4640.85791015625,75.77511959921851,1151.38944465139,1592.700126844536
162423342010854,45,1986,1992,6,sn,hg_organon,68.31839752197266,86.77896881103516,12.014286041259766,1980.4466552734373,4640.85791015625,75.77511959921851,1151.38944465139,1592.700126844536
162423342010854,45,1986,1992,6,sn,hg_conus_sp,68.30596923828125,86.77897644042969,12.013190269470217,1856.870849609375,4257.16259765625,75.77511959921851,1151.38944465139,1592.700126844536
162423342010854,45,1986,1992,6,sn,hg_conus_clim,68.33474731445312,86.77896118164062,12.015719413757324,1820.093017578125,3959.071533203125,75.77511959921851,1151.38944465139,1592.700126844536
533665125126144,13,2019,2024,5,sn,default,172.30792236328125,152.99319458007812,14.369868278503418,5911.8798828125,23809.453125,158.24409694766396,5272.905000630856,16942.3928459131
533665125126144,13,2019,2024,5,sn,calibrated,171.59335327148438,152.0547332763672,14.38422966003418,5888.4892578125,23747.626953125,158.24409694766396,5272.905000630856,16942.3928459131
533665125126144,13,2019,2024,5,sn,hg_bayes,172.29844665527344,152.99319458007812,14.369477272033691,6327.98193359375,25941.935546875,158.24409694766396,5272.905000630856,16942.3928459131
533665125126144,13,2019,2024,5,sn,hg_organon,172.29844665527344,152.99319458007812,14.369477272033691,6327.98193359375,25941.935546875,158.24409694766396,5272.905000630856,16942.3928459131
533665125126144,13,2019,2024,5,sn,hg_conus_sp,172.29673767089844,152.99319458007812,14.369401931762695,6014.3720703125,24456.509765625,158.24409694766396,5272.905000630856,16942.3928459131
533665125126144,13,2019,2024,5,sn,hg_conus_clim,172.30792236328125,152.99319458007812,14.369868278503418,5911.8798828125,23809.453125,158.24409694766396,5272.905000630856,16942.3928459131
162423500010854,45,1986,1993,7,sn,default,222.54852294921875,145.70297241210938,16.734561920166016,7502.046875,39888.890625,,,
162423500010854,45,1986,1993,7,sn,calibrated,180.02687072753906,102.12470245361328,17.977922439575195,6140.8662109375,33804.14453125,,,
162423500010854,45,1986,1993,7,sn,hg_bayes,222.54833984375,145.70156860351562,16.734638214111328,8302.1708984375,43924.01953125,,,
162423500010854,45,1986,1993,7,sn,hg_organon,222.54833984375,145.70156860351562,16.734638214111328,8302.1708984375,43924.01953125,,,
162423500010854,45,1986,1993,7,sn,hg_conus_sp,222.5484771728516,145.7024383544922,16.734590530395508,7732.09716796875,41013.74609375,,,
162423500010854,45,1986,1993,7,sn,hg_conus_clim,222.54852294921875,145.70257568359375,16.73458480834961,8030.54541015625,42576.23828125,,,
197125324010854,28,2010,2016,6,sn,default,18.64179229736328,70.56019592285156,6.9598565101623535,230.31971740722656,0.0,24.66166497111904,234.677693734498,0.0
197125324010854,28,2010,2016,6,sn,calibrated,18.19949531555176,68.62139892578125,6.973266124725342,225.22335815429688,0.0,24.66166497111904,234.677693734498,0.0
197125324010854,28,2010,2016,6,sn,hg_bayes,18.637939453125,70.56021118164062,6.959136009216309,366.6246032714844,0.0,24.66166497111904,234.677693734498,0.0
197125324010854,28,2010,2016,6,sn,hg_organon,18.637939453125,70.56021118164062,6.959136009216309,366.6246032714844,0.0,24.66166497111904,234.677693734498,0.0
197125324010854,28,2010,2016,6,sn,hg_conus_sp,18.63272476196289,70.56021881103516,6.958162784576416,478.2230529785156,0.0,24.66166497111904,234.677693734498,0.0
197125324010854,28,2010,2016,6,sn,hg_conus_clim,18.64179229736328,70.56019592285156,6.9598565101623535,230.31971740722656,0.0,24.66166497111904,234.677693734498,0.0
635664569126144,13,2019,2025,6,sn,default,22.28020668029785,29.38448905944824,11.79062557220459,574.0337524414062,2287.870361328125,39.58515693923172,506.742450099628,2272.430376197878
635664569126144,13,2019,2025,6,sn,calibrated,21.815401077270508,28.549579620361328,11.836355209350586,563.3114013671875,2251.3310546875,39.58515693923172,506.742450099628,2272.430376197878
635664569126144,13,2019,2025,6,sn,hg_bayes,22.27552795410156,29.38448905944824,11.789385795593262,686.699951171875,2736.14111328125,39.58515693923172,506.742450099628,2272.430376197878
635664569126144,13,2019,2025,6,sn,hg_organon,22.27552795410156,29.38448905944824,11.789385795593262,686.699951171875,2736.14111328125,39.58515693923172,506.742450099628,2272.430376197878
635664569126144,13,2019,2025,6,sn,hg_conus_sp,22.280176162719727,29.38448715209961,11.79061508178711,692.3313598632812,2726.95751953125,39.58515693923172,506.742450099628,2272.430376197878
635664569126144,13,2019,2025,6,sn,hg_conus_clim,22.27318954467773,29.384490966796875,11.78876781463623,642.1258544921875,2575.1298828125,39.58515693923172,506.742450099628,2272.430376197878
144519175010478,13,2007,2013,6,sn,default,129.4447479248047,308.44244384765625,8.771854400634766,3362.484130859375,6152.76318359375,169.62452947064705,3231.078510252604,8676.086230313063
144519175010478,13,2007,2013,6,sn,calibrated,127.96952056884766,303.39453125,8.793981552124023,3328.169677734375,6138.009765625,169.62452947064705,3231.078510252604,8676.086230313063
144519175010478,13,2007,2013,6,sn,hg_bayes,129.46185302734375,308.41656494140625,8.772802352905273,3798.007568359375,6879.9775390625,169.62452947064705,3231.078510252604,8676.086230313063
144519175010478,13,2007,2013,6,sn,hg_organon,129.46185302734375,308.41656494140625,8.772802352905273,3798.007568359375,6879.9775390625,169.62452947064705,3231.078510252604,8676.086230313063
144519175010478,13,2007,2013,6,sn,hg_conus_sp,129.45730590820312,308.4242858886719,8.772539138793945,4080.57177734375,7424.13623046875,169.62452947064705,3231.078510252604,8676.086230313063
144519175010478,13,2007,2013,6,sn,hg_conus_clim,129.4447479248047,308.44244384765625,8.771854400634766,3362.484130859375,6152.76318359375,169.62452947064705,3231.078510252604,8676.086230313063
176548747010854,13,2009,2016,7,sn,default,67.20203399658203,205.0782012939453,7.7511773109436035,1280.8643798828125,252.10633850097656,34.63182221953993,451.874173466242,605.8082796248341
176548747010854,13,2009,2016,7,sn,calibrated,66.2578125,201.44528198242188,7.765624046325684,1264.08251953125,252.0238037109375,34.63182221953993,451.874173466242,605.8082796248341
176548747010854,13,2009,2016,7,sn,hg_bayes,67.26009368896484,205.07818603515625,7.754528045654297,1669.204345703125,294.73712158203125,34.63182221953993,451.874173466242,605.8082796248341
176548747010854,13,2009,2016,7,sn,hg_organon,67.26009368896484,205.07818603515625,7.754528045654297,1669.204345703125,294.73712158203125,34.63182221953993,451.874173466242,605.8082796248341
176548747010854,13,2009,2016,7,sn,hg_conus_sp,67.33129119873047,205.0781707763672,7.758627891540527,1760.10205078125,260.8704528808594,34.63182221953993,451.874173466242,605.8082796248341
176548747010854,13,2009,2016,7,sn,hg_conus_clim,67.20203399658203,205.0782012939453,7.7511773109436035,1280.8643798828125,252.10633850097656,34.63182221953993,451.874173466242,605.8082796248341
162423167010854,45,1986,1992,6,sn,default,62.42618560791016,106.74181365966795,10.35505485534668,1284.085205078125,3669.744140625,57.3901921595662,703.067472679411,2770.552133029002
162423167010854,45,1986,1992,6,sn,calibrated,62.23052215576172,106.29207611083984,10.360663414001465,1280.4080810546875,3664.150390625,57.3901921595662,703.067472679411,2770.552133029002
162423167010854,45,1986,1992,6,sn,hg_bayes,62.47159957885742,106.74179077148438,10.358821868896484,1585.8603515625,4666.8837890625,57.3901921595662,703.067472679411,2770.552133029002
162423167010854,45,1986,1992,6,sn,hg_organon,62.47159957885742,106.74179077148438,10.358821868896484,1585.8603515625,4666.8837890625,57.3901921595662,703.067472679411,2770.552133029002
162423167010854,45,1986,1992,6,sn,hg_conus_sp,62.47122573852539,106.7417984008789,10.358790397644045,1589.010498046875,4633.86962890625,57.3901921595662,703.067472679411,2770.552133029002
162423167010854,45,1986,1992,6,sn,hg_conus_clim,62.42618560791016,106.74181365966795,10.35505485534668,1284.085205078125,3669.744140625,57.3901921595662,703.067472679411,2770.552133029002
158714388010854,13,1970,1980,10,sn,default,52.11711120605469,100.90302276611328,9.731378555297852,868.5177001953125,1111.413818359375,80.10542683970667,787.929296178688,0.0
158714388010854,13,1970,1980,10,sn,calibrated,52.35629653930664,101.56281280517578,9.721951484680176,872.1681518554688,1111.90576171875,80.10542683970667,787.929296178688,0.0
158714388010854,13,1970,1980,10,sn,hg_bayes,52.04545974731445,100.9033203125,9.724672317504885,1163.1082763671875,1676.30126953125,80.10542683970667,787.929296178688,0.0
158714388010854,13,1970,1980,10,sn,hg_organon,52.04545974731445,100.9033203125,9.724672317504885,1163.1082763671875,1676.30126953125,80.10542683970667,787.929296178688,0.0
158714388010854,13,1970,1980,10,sn,hg_conus_sp,52.03018569946289,100.90338897705078,9.72324275970459,1023.5562133789062,1513.851806640625,80.10542683970667,787.929296178688,0.0
158714388010854,13,1970,1980,10,sn,hg_conus_clim,52.11711120605469,100.90302276611328,9.731378555297852,868.5177001953125,1111.413818359375,80.10542683970667,787.929296178688,0.0
249675649010854,28,2011,2017,6,sn,default,104.32958221435548,93.72647857666016,14.285941123962402,2723.426513671875,11034.2998046875,116.71973617196151,3091.700318152718,13778.13694913897
249675649010854,28,2011,2017,6,sn,calibrated,103.9723663330078,93.25149536132812,14.297734260559082,2715.442138671875,11014.021484375,116.71973617196151,3091.700318152718,13778.13694913897
249675649010854,28,2011,2017,6,sn,hg_bayes,104.3723373413086,93.72647857666016,14.28886890411377,2907.548828125,11675.4033203125,116.71973617196151,3091.700318152718,13778.13694913897
249675649010854,28,2011,2017,6,sn,hg_organon,104.3723373413086,93.72647857666016,14.28886890411377,2907.548828125,11675.4033203125,116.71973617196151,3091.700318152718,13778.13694913897
249675649010854,28,2011,2017,6,sn,hg_conus_sp,104.3385238647461,93.72647857666016,14.286555290222168,2782.82373046875,11335.650390625,116.71973617196151,3091.700318152718,13778.13694913897
249675649010854,28,2011,2017,6,sn,hg_conus_clim,104.32958221435548,93.72647857666016,14.285941123962402,2723.426513671875,11034.2998046875,116.71973617196151,3091.700318152718,13778.13694913897
259082439010854,13,2011,2018,7,sn,default,18.14331817626953,23.46200942993164,11.907264709472656,517.8190307617188,2062.11669921875,24.690352032851024,429.98818910884603,1635.926017846132
259082439010854,13,2011,2018,7,sn,calibrated,18.190208435058597,23.559986114501957,11.897826194763184,519.0091552734375,2065.47998046875,24.690352032851024,429.98818910884603,1635.926017846132
259082439010854,13,2011,2018,7,sn,hg_bayes,18.18435287475586,23.46194076538086,11.920741081237791,612.44189453125,2424.3154296875,24.690352032851024,429.98818910884603,1635.926017846132
259082439010854,13,2011,2018,7,sn,hg_organon,18.18435287475586,23.46194076538086,11.920741081237791,612.44189453125,2424.3154296875,24.690352032851024,429.98818910884603,1635.926017846132
259082439010854,13,2011,2018,7,sn,hg_conus_sp,18.18683242797852,23.46194267272949,11.921553611755373,566.7603759765625,2235.181640625,24.690352032851024,429.98818910884603,1635.926017846132
259082439010854,13,2011,2018,7,sn,hg_conus_clim,18.14331817626953,23.46200942993164,11.907264709472656,517.8190307617188,2062.11669921875,24.690352032851024,429.98818910884603,1635.926017846132
158723980010854,13,1982,1989,7,sn,default,107.60731506347656,189.8837890625,10.19326114654541,2355.573974609375,5021.515625,137.226256092211,3209.455256830378,10689.825129385748
158723980010854,13,1982,1989,7,sn,calibrated,106.24608612060548,186.6175079345703,10.216839790344238,2327.678955078125,5002.287109375,137.226256092211,3209.455256830378,10689.825129385748
158723980010854,13,1982,1989,7,sn,hg_bayes,107.59966278076172,189.8837432861328,10.19290256500244,3183.66796875,6903.98779296875,137.226256092211,3209.455256830378,10689.825129385748
158723980010854,13,1982,1989,7,sn,hg_organon,107.59966278076172,189.8837432861328,10.19290256500244,3183.66796875,6903.98779296875,137.226256092211,3209.455256830378,10689.825129385748
158723980010854,13,1982,1989,7,sn,hg_conus_sp,107.59983825683594,189.8837432861328,10.192912101745604,2980.1103515625,6475.3544921875,137.226256092211,3209.455256830378,10689.825129385748
158723980010854,13,1982,1989,7,sn,hg_conus_clim,107.57951354980467,189.8837432861328,10.191948890686035,2756.69384765625,6534.67626953125,137.226256092211,3209.455256830378,10689.825129385748
158720494010854,13,1981,1988,7,sn,default,88.68783569335938,189.1050567626953,9.272924423217772,1558.1451416015625,1689.2685546875,122.23963811118516,1964.586257834194,5471.598773386815
158720494010854,13,1981,1988,7,sn,calibrated,87.4682388305664,185.7053375244141,9.292858123779297,1538.173828125,1690.5321044921875,122.23963811118516,1964.586257834194,5471.598773386815
158720494010854,13,1981,1988,7,sn,hg_bayes,88.86897277832031,189.10479736328125,9.282395362854004,2229.443359375,2364.135009765625,122.23963811118516,1964.586257834194,5471.598773386815
158720494010854,13,1981,1988,7,sn,hg_organon,88.86897277832031,189.10479736328125,9.282395362854004,2229.443359375,2364.135009765625,122.23963811118516,1964.586257834194,5471.598773386815
158720494010854,13,1981,1988,7,sn,hg_conus_sp,88.8377914428711,189.10504150390625,9.28076171875,2206.516845703125,2451.20458984375,122.23963811118516,1964.586257834194,5471.598773386815
158720494010854,13,1981,1988,7,sn,hg_conus_clim,88.68783569335938,189.1050567626953,9.272924423217772,1558.1451416015625,1689.2685546875,122.23963811118516,1964.586257834194,5471.598773386815
259082244010854,13,2011,2018,7,sn,default,38.84144592285156,28.792673110961918,15.726895332336426,906.9147338867188,4563.2763671875,43.397391757046506,1228.99118162167,0.0
259082244010854,13,2011,2018,7,sn,calibrated,38.76234436035156,28.698081970214844,15.73674488067627,905.1798706054688,4556.3623046875,43.397391757046506,1228.99118162167,0.0
259082244010854,13,2011,2018,7,sn,hg_bayes,38.83502197265625,28.792675018310547,15.725594520568848,1095.5372314453125,5580.80224609375,43.397391757046506,1228.99118162167,0.0
259082244010854,13,2011,2018,7,sn,hg_organon,38.83502197265625,28.792675018310547,15.725594520568848,1095.5372314453125,5580.80224609375,43.397391757046506,1228.99118162167,0.0
259082244010854,13,2011,2018,7,sn,hg_conus_sp,38.86539077758789,28.79265594482422,15.7317476272583,1021.5563354492188,5255.79736328125,43.397391757046506,1228.99118162167,0.0
259082244010854,13,2011,2018,7,sn,hg_conus_clim,38.84144592285156,28.792673110961918,15.726895332336426,906.9147338867188,4563.2763671875,43.397391757046506,1228.99118162167,0.0
157499843010854,1,1972,1982,10,sn,default,70.12164306640625,71.97809600830078,13.364789962768556,1787.2149658203125,7568.666015625,102.34117907848248,1411.645474,6913.425313
157499843010854,1,1972,1982,10,sn,calibrated,69.6200942993164,71.16323852539062,13.392934799194336,1775.321533203125,7531.68408203125,102.34117907848248,1411.645474,6913.425313
157499843010854,1,1972,1982,10,sn,hg_bayes,70.14573669433594,71.97816467285156,13.367080688476562,2119.17431640625,9191.150390625,102.34117907848248,1411.645474,6913.425313
157499843010854,1,1972,1982,10,sn,hg_organon,70.14573669433594,71.97816467285156,13.367080688476562,2119.17431640625,9191.150390625,102.34117907848248,1411.645474,6913.425313
157499843010854,1,1972,1982,10,sn,hg_conus_sp,70.15821075439453,71.97811126708984,13.368277549743652,2016.309326171875,8701.93359375,102.34117907848248,1411.645474,6913.425313
157499843010854,1,1972,1982,10,sn,hg_conus_clim,70.11112213134766,71.97814178466797,13.363784790039062,1803.5040283203125,7666.138671875,102.34117907848248,1411.645474,6913.425313
162416408010854,45,1978,1986,8,sn,default,205.68087768554688,206.6590881347656,13.508463859558104,5649.623046875,25146.791015625,175.330038035564,4056.900975420343,19378.93608556271
162416408010854,45,1978,1986,8,sn,calibrated,169.2166748046875,149.05703735351562,14.42718505859375,4788.83740234375,22405.556640625,175.330038035564,4056.900975420343,19378.93608556271
162416408010854,45,1978,1986,8,sn,hg_bayes,205.75669860839844,206.60418701171875,13.512751579284668,7042.7138671875,31402.919921875,175.330038035564,4056.900975420343,19378.93608556271
162416408010854,45,1978,1986,8,sn,hg_organon,205.75669860839844,206.60418701171875,13.512751579284668,7042.7138671875,31402.919921875,175.330038035564,4056.900975420343,19378.93608556271
162416408010854,45,1978,1986,8,sn,hg_conus_sp,205.7097320556641,206.6400451660156,13.510031700134276,6352.0859375,28554.685546875,175.330038035564,4056.900975420343,19378.93608556271
162416408010854,45,1978,1986,8,sn,hg_conus_clim,205.66827392578125,206.6673583984375,13.507782936096191,5715.8583984375,25605.17578125,175.330038035564,4056.900975420343,19378.93608556271
158729969010854,13,1982,1988,6,sn,default,119.17424011230467,150.2363739013672,12.059795379638672,2964.18896484375,10519.306640625,16.326549404748594,230.21022939522396,0.0
158729969010854,13,1982,1988,6,sn,calibrated,116.88863372802734,146.59230041503906,12.091131210327148,2910.080322265625,10394.1435546875,16.326549404748594,230.21022939522396,0.0
158729969010854,13,1982,1988,6,sn,hg_bayes,119.1780776977539,150.23635864257812,12.059988021850586,3786.373046875,13938.041015625,16.326549404748594,230.21022939522396,0.0
158729969010854,13,1982,1988,6,sn,hg_organon,119.1780776977539,150.23635864257812,12.059988021850586,3786.373046875,13938.041015625,16.326549404748594,230.21022939522396,0.0
158729969010854,13,1982,1988,6,sn,hg_conus_sp,119.1745834350586,150.2363739013672,12.059813499450684,3576.701904296875,13135.03515625,16.326549404748594,230.21022939522396,0.0
158729969010854,13,1982,1988,6,sn,hg_conus_clim,119.17073822021484,150.2363739013672,12.05962085723877,3627.350830078125,13419.4501953125,16.326549404748594,230.21022939522396,0.0
162413008010854,45,1967,1978,11,sn,default,70.95694732666016,161.32608032226562,8.980107307434082,1283.1783447265625,1689.0848388671875,21.909532231996792,209.448152604515,778.8461050625
162413008010854,45,1967,1978,11,sn,calibrated,68.79743957519531,154.96038818359375,9.022192001342772,1246.7086181640625,1675.7008056640625,21.909532231996792,209.448152604515,778.8461050625
162413008010854,45,1967,1978,11,sn,hg_bayes,70.97850799560547,161.3259735107422,8.981473922729492,2234.894775390625,3246.181640625,21.909532231996792,209.448152604515,778.8461050625
162413008010854,45,1967,1978,11,sn,hg_organon,70.97850799560547,161.3259735107422,8.981473922729492,2234.894775390625,3246.181640625,21.909532231996792,209.448152604515,778.8461050625
162413008010854,45,1967,1978,11,sn,hg_conus_sp,70.92164611816406,161.32626342773438,8.977866172790527,2052.335693359375,2904.194580078125,21.909532231996792,209.448152604515,778.8461050625
162413008010854,45,1967,1978,11,sn,hg_conus_clim,70.82296752929688,161.32675170898438,8.971603393554688,1960.6861572265625,2793.218994140625,21.909532231996792,209.448152604515,778.8461050625
162418004010854,45,1977,1985,8,sn,default,55.29108047485352,173.99143981933594,7.633081436157227,934.7333984375,956.191162109375,57.7198666146132,453.23213372615896,733.10478563856
162418004010854,45,1977,1985,8,sn,calibrated,54.861122131347656,172.43031311035156,7.637685775756836,928.01953125,955.3373413085938,57.7198666146132,453.23213372615896,733.10478563856
162418004010854,45,1977,1985,8,sn,hg_bayes,55.33221435546875,173.99142456054688,7.635920524597168,1330.7830810546875,1396.4730224609375,57.7198666146132,453.23213372615896,733.10478563856
162418004010854,45,1977,1985,8,sn,hg_organon,55.33221435546875,173.99142456054688,7.635920524597168,1330.7830810546875,1396.4730224609375,57.7198666146132,453.23213372615896,733.10478563856
162418004010854,45,1977,1985,8,sn,hg_conus_sp,55.31607437133789,173.99139404296875,7.634807109832764,1240.42626953125,1358.7508544921875,57.7198666146132,453.23213372615896,733.10478563856
162418004010854,45,1977,1985,8,sn,hg_conus_clim,55.29108047485352,173.99143981933594,7.633081436157227,934.7333984375,956.191162109375,57.7198666146132,453.23213372615896,733.10478563856
87095301020004,45,2013,2018,5,sn,default,121.73114776611328,165.2216033935547,11.622610092163086,3576.6845703125,13229.462890625,170.0163174702557,4444.114521940108,21481.319142967794
87095301020004,45,2013,2018,5,sn,calibrated,119.3093032836914,160.62313842773438,11.66995906829834,3510.421630859375,13063.775390625,170.0163174702557,4444.114521940108,21481.319142967794
87095301020004,45,2013,2018,5,sn,hg_bayes,121.74301147460938,165.22158813476562,11.623176574707031,3993.49755859375,15076.716796875,170.0163174702557,4444.114521940108,21481.319142967794
87095301020004,45,2013,2018,5,sn,hg_organon,121.74301147460938,165.22158813476562,11.623176574707031,3993.49755859375,15076.716796875,170.0163174702557,4444.114521940108,21481.319142967794
87095301020004,45,2013,2018,5,sn,hg_conus_sp,121.73367309570312,165.22161865234375,11.62273406982422,3813.1787109375,14327.123046875,170.0163174702557,4444.114521940108,21481.319142967794
87095301020004,45,2013,2018,5,sn,hg_conus_clim,121.72640228271484,165.22161865234375,11.622384071350098,3868.156005859375,14646.650390625,170.0163174702557,4444.114521940108,21481.319142967794
533665108126144,13,2019,2024,5,sn,default,172.17872619628906,181.6295623779297,13.183565139770508,5287.779296875,26649.5859375,211.0298117385395,5220.264430103336,18709.73794328423
533665108126144,13,2019,2024,5,sn,calibrated,167.30349731445312,170.4832305908203,13.413681030273438,5175.1044921875,26347.171875,211.0298117385395,5220.264430103336,18709.73794328423
533665108126144,13,2019,2024,5,sn,hg_bayes,172.20529174804688,181.5998077392578,13.185659408569336,5885.16064453125,29666.28515625,211.0298117385395,5220.264430103336,18709.73794328423
533665108126144,13,2019,2024,5,sn,hg_organon,172.20529174804688,181.5998077392578,13.185659408569336,5885.16064453125,29666.28515625,211.0298117385395,5220.264430103336,18709.73794328423
533665108126144,13,2019,2024,5,sn,hg_conus_sp,172.18984985351562,181.6191864013672,13.184364318847656,5557.20068359375,28072.21484375,211.0298117385395,5220.264430103336,18709.73794328423
533665108126144,13,2019,2024,5,sn,hg_conus_clim,172.1712188720703,181.63497924804688,13.183077812194824,5326.123046875,26872.7734375,211.0298117385395,5220.264430103336,18709.73794328423
43069328010478,1,1999,2005,6,sn,default,138.78131103515625,172.12631225585938,12.15844440460205,3578.04248046875,12630.978515625,105.69453094123368,2576.56185135665,5951.444363152598
43069328010478,1,1999,2005,6,sn,calibrated,136.60975646972656,167.50241088867188,12.228317260742188,3530.213134765625,12562.9609375,105.69453094123368,2576.56185135665,5951.444363152598
43069328010478,1,1999,2005,6,sn,hg_bayes,138.78509521484375,172.1192169189453,12.158860206604004,3949.33447265625,13682.6083984375,105.69453094123368,2576.56185135665,5951.444363152598
43069328010478,1,1999,2005,6,sn,hg_organon,138.78509521484375,172.1192169189453,12.158860206604004,3949.33447265625,13682.6083984375,105.69453094123368,2576.56185135665,5951.444363152598
43069328010478,1,1999,2005,6,sn,hg_conus_sp,138.7766876220703,172.12789916992188,12.158188819885254,3707.65087890625,13031.876953125,105.69453094123368,2576.56185135665,5951.444363152598
43069328010478,1,1999,2005,6,sn,hg_conus_clim,138.78131103515625,172.12631225585938,12.15844440460205,3578.04248046875,12630.978515625,105.69453094123368,2576.56185135665,5951.444363152598
22331242010478,1,2003,2009,6,sn,default,72.94518280029297,146.86083984375,9.542927742004396,1755.1761474609375,4086.69140625,73.22027350836586,1279.939291054564,4185.41044153567
22331242010478,1,2003,2009,6,sn,calibrated,72.31366729736328,145.08119201660156,9.559626579284668,1741.1678466796875,4075.857666015625,73.22027350836586,1279.939291054564,4185.41044153567
22331242010478,1,2003,2009,6,sn,hg_bayes,72.9636459350586,146.86083984375,9.544134140014648,1979.5958251953125,4605.86474609375,73.22027350836586,1279.939291054564,4185.41044153567
22331242010478,1,2003,2009,6,sn,hg_organon,72.9636459350586,146.86083984375,9.544134140014648,1979.5958251953125,4605.86474609375,73.22027350836586,1279.939291054564,4185.41044153567
22331242010478,1,2003,2009,6,sn,hg_conus_sp,72.94817352294922,146.86085510253906,9.543121337890623,1890.1551513671875,4452.658203125,73.22027350836586,1279.939291054564,4185.41044153567
22331242010478,1,2003,2009,6,sn,hg_conus_clim,72.9236068725586,146.86087036132812,9.54151439666748,1786.3514404296875,4163.19189453125,73.22027350836586,1279.939291054564,4185.41044153567
87095254020004,45,2013,2018,5,sn,default,207.0343475341797,211.83973693847656,13.386090278625488,7558.79248046875,38032.765625,230.49835849119157,9045.146042683076,52017.89027679727
87095254020004,45,2013,2018,5,sn,calibrated,172.52395629882812,163.49017333984375,13.909615516662598,6384.3359375,33105.828125,230.49835849119157,9045.146042683076,52017.89027679727
87095254020004,45,2013,2018,5,sn,hg_bayes,207.0431365966797,211.82989501953125,13.38668727874756,8131.27880859375,40569.2421875,230.49835849119157,9045.146042683076,52017.89027679727
87095254020004,45,2013,2018,5,sn,hg_organon,207.0431365966797,211.82989501953125,13.38668727874756,8131.27880859375,40569.2421875,230.49835849119157,9045.146042683076,52017.89027679727
87095254020004,45,2013,2018,5,sn,hg_conus_sp,207.03038024902344,211.84475708007807,13.385809898376465,7791.46923828125,39431.953125,230.49835849119157,9045.146042683076,52017.89027679727
87095254020004,45,2013,2018,5,sn,hg_conus_clim,207.03021240234372,211.8445587158203,13.385807991027832,7951.017578125,40025.15625,230.49835849119157,9045.146042683076,52017.89027679727
162413630010854,45,1967,1977,10,sn,default,88.88604736328125,187.23814392089844,9.329447746276855,1724.2113037109375,3587.125,87.18071512446176,1473.023803465964,3192.806197296147
162413630010854,45,1967,1977,10,sn,calibrated,88.2564926147461,185.2875823974609,9.34515380859375,1713.1541748046875,3582.563720703125,87.18071512446176,1473.023803465964,3192.806197296147
162413630010854,45,1967,1977,10,sn,hg_bayes,88.91612243652344,187.23797607421875,9.33103084564209,2506.5244140625,5121.84375,87.18071512446176,1473.023803465964,3192.806197296147
162413630010854,45,1967,1977,10,sn,hg_organon,88.91612243652344,187.23797607421875,9.33103084564209,2506.5244140625,5121.84375,87.18071512446176,1473.023803465964,3192.806197296147
162413630010854,45,1967,1977,10,sn,hg_conus_sp,88.79779815673828,187.23846435546875,9.324807167053224,2229.74755859375,4605.56396484375,87.18071512446176,1473.023803465964,3192.806197296147
162413630010854,45,1967,1977,10,sn,hg_conus_clim,88.7198257446289,187.2386779785156,9.320706367492676,1833.971435546875,3810.4482421875,87.18071512446176,1473.023803465964,3192.806197296147
38861716010478,1,2004,2011,7,sn,default,115.82344818115234,86.95222473144531,15.62766933441162,3869.229736328125,20416.6796875,99.09756133027804,2741.92511754005,14139.19503515037
38861716010478,1,2004,2011,7,sn,calibrated,115.73418426513672,86.83934783935547,15.631793975830078,3866.57958984375,20406.169921875,99.09756133027804,2741.92511754005,14139.19503515037
38861716010478,1,2004,2011,7,sn,hg_bayes,115.71627807617188,86.95235443115234,15.620424270629885,4203.6826171875,22305.306640625,99.09756133027804,2741.92511754005,14139.19503515037
38861716010478,1,2004,2011,7,sn,hg_organon,115.71627807617188,86.95235443115234,15.620424270629885,4203.6826171875,22305.306640625,99.09756133027804,2741.92511754005,14139.19503515037
38861716010478,1,2004,2011,7,sn,hg_conus_sp,115.73735809326172,86.95230865478516,15.621849060058594,4008.992919921875,21346.716796875,99.09756133027804,2741.92511754005,14139.19503515037
38861716010478,1,2004,2011,7,sn,hg_conus_clim,115.8223648071289,86.95222473144531,15.62759780883789,3864.06982421875,20416.6796875,99.09756133027804,2741.92511754005,14139.19503515037
162418397010854,45,1978,1986,8,sn,default,101.5068588256836,179.50526428222656,10.18228816986084,2260.7275390625,7057.5830078125,123.31241134153704,2837.510796577113,12892.394109450082
162418397010854,45,1978,1986,8,sn,calibrated,100.38980865478516,176.5326690673828,10.21100616455078,2238.2763671875,7019.66455078125,123.31241134153704,2837.510796577113,12892.394109450082
162418397010854,45,1978,1986,8,sn,hg_bayes,101.55230712890624,179.50503540039062,10.184574127197266,3047.16943359375,9070.2548828125,123.31241134153704,2837.510796577113,12892.394109450082
162418397010854,45,1978,1986,8,sn,hg_organon,101.55230712890624,179.50503540039062,10.184574127197266,3047.16943359375,9070.2548828125,123.31241134153704,2837.510796577113,12892.394109450082
162418397010854,45,1978,1986,8,sn,hg_conus_sp,101.5141372680664,179.5052032470703,10.182655334472656,2830.7763671875,8700.7255859375,123.31241134153704,2837.510796577113,12892.394109450082
162418397010854,45,1978,1986,8,sn,hg_conus_clim,101.47537994384766,179.5052490234375,10.18071174621582,2623.4501953125,8074.669921875,123.31241134153704,2837.510796577113,12892.394109450082
198391185020004,28,2014,2019,5,sn,default,40.7521858215332,111.3457489013672,8.191719055175781,648.1844482421875,0.0,64.66557120678905,900.762451283262,870.812917180696
198391185020004,28,2014,2019,5,sn,calibrated,40.59365463256836,110.7907485961914,8.196221351623535,645.896484375,0.0,64.66557120678905,900.762451283262,870.812917180696
198391185020004,28,2014,2019,5,sn,hg_bayes,40.74642562866211,111.34574127197266,8.191139221191406,679.1192016601562,0.0,64.66557120678905,900.762451283262,870.812917180696
198391185020004,28,2014,2019,5,sn,hg_organon,40.74642562866211,111.34574127197266,8.191139221191406,679.1192016601562,0.0,64.66557120678905,900.762451283262,870.812917180696
198391185020004,28,2014,2019,5,sn,hg_conus_sp,40.7521858215332,111.3457489013672,8.191719055175781,648.1844482421875,0.0,64.66557120678905,900.762451283262,870.812917180696
198391185020004,28,2014,2019,5,sn,hg_conus_clim,40.7521858215332,111.3457489013672,8.191719055175781,648.1844482421875,0.0,64.66557120678905,900.762451283262,870.812917180696
162424047010854,45,1986,1993,7,sn,default,117.784912109375,107.2017822265625,14.193196296691896,3589.9970703125,16408.55078125,75.12909189096493,2446.513482212452,13341.521485361643
162424047010854,45,1986,1993,7,sn,calibrated,113.3727569580078,102.4756088256836,14.242313385009766,3457.295654296875,15833.7109375,75.12909189096493,2446.513482212452,13341.521485361643
162424047010854,45,1986,1993,7,sn,hg_bayes,117.80635833740234,107.18402862548828,14.195660591125488,3906.75390625,18009.701171875,75.12909189096493,2446.513482212452,13341.521485361643
162424047010854,45,1986,1993,7,sn,hg_organon,117.80635833740234,107.18402862548828,14.195660591125488,3906.75390625,18009.701171875,75.12909189096493,2446.513482212452,13341.521485361643
162424047010854,45,1986,1993,7,sn,hg_conus_sp,117.79991149902344,107.18933868408205,14.194920539855955,3819.832275390625,17619.681640625,75.12909189096493,2446.513482212452,13341.521485361643
162424047010854,45,1986,1993,7,sn,hg_conus_clim,117.784912109375,107.2017822265625,14.193196296691896,3589.9970703125,16408.55078125,75.12909189096493,2446.513482212452,13341.521485361643
162413995010854,45,1966,1977,11,sn,default,74.83171844482422,178.4168701171875,8.769224166870117,1420.967041015625,2538.56787109375,84.67944782281654,912.280699039026,2422.4561851606113
162413995010854,45,1966,1977,11,sn,calibrated,74.26886749267578,176.607177734375,8.780829429626465,1411.9893798828125,2532.411865234375,84.67944782281654,912.280699039026,2422.4561851606113
162413995010854,45,1966,1977,11,sn,hg_bayes,74.85054016113281,178.41680908203125,8.770328521728516,2147.066162109375,4010.955078125,84.67944782281654,912.280699039026,2422.4561851606113
162413995010854,45,1966,1977,11,sn,hg_organon,74.85054016113281,178.41680908203125,8.770328521728516,2147.066162109375,4010.955078125,84.67944782281654,912.280699039026,2422.4561851606113
162413995010854,45,1966,1977,11,sn,hg_conus_sp,74.84493255615234,178.41680908203125,8.770000457763672,2026.268798828125,3821.99560546875,84.67944782281654,912.280699039026,2422.4561851606113
162413995010854,45,1966,1977,11,sn,hg_conus_clim,74.83171844482422,178.4168701171875,8.769224166870117,1420.967041015625,2538.56787109375,84.67944782281654,912.280699039026,2422.4561851606113
153846850010854,13,2009,2014,5,sn,default,71.09000396728516,141.59378051757812,9.594411849975586,1463.7125244140625,3545.899169921875,104.24516525189796,1625.741257337112,4967.19638217491
153846850010854,13,2009,2014,5,sn,calibrated,70.3896255493164,139.6177520751953,9.614356994628906,1451.9266357421875,3533.6083984375,104.24516525189796,1625.741257337112,4967.19638217491
153846850010854,13,2009,2014,5,sn,hg_bayes,71.07511901855469,141.59376525878906,9.59341049194336,1889.2889404296875,4552.0322265625,104.24516525189796,1625.741257337112,4967.19638217491
153846850010854,13,2009,2014,5,sn,hg_organon,71.07511901855469,141.59376525878906,9.59341049194336,1889.2889404296875,4552.0322265625,104.24516525189796,1625.741257337112,4967.19638217491
153846850010854,13,2009,2014,5,sn,hg_conus_sp,71.06778717041016,141.5937957763672,9.592914581298828,1791.25537109375,4413.912109375,104.24516525189796,1625.741257337112,4967.19638217491
153846850010854,13,2009,2014,5,sn,hg_conus_clim,71.03489685058594,141.5938262939453,9.590692520141602,1775.1075439453125,4377.431640625,104.24516525189796,1625.741257337112,4967.19638217491
162416446010854,45,1978,1986,8,sn,default,43.2075424194336,94.0000228881836,9.180197715759276,627.790771484375,741.3983154296875,22.448399974225,96.852303561446,487.08637624578404
162416446010854,45,1978,1986,8,sn,calibrated,41.83277130126953,90.34480285644533,9.213889122009276,608.3911743164062,736.7091064453125,22.448399974225,96.852303561446,487.08637624578404
162416446010854,45,1978,1986,8,sn,hg_bayes,43.22201919555664,94.0,9.18173885345459,1184.0352783203125,1564.484130859375,22.448399974225,96.852303561446,487.08637624578404
162416446010854,45,1978,1986,8,sn,hg_organon,43.22201919555664,94.0,9.18173885345459,1184.0352783203125,1564.484130859375,22.448399974225,96.852303561446,487.08637624578404
162416446010854,45,1978,1986,8,sn,hg_conus_sp,43.22247695922852,94.00000762939452,9.18178653717041,1284.001708984375,1718.4747314453125,22.448399974225,96.852303561446,487.08637624578404
162416446010854,45,1978,1986,8,sn,hg_conus_clim,43.213809967041016,94.00000762939452,9.180865287780762,699.8247680664062,741.3983154296875,22.448399974225,96.852303561446,487.08637624578404
385729424489998,13,2017,2022,5,sn,default,179.41302490234375,467.6532287597656,8.386898040771484,4140.2978515625,3690.717529296875,185.3628993833432,5200.875068237316,12536.690350108112
385729424489998,13,2017,2022,5,sn,calibrated,170.93370056152344,439.0740661621094,8.448527336120605,3955.88427734375,3669.9931640625,185.3628993833432,5200.875068237316,12536.690350108112
385729424489998,13,2017,2022,5,sn,hg_bayes,179.4152069091797,467.6507263183594,8.386971473693848,5009.5869140625,4459.65771484375,185.3628993833432,5200.875068237316,12536.690350108112
385729424489998,13,2017,2022,5,sn,hg_organon,179.4152069091797,467.6507263183594,8.386971473693848,5009.5869140625,4459.65771484375,185.3628993833432,5200.875068237316,12536.690350108112
385729424489998,13,2017,2022,5,sn,hg_conus_sp,179.412841796875,467.6536865234375,8.38688850402832,4734.07568359375,4267.43115234375,185.3628993833432,5200.875068237316,12536.690350108112
385729424489998,13,2017,2022,5,sn,hg_conus_clim,179.41152954101562,467.65533447265625,8.386845588684082,4707.14453125,4320.1962890625,185.3628993833432,5200.875068237316,12536.690350108112
44516912010478,45,2000,2006,6,sn,default,20.210206985473636,41.00516128540039,9.506101608276367,314.0781555175781,215.60401916503903,110.39587849606592,862.660432751738,934.671312011642
44516912010478,45,2000,2006,6,sn,calibrated,19.95862579345703,40.37321853637695,9.520394325256348,310.7279052734375,213.26988220214844,110.39587849606592,862.660432751738,934.671312011642
44516912010478,45,2000,2006,6,sn,hg_bayes,20.163742065429688,41.00520324707031,9.495162963867188,478.7674865722656,361.0016174316406,110.39587849606592,862.660432751738,934.671312011642
44516912010478,45,2000,2006,6,sn,hg_organon,20.163742065429688,41.00520324707031,9.495162963867188,478.7674865722656,361.0016174316406,110.39587849606592,862.660432751738,934.671312011642
44516912010478,45,2000,2006,6,sn,hg_conus_sp,20.16311264038086,41.00520324707031,9.495013236999512,443.4495239257813,339.6465148925781,110.39587849606592,862.660432751738,934.671312011642
44516912010478,45,2000,2006,6,sn,hg_conus_clim,20.098360061645508,41.00522994995117,9.47974967956543,413.6858825683594,346.16552734375,110.39587849606592,862.660432751738,934.671312011642
43375645010478,1,2000,2005,5,sn,default,52.79249954223633,58.80952453613281,12.82917022705078,1739.5640869140625,8108.646484375,38.55549343372565,1415.72832052005,7847.98938558623
43375645010478,1,2000,2005,5,sn,calibrated,52.04544448852539,57.83175659179688,12.84530544281006,1715.2481689453125,8004.005859375,38.55549343372565,1415.72832052005,7847.98938558623
43375645010478,1,2000,2005,5,sn,hg_bayes,52.79205703735352,58.809513092041016,12.82911777496338,1856.5018310546875,8878.6220703125,38.55549343372565,1415.72832052005,7847.98938558623
43375645010478,1,2000,2005,5,sn,hg_organon,52.79205703735352,58.809513092041016,12.82911777496338,1856.5018310546875,8878.6220703125,38.55549343372565,1415.72832052005,7847.98938558623
43375645010478,1,2000,2005,5,sn,hg_conus_sp,52.78925704956055,58.80951690673828,12.828777313232422,1802.691650390625,8479.185546875,38.55549343372565,1415.72832052005,7847.98938558623
43375645010478,1,2000,2005,5,sn,hg_conus_clim,52.78482055664063,58.80951690673828,12.82823657989502,1822.816650390625,8709.6640625,38.55549343372565,1415.72832052005,7847.98938558623
61370101010478,13,2004,2009,5,sn,default,1.1227140426635742,5.903192520141602,5.905102729797363,0.0,0.0,16.513042733637977,36.804828716224,0.0
61370101010478,13,2004,2009,5,sn,calibrated,1.1362627744674685,5.974809646606445,5.904914855957031,0.0,0.0,16.513042733637977,36.804828716224,0.0
61370101010478,13,2004,2009,5,sn,hg_bayes,1.1227140426635742,5.903192520141602,5.905101776123047,0.0,0.0,16.513042733637977,36.804828716224,0.0
61370101010478,13,2004,2009,5,sn,hg_organon,1.1227140426635742,5.903192520141602,5.905101776123047,0.0,0.0,16.513042733637977,36.804828716224,0.0
61370101010478,13,2004,2009,5,sn,hg_conus_sp,1.1227141618728638,5.903192520141602,5.905101776123047,0.0,0.0,16.513042733637977,36.804828716224,0.0
61370101010478,13,2004,2009,5,sn,hg_conus_clim,1.1227140426635742,5.903192520141602,5.905102729797363,0.0,0.0,16.513042733637977,36.804828716224,0.0
488023030489998,45,2018,2023,5,sn,default,101.77734375,245.62750244140625,8.716121673583984,2088.43701171875,1890.9798583984373,120.79625769634816,2366.403253754204,6406.280871617972
488023030489998,45,2018,2023,5,sn,calibrated,99.12126159667967,237.4060516357422,8.749307632446289,2037.87744140625,1920.792236328125,120.79625769634816,2366.403253754204,6406.280871617972
488023030489998,45,2018,2023,5,sn,hg_bayes,101.8315200805664,245.53826904296875,8.720026016235352,2547.828857421875,2338.240478515625,120.79625769634816,2366.403253754204,6406.280871617972
488023030489998,45,2018,2023,5,sn,hg_organon,101.8315200805664,245.53826904296875,8.720026016235352,2547.828857421875,2338.240478515625,120.79625769634816,2366.403253754204,6406.280871617972
488023030489998,45,2018,2023,5,sn,hg_conus_sp,101.8330535888672,245.5367584228516,8.720123291015625,2538.233642578125,2281.57763671875,120.79625769634816,2366.403253754204,6406.280871617972
488023030489998,45,2018,2023,5,sn,hg_conus_clim,101.74126434326172,245.68116760253903,8.713626861572266,2140.209716796875,2053.096923828125,120.79625769634816,2366.403253754204,6406.280871617972
158717093010854,13,1972,1982,10,sn,default,60.5984001159668,174.76219177246094,7.973392963409424,998.12744140625,800.2678833007812,85.85241329606177,1252.663301232569,3663.270059920994
158717093010854,13,1972,1982,10,sn,calibrated,59.08302307128906,169.0557403564453,8.004839897155762,973.5530395507812,798.9896850585938,85.85241329606177,1252.663301232569,3663.270059920994
158717093010854,13,1972,1982,10,sn,hg_bayes,60.59939956665039,174.76214599609375,7.973458766937256,1739.408935546875,1383.7789306640625,85.85241329606177,1252.663301232569,3663.270059920994
158717093010854,13,1972,1982,10,sn,hg_organon,60.59939956665039,174.76214599609375,7.973458766937256,1739.408935546875,1383.7789306640625,85.85241329606177,1252.663301232569,3663.270059920994
158717093010854,13,1972,1982,10,sn,hg_conus_sp,60.59543228149414,174.76217651367188,7.973196506500244,1614.1756591796875,1224.8421630859375,85.85241329606177,1252.663301232569,3663.270059920994
158717093010854,13,1972,1982,10,sn,hg_conus_clim,60.54871368408203,174.76242065429688,7.97011661529541,1451.7354736328125,1110.190185546875,85.85241329606177,1252.663301232569,3663.270059920994
259083167010854,13,2012,2018,6,sn,default,40.741798400878906,141.26129150390625,7.271848678588867,590.4798583984375,0.0,37.46406978529364,462.74277056028797,200.0395481377
259083167010854,13,2012,2018,6,sn,calibrated,40.04615020751953,138.36529541015625,7.284554481506348,581.7713623046875,0.0,37.46406978529364,462.74277056028797,200.0395481377
259083167010854,13,2012,2018,6,sn,hg_bayes,40.754669189453125,141.26126098632812,7.272997856140137,861.5810546875,0.0,37.46406978529364,462.74277056028797,200.0395481377
259083167010854,13,2012,2018,6,sn,hg_organon,40.754669189453125,141.26126098632812,7.272997856140137,861.5810546875,0.0,37.46406978529364,462.74277056028797,200.0395481377
259083167010854,13,2012,2018,6,sn,hg_conus_sp,40.76862335205078,141.2613067626953,7.274240493774414,975.5349731445312,0.0,37.46406978529364,462.74277056028797,200.0395481377
259083167010854,13,2012,2018,6,sn,hg_conus_clim,40.741798400878906,141.26129150390625,7.271848678588867,590.4798583984375,0.0,37.46406978529364,462.74277056028797,200.0395481377
162421513010854,45,1986,1993,7,sn,default,170.34136962890625,241.86363220214844,11.363469123840332,4570.763671875,18258.765625,115.60235885339888,2764.165331773147,9565.08427263162
162421513010854,45,1986,1993,7,sn,calibrated,166.73814392089844,232.90948486328125,11.456714630126951,4497.2861328125,18080.95703125,115.60235885339888,2764.165331773147,9565.08427263162
162421513010854,45,1986,1993,7,sn,hg_bayes,170.4146270751953,241.76622009277344,11.368206024169922,5051.9970703125,19698.900390625,115.60235885339888,2764.165331773147,9565.08427263162
162421513010854,45,1986,1993,7,sn,hg_organon,170.4146270751953,241.76622009277344,11.368206024169922,5051.9970703125,19698.900390625,115.60235885339888,2764.165331773147,9565.08427263162
162421513010854,45,1986,1993,7,sn,hg_conus_sp,170.3267822265625,241.8746032714844,11.362730979919434,4616.1875,18407.482421875,115.60235885339888,2764.165331773147,9565.08427263162
162421513010854,45,1986,1993,7,sn,hg_conus_clim,170.34136962890625,241.86363220214844,11.363469123840332,4570.763671875,18258.765625,115.60235885339888,2764.165331773147,9565.08427263162
259082924010854,13,2012,2018,6,sn,default,124.40486145019533,123.33504486083984,13.599149703979492,4572.3388671875,19482.7421875,,,
259082924010854,13,2012,2018,6,sn,calibrated,121.3764877319336,119.00038146972656,13.675066947937012,4463.65625,19108.763671875,,,
259082924010854,13,2012,2018,6,sn,hg_bayes,124.42168426513672,123.3350067138672,13.600069046020508,4977.94775390625,21494.396484375,,,
259082924010854,13,2012,2018,6,sn,hg_organon,124.42168426513672,123.3350067138672,13.600069046020508,4977.94775390625,21494.396484375,,,
259082924010854,13,2012,2018,6,sn,hg_conus_sp,124.40743255615234,123.33506774902344,13.59929084777832,4771.77734375,20681.171875,,,
259082924010854,13,2012,2018,6,sn,hg_conus_clim,124.3703155517578,123.33509063720705,13.597254753112791,4704.21240234375,20280.818359375,,,
162410554010854,45,1966,1977,11,sn,default,48.44582748413086,108.6968994140625,9.039739608764648,810.2720947265625,1434.34912109375,124.03715994159462,1102.643515032062,2970.879713297396
162410554010854,45,1966,1977,11,sn,calibrated,48.14783477783203,107.788818359375,9.049776077270508,805.6378784179688,1432.421630859375,124.03715994159462,1102.643515032062,2970.879713297396
162410554010854,45,1966,1977,11,sn,hg_bayes,48.425907135009766,108.69685363769533,9.037882804870604,1190.0401611328125,2174.5380859375,124.03715994159462,1102.643515032062,2970.879713297396
162410554010854,45,1966,1977,11,sn,hg_organon,48.425907135009766,108.69685363769533,9.037882804870604,1190.0401611328125,2174.5380859375,124.03715994159462,1102.643515032062,2970.879713297396
162410554010854,45,1966,1977,11,sn,hg_conus_sp,48.40985870361328,108.6968994140625,9.036383628845217,1128.0638427734375,2026.344482421875,124.03715994159462,1102.643515032062,2970.879713297396
162410554010854,45,1966,1977,11,sn,hg_conus_clim,48.44582748413086,108.6968994140625,9.039739608764648,810.2720947265625,1434.34912109375,124.03715994159462,1102.643515032062,2970.879713297396
157528736010854,1,1982,1989,7,sn,default,77.54438781738281,124.22077178955078,10.698291778564451,1655.169677734375,3499.140380859375,42.97145271528386,571.21183,1577.3286280000002
157528736010854,1,1982,1989,7,sn,calibrated,77.35025787353516,123.77955627441406,10.70391845703125,1651.3026123046875,3495.255126953125,42.97145271528386,571.21183,1577.3286280000002
157528736010854,1,1982,1989,7,sn,hg_bayes,77.5439682006836,124.22080993652344,10.698259353637695,1998.7896728515625,4389.23583984375,42.97145271528386,571.21183,1577.3286280000002
157528736010854,1,1982,1989,7,sn,hg_organon,77.5439682006836,124.22080993652344,10.698259353637695,1998.7896728515625,4389.23583984375,42.97145271528386,571.21183,1577.3286280000002
157528736010854,1,1982,1989,7,sn,hg_conus_sp,77.478759765625,124.22087860107422,10.69375705718994,1837.60400390625,4217.00732421875,42.97145271528386,571.21183,1577.3286280000002
157528736010854,1,1982,1989,7,sn,hg_conus_clim,77.54438781738281,124.22077178955078,10.698291778564451,1655.169677734375,3499.140380859375,42.97145271528386,571.21183,1577.3286280000002
139994300010854,1,2009,2016,7,sn,default,80.96879577636719,116.78636932373048,11.27454662322998,2337.22705078125,9496.4052734375,81.46390841446956,2331.144322640322,9333.918892735477
139994300010854,1,2009,2016,7,sn,calibrated,80.63282775878906,116.10066986083984,11.284306526184082,2328.79150390625,9473.3564453125,81.46390841446956,2331.144322640322,9333.918892735477
139994300010854,1,2009,2016,7,sn,hg_bayes,80.96186065673828,116.7863311767578,11.274065971374512,2612.14990234375,10622.994140625,81.46390841446956,2331.144322640322,9333.918892735477
139994300010854,1,2009,2016,7,sn,hg_organon,80.96186065673828,116.7863311767578,11.274065971374512,2612.14990234375,10622.994140625,81.46390841446956,2331.144322640322,9333.918892735477
139994300010854,1,2009,2016,7,sn,hg_conus_sp,80.96687316894531,116.7863311767578,11.2744140625,2484.168701171875,10057.1728515625,81.46390841446956,2331.144322640322,9333.918892735477
139994300010854,1,2009,2016,7,sn,hg_conus_clim,80.96879577636719,116.78636932373048,11.27454662322998,2337.22705078125,9496.4052734375,81.46390841446956,2331.144322640322,9333.918892735477
36099540020004,1,2012,2019,7,sn,default,40.78179168701172,93.95308685302734,8.92100715637207,778.7903442382812,1980.2420654296875,46.870686563674646,521.831069554162,0.0
36099540020004,1,2012,2019,7,sn,calibrated,40.41958618164063,92.69415283203124,8.94140911102295,773.3675537109375,1976.70458984375,46.870686563674646,521.831069554162,0.0
36099540020004,1,2012,2019,7,sn,hg_bayes,40.81386566162109,93.95298767089844,8.924519538879395,1098.10400390625,2709.552734375,46.870686563674646,521.831069554162,0.0
36099540020004,1,2012,2019,7,sn,hg_organon,40.81386566162109,93.95298767089844,8.924519538879395,1098.10400390625,2709.552734375,46.870686563674646,521.831069554162,0.0
36099540020004,1,2012,2019,7,sn,hg_conus_sp,40.79023742675781,93.9530258178711,8.921935081481934,1011.94384765625,2614.51953125,46.870686563674646,521.831069554162,0.0
36099540020004,1,2012,2019,7,sn,hg_conus_clim,40.73493957519531,93.95320129394533,8.915877342224121,899.5597534179688,2669.740478515625,46.870686563674646,521.831069554162,0.0
533664520126144,13,2018,2024,6,sn,default,49.12477493286133,52.87638092041016,13.051359176635742,1207.4739990234375,4717.13818359375,71.97896682167554,1039.7795425690101,155.434110142138
533664520126144,13,2018,2024,6,sn,calibrated,49.13024520874024,52.886756896972656,13.050806045532228,1207.588134765625,4717.390625,71.97896682167554,1039.7795425690101,155.434110142138
533664520126144,13,2018,2024,6,sn,hg_bayes,49.14153289794922,52.87639999389648,13.053584098815918,1512.4208984375,5847.18408203125,71.97896682167554,1039.7795425690101,155.434110142138
533664520126144,13,2018,2024,6,sn,hg_organon,49.14153289794922,52.87639999389648,13.053584098815918,1512.4208984375,5847.18408203125,71.97896682167554,1039.7795425690101,155.434110142138
533664520126144,13,2018,2024,6,sn,hg_conus_sp,49.10933303833008,52.87639617919922,13.04930591583252,1414.0126953125,5513.390625,71.97896682167554,1039.7795425690101,155.434110142138
533664520126144,13,2018,2024,6,sn,hg_conus_clim,49.12604141235352,52.87638854980469,13.051526069641112,1233.14111328125,4717.13818359375,71.97896682167554,1039.7795425690101,155.434110142138
61057437010478,13,2000,2008,8,sn,default,98.71556091308594,198.6622467041016,9.544901847839355,2195.064453125,4431.0556640625,105.34891526829868,1730.922595117288,3724.249899521426
61057437010478,13,2000,2008,8,sn,calibrated,97.15917205810548,194.10189819335935,9.579949378967283,2165.9775390625,4412.822265625,105.34891526829868,1730.922595117288,3724.249899521426
61057437010478,13,2000,2008,8,sn,hg_bayes,98.7587890625,198.66207885742188,9.546998023986816,2974.045654296875,5762.8427734375,105.34891526829868,1730.922595117288,3724.249899521426
61057437010478,13,2000,2008,8,sn,hg_organon,98.7587890625,198.66207885742188,9.546998023986816,2974.045654296875,5762.8427734375,105.34891526829868,1730.922595117288,3724.249899521426
61057437010478,13,2000,2008,8,sn,hg_conus_sp,98.72101593017578,198.6622314453125,9.545166015625,2748.031982421875,5413.65087890625,105.34891526829868,1730.922595117288,3724.249899521426
61057437010478,13,2000,2008,8,sn,hg_conus_clim,98.62006378173828,198.66246032714844,9.540279388427734,2612.270751953125,5359.326171875,105.34891526829868,1730.922595117288,3724.249899521426
158715474010854,13,1972,1982,10,sn,default,30.835769653320312,66.17721557617188,9.242925643920898,613.5216674804688,803.6670532226562,,0.0,0.0
158715474010854,13,1972,1982,10,sn,calibrated,30.6131591796875,65.5655517578125,9.252360343933104,609.2920532226562,802.8076171875,,0.0,0.0
158715474010854,13,1972,1982,10,sn,hg_bayes,30.835166931152344,66.17721557617188,9.242834091186523,875.354736328125,1251.40625,,0.0,0.0
158715474010854,13,1972,1982,10,sn,hg_organon,30.835166931152344,66.17721557617188,9.242834091186523,875.354736328125,1251.40625,,0.0,0.0
158715474010854,13,1972,1982,10,sn,hg_conus_sp,30.83456039428711,66.17720794677734,9.242746353149414,845.2830200195312,1179.6412353515625,,0.0,0.0
158715474010854,13,1972,1982,10,sn,hg_conus_clim,30.835769653320312,66.17721557617188,9.242925643920898,613.5216674804688,803.6670532226562,,0.0,0.0
160405579010854,28,1987,1994,7,sn,default,10.077284812927246,15.54584789276123,10.90186595916748,194.4558258056641,452.24713134765625,9.381243826643876,0.0,0.0
160405579010854,28,1987,1994,7,sn,calibrated,9.800978660583496,15.05650520324707,10.92468547821045,188.7546844482422,444.43939208984375,9.381243826643876,0.0,0.0
160405579010854,28,1987,1994,7,sn,hg_bayes,10.077350616455078,15.545846939086914,10.901902198791504,293.9147033691406,748.4454345703125,9.381243826643876,0.0,0.0
160405579010854,28,1987,1994,7,sn,hg_organon,10.077350616455078,15.545846939086914,10.901902198791504,293.9147033691406,748.4454345703125,9.381243826643876,0.0,0.0
160405579010854,28,1987,1994,7,sn,hg_conus_sp,10.077374458312988,15.545846939086914,10.901915550231934,278.30078125,713.090087890625,9.381243826643876,0.0,0.0
160405579010854,28,1987,1994,7,sn,hg_conus_clim,10.077332496643066,15.545845985412598,10.90189266204834,284.97576904296875,721.1029052734375,9.381243826643876,0.0,0.0
259118797010854,28,2012,2018,6,sn,default,93.02932739257812,141.05364990234375,10.996492385864258,2617.11962890625,8125.439453125,125.53440398894082,3414.820118610116,14990.352147496442
259118797010854,28,2012,2018,6,sn,calibrated,91.04743194580078,137.2339324951172,11.029081344604492,2562.25146484375,8017.26220703125,125.53440398894082,3414.820118610116,14990.352147496442
259118797010854,28,2012,2018,6,sn,hg_bayes,93.03008270263672,141.05364990234375,10.996537208557127,2993.6796875,9332.4287109375,125.53440398894082,3414.820118610116,14990.352147496442
259118797010854,28,2012,2018,6,sn,hg_organon,93.03008270263672,141.05364990234375,10.996537208557127,2993.6796875,9332.4287109375,125.53440398894082,3414.820118610116,14990.352147496442
259118797010854,28,2012,2018,6,sn,hg_conus_sp,93.0298309326172,141.05364990234375,10.996522903442385,2900.020263671875,9021.861328125,125.53440398894082,3414.820118610116,14990.352147496442
259118797010854,28,2012,2018,6,sn,hg_conus_clim,93.02935791015624,141.05364990234375,10.996492385864258,2869.83349609375,8947.794921875,125.53440398894082,3414.820118610116,14990.352147496442
162413515010854,45,1967,1978,11,sn,default,64.57088470458984,134.9920196533203,9.364846229553224,1137.50146484375,1992.501953125,93.70769288520512,2345.693755481339,6564.593159140617
162413515010854,45,1967,1978,11,sn,calibrated,64.62429809570312,135.16612243652344,9.362682342529297,1138.3299560546875,1993.0784912109373,93.70769288520512,2345.693755481339,6564.593159140617
162413515010854,45,1967,1978,11,sn,hg_bayes,64.71589660644531,134.99118041992188,9.375383377075195,1790.4769287109375,3405.063720703125,93.70769288520512,2345.693755481339,6564.593159140617
162413515010854,45,1967,1978,11,sn,hg_organon,64.71589660644531,134.99118041992188,9.375383377075195,1790.4769287109375,3405.063720703125,93.70769288520512,2345.693755481339,6564.593159140617
162413515010854,45,1967,1978,11,sn,hg_conus_sp,64.55233764648438,134.99166870117188,9.363512992858888,1556.192626953125,3055.39453125,93.70769288520512,2345.693755481339,6564.593159140617
162413515010854,45,1967,1978,11,sn,hg_conus_clim,64.394775390625,134.9923553466797,9.352054595947266,1232.8289794921875,2478.1650390625,93.70769288520512,2345.693755481339,6564.593159140617
56703221010478,13,1997,2002,5,sn,default,172.89625549316406,195.66603088378903,12.72832489013672,4418.77978515625,17535.626953125,139.6832551985741,2828.7439466251403,10073.268756529053
56703221010478,13,1997,2002,5,sn,calibrated,162.3543243408203,177.52914428710938,12.948915481567385,4164.763671875,16944.2578125,139.6832551985741,2828.7439466251403,10073.268756529053
56703221010478,13,1997,2002,5,sn,hg_bayes,172.89578247070312,195.6628875732422,12.72841453552246,5174.39013671875,20831.2890625,139.6832551985741,2828.7439466251403,10073.268756529053
56703221010478,13,1997,2002,5,sn,hg_organon,172.89578247070312,195.6628875732422,12.72841453552246,5174.39013671875,20831.2890625,139.6832551985741,2828.7439466251403,10073.268756529053
56703221010478,13,1997,2002,5,sn,hg_conus_sp,172.88914489746094,195.67222595214844,12.727864265441896,4834.65478515625,19689.271484375,139.6832551985741,2828.7439466251403,10073.268756529053
56703221010478,13,1997,2002,5,sn,hg_conus_clim,172.8814697265625,195.677490234375,12.727412223815918,4459.6494140625,17746.693359375,139.6832551985741,2828.7439466251403,10073.268756529053
162417543010854,45,1977,1986,9,sn,default,55.29278945922852,178.7842254638672,7.530189990997314,1097.3533935546875,0.0,77.70360355452912,748.768467215239,921.182196
162417543010854,45,1977,1986,9,sn,calibrated,54.84803009033203,176.93934631347656,7.538841247558594,1089.1676025390625,0.0,77.70360355452912,748.768467215239,921.182196
162417543010854,45,1977,1986,9,sn,hg_bayes,55.42171859741211,178.7838592529297,7.538971900939941,1479.1531982421875,0.0,77.70360355452912,748.768467215239,921.182196
162417543010854,45,1977,1986,9,sn,hg_organon,55.42171859741211,178.7838592529297,7.538971900939941,1479.1531982421875,0.0,77.70360355452912,748.768467215239,921.182196
162417543010854,45,1977,1986,9,sn,hg_conus_sp,55.40041732788086,178.7839813232422,7.537519454956055,1405.287109375,0.0,77.70360355452912,748.768467215239,921.182196
162417543010854,45,1977,1986,9,sn,hg_conus_clim,55.29278945922852,178.7842254638672,7.530189990997314,1097.3533935546875,0.0,77.70360355452912,748.768467215239,921.182196
264160340489998,1,2015,2021,6,sn,default,111.79473114013672,175.95762634277344,10.79301929473877,3359.6337890625,9646.8330078125,156.40053415158923,3294.422801467908,10439.970421646149
264160340489998,1,2015,2021,6,sn,calibrated,111.74592590332033,175.8406524658203,10.794252395629885,3358.383056640625,9645.4521484375,156.40053415158923,3294.422801467908,10439.970421646149
264160340489998,1,2015,2021,6,sn,hg_bayes,111.82451629638672,175.95748901367188,10.79445743560791,3773.498046875,10609.3798828125,156.40053415158923,3294.422801467908,10439.970421646149
264160340489998,1,2015,2021,6,sn,hg_organon,111.82451629638672,175.95748901367188,10.79445743560791,3773.498046875,10609.3798828125,156.40053415158923,3294.422801467908,10439.970421646149
264160340489998,1,2015,2021,6,sn,hg_conus_sp,111.79805755615234,175.95758056640625,10.793177604675291,3557.5751953125,10293.3818359375,156.40053415158923,3294.422801467908,10439.970421646149
264160340489998,1,2015,2021,6,sn,hg_conus_clim,111.78093719482422,175.95765686035156,10.792353630065918,3399.891357421875,9938.4775390625,156.40053415158923,3294.422801467908,10439.970421646149
162421449010854,45,1986,1993,7,sn,default,98.36746215820312,192.49313354492188,9.679533004760742,2312.6826171875,5120.9716796875,99.25956373167128,2042.8953799527771,6367.291916664975
162421449010854,45,1986,1993,7,sn,calibrated,97.5744857788086,190.3458404541016,9.694662094116213,2296.1123046875,5108.74609375,99.25956373167128,2042.8953799527771,6367.291916664975
162421449010854,45,1986,1993,7,sn,hg_bayes,98.24514770507812,192.4933624267578,9.673508644104004,2733.568115234375,6136.4912109375,99.25956373167128,2042.8953799527771,6367.291916664975
162421449010854,45,1986,1993,7,sn,hg_organon,98.24514770507812,192.4933624267578,9.673508644104004,2733.568115234375,6136.4912109375,99.25956373167128,2042.8953799527771,6367.291916664975
162421449010854,45,1986,1993,7,sn,hg_conus_sp,98.24779510498048,192.49339294433597,9.673638343811035,2598.3974609375,5886.8671875,99.25956373167128,2042.8953799527771,6367.291916664975
162421449010854,45,1986,1993,7,sn,hg_conus_clim,98.24649047851562,192.49339294433597,9.673571586608888,2553.029541015625,5795.59033203125,99.25956373167128,2042.8953799527771,6367.291916664975
157501379010854,1,1971,1982,11,sn,default,44.913536071777344,51.16001510620117,12.687017440795898,1110.3116455078125,3576.37548828125,77.81950422547278,417.007894,607.7940629999999
157501379010854,1,1971,1982,11,sn,calibrated,44.51041793823242,50.58385467529297,12.701680183410645,1101.041015625,3554.587158203125,77.81950422547278,417.007894,607.7940629999999
157501379010854,1,1971,1982,11,sn,hg_bayes,44.95406723022461,51.15988540649414,12.692758560180664,1149.240478515625,3753.218505859375,77.81950422547278,417.007894,607.7940629999999
157501379010854,1,1971,1982,11,sn,hg_organon,44.95406723022461,51.15988540649414,12.692758560180664,1149.240478515625,3753.218505859375,77.81950422547278,417.007894,607.7940629999999
157501379010854,1,1971,1982,11,sn,hg_conus_sp,44.94724655151367,51.15990829467773,12.691794395446776,1137.64990234375,3675.815185546875,77.81950422547278,417.007894,607.7940629999999
157501379010854,1,1971,1982,11,sn,hg_conus_clim,44.913536071777344,51.16001510620117,12.687017440795898,1110.3116455078125,3576.37548828125,77.81950422547278,417.007894,607.7940629999999
100686648010478,28,2006,2012,6,sn,default,205.3435516357422,226.77371215820312,12.884881973266602,6395.7236328125,27218.205078125,134.9535322789479,3919.402914668046,16565.541529567345
100686648010478,28,2006,2012,6,sn,calibrated,172.5114288330078,168.2975616455078,13.709013938903809,5450.88916015625,24480.841796875,134.9535322789479,3919.402914668046,16565.541529567345
100686648010478,28,2006,2012,6,sn,hg_bayes,205.35659790039065,226.75949096679688,12.885695457458496,7030.94921875,29638.26171875,134.9535322789479,3919.402914668046,16565.541529567345
100686648010478,28,2006,2012,6,sn,hg_organon,205.35659790039065,226.75949096679688,12.885695457458496,7030.94921875,29638.26171875,134.9535322789479,3919.402914668046,16565.541529567345
100686648010478,28,2006,2012,6,sn,hg_conus_sp,205.33294677734372,226.78158569335935,12.88432502746582,6558.57177734375,27946.16015625,134.9535322789479,3919.402914668046,16565.541529567345
100686648010478,28,2006,2012,6,sn,hg_conus_clim,205.32118225097656,226.79026794433597,12.883716583251951,6673.34228515625,28563.576171875,134.9535322789479,3919.402914668046,16565.541529567345
146777027010854,45,2009,2014,5,sn,default,115.47635650634766,253.85166931152344,9.132567405700684,2777.388671875,7306.0234375,131.09050791024603,2777.413348242624,8586.407788256016
146777027010854,45,2009,2014,5,sn,calibrated,113.8206558227539,248.3757476806641,9.16626262664795,2744.68408203125,7281.177734375,131.09050791024603,2777.413348242624,8586.407788256016
146777027010854,45,2009,2014,5,sn,hg_bayes,115.48938751220705,253.8516998291016,9.13308048248291,3151.09033203125,7974.4921875,131.09050791024603,2777.413348242624,8586.407788256016
146777027010854,45,2009,2014,5,sn,hg_organon,115.48938751220705,253.8516998291016,9.13308048248291,3151.09033203125,7974.4921875,131.09050791024603,2777.413348242624,8586.407788256016
146777027010854,45,2009,2014,5,sn,hg_conus_sp,115.47398376464844,253.85166931152344,9.13247013092041,2939.160400390625,7560.5498046875,131.09050791024603,2777.413348242624,8586.407788256016
146777027010854,45,2009,2014,5,sn,hg_conus_clim,115.45597076416016,253.8516845703125,9.13176441192627,2947.138427734375,7714.37060546875,131.09050791024603,2777.413348242624,8586.407788256016
81639084010478,1,2006,2013,7,sn,default,53.460357666015625,116.79833221435548,9.160809516906738,941.4943237304688,2034.7845458984373,78.39012939383095,1161.570103558724,2677.359957368818
81639084010478,1,2006,2013,7,sn,calibrated,53.34781265258789,116.44873809814452,9.164889335632324,939.689208984375,2033.3529052734373,78.39012939383095,1161.570103558724,2677.359957368818
81639084010478,1,2006,2013,7,sn,hg_bayes,53.50812149047852,116.79815673828124,9.164910316467283,1281.074951171875,2581.39892578125,78.39012939383095,1161.570103558724,2677.359957368818
81639084010478,1,2006,2013,7,sn,hg_organon,53.50812149047852,116.79815673828124,9.164910316467283,1281.074951171875,2581.39892578125,78.39012939383095,1161.570103558724,2677.359957368818
81639084010478,1,2006,2013,7,sn,hg_conus_sp,53.52150344848633,116.79817962646484,9.166054725646973,1175.363525390625,2498.13330078125,78.39012939383095,1161.570103558724,2677.359957368818
81639084010478,1,2006,2013,7,sn,hg_conus_clim,53.45335388183594,116.79834747314452,9.160212516784668,972.9339599609376,2183.12158203125,78.39012939383095,1161.570103558724,2677.359957368818
29395410010497,41,2008,2018,10,wc,default,232.3858337402344,139.90623474121094,17.451093673706055,7955.7890625,45715.83203125,264.8475785188044,8754.916008744578,54006.747954664395
29395410010497,41,2008,2018,10,wc,calibrated,233.06564331054688,140.62625122070312,17.431795120239258,7976.25341796875,45832.84375,264.8475785188044,8754.916008744578,54006.747954664395
29395410010497,41,2008,2018,10,wc,hg_bayes,232.38571166992188,139.90623474121094,17.45108985900879,9057.279296875,53322.15625,264.8475785188044,8754.916008744578,54006.747954664395
29395410010497,41,2008,2018,10,wc,hg_organon,232.38571166992188,139.90623474121094,17.45108985900879,9057.279296875,53322.15625,264.8475785188044,8754.916008744578,54006.747954664395
29395410010497,41,2008,2018,10,wc,hg_conus_sp,232.3858337402344,139.90623474121094,17.451093673706055,8614.08203125,50484.80078125,264.8475785188044,8754.916008744578,54006.747954664395
29395410010497,41,2008,2018,10,wc,hg_conus_clim,232.3858184814453,139.90623474121094,17.451091766357422,8593.044921875,50329.37890625,264.8475785188044,8754.916008744578,54006.747954664395
41118547010497,41,2002,2012,10,wc,default,117.4785385131836,94.97785949707033,15.059286117553713,3397.8955078125,18110.45703125,89.71130680017055,2399.441153597758,12796.68630606537
41118547010497,41,2002,2012,10,wc,calibrated,116.68817901611328,94.2927474975586,15.062970161437988,3374.177001953125,17983.390625,89.71130680017055,2399.441153597758,12796.68630606537
41118547010497,41,2002,2012,10,wc,hg_bayes,117.5041732788086,94.97783660888672,15.060928344726562,4149.48779296875,22901.462890625,89.71130680017055,2399.441153597758,12796.68630606537
41118547010497,41,2002,2012,10,wc,hg_organon,117.5041732788086,94.97783660888672,15.060928344726562,4149.48779296875,22901.462890625,89.71130680017055,2399.441153597758,12796.68630606537
41118547010497,41,2002,2012,10,wc,hg_conus_sp,117.47843933105467,94.97785949707033,15.059280395507812,3354.0439453125,17612.083984375,89.71130680017055,2399.441153597758,12796.68630606537
41118547010497,41,2002,2012,10,wc,hg_conus_clim,117.48528289794922,94.97785949707033,15.059714317321776,3434.3056640625,18350.923828125,89.71130680017055,2399.441153597758,12796.68630606537
22828631010497,41,2007,2017,10,wc,default,90.73086547851562,96.50849151611328,13.128979682922363,2351.69677734375,12208.4443359375,99.88232297563574,2035.039239470128,10283.270366423996
22828631010497,41,2007,2017,10,wc,calibrated,89.43855285644531,93.8225555419922,13.220412254333496,2323.032958984375,12075.7275390625,99.88232297563574,2035.039239470128,10283.270366423996
22828631010497,41,2007,2017,10,wc,hg_bayes,90.74028778076172,96.50890350341795,13.12963581085205,2537.89208984375,13434.41796875,99.88232297563574,2035.039239470128,10283.270366423996
22828631010497,41,2007,2017,10,wc,hg_organon,90.74028778076172,96.50890350341795,13.12963581085205,2537.89208984375,13434.41796875,99.88232297563574,2035.039239470128,10283.270366423996
22828631010497,41,2007,2017,10,wc,hg_conus_sp,90.7408218383789,96.50890350341795,13.129673957824709,2350.622802734375,12314.13671875,99.88232297563574,2035.039239470128,10283.270366423996
22828631010497,41,2007,2017,10,wc,hg_conus_clim,90.74085998535156,96.50890350341795,13.12967586517334,2366.707763671875,12347.7685546875,99.88232297563574,2035.039239470128,10283.270366423996
41119734010497,41,2005,2015,10,wc,default,70.03681182861328,173.42845153808594,8.604769706726074,1718.0340576171875,8785.5185546875,80.15024780744254,1609.413762933018,4065.539197902598
41119734010497,41,2005,2015,10,wc,calibrated,63.54560470581055,155.6374969482422,8.65211009979248,1562.8841552734375,7975.9658203125,80.15024780744254,1609.413762933018,4065.539197902598
41119734010497,41,2005,2015,10,wc,hg_bayes,70.03681182861328,173.42845153808594,8.604769706726074,1827.2508544921875,9531.9638671875,80.15024780744254,1609.413762933018,4065.539197902598
41119734010497,41,2005,2015,10,wc,hg_organon,70.03681182861328,173.42845153808594,8.604769706726074,1827.2508544921875,9531.9638671875,80.15024780744254,1609.413762933018,4065.539197902598
41119734010497,41,2005,2015,10,wc,hg_conus_sp,70.03681182861328,173.42845153808594,8.604769706726074,1718.0340576171875,8785.5185546875,80.15024780744254,1609.413762933018,4065.539197902598
41119734010497,41,2005,2015,10,wc,hg_conus_clim,70.03681182861328,173.42845153808594,8.604769706726074,1718.0340576171875,8785.5185546875,80.15024780744254,1609.413762933018,4065.539197902598
40220449010497,53,2010,2021,11,wc,default,243.92132568359372,106.90740966796876,20.453020095825195,4956.56396484375,25192.841796875,216.9536128569304,4464.007314006966,25824.639341437072
40220449010497,53,2010,2021,11,wc,calibrated,244.54409790039065,107.21141052246094,20.45004653930664,4969.0966796875,25256.072265625,216.9536128569304,4464.007314006966,25824.639341437072
40220449010497,53,2010,2021,11,wc,hg_bayes,243.92132568359372,106.90740966796876,20.453020095825195,6491.8505859375,35802.06640625,216.9536128569304,4464.007314006966,25824.639341437072
40220449010497,53,2010,2021,11,wc,hg_organon,243.92132568359372,106.90740966796876,20.453020095825195,6491.8505859375,35802.06640625,216.9536128569304,4464.007314006966,25824.639341437072
40220449010497,53,2010,2021,11,wc,hg_conus_sp,243.92132568359372,106.90740966796876,20.453020095825195,5827.2724609375,31446.916015625,216.9536128569304,4464.007314006966,25824.639341437072
40220449010497,53,2010,2021,11,wc,hg_conus_clim,243.92132568359372,106.90740966796876,20.453020095825195,5757.43359375,30945.734375,216.9536128569304,4464.007314006966,25824.639341437072
48206131010497,41,2011,2022,11,wc,default,47.90661239624024,47.57355499267578,13.587865829467772,821.0562744140625,3693.664794921875,40.47086190108595,397.92358264935,1344.204241001086
48206131010497,41,2011,2022,11,wc,calibrated,47.80615615844727,47.46297454833984,13.589414596557615,820.1133422851562,3694.25146484375,40.47086190108595,397.92358264935,1344.204241001086
48206131010497,41,2011,2022,11,wc,hg_bayes,47.90661239624024,47.57355499267578,13.587865829467772,902.13232421875,4014.015380859375,40.47086190108595,397.92358264935,1344.204241001086
48206131010497,41,2011,2022,11,wc,hg_organon,47.90661239624024,47.57355499267578,13.587865829467772,902.13232421875,4014.015380859375,40.47086190108595,397.92358264935,1344.204241001086
48206131010497,41,2011,2022,11,wc,hg_conus_sp,47.90661239624024,47.57355499267578,13.587865829467772,895.1388549804688,3924.11279296875,40.47086190108595,397.92358264935,1344.204241001086
48206131010497,41,2011,2022,11,wc,hg_conus_clim,47.90661239624024,47.57355499267578,13.587865829467772,895.9959716796875,3930.541015625,40.47086190108595,397.92358264935,1344.204241001086
22399222010497,53,2006,2016,10,wc,default,112.4141616821289,182.0831756591797,10.639273643493652,3435.802734375,17409.677734375,,,
22399222010497,53,2006,2016,10,wc,calibrated,107.1721649169922,172.66839599609375,10.667698860168455,3271.883056640625,16573.56640625,,,
22399222010497,53,2006,2016,10,wc,hg_bayes,112.58287048339844,182.1011657714844,10.64672565460205,3654.65234375,18814.66015625,,,
22399222010497,53,2006,2016,10,wc,hg_organon,112.58287048339844,182.1011657714844,10.64672565460205,3654.65234375,18814.66015625,,,
22399222010497,53,2006,2016,10,wc,hg_conus_sp,112.4141616821289,182.0831756591797,10.639273643493652,3461.6982421875,17598.623046875,,,
22399222010497,53,2006,2016,10,wc,hg_conus_clim,112.4141616821289,182.0831756591797,10.639273643493652,3445.3056640625,17501.58203125,,,
22932014010497,41,2008,2018,10,wc,default,93.97595977783205,103.04161071777344,12.93118667602539,2034.3045654296875,10750.3251953125,121.66991689085803,2748.098867432358,12732.011469280982
22932014010497,41,2008,2018,10,wc,calibrated,94.1400146484375,103.22501373291016,12.930968284606934,2036.9649658203125,10766.7900390625,121.66991689085803,2748.098867432358,12732.011469280982
22932014010497,41,2008,2018,10,wc,hg_bayes,93.97570037841795,103.04161071777344,12.931170463562012,2481.850830078125,13495.6162109375,121.66991689085803,2748.098867432358,12732.011469280982
22932014010497,41,2008,2018,10,wc,hg_organon,93.97570037841795,103.04161071777344,12.931170463562012,2481.850830078125,13495.6162109375,121.66991689085803,2748.098867432358,12732.011469280982
22932014010497,41,2008,2018,10,wc,hg_conus_sp,93.9761199951172,103.04161071777344,12.931198120117188,2197.972412109375,11628.40234375,121.66991689085803,2748.098867432358,12732.011469280982
22932014010497,41,2008,2018,10,wc,hg_conus_clim,93.97598266601562,103.04161071777344,12.931188583374023,2215.886474609375,11757.626953125,121.66991689085803,2748.098867432358,12732.011469280982
22399107010497,53,2006,2016,10,wc,default,142.1052703857422,216.6748046875,10.96572208404541,4440.7900390625,23900.953125,122.95832560851365,3085.017079720594,15221.154785710056
22399107010497,53,2006,2016,10,wc,calibrated,141.30259704589844,214.36526489257807,10.993454933166504,4423.4072265625,23811.111328125,122.95832560851365,3085.017079720594,15221.154785710056
22399107010497,53,2006,2016,10,wc,hg_bayes,142.11900329589844,216.6747283935547,10.966253280639648,4663.19873046875,25273.177734375,122.95832560851365,3085.017079720594,15221.154785710056
22399107010497,53,2006,2016,10,wc,hg_organon,142.11900329589844,216.6747283935547,10.966253280639648,4663.19873046875,25273.177734375,122.95832560851365,3085.017079720594,15221.154785710056
22399107010497,53,2006,2016,10,wc,hg_conus_sp,142.105224609375,216.6748046875,10.965720176696776,4466.43896484375,24158.71875,122.95832560851365,3085.017079720594,15221.154785710056
22399107010497,53,2006,2016,10,wc,hg_conus_clim,142.10528564453125,216.6748046875,10.96572208404541,4506.076171875,24322.048828125,122.95832560851365,3085.017079720594,15221.154785710056
8623431010901,53,2006,2016,10,wc,default,96.06476593017578,267.1209411621094,8.120158195495605,1425.832275390625,7171.6513671875,,,
8623431010901,53,2006,2016,10,wc,calibrated,95.94187927246094,266.8918762207031,8.11844253540039,1419.7841796875,7137.62451171875,,,
8623431010901,53,2006,2016,10,wc,hg_bayes,96.06476593017578,267.1209411621094,8.120158195495605,1838.90087890625,9667.591796875,,,
8623431010901,53,2006,2016,10,wc,hg_organon,96.06476593017578,267.1209411621094,8.120158195495605,1838.90087890625,9667.591796875,,,
8623431010901,53,2006,2016,10,wc,hg_conus_sp,96.06476593017578,267.1209411621094,8.120158195495605,1719.560546875,8963.1591796875,,,
8623431010901,53,2006,2016,10,wc,hg_conus_clim,96.06476593017578,267.1209411621094,8.120158195495605,1636.4228515625,8437.8056640625,,,
41118789010497,41,2002,2012,10,wc,default,94.70389556884766,72.57118225097656,15.468140602111816,2609.33349609375,13565.6201171875,70.69893217743387,1550.070058725484,8127.897498142177
41118789010497,41,2002,2012,10,wc,calibrated,94.38228607177734,72.25598907470703,15.475500106811523,2601.043212890625,13522.4482421875,70.69893217743387,1550.070058725484,8127.897498142177
41118789010497,41,2002,2012,10,wc,hg_bayes,94.73878479003906,72.57252502441406,15.470848083496094,2764.740478515625,14449.138671875,70.69893217743387,1550.070058725484,8127.897498142177
41118789010497,41,2002,2012,10,wc,hg_organon,94.73878479003906,72.57252502441406,15.470848083496094,2764.740478515625,14449.138671875,70.69893217743387,1550.070058725484,8127.897498142177
41118789010497,41,2002,2012,10,wc,hg_conus_sp,94.72413635253906,72.57257843017578,15.469644546508787,2713.2763671875,14179.7509765625,70.69893217743387,1550.070058725484,8127.897498142177
41118789010497,41,2002,2012,10,wc,hg_conus_clim,94.72413635253906,72.57257843017578,15.469644546508787,2709.23779296875,14169.21484375,70.69893217743387,1550.070058725484,8127.897498142177
41118390010497,41,2001,2011,10,wc,default,142.388916015625,102.87364959716795,15.930238723754885,4269.13623046875,23323.146484375,,,
41118390010497,41,2001,2011,10,wc,calibrated,142.74586486816406,103.29119873046876,15.917924880981444,4277.33154296875,23365.65625,,,
41118390010497,41,2001,2011,10,wc,hg_bayes,142.3887939453125,102.87364959716795,15.930230140686035,4650.61328125,25891.671875,,,
41118390010497,41,2001,2011,10,wc,hg_organon,142.3887939453125,102.87364959716795,15.930230140686035,4650.61328125,25891.671875,,,
41118390010497,41,2001,2011,10,wc,hg_conus_sp,142.388916015625,102.87364959716795,15.930238723754885,4296.7275390625,23459.115234375,,,
41118390010497,41,2001,2011,10,wc,hg_conus_clim,142.388916015625,102.87364959716795,15.930238723754885,4311.16748046875,23605.34765625,,,
41119464010497,41,2004,2014,10,wc,default,465.360107421875,100.92668914794922,29.075551986694336,19664.59375,136050.5625,466.1534451091422,20551.042278218523,143531.22179519382
41119464010497,41,2004,2014,10,wc,calibrated,466.9825744628906,103.08362579345705,28.819849014282227,19714.564453125,136389.0625,466.1534451091422,20551.042278218523,143531.22179519382
41119464010497,41,2004,2014,10,wc,hg_bayes,465.3600463867188,100.92667388916016,29.075550079345703,21269.37890625,148317.359375,466.1534451091422,20551.042278218523,143531.22179519382
41119464010497,41,2004,2014,10,wc,hg_organon,465.3600463867188,100.92667388916016,29.075550079345703,21269.37890625,148317.359375,466.1534451091422,20551.042278218523,143531.22179519382
41119464010497,41,2004,2014,10,wc,hg_conus_sp,465.360107421875,100.92668914794922,29.075550079345703,20151.48046875,139766.6875,466.1534451091422,20551.042278218523,143531.22179519382
41119464010497,41,2004,2014,10,wc,hg_conus_clim,465.360107421875,100.92668914794922,29.075550079345703,20305.845703125,141003.34375,466.1534451091422,20551.042278218523,143531.22179519382
24919128010900,41,2004,2014,10,wc,default,153.1632080078125,248.96673583984372,10.620450973510742,3157.02880859375,15463.3603515625,110.67956975568316,2545.34847343167,9256.458329793952
24919128010900,41,2004,2014,10,wc,calibrated,153.5946807861328,249.82720947265625,10.6170654296875,3165.57080078125,15505.7373046875,110.67956975568316,2545.34847343167,9256.458329793952
24919128010900,41,2004,2014,10,wc,hg_bayes,153.47776794433594,248.96343994140625,10.631417274475098,3983.10986328125,20390.48046875,110.67956975568316,2545.34847343167,9256.458329793952
24919128010900,41,2004,2014,10,wc,hg_organon,153.47776794433594,248.96343994140625,10.631417274475098,3983.10986328125,20390.48046875,110.67956975568316,2545.34847343167,9256.458329793952
24919128010900,41,2004,2014,10,wc,hg_conus_sp,153.4764862060547,248.9634552001953,10.63137435913086,3614.203857421875,18078.53515625,110.67956975568316,2545.34847343167,9256.458329793952
24919128010900,41,2004,2014,10,wc,hg_conus_clim,153.4778289794922,248.9634552001953,10.631417274475098,3529.821533203125,17675.865234375,110.67956975568316,2545.34847343167,9256.458329793952
8616160010901,53,2006,2016,10,wc,default,70.16008758544922,32.51399612426758,19.890527725219727,2358.398193359375,14510.115234375,83.6310562357862,2687.723974084148,16515.200957711677
8616160010901,53,2006,2016,10,wc,calibrated,70.13573455810547,32.52824783325195,19.882715225219727,2357.621826171875,14507.8505859375,83.6310562357862,2687.723974084148,16515.200957711677
8616160010901,53,2006,2016,10,wc,hg_bayes,70.1598129272461,32.51399612426758,19.89048767089844,2643.084716796875,16499.638671875,83.6310562357862,2687.723974084148,16515.200957711677
8616160010901,53,2006,2016,10,wc,hg_organon,70.1598129272461,32.51399612426758,19.89048767089844,2643.084716796875,16499.638671875,83.6310562357862,2687.723974084148,16515.200957711677
8616160010901,53,2006,2016,10,wc,hg_conus_sp,70.16000366210938,32.51399612426758,19.890514373779297,2501.677734375,15527.994140625,83.6310562357862,2687.723974084148,16515.200957711677
8616160010901,53,2006,2016,10,wc,hg_conus_clim,70.16011047363281,32.51399612426758,19.89052963256836,2507.0087890625,15638.751953125,83.6310562357862,2687.723974084148,16515.200957711677
29881615010497,41,2009,2019,10,wc,default,51.73078155517578,54.68196487426758,13.17009162902832,1228.4937744140625,6058.04248046875,41.52807651258089,882.441744552722,4160.664823452082
29881615010497,41,2009,2019,10,wc,calibrated,51.50672912597656,54.39872741699219,13.17570686340332,1223.47509765625,6033.48681640625,41.52807651258089,882.441744552722,4160.664823452082
29881615010497,41,2009,2019,10,wc,hg_bayes,51.73779678344727,54.6824836730957,13.170921325683594,1321.926513671875,6579.873046875,41.52807651258089,882.441744552722,4160.664823452082
29881615010497,41,2009,2019,10,wc,hg_organon,51.73779678344727,54.6824836730957,13.170921325683594,1321.926513671875,6579.873046875,41.52807651258089,882.441744552722,4160.664823452082
29881615010497,41,2009,2019,10,wc,hg_conus_sp,51.73779678344727,54.6824836730957,13.170921325683594,1308.047607421875,6524.84326171875,41.52807651258089,882.441744552722,4160.664823452082
29881615010497,41,2009,2019,10,wc,hg_conus_clim,51.73779678344727,54.6824836730957,13.170921325683594,1308.047607421875,6524.84326171875,41.52807651258089,882.441744552722,4160.664823452082
29882157010497,41,2009,2019,10,wc,default,218.3441162109375,90.26897430419922,21.05900001525879,8680.5458984375,51203.09375,,,
29882157010497,41,2009,2019,10,wc,calibrated,218.8801727294922,90.50342559814452,21.05750846862793,8702.0078125,51328.76953125,,,
29882157010497,41,2009,2019,10,wc,hg_bayes,218.34413146972656,90.26897430419922,21.05900001525879,9204.6103515625,54818.43359375,,,
29882157010497,41,2009,2019,10,wc,hg_organon,218.34413146972656,90.26897430419922,21.05900001525879,9204.6103515625,54818.43359375,,,
29882157010497,41,2009,2019,10,wc,hg_conus_sp,218.3441467285156,90.26897430419922,21.059001922607425,8761.201171875,51699.40234375,,,
29882157010497,41,2009,2019,10,wc,hg_conus_clim,218.34413146972656,90.26897430419922,21.05900001525879,8804.9013671875,51951.45703125,,,
24198975010900,53,2002,2012,10,wc,default,125.34319305419922,166.00550842285156,11.765907287597656,2910.146240234375,14255.1015625,176.31169304170916,3589.04290537483,16258.462620091337
24198975010900,53,2002,2012,10,wc,calibrated,125.04975128173828,165.23353576660156,11.77955150604248,2902.255126953125,14212.029296875,176.31169304170916,3589.04290537483,16258.462620091337
24198975010900,53,2002,2012,10,wc,hg_bayes,125.53047943115234,166.00526428222656,11.774702072143556,3841.55908203125,19980.5703125,176.31169304170916,3589.04290537483,16258.462620091337
24198975010900,53,2002,2012,10,wc,hg_organon,125.53047943115234,166.00526428222656,11.774702072143556,3841.55908203125,19980.5703125,176.31169304170916,3589.04290537483,16258.462620091337
24198975010900,53,2002,2012,10,wc,hg_conus_sp,125.52818298339844,166.00526428222656,11.7745943069458,3448.439208984375,17476.458984375,176.31169304170916,3589.04290537483,16258.462620091337
24198975010900,53,2002,2012,10,wc,hg_conus_clim,125.53099822998048,166.00526428222656,11.774725914001465,3363.999267578125,17077.802734375,176.31169304170916,3589.04290537483,16258.462620091337
40220716010497,53,2010,2022,12,wc,default,57.9931869506836,23.784727096557617,21.143444061279297,1804.4061279296875,10225.947265625,42.36254229454599,1431.8517185490841,8836.48662627073
40220716010497,53,2010,2022,12,wc,calibrated,58.15630722045898,23.855966567993164,21.14151763916016,1809.4349365234373,10254.2314453125,42.36254229454599,1431.8517185490841,8836.48662627073
40220716010497,53,2010,2022,12,wc,hg_bayes,57.99315643310547,23.784727096557617,21.1434383392334,2131.6318359375,12664.25390625,42.36254229454599,1431.8517185490841,8836.48662627073
40220716010497,53,2010,2022,12,wc,hg_organon,57.99315643310547,23.784727096557617,21.1434383392334,2131.6318359375,12664.25390625,42.36254229454599,1431.8517185490841,8836.48662627073
40220716010497,53,2010,2022,12,wc,hg_conus_sp,57.9931640625,23.784727096557617,21.1434383392334,2030.0263671875,11951.8232421875,42.36254229454599,1431.8517185490841,8836.48662627073
40220716010497,53,2010,2022,12,wc,hg_conus_clim,57.993160247802734,23.784727096557617,21.1434383392334,2034.188720703125,11969.6630859375,42.36254229454599,1431.8517185490841,8836.48662627073
29882838010497,53,2009,2019,10,wc,default,206.83567810058597,333.6527709960937,10.661088943481444,5277.1767578125,26830.943359375,5.008684360347493,0.0,0.0
29882838010497,53,2009,2019,10,wc,calibrated,205.84381103515625,331.9515380859375,10.662714958190918,5252.28759765625,26704.623046875,5.008684360347493,0.0,0.0
29882838010497,53,2009,2019,10,wc,hg_bayes,207.06431579589844,333.6527709960937,10.666984558105469,5688.5078125,29496.31640625,5.008684360347493,0.0,0.0
29882838010497,53,2009,2019,10,wc,hg_organon,207.06431579589844,333.6527709960937,10.666984558105469,5688.5078125,29496.31640625,5.008684360347493,0.0,0.0
29882838010497,53,2009,2019,10,wc,hg_conus_sp,206.89840698242188,333.6527709960937,10.662707328796388,5438.2685546875,27772.65234375,5.008684360347493,0.0,0.0
29882838010497,53,2009,2019,10,wc,hg_conus_clim,206.97059631347656,333.6527709960937,10.66457176208496,5534.22705078125,28345.470703125,5.008684360347493,0.0,0.0
22954073010497,41,2007,2017,10,wc,default,309.8589782714844,85.25083923339844,25.814815521240234,13452.3623046875,87262.75,297.0979767566353,13481.89392267186,91917.1789082338
22954073010497,41,2007,2017,10,wc,calibrated,310.6341552734375,85.48174285888672,25.812150955200195,13485.8515625,87477.671875,297.0979767566353,13481.89392267186,91917.1789082338
22954073010497,41,2007,2017,10,wc,hg_bayes,309.8589782714844,85.25083923339844,25.814815521240234,14355.6201171875,93875.3984375,297.0979767566353,13481.89392267186,91917.1789082338
22954073010497,41,2007,2017,10,wc,hg_organon,309.8589782714844,85.25083923339844,25.814815521240234,14355.6201171875,93875.3984375,297.0979767566353,13481.89392267186,91917.1789082338
22954073010497,41,2007,2017,10,wc,hg_conus_sp,309.8590393066406,85.25083923339844,25.814815521240234,13723.0224609375,89388.765625,297.0979767566353,13481.89392267186,91917.1789082338
22954073010497,41,2007,2017,10,wc,hg_conus_clim,309.8590087890625,85.25083923339844,25.814815521240234,13788.2607421875,89849.03125,297.0979767566353,13481.89392267186,91917.1789082338
24918381010900,41,2004,2014,10,wc,default,261.01434326171875,164.4396514892578,17.0594539642334,7519.73681640625,47025.953125,259.16056564623614,8714.383845059969,54714.1144510977
24918381010900,41,2004,2014,10,wc,calibrated,261.96630859375,165.42828369140625,17.039396286010742,7542.42333984375,47162.546875,259.16056564623614,8714.383845059969,54714.1144510977
24918381010900,41,2004,2014,10,wc,hg_bayes,261.0141296386719,164.4396514892578,17.059450149536133,8460.7265625,53694.1328125,259.16056564623614,8714.383845059969,54714.1144510977
24918381010900,41,2004,2014,10,wc,hg_organon,261.0141296386719,164.4396514892578,17.059450149536133,8460.7265625,53694.1328125,259.16056564623614,8714.383845059969,54714.1144510977
24918381010900,41,2004,2014,10,wc,hg_conus_sp,261.0142822265625,164.4396514892578,17.059450149536133,7835.078125,49307.20703125,259.16056564623614,8714.383845059969,54714.1144510977
24918381010900,41,2004,2014,10,wc,hg_conus_clim,261.0142822265625,164.4396514892578,17.059450149536133,7951.8271484375,50282.24609375,259.16056564623614,8714.383845059969,54714.1144510977
40403349010497,41,2010,2020,10,wc,default,31.517333984375,23.69710731506348,15.615767478942873,818.5929565429688,4201.68310546875,29.22958360369663,494.791681955816,2388.101800050884
40403349010497,41,2010,2020,10,wc,calibrated,31.442914962768555,23.64719581604004,15.613773345947266,816.4913940429688,4190.8740234375,29.22958360369663,494.791681955816,2388.101800050884
40403349010497,41,2010,2020,10,wc,hg_bayes,31.51885223388672,23.697267532348636,15.61609172821045,883.5343017578125,4568.79736328125,29.22958360369663,494.791681955816,2388.101800050884
40403349010497,41,2010,2020,10,wc,hg_organon,31.51885223388672,23.697267532348636,15.61609172821045,883.5343017578125,4568.79736328125,29.22958360369663,494.791681955816,2388.101800050884
40403349010497,41,2010,2020,10,wc,hg_conus_sp,31.51885223388672,23.697267532348636,15.61609172821045,877.6880493164062,4536.02783203125,29.22958360369663,494.791681955816,2388.101800050884
40403349010497,41,2010,2020,10,wc,hg_conus_clim,31.51885223388672,23.697267532348636,15.61609172821045,878.671142578125,4540.49658203125,29.22958360369663,494.791681955816,2388.101800050884
22931053010497,53,2008,2019,11,wc,default,227.63671875,228.4819183349609,13.515482902526855,7314.08251953125,40074.34375,131.15895019576425,3808.130845262856,20550.11990187672
22931053010497,53,2008,2019,11,wc,calibrated,227.45025634765625,228.8510284423828,13.499040603637695,7295.373046875,39968.1953125,131.15895019576425,3808.130845262856,20550.11990187672
22931053010497,53,2008,2019,11,wc,hg_bayes,227.6374969482422,228.48179626464844,13.515509605407717,8131.2919921875,45032.84375,131.15895019576425,3808.130845262856,20550.11990187672
22931053010497,53,2008,2019,11,wc,hg_organon,227.6374969482422,228.48179626464844,13.515509605407717,8131.2919921875,45032.84375,131.15895019576425,3808.130845262856,20550.11990187672
22931053010497,53,2008,2019,11,wc,hg_conus_sp,227.6381378173828,228.48178100585935,13.515527725219728,7151.9736328125,38989.484375,131.15895019576425,3808.130845262856,20550.11990187672
22931053010497,53,2008,2019,11,wc,hg_conus_clim,227.6378936767578,228.48179626464844,13.51551914215088,7438.76416015625,40963.18359375,131.15895019576425,3808.130845262856,20550.11990187672
41119346010497,41,2003,2013,10,wc,default,241.7950134277344,207.1516571044922,14.629035949707031,9346.5537109375,55204.97265625,230.2993488197137,7332.757227029356,43039.60114131516
41119346010497,41,2003,2013,10,wc,calibrated,240.87619018554688,206.5578765869141,14.622184753417969,9310.99609375,54982.71484375,230.2993488197137,7332.757227029356,43039.60114131516
41119346010497,41,2003,2013,10,wc,hg_bayes,241.7935485839844,207.1516571044922,14.628992080688477,10528.5361328125,62746.81640625,230.2993488197137,7332.757227029356,43039.60114131516
41119346010497,41,2003,2013,10,wc,hg_organon,241.7935485839844,207.1516571044922,14.628992080688477,10528.5361328125,62746.81640625,230.2993488197137,7332.757227029356,43039.60114131516
41119346010497,41,2003,2013,10,wc,hg_conus_sp,241.79519653320312,207.1516571044922,14.629042625427246,9431.6435546875,55900.0703125,230.2993488197137,7332.757227029356,43039.60114131516
41119346010497,41,2003,2013,10,wc,hg_conus_clim,241.793701171875,207.1516571044922,14.62899684906006,10378.255859375,61697.41015625,230.2993488197137,7332.757227029356,43039.60114131516
30826404020004,41,2002,2012,10,wc,default,51.20810317993164,44.13482284545898,14.585284233093262,1393.121826171875,8576.26171875,97.34828785088769,1923.685003715026,10530.470637436518
30826404020004,41,2002,2012,10,wc,calibrated,51.35771560668945,44.304805755615234,14.578531265258787,1396.6331787109375,8597.1494140625,97.34828785088769,1923.685003715026,10530.470637436518
30826404020004,41,2002,2012,10,wc,hg_bayes,51.19647216796875,44.10927963256836,14.587849617004396,1556.95263671875,9808.1279296875,97.34828785088769,1923.685003715026,10530.470637436518
30826404020004,41,2002,2012,10,wc,hg_organon,51.19647216796875,44.10927963256836,14.587849617004396,1556.95263671875,9808.1279296875,97.34828785088769,1923.685003715026,10530.470637436518
30826404020004,41,2002,2012,10,wc,hg_conus_sp,51.20133590698242,44.119930267333984,14.586780548095703,1482.913330078125,9259.4365234375,97.34828785088769,1923.685003715026,10530.470637436518
30826404020004,41,2002,2012,10,wc,hg_conus_clim,51.20061874389648,44.118385314941406,14.586936950683594,1513.24853515625,9528.0712890625,97.34828785088769,1923.685003715026,10530.470637436518
22398703010497,53,2004,2014,10,wc,default,232.0753936767578,394.4688415527344,10.385908126831056,6403.70263671875,40205.4296875,335.3705939733375,7681.739109519096,40253.378328329265
22398703010497,53,2004,2014,10,wc,calibrated,232.7474670410156,395.7982177734375,10.383455276489258,6421.02294921875,40318.0859375,335.3705939733375,7681.739109519096,40253.378328329265
22398703010497,53,2004,2014,10,wc,hg_bayes,232.07513427734372,394.4688415527344,10.385904312133787,7259.41552734375,45951.359375,335.3705939733375,7681.739109519096,40253.378328329265
22398703010497,53,2004,2014,10,wc,hg_organon,232.07513427734372,394.4688415527344,10.385904312133787,7259.41552734375,45951.359375,335.3705939733375,7681.739109519096,40253.378328329265
22398703010497,53,2004,2014,10,wc,hg_conus_sp,232.0752410888672,394.4688415527344,10.385905265808104,6538.82080078125,41259.60546875,335.3705939733375,7681.739109519096,40253.378328329265
22398703010497,53,2004,2014,10,wc,hg_conus_clim,232.07522583007807,394.4688415527344,10.385905265808104,6587.4462890625,41665.234375,335.3705939733375,7681.739109519096,40253.378328329265
8628826010901,53,2006,2016,10,wc,default,211.24935913085935,211.67161560058597,13.527042388916016,6012.07568359375,31842.751953125,206.0522259870247,5429.923866898358,29192.66690445758
8628826010901,53,2006,2016,10,wc,calibrated,212.1919708251953,215.0007476806641,13.451812744140623,6010.64990234375,31826.2421875,206.0522259870247,5429.923866898358,29192.66690445758
8628826010901,53,2006,2016,10,wc,hg_bayes,211.2648468017578,211.67153930664065,13.527539253234863,6431.25634765625,34555.8515625,206.0522259870247,5429.923866898358,29192.66690445758
8628826010901,53,2006,2016,10,wc,hg_organon,211.2648468017578,211.67153930664065,13.527539253234863,6431.25634765625,34555.8515625,206.0522259870247,5429.923866898358,29192.66690445758
8628826010901,53,2006,2016,10,wc,hg_conus_sp,211.0740509033203,211.6760406494141,13.521283149719238,5792.41357421875,30324.279296875,206.0522259870247,5429.923866898358,29192.66690445758
8628826010901,53,2006,2016,10,wc,hg_conus_clim,211.26487731933597,211.67153930664065,13.527541160583496,6017.3681640625,31990.021484375,206.0522259870247,5429.923866898358,29192.66690445758
41118932010497,41,2002,2012,10,wc,default,126.16250610351562,30.558462142944336,27.51285743713379,5533.9814453125,37989.18359375,118.83679579238118,6582.53127075,47290.53914315627
41118932010497,41,2002,2012,10,wc,calibrated,126.45818328857422,30.62923240661621,27.51323890686035,5546.5986328125,38075.83203125,118.83679579238118,6582.53127075,47290.53914315627
41118932010497,41,2002,2012,10,wc,hg_bayes,126.16250610351562,30.558462142944336,27.51285743713379,5660.8330078125,39269.96484375,118.83679579238118,6582.53127075,47290.53914315627
41118932010497,41,2002,2012,10,wc,hg_organon,126.16250610351562,30.558462142944336,27.51285743713379,5660.8330078125,39269.96484375,118.83679579238118,6582.53127075,47290.53914315627
41118932010497,41,2002,2012,10,wc,hg_conus_sp,126.16250610351562,30.558462142944336,27.51285743713379,5519.4267578125,38132.44140625,118.83679579238118,6582.53127075,47290.53914315627
41118932010497,41,2002,2012,10,wc,hg_conus_clim,126.16250610351562,30.558462142944336,27.51285743713379,5653.51611328125,39084.84375,118.83679579238118,6582.53127075,47290.53914315627
41120289010497,41,2005,2015,10,wc,default,44.01146697998047,47.43446731567383,13.042842864990234,732.0481567382812,3233.82958984375,39.11853989496688,410.170372457856,1639.854941303554
41120289010497,41,2005,2015,10,wc,calibrated,43.90615463256836,47.32088088989258,13.04284954071045,730.4174194335938,3225.8701171875,39.11853989496688,410.170372457856,1639.854941303554
41120289010497,41,2005,2015,10,wc,hg_bayes,44.14095687866211,47.44098663330078,13.061115264892578,862.1739501953125,4022.4580078125,39.11853989496688,410.170372457856,1639.854941303554
41120289010497,41,2005,2015,10,wc,hg_organon,44.14095687866211,47.44098663330078,13.061115264892578,862.1739501953125,4022.4580078125,39.11853989496688,410.170372457856,1639.854941303554
41120289010497,41,2005,2015,10,wc,hg_conus_sp,44.14095687866211,47.44098663330078,13.061115264892578,833.9913330078125,3880.53125,39.11853989496688,410.170372457856,1639.854941303554
41120289010497,41,2005,2015,10,wc,hg_conus_clim,44.14095687866211,47.44098663330078,13.061115264892578,833.9913330078125,3880.53125,39.11853989496688,410.170372457856,1639.854941303554
29881739010497,41,2009,2019,10,wc,default,153.2189483642578,117.47266387939452,15.464082717895508,5232.11376953125,28142.849609375,127.43698330042024,4060.57471316168,23789.45818487518
29881739010497,41,2009,2019,10,wc,calibrated,153.49635314941406,117.79903411865234,15.45661735534668,5241.70556640625,28194.1171875,127.43698330042024,4060.57471316168,23789.45818487518
29881739010497,41,2009,2019,10,wc,hg_bayes,153.2189483642578,117.47266387939452,15.464082717895508,4957.56103515625,26504.203125,127.43698330042024,4060.57471316168,23789.45818487518
29881739010497,41,2009,2019,10,wc,hg_organon,153.2189483642578,117.47266387939452,15.464082717895508,4957.56103515625,26504.203125,127.43698330042024,4060.57471316168,23789.45818487518
29881739010497,41,2009,2019,10,wc,hg_conus_sp,153.209716796875,117.4727783203125,15.463614463806152,4749.73095703125,25163.78515625,127.43698330042024,4060.57471316168,23789.45818487518
29881739010497,41,2009,2019,10,wc,hg_conus_clim,153.2189483642578,117.47266387939452,15.464082717895508,5243.76171875,28215.595703125,127.43698330042024,4060.57471316168,23789.45818487518
8664565010901,41,2006,2016,10,wc,default,11.81951141357422,35.7485466003418,7.785863876342773,98.15210723876952,382.5093994140625,123.42024276398897,1772.3364966030579,3206.191802882832
8664565010901,41,2006,2016,10,wc,calibrated,11.845836639404297,35.828643798828125,7.785812854766846,98.37198638916016,383.3665161132813,123.42024276398897,1772.3364966030579,3206.191802882832
8664565010901,41,2006,2016,10,wc,hg_bayes,11.81951141357422,35.7485466003418,7.785863876342773,205.8982696533203,1057.4422607421875,123.42024276398897,1772.3364966030579,3206.191802882832
8664565010901,41,2006,2016,10,wc,hg_organon,11.81951141357422,35.7485466003418,7.785863876342773,205.8982696533203,1057.4422607421875,123.42024276398897,1772.3364966030579,3206.191802882832
8664565010901,41,2006,2016,10,wc,hg_conus_sp,11.81951141357422,35.7485466003418,7.785863876342773,167.43130493164062,908.5642700195312,123.42024276398897,1772.3364966030579,3206.191802882832
8664565010901,41,2006,2016,10,wc,hg_conus_clim,11.81951141357422,35.7485466003418,7.785863876342773,171.65855407714844,925.5596923828124,123.42024276398897,1772.3364966030579,3206.191802882832
22398462010497,53,2003,2013,10,wc,default,321.1913146972656,440.41705322265625,11.563411712646484,10561.623046875,56370.640625,308.97394419777675,10249.063071332566,53651.71567449978
22398462010497,53,2003,2013,10,wc,calibrated,322.5887756347656,443.256591796875,11.551366806030272,10600.4892578125,56571.52734375,308.97394419777675,10249.063071332566,53651.71567449978
22398462010497,53,2003,2013,10,wc,hg_bayes,321.1913757324219,440.41705322265625,11.563411712646484,11002.060546875,59113.97265625,308.97394419777675,10249.063071332566,53651.71567449978
22398462010497,53,2003,2013,10,wc,hg_organon,321.1913757324219,440.41705322265625,11.563411712646484,11002.060546875,59113.97265625,308.97394419777675,10249.063071332566,53651.71567449978
22398462010497,53,2003,2013,10,wc,hg_conus_sp,321.0928649902344,440.4176025390625,11.561634063720703,10292.4384765625,54437.4296875,308.97394419777675,10249.063071332566,53651.71567449978
22398462010497,53,2003,2013,10,wc,hg_conus_clim,321.1865539550781,440.4171447753906,11.563325881958008,10337.9677734375,54756.70703125,308.97394419777675,10249.063071332566,53651.71567449978
22954586010497,53,2007,2017,10,wc,default,263.0482177734375,73.09391021728516,25.68700218200684,8870.9169921875,57184.91015625,261.70955767328195,7655.118243637517,50030.39096530327
22954586010497,53,2007,2017,10,wc,calibrated,264.487060546875,73.58192443847656,25.671602249145508,8912.447265625,57448.3203125,261.70955767328195,7655.118243637517,50030.39096530327
22954586010497,53,2007,2017,10,wc,hg_bayes,263.0481872558594,73.09391021728516,25.68699836730957,9401.2080078125,61000.17578125,261.70955767328195,7655.118243637517,50030.39096530327
22954586010497,53,2007,2017,10,wc,hg_organon,263.0481872558594,73.09391021728516,25.68699836730957,9401.2080078125,61000.17578125,261.70955767328195,7655.118243637517,50030.39096530327
22954586010497,53,2007,2017,10,wc,hg_conus_sp,263.0482177734375,73.09391021728516,25.687000274658203,9005.7373046875,58207.296875,261.70955767328195,7655.118243637517,50030.39096530327
22954586010497,53,2007,2017,10,wc,hg_conus_clim,263.0482177734375,73.09391021728516,25.687000274658203,9128.3310546875,59084.66796875,261.70955767328195,7655.118243637517,50030.39096530327
12977190010497,53,2005,2015,10,wc,default,209.54173278808597,195.2305450439453,14.02806568145752,5531.93505859375,28025.83203125,205.53948735673535,6342.495253017304,35347.89244557769
12977190010497,53,2005,2015,10,wc,calibrated,210.17611694335935,196.0061798095703,14.021455764770508,5548.1630859375,28108.0625,205.53948735673535,6342.495253017304,35347.89244557769
12977190010497,53,2005,2015,10,wc,hg_bayes,209.54177856445312,195.2305450439453,14.02806568145752,6447.90673828125,33445.51171875,205.53948735673535,6342.495253017304,35347.89244557769
12977190010497,53,2005,2015,10,wc,hg_organon,209.54177856445312,195.2305450439453,14.02806568145752,6447.90673828125,33445.51171875,205.53948735673535,6342.495253017304,35347.89244557769
12977190010497,53,2005,2015,10,wc,hg_conus_sp,209.5419006347656,195.2305450439453,14.028068542480469,5794.9482421875,29582.3828125,205.53948735673535,6342.495253017304,35347.89244557769
12977190010497,53,2005,2015,10,wc,hg_conus_clim,209.54183959960935,195.2305450439453,14.028066635131836,5814.2265625,29694.375,205.53948735673535,6342.495253017304,35347.89244557769
22954707010497,53,2007,2018,11,wc,default,89.90095520019531,136.17633056640625,11.001898765563965,1870.3900146484373,9043.0673828125,35.74263033140468,463.217070819686,1127.171728950658
22954707010497,53,2007,2018,11,wc,calibrated,90.06359100341797,136.52395629882812,10.99781894683838,1872.57470703125,9053.0068359375,35.74263033140468,463.217070819686,1127.171728950658
22954707010497,53,2007,2018,11,wc,hg_bayes,90.11212921142578,136.17578125,11.014832496643066,2285.904296875,11611.146484375,35.74263033140468,463.217070819686,1127.171728950658
22954707010497,53,2007,2018,11,wc,hg_organon,90.11212921142578,136.17578125,11.014832496643066,2285.904296875,11611.146484375,35.74263033140468,463.217070819686,1127.171728950658
22954707010497,53,2007,2018,11,wc,hg_conus_sp,90.09220123291016,136.17579650878906,11.013616561889648,2108.3837890625,10460.4267578125,35.74263033140468,463.217070819686,1127.171728950658
22954707010497,53,2007,2018,11,wc,hg_conus_clim,90.10552215576172,136.17578125,11.014430046081545,2062.412109375,10087.2353515625,35.74263033140468,463.217070819686,1127.171728950658
41117752010497,41,2006,2016,10,wc,default,124.1928939819336,194.8979034423828,10.808892250061035,3007.484130859375,14879.91015625,112.88911915630686,1283.543456677642,3957.49707964954
41117752010497,41,2006,2016,10,wc,calibrated,121.63797760009766,187.9889373779297,10.891926765441896,2943.45458984375,14536.2744140625,112.88911915630686,1283.543456677642,3957.49707964954
41117752010497,41,2006,2016,10,wc,hg_bayes,124.1928939819336,194.8979034423828,10.808892250061035,3149.08056640625,15495.7626953125,112.88911915630686,1283.543456677642,3957.49707964954
41117752010497,41,2006,2016,10,wc,hg_organon,124.1928939819336,194.8979034423828,10.808892250061035,3149.08056640625,15495.7626953125,112.88911915630686,1283.543456677642,3957.49707964954
41117752010497,41,2006,2016,10,wc,hg_conus_sp,124.1928939819336,194.8979034423828,10.808892250061035,3094.70703125,15210.76171875,112.88911915630686,1283.543456677642,3957.49707964954
41117752010497,41,2006,2016,10,wc,hg_conus_clim,124.1928939819336,194.8979034423828,10.808892250061035,3093.695068359375,15204.37109375,112.88911915630686,1283.543456677642,3957.49707964954
24474301010900,41,2003,2013,10,wc,default,257.7799377441406,47.57011413574219,31.520544052124023,9541.7373046875,62409.51171875,239.2267682565952,9447.55550704337,63948.058441636524
24474301010900,41,2003,2013,10,wc,calibrated,258.35455322265625,47.67754364013672,31.52008819580078,9563.1669921875,62549.625,239.2267682565952,9447.55550704337,63948.058441636524
24474301010900,41,2003,2013,10,wc,hg_bayes,257.7799377441406,47.57011413574219,31.520544052124023,10541.1123046875,69985.4609375,239.2267682565952,9447.55550704337,63948.058441636524
24474301010900,41,2003,2013,10,wc,hg_organon,257.7799377441406,47.57011413574219,31.520544052124023,10541.1123046875,69985.4609375,239.2267682565952,9447.55550704337,63948.058441636524
24474301010900,41,2003,2013,10,wc,hg_conus_sp,257.7799377441406,47.57011413574219,31.520544052124023,10061.9599609375,66414.140625,239.2267682565952,9447.55550704337,63948.058441636524
24474301010900,41,2003,2013,10,wc,hg_conus_clim,257.7799377441406,47.57011413574219,31.520544052124023,10148.12890625,67066.4765625,239.2267682565952,9447.55550704337,63948.058441636524
22932612010497,41,2008,2018,10,wc,default,217.4226837158203,246.2200469970703,12.72409439086914,5080.26611328125,27411.3515625,233.3341483846696,5573.449834424942,29631.542217179624
22932612010497,41,2008,2018,10,wc,calibrated,217.3814697265625,245.79383850097656,12.733916282653809,5075.44873046875,27389.884765625,233.3341483846696,5573.449834424942,29631.542217179624
22932612010497,41,2008,2018,10,wc,hg_bayes,217.4226837158203,246.2200469970703,12.72409439086914,5894.33203125,33324.01171875,233.3341483846696,5573.449834424942,29631.542217179624
22932612010497,41,2008,2018,10,wc,hg_organon,217.4226837158203,246.2200469970703,12.72409439086914,5894.33203125,33324.01171875,233.3341483846696,5573.449834424942,29631.542217179624
22932612010497,41,2008,2018,10,wc,hg_conus_sp,217.4226837158203,246.2200469970703,12.72409439086914,5499.314453125,30556.2578125,233.3341483846696,5573.449834424942,29631.542217179624
22932612010497,41,2008,2018,10,wc,hg_conus_clim,217.4226837158203,246.2200469970703,12.72409439086914,5480.39794921875,30369.359375,233.3341483846696,5573.449834424942,29631.542217179624
41119298010497,41,2003,2013,10,wc,default,130.15634155273438,98.78539276123048,15.542561531066896,3024.572265625,15774.185546875,108.01926529166056,2470.708488778364,12566.874062230208
41119298010497,41,2003,2013,10,wc,calibrated,130.3358917236328,99.09822845458984,15.528715133666992,3026.72216796875,15775.1142578125,108.01926529166056,2470.708488778364,12566.874062230208
41119298010497,41,2003,2013,10,wc,hg_bayes,130.2233428955078,98.78523254394533,15.546570777893066,3554.173583984375,19157.494140625,108.01926529166056,2470.708488778364,12566.874062230208
41119298010497,41,2003,2013,10,wc,hg_organon,130.2233428955078,98.78523254394533,15.546570777893066,3554.173583984375,19157.494140625,108.01926529166056,2470.708488778364,12566.874062230208
41119298010497,41,2003,2013,10,wc,hg_conus_sp,130.21502685546875,98.78524017333984,15.546077728271484,3218.224609375,16866.732421875,108.01926529166056,2470.708488778364,12566.874062230208
41119298010497,41,2003,2013,10,wc,hg_conus_clim,130.2210235595703,98.78523254394533,15.546436309814451,3200.71484375,16857.52734375,108.01926529166056,2470.708488778364,12566.874062230208
30852154020004,41,2012,2022,10,wc,default,72.52110290527344,78.0560302734375,13.05164623260498,1289.9013671875,5745.1611328125,58.94732062984401,899.1020382823859,3562.25458165771
30852154020004,41,2012,2022,10,wc,calibrated,72.47377014160156,77.95735168457031,13.05564022064209,1288.6455078125,5740.72998046875,58.94732062984401,899.1020382823859,3562.25458165771
30852154020004,41,2012,2022,10,wc,hg_bayes,72.52110290527344,78.0560302734375,13.05164623260498,1506.9259033203125,6967.009765625,58.94732062984401,899.1020382823859,3562.25458165771
30852154020004,41,2012,2022,10,wc,hg_organon,72.52110290527344,78.0560302734375,13.05164623260498,1506.9259033203125,6967.009765625,58.94732062984401,899.1020382823859,3562.25458165771
30852154020004,41,2012,2022,10,wc,hg_conus_sp,72.52110290527344,78.0560302734375,13.05164623260498,1424.0269775390625,6389.8349609375,58.94732062984401,899.1020382823859,3562.25458165771
30852154020004,41,2012,2022,10,wc,hg_conus_clim,72.52110290527344,78.0560302734375,13.05164623260498,1420.7572021484375,6362.2841796875,58.94732062984401,899.1020382823859,3562.25458165771
41117732010497,41,2006,2016,10,wc,default,67.81266784667969,72.08061218261719,13.133559226989746,1619.676513671875,8491.064453125,77.68914527022646,1679.109558266104,8887.820471162544
41117732010497,41,2006,2016,10,wc,calibrated,67.74752044677734,72.18363189697266,13.117876052856444,1614.838134765625,8468.1220703125,77.68914527022646,1679.109558266104,8887.820471162544
41117732010497,41,2006,2016,10,wc,hg_bayes,67.8341064453125,72.08059692382812,13.135637283325195,1769.4483642578125,9541.2109375,77.68914527022646,1679.109558266104,8887.820471162544
41117732010497,41,2006,2016,10,wc,hg_organon,67.8341064453125,72.08059692382812,13.135637283325195,1769.4483642578125,9541.2109375,77.68914527022646,1679.109558266104,8887.820471162544
41117732010497,41,2006,2016,10,wc,hg_conus_sp,67.8341064453125,72.08059692382812,13.135637283325195,1730.7945556640625,9232.7353515625,77.68914527022646,1679.109558266104,8887.820471162544
41117732010497,41,2006,2016,10,wc,hg_conus_clim,67.8341064453125,72.08059692382812,13.135637283325195,1720.5025634765625,9175.076171875,77.68914527022646,1679.109558266104,8887.820471162544
29882510010497,41,2009,2019,10,wc,default,146.3059844970703,152.69581604003906,13.254207611083984,3548.587646484375,19089.220703125,138.95935408590898,4047.7356035182897,21579.520491185638
29882510010497,41,2009,2019,10,wc,calibrated,146.60243225097656,153.27084350585938,13.24272346496582,3553.891357421875,19115.498046875,138.95935408590898,4047.7356035182897,21579.520491185638
29882510010497,41,2009,2019,10,wc,hg_bayes,146.3897705078125,152.6951446533203,13.258030891418455,4153.890625,23083.03125,138.95935408590898,4047.7356035182897,21579.520491185638
29882510010497,41,2009,2019,10,wc,hg_organon,146.3897705078125,152.6951446533203,13.258030891418455,4153.890625,23083.03125,138.95935408590898,4047.7356035182897,21579.520491185638
29882510010497,41,2009,2019,10,wc,hg_conus_sp,146.3897705078125,152.6951446533203,13.258030891418455,3892.38720703125,21234.69921875,138.95935408590898,4047.7356035182897,21579.520491185638
29882510010497,41,2009,2019,10,wc,hg_conus_clim,146.3897705078125,152.6951446533203,13.258030891418455,3828.234619140625,20936.30859375,138.95935408590898,4047.7356035182897,21579.520491185638
40402994010497,41,2010,2020,10,wc,default,149.31886291503906,144.72235107421875,13.753901481628418,4177.75830078125,22194.990234375,164.12760466191298,3269.233475684312,16830.46058466478
40402994010497,41,2010,2020,10,wc,calibrated,148.55760192871094,143.29562377929688,13.786921501159668,4159.3544921875,22099.458984375,164.12760466191298,3269.233475684312,16830.46058466478
40402994010497,41,2010,2020,10,wc,hg_bayes,149.31613159179688,144.72235107421875,13.753776550292969,4417.44970703125,23668.50390625,164.12760466191298,3269.233475684312,16830.46058466478
40402994010497,41,2010,2020,10,wc,hg_organon,149.31613159179688,144.72235107421875,13.753776550292969,4417.44970703125,23668.50390625,164.12760466191298,3269.233475684312,16830.46058466478
40402994010497,41,2010,2020,10,wc,hg_conus_sp,149.31886291503906,144.72235107421875,13.753901481628418,4309.447265625,22974.736328125,164.12760466191298,3269.233475684312,16830.46058466478
40402994010497,41,2010,2020,10,wc,hg_conus_clim,149.31886291503906,144.72235107421875,13.753901481628418,4302.2626953125,22932.513671875,164.12760466191298,3269.233475684312,16830.46058466478
22398516010497,53,2003,2013,10,wc,default,137.11099243164062,99.68128967285156,15.8805570602417,2795.772705078125,14056.900390625,50.76112052324946,925.95887769874,4400.662891917518
22398516010497,53,2003,2013,10,wc,calibrated,137.322265625,99.87828826904295,15.87710189819336,2798.876953125,14068.4111328125,50.76112052324946,925.95887769874,4400.662891917518
22398516010497,53,2003,2013,10,wc,hg_bayes,137.12228393554688,99.68125915527344,15.88120937347412,3453.95556640625,18512.984375,50.76112052324946,925.95887769874,4400.662891917518
22398516010497,53,2003,2013,10,wc,hg_organon,137.12228393554688,99.68125915527344,15.88120937347412,3453.95556640625,18512.984375,50.76112052324946,925.95887769874,4400.662891917518
22398516010497,53,2003,2013,10,wc,hg_conus_sp,137.12228393554688,99.68125915527344,15.88120937347412,3192.5009765625,16847.08203125,50.76112052324946,925.95887769874,4400.662891917518
22398516010497,53,2003,2013,10,wc,hg_conus_clim,137.12228393554688,99.68125915527344,15.88120937347412,3131.99658203125,16438.935546875,50.76112052324946,925.95887769874,4400.662891917518
41119675010497,41,2004,2014,10,wc,default,100.55055236816406,105.42716217041016,13.223676681518556,2343.204833984375,11207.759765625,101.21353969117442,1553.124366863054,7485.203584766736
41119675010497,41,2004,2014,10,wc,calibrated,100.13064575195312,104.87351989746094,13.230825424194336,2334.20458984375,11163.1552734375,101.21353969117442,1553.124366863054,7485.203584766736
41119675010497,41,2004,2014,10,wc,hg_bayes,100.9315414428711,105.44672393798828,13.247480392456056,2548.913818359375,12708.119140625,101.21353969117442,1553.124366863054,7485.203584766736
41119675010497,41,2004,2014,10,wc,hg_organon,100.9315414428711,105.44672393798828,13.247480392456056,2548.913818359375,12708.119140625,101.21353969117442,1553.124366863054,7485.203584766736
41119675010497,41,2004,2014,10,wc,hg_conus_sp,100.81006622314452,105.44306182861328,13.239731788635254,2487.26611328125,12230.3916015625,101.21353969117442,1553.124366863054,7485.203584766736
41119675010497,41,2004,2014,10,wc,hg_conus_clim,100.80977630615234,105.44303894042967,13.239712715148926,2487.001708984375,12228.4130859375,101.21353969117442,1553.124366863054,7485.203584766736
22398259010497,53,2002,2012,10,wc,default,151.4647674560547,170.01637268066406,12.780467987060549,4433.169921875,23050.662109375,151.53076568361385,5007.287936623804,26687.478073647246
22398259010497,53,2002,2012,10,wc,calibrated,151.73837280273438,170.0630645751953,12.790254592895508,4440.66943359375,23089.12109375,151.53076568361385,5007.287936623804,26687.478073647246
22398259010497,53,2002,2012,10,wc,hg_bayes,151.53660583496094,170.01611328125,12.7835054397583,4840.10009765625,25601.591796875,151.53076568361385,5007.287936623804,26687.478073647246
22398259010497,53,2002,2012,10,wc,hg_organon,151.53660583496094,170.01611328125,12.7835054397583,4840.10009765625,25601.591796875,151.53076568361385,5007.287936623804,26687.478073647246
22398259010497,53,2002,2012,10,wc,hg_conus_sp,151.52191162109375,170.01611328125,12.78288459777832,4483.30029296875,23511.333984375,151.53076568361385,5007.287936623804,26687.478073647246
22398259010497,53,2002,2012,10,wc,hg_conus_clim,151.53660583496094,170.01611328125,12.7835054397583,4485.8798828125,23414.568359375,151.53076568361385,5007.287936623804,26687.478073647246
22953951010497,41,2007,2017,10,wc,default,182.2007293701172,115.57530212402344,17.001174926757812,7259.08642578125,47685.5703125,195.28525347977404,7943.263252863984,50030.73073345268
22953951010497,41,2007,2017,10,wc,calibrated,182.9119415283203,117.13226318359376,16.92072868347168,7280.21875,47820.703125,195.28525347977404,7943.263252863984,50030.73073345268
22953951010497,41,2007,2017,10,wc,hg_bayes,182.2006683349609,115.5752944946289,17.00117301940918,7521.5419921875,49524.5078125,195.28525347977404,7943.263252863984,50030.73073345268
22953951010497,41,2007,2017,10,wc,hg_organon,182.2006683349609,115.5752944946289,17.00117301940918,7521.5419921875,49524.5078125,195.28525347977404,7943.263252863984,50030.73073345268
22953951010497,41,2007,2017,10,wc,hg_conus_sp,182.2007598876953,115.57530212402344,17.001176834106445,7218.47998046875,47364.359375,195.28525347977404,7943.263252863984,50030.73073345268
22953951010497,41,2007,2017,10,wc,hg_conus_clim,182.2007293701172,115.57530212402344,17.001174926757812,7267.318359375,47785.203125,195.28525347977404,7943.263252863984,50030.73073345268
29881831010497,41,2009,2019,10,wc,default,156.59747314453125,130.56292724609375,14.829232215881348,4918.9267578125,29323.060546875,160.855480232194,5915.383173346232,36224.95729790655
29881831010497,41,2009,2019,10,wc,calibrated,158.15013122558594,132.892578125,14.771366119384766,4954.986328125,29525.388671875,160.855480232194,5915.383173346232,36224.95729790655
29881831010497,41,2009,2019,10,wc,hg_bayes,156.59744262695312,130.56292724609375,14.829231262207031,5356.47705078125,32344.513671875,160.855480232194,5915.383173346232,36224.95729790655
29881831010497,41,2009,2019,10,wc,hg_organon,156.59744262695312,130.56292724609375,14.829231262207031,5356.47705078125,32344.513671875,160.855480232194,5915.383173346232,36224.95729790655
29881831010497,41,2009,2019,10,wc,hg_conus_sp,156.59747314453125,130.56292724609375,14.829232215881348,5086.5302734375,30685.537109375,160.855480232194,5915.383173346232,36224.95729790655
29881831010497,41,2009,2019,10,wc,hg_conus_clim,156.59747314453125,130.56292724609375,14.829232215881348,5126.7939453125,30884.498046875,160.855480232194,5915.383173346232,36224.95729790655
13031154010497,53,2005,2015,10,wc,default,168.20892333984375,306.3836669921875,10.032936096191406,4476.03466796875,22986.34375,153.28044765764946,4170.353970482868,11047.898648245173
13031154010497,53,2005,2015,10,wc,calibrated,168.94378662109375,308.1988220214844,10.02517318725586,4492.80078125,23081.7890625,153.28044765764946,4170.353970482868,11047.898648245173
13031154010497,53,2005,2015,10,wc,hg_bayes,168.20892333984375,306.3836669921875,10.032936096191406,4348.4794921875,22303.322265625,153.28044765764946,4170.353970482868,11047.898648245173
13031154010497,53,2005,2015,10,wc,hg_organon,168.20892333984375,306.3836669921875,10.032936096191406,4348.4794921875,22303.322265625,153.28044765764946,4170.353970482868,11047.898648245173
13031154010497,53,2005,2015,10,wc,hg_conus_sp,168.20892333984375,306.3836669921875,10.032936096191406,3981.888671875,20061.24609375,153.28044765764946,4170.353970482868,11047.898648245173
13031154010497,53,2005,2015,10,wc,hg_conus_clim,168.20892333984375,306.3836669921875,10.032936096191406,4515.23779296875,23310.32421875,153.28044765764946,4170.353970482868,11047.898648245173
48205559010497,41,2011,2021,10,wc,default,53.27661895751953,29.76460838317871,18.11567497253418,1093.9329833984375,5349.46142578125,47.14023831912797,692.235315861186,3199.4037227227577
48205559010497,41,2011,2021,10,wc,calibrated,53.27661895751953,29.76460838317871,18.11567497253418,1093.9329833984375,5349.46142578125,47.14023831912797,692.235315861186,3199.4037227227577
48205559010497,41,2011,2021,10,wc,hg_bayes,53.27661895751953,29.76460838317871,18.11567497253418,1093.9329833984375,5349.46142578125,47.14023831912797,692.235315861186,3199.4037227227577
48205559010497,41,2011,2021,10,wc,hg_organon,53.27661895751953,29.76460838317871,18.11567497253418,1093.9329833984375,5349.46142578125,47.14023831912797,692.235315861186,3199.4037227227577
48205559010497,41,2011,2021,10,wc,hg_conus_sp,53.27661895751953,29.76460838317871,18.11567497253418,1093.9329833984375,5349.46142578125,47.14023831912797,692.235315861186,3199.4037227227577
48205559010497,41,2011,2021,10,wc,hg_conus_clim,53.27661895751953,29.76460838317871,18.11567497253418,1093.9329833984375,5349.46142578125,47.14023831912797,692.235315861186,3199.4037227227577
22825947010497,41,2007,2017,10,wc,default,122.47370910644533,104.91809844970705,14.62960147857666,3497.513427734375,18364.353515625,110.70704828989884,2515.665287527922,13285.644863284539
22825947010497,41,2007,2017,10,wc,calibrated,121.71977996826172,103.93218231201172,14.653517723083496,3478.149658203125,18263.31640625,110.70704828989884,2515.665287527922,13285.644863284539
22825947010497,41,2007,2017,10,wc,hg_bayes,122.63908386230467,104.92882537841795,14.638729095458984,3715.398193359375,19671.802734375,110.70704828989884,2515.665287527922,13285.644863284539
22825947010497,41,2007,2017,10,wc,hg_organon,122.63908386230467,104.92882537841795,14.638729095458984,3715.398193359375,19671.802734375,110.70704828989884,2515.665287527922,13285.644863284539
22825947010497,41,2007,2017,10,wc,hg_conus_sp,122.63908386230467,104.92882537841795,14.638729095458984,3653.5703125,19293.076171875,110.70704828989884,2515.665287527922,13285.644863284539
22825947010497,41,2007,2017,10,wc,hg_conus_clim,122.6350555419922,104.92857360839844,14.638503074645996,3648.489501953125,19254.37890625,110.70704828989884,2515.665287527922,13285.644863284539
12904293010497,41,2005,2015,10,wc,default,29.18129539489746,65.53899383544922,9.035219192504885,419.9977722167969,1912.2347412109373,104.27111769789828,1589.649073592116,4671.377008079155
12904293010497,41,2005,2015,10,wc,calibrated,29.21183586120605,65.6667251586914,9.03114891052246,420.0338745117188,1912.15185546875,104.27111769789828,1589.649073592116,4671.377008079155
12904293010497,41,2005,2015,10,wc,hg_bayes,29.18129539489746,65.53899383544922,9.035219192504885,613.9635620117188,3322.931884765625,104.27111769789828,1589.649073592116,4671.377008079155
12904293010497,41,2005,2015,10,wc,hg_organon,29.18129539489746,65.53899383544922,9.035219192504885,613.9635620117188,3322.931884765625,104.27111769789828,1589.649073592116,4671.377008079155
12904293010497,41,2005,2015,10,wc,hg_conus_sp,29.18129539489746,65.53899383544922,9.035219192504885,555.6993408203125,2930.78515625,104.27111769789828,1589.649073592116,4671.377008079155
12904293010497,41,2005,2015,10,wc,hg_conus_clim,29.18129539489746,65.53899383544922,9.035219192504885,522.5961303710938,2710.57421875,104.27111769789828,1589.649073592116,4671.377008079155
29880184010497,41,2009,2019,10,wc,default,158.72418212890625,189.5297088623047,12.39136791229248,4125.8935546875,23049.634765625,218.6290179197004,5035.9784579068,27556.008710398357
29880184010497,41,2009,2019,10,wc,calibrated,159.26890563964844,190.60629272460935,12.377511024475098,4138.49072265625,23116.783203125,218.6290179197004,5035.9784579068,27556.008710398357
29880184010497,41,2009,2019,10,wc,hg_bayes,158.69305419921875,189.4723358154297,12.392029762268066,4846.39306640625,27790.4453125,218.6290179197004,5035.9784579068,27556.008710398357
29880184010497,41,2009,2019,10,wc,hg_organon,158.69305419921875,189.4723358154297,12.392029762268066,4846.39306640625,27790.4453125,218.6290179197004,5035.9784579068,27556.008710398357
29880184010497,41,2009,2019,10,wc,hg_conus_sp,158.70236206054688,189.4894561767578,12.391831398010254,4578.22607421875,25956.39453125,218.6290179197004,5035.9784579068,27556.008710398357
29880184010497,41,2009,2019,10,wc,hg_conus_clim,158.70249938964844,189.4898376464844,12.391828536987305,4557.9677734375,25885.013671875,218.6290179197004,5035.9784579068,27556.008710398357
41118801010497,41,2002,2012,10,wc,default,109.13715362548828,125.64913940429688,12.619518280029297,2749.39794921875,15320.904296875,113.20516184480324,1850.806813322362,11275.87215388084
41118801010497,41,2002,2012,10,wc,calibrated,108.89716339111328,125.5404281616211,12.61109733581543,2742.2705078125,15285.1962890625,113.20516184480324,1850.806813322362,11275.87215388084
41118801010497,41,2002,2012,10,wc,hg_bayes,109.13715362548828,125.64913940429688,12.619518280029297,2841.818359375,15929.7080078125,113.20516184480324,1850.806813322362,11275.87215388084
41118801010497,41,2002,2012,10,wc,hg_organon,109.13715362548828,125.64913940429688,12.619518280029297,2841.818359375,15929.7080078125,113.20516184480324,1850.806813322362,11275.87215388084
41118801010497,41,2002,2012,10,wc,hg_conus_sp,109.13715362548828,125.64913940429688,12.619518280029297,2810.67431640625,15728.68359375,113.20516184480324,1850.806813322362,11275.87215388084
41118801010497,41,2002,2012,10,wc,hg_conus_clim,109.13715362548828,125.64913940429688,12.619518280029297,2800.0146484375,15676.78515625,113.20516184480324,1850.806813322362,11275.87215388084
48202741010497,41,2011,2021,10,wc,default,95.44309997558594,11.784732818603516,38.53440856933594,3934.306884765625,26976.39453125,94.52522109184716,4402.732310002992,31268.20848596894
48202741010497,41,2011,2021,10,wc,calibrated,94.87318420410156,11.754935264587402,38.46784973144531,3902.05322265625,26741.533203125,94.52522109184716,4402.732310002992,31268.20848596894
48202741010497,41,2011,2021,10,wc,hg_bayes,95.44309997558594,11.784732818603516,38.53440856933594,4210.0224609375,29154.63671875,94.52522109184716,4402.732310002992,31268.20848596894
48202741010497,41,2011,2021,10,wc,hg_organon,95.44309997558594,11.784732818603516,38.53440856933594,4210.0224609375,29154.63671875,94.52522109184716,4402.732310002992,31268.20848596894
48202741010497,41,2011,2021,10,wc,hg_conus_sp,95.44309997558594,11.784732818603516,38.53440856933594,4084.055908203125,28175.771484375,94.52522109184716,4402.732310002992,31268.20848596894
48202741010497,41,2011,2021,10,wc,hg_conus_clim,95.44309997558594,11.784732818603516,38.53440856933594,4128.57470703125,28490.330078125,94.52522109184716,4402.732310002992,31268.20848596894
8664028010901,41,2006,2016,10,wc,default,85.3246078491211,83.27661895751953,13.706039428710938,2254.46728515625,11259.8798828125,,,
8664028010901,41,2006,2016,10,wc,calibrated,85.2153091430664,83.1576156616211,13.707053184509276,2251.8173828125,11247.2734375,,,
8664028010901,41,2006,2016,10,wc,hg_bayes,85.41380310058594,83.27653503417969,13.71320343017578,2471.408203125,12839.7216796875,,,
8664028010901,41,2006,2016,10,wc,hg_organon,85.41380310058594,83.27653503417969,13.71320343017578,2471.408203125,12839.7216796875,,,
8664028010901,41,2006,2016,10,wc,hg_conus_sp,85.3246078491211,83.27661895751953,13.706039428710938,2399.274169921875,12315.9931640625,,,
8664028010901,41,2006,2016,10,wc,hg_conus_clim,85.337890625,83.27660369873047,13.70710563659668,2401.296630859375,12348.6904296875,,,
41118741010497,41,2002,2012,10,wc,default,160.92771911621094,239.46902465820312,11.100110054016112,4247.03125,22128.6875,114.07647878265756,2911.4100901449237,13134.71313666995
41118741010497,41,2002,2012,10,wc,calibrated,158.94638061523438,234.91786193847656,11.137904167175291,4210.0146484375,21940.365234375,114.07647878265756,2911.4100901449237,13134.71313666995
41118741010497,41,2002,2012,10,wc,hg_bayes,160.97837829589844,239.4750823974609,11.101707458496094,4886.65625,26224.94921875,114.07647878265756,2911.4100901449237,13134.71313666995
41118741010497,41,2002,2012,10,wc,hg_organon,160.97837829589844,239.4750823974609,11.101707458496094,4886.65625,26224.94921875,114.07647878265756,2911.4100901449237,13134.71313666995
41118741010497,41,2002,2012,10,wc,hg_conus_sp,160.97940063476562,239.47506713867188,11.1017427444458,4295.26123046875,22532.91015625,114.07647878265756,2911.4100901449237,13134.71313666995
41118741010497,41,2002,2012,10,wc,hg_conus_clim,160.97938537597656,239.47506713867188,11.101741790771484,4328.4150390625,22713.484375,114.07647878265756,2911.4100901449237,13134.71313666995
22954661010497,53,2007,2017,10,wc,default,78.58145904541016,55.52167892456055,16.108869552612305,2420.545166015625,13818.5517578125,,,
22954661010497,53,2007,2017,10,wc,calibrated,78.72144317626953,55.61467742919922,16.109724044799805,2425.97119140625,13856.30859375,,,
22954661010497,53,2007,2017,10,wc,hg_bayes,78.72340393066406,55.521629333496094,16.12342071533203,2719.46240234375,15712.23046875,,,
22954661010497,53,2007,2017,10,wc,hg_organon,78.72340393066406,55.521629333496094,16.12342071533203,2719.46240234375,15712.23046875,,,
22954661010497,53,2007,2017,10,wc,hg_conus_sp,78.58145904541016,55.52167892456055,16.108869552612305,2420.545166015625,13818.5517578125,,,
22954661010497,53,2007,2017,10,wc,hg_conus_clim,78.58145904541016,55.52167892456055,16.108869552612305,2420.545166015625,13818.5517578125,,,
48205942010497,41,2011,2021,10,wc,default,177.2675018310547,289.862060546875,10.58900260925293,4009.244140625,20139.3203125,158.02099773160927,4002.85857623336,17720.164320088374
48205942010497,41,2011,2021,10,wc,calibrated,173.36395263671875,280.97662353515625,10.636058807373049,3908.433837890625,19627.478515625,158.02099773160927,4002.85857623336,17720.164320088374
48205942010497,41,2011,2021,10,wc,hg_bayes,177.33120727539062,289.8794250488281,10.590591430664062,4988.23779296875,26227.23828125,158.02099773160927,4002.85857623336,17720.164320088374
48205942010497,41,2011,2021,10,wc,hg_organon,177.33120727539062,289.8794250488281,10.590591430664062,4988.23779296875,26227.23828125,158.02099773160927,4002.85857623336,17720.164320088374
48205942010497,41,2011,2021,10,wc,hg_conus_sp,177.28680419921875,289.861328125,10.58959674835205,4239.83349609375,21538.583984375,158.02099773160927,4002.85857623336,17720.164320088374
48205942010497,41,2011,2021,10,wc,hg_conus_clim,177.28738403320312,289.8612670898437,10.589614868164062,4074.5498046875,20462.392578125,158.02099773160927,4002.85857623336,17720.164320088374
22953774010497,41,2007,2018,11,wc,default,108.3990478515625,147.95675659179688,11.58995532989502,1675.7669677734375,7952.34228515625,,,
22953774010497,41,2007,2018,11,wc,calibrated,108.18082427978516,147.6986846923828,11.588388442993164,1671.0865478515625,7930.1943359375,,,
22953774010497,41,2007,2018,11,wc,hg_bayes,108.59832763671876,147.96958923339844,11.600099563598633,1787.359130859375,8651.7265625,,,
22953774010497,41,2007,2018,11,wc,hg_organon,108.59832763671876,147.96958923339844,11.600099563598633,1787.359130859375,8651.7265625,,,
22953774010497,41,2007,2018,11,wc,hg_conus_sp,108.59832763671876,147.96958923339844,11.600099563598633,1768.635498046875,8496.607421875,,,
22953774010497,41,2007,2018,11,wc,hg_conus_clim,108.59832763671876,147.96958923339844,11.600099563598633,1768.4910888671875,8495.951171875,,,
22398665010497,53,2004,2014,10,wc,default,312.4966125488281,225.17620849609372,15.95136547088623,12237.21875,70779.890625,256.4924861686404,11297.469459191849,71312.62911769742
22398665010497,53,2004,2014,10,wc,calibrated,314.6080322265625,229.2219390869141,15.863282203674316,12298.341796875,71119.6328125,256.4924861686404,11297.469459191849,71312.62911769742
22398665010497,53,2004,2014,10,wc,hg_bayes,312.49658203125,225.17620849609372,15.951364517211914,13075.6748046875,76095.90625,256.4924861686404,11297.469459191849,71312.62911769742
22398665010497,53,2004,2014,10,wc,hg_organon,312.49658203125,225.17620849609372,15.951364517211914,13075.6748046875,76095.90625,256.4924861686404,11297.469459191849,71312.62911769742
22398665010497,53,2004,2014,10,wc,hg_conus_sp,312.4967041015625,225.17620849609372,15.951366424560549,12443.59375,72172.171875,256.4924861686404,11297.469459191849,71312.62911769742
22398665010497,53,2004,2014,10,wc,hg_conus_clim,312.4966735839844,225.17620849609372,15.951366424560549,12440.4169921875,72135.3984375,256.4924861686404,11297.469459191849,71312.62911769742
22398757010497,53,2004,2014,10,wc,default,74.71420288085938,111.72901153564452,11.072735786437988,1360.8482666015625,6352.310546875,63.818093832944086,584.312078088812,1930.235981752444
22398757010497,53,2004,2014,10,wc,calibrated,74.54886627197266,111.52379608154295,11.070646286010742,1356.97509765625,6334.0830078125,63.818093832944086,584.312078088812,1930.235981752444
22398757010497,53,2004,2014,10,wc,hg_bayes,74.83912658691406,111.7284698486328,11.082015991210938,1567.4464111328125,7661.4716796875,63.818093832944086,584.312078088812,1930.235981752444
22398757010497,53,2004,2014,10,wc,hg_organon,74.83912658691406,111.7284698486328,11.082015991210938,1567.4464111328125,7661.4716796875,63.818093832944086,584.312078088812,1930.235981752444
22398757010497,53,2004,2014,10,wc,hg_conus_sp,74.7847671508789,111.72867584228516,11.077977180480955,1493.3359375,7241.31103515625,63.818093832944086,584.312078088812,1930.235981752444
22398757010497,53,2004,2014,10,wc,hg_conus_clim,74.7847671508789,111.72867584228516,11.077977180480955,1482.3040771484375,7159.24267578125,63.818093832944086,584.312078088812,1930.235981752444
41118335010497,41,2001,2011,10,wc,default,346.3943176269531,48.30959701538086,36.258087158203125,20431.525390625,147705.46875,327.8660097343697,20238.431643696465,149109.5160128979
41118335010497,41,2001,2011,10,wc,calibrated,347.5727844238281,48.652130126953125,36.19163131713867,20494.5546875,148135.921875,327.8660097343697,20238.431643696465,149109.5160128979
41118335010497,41,2001,2011,10,wc,hg_bayes,346.3943176269531,48.30959701538086,36.258087158203125,20916.388671875,151548.984375,327.8660097343697,20238.431643696465,149109.5160128979
41118335010497,41,2001,2011,10,wc,hg_organon,346.3943176269531,48.30959701538086,36.258087158203125,20916.388671875,151548.984375,327.8660097343697,20238.431643696465,149109.5160128979
41118335010497,41,2001,2011,10,wc,hg_conus_sp,346.3943176269531,48.30959701538086,36.258087158203125,20525.501953125,148572.609375,327.8660097343697,20238.431643696465,149109.5160128979
41118335010497,41,2001,2011,10,wc,hg_conus_clim,346.3943176269531,48.30959701538086,36.258087158203125,20626.126953125,149293.125,327.8660097343697,20238.431643696465,149109.5160128979
29883030010497,41,2009,2019,10,wc,default,40.33632659912109,39.34699249267578,13.709721565246582,983.8827514648438,5485.99169921875,45.04543969506886,695.863217810424,3683.055647585002
29883030010497,41,2009,2019,10,wc,calibrated,40.22641754150391,39.2008171081543,13.716535568237305,981.45458984375,5472.56494140625,45.04543969506886,695.863217810424,3683.055647585002
29883030010497,41,2009,2019,10,wc,hg_bayes,40.33632659912109,39.34699249267578,13.709721565246582,1073.019775390625,5938.025390625,45.04543969506886,695.863217810424,3683.055647585002
29883030010497,41,2009,2019,10,wc,hg_organon,40.33632659912109,39.34699249267578,13.709721565246582,1073.019775390625,5938.025390625,45.04543969506886,695.863217810424,3683.055647585002
29883030010497,41,2009,2019,10,wc,hg_conus_sp,40.33632659912109,39.34699249267578,13.709721565246582,1051.5526123046875,5846.2314453125,45.04543969506886,695.863217810424,3683.055647585002
29883030010497,41,2009,2019,10,wc,hg_conus_clim,40.33632659912109,39.34699249267578,13.709721565246582,1053.061279296875,5853.4892578125,45.04543969506886,695.863217810424,3683.055647585002
8630956010901,53,2006,2017,11,wc,default,169.52247619628906,216.5847930908203,11.97942352294922,5200.4189453125,29085.74609375,168.0129749204461,6443.752770798538,35490.506478274045
8630956010901,53,2006,2017,11,wc,calibrated,169.9841766357422,218.02513122558597,11.956035614013672,5208.990234375,29128.921875,168.0129749204461,6443.752770798538,35490.506478274045
8630956010901,53,2006,2017,11,wc,hg_bayes,169.52247619628906,216.5847930908203,11.97942352294922,5847.14794921875,32932.5859375,168.0129749204461,6443.752770798538,35490.506478274045
8630956010901,53,2006,2017,11,wc,hg_organon,169.52247619628906,216.5847930908203,11.97942352294922,5847.14794921875,32932.5859375,168.0129749204461,6443.752770798538,35490.506478274045
8630956010901,53,2006,2017,11,wc,hg_conus_sp,169.52247619628906,216.5847930908203,11.97942352294922,5547.31787109375,31159.09375,168.0129749204461,6443.752770798538,35490.506478274045
8630956010901,53,2006,2017,11,wc,hg_conus_clim,169.52247619628906,216.5847930908203,11.97942352294922,5468.84619140625,30681.24609375,168.0129749204461,6443.752770798538,35490.506478274045
24890399010900,41,2004,2014,10,wc,default,156.4875030517578,28.55932235717773,31.695831298828125,6168.99755859375,40290.88671875,165.66629187273534,7054.800725184956,49860.83297714346
24890399010900,41,2004,2014,10,wc,calibrated,156.79225158691406,28.62037849426269,31.69282531738281,6180.5556640625,40364.78125,165.66629187273534,7054.800725184956,49860.83297714346
24890399010900,41,2004,2014,10,wc,hg_bayes,156.4875030517578,28.55932235717773,31.695831298828125,6122.74853515625,39975.53125,165.66629187273534,7054.800725184956,49860.83297714346
24890399010900,41,2004,2014,10,wc,hg_organon,156.4875030517578,28.55932235717773,31.695831298828125,6122.74853515625,39975.53125,165.66629187273534,7054.800725184956,49860.83297714346
24890399010900,41,2004,2014,10,wc,hg_conus_sp,156.4875030517578,28.55932235717773,31.695831298828125,5989.580078125,39085.25390625,165.66629187273534,7054.800725184956,49860.83297714346
24890399010900,41,2004,2014,10,wc,hg_conus_clim,156.4875030517578,28.55932235717773,31.695831298828125,6244.79931640625,40870.03125,165.66629187273534,7054.800725184956,49860.83297714346
22933260010497,53,2008,2018,10,wc,default,234.0569000244141,192.0082855224609,14.949854850769045,6536.53173828125,35316.51171875,,,
22933260010497,53,2008,2018,10,wc,calibrated,236.0876617431641,193.83596801757807,14.943621635437012,6590.546875,35598.7265625,,,
22933260010497,53,2008,2018,10,wc,hg_bayes,234.05674743652344,192.0082855224609,14.94985008239746,6687.0390625,36263.28125,,,
22933260010497,53,2008,2018,10,wc,hg_organon,234.05674743652344,192.0082855224609,14.94985008239746,6687.0390625,36263.28125,,,
22933260010497,53,2008,2018,10,wc,hg_conus_sp,234.0569610595703,192.0082855224609,14.949856758117676,6514.08251953125,35190.29296875,,,
22933260010497,53,2008,2018,10,wc,hg_conus_clim,234.04031372070312,192.0083923339844,14.94931983947754,6534.6025390625,35345.9609375,,,
24503122010900,53,2003,2014,11,wc,default,216.2395782470703,182.15499877929688,14.753101348876951,4929.01416015625,24794.20703125,,,
24503122010900,53,2003,2014,11,wc,calibrated,216.4839782714844,182.51785278320312,14.74675464630127,4933.76025390625,24819.50390625,,,
24503122010900,53,2003,2014,11,wc,hg_bayes,216.2721405029297,182.1548767089844,14.754215240478516,5083.82958984375,25635.8671875,,,
24503122010900,53,2003,2014,11,wc,hg_organon,216.2721405029297,182.1548767089844,14.754215240478516,5083.82958984375,25635.8671875,,,
24503122010900,53,2003,2014,11,wc,hg_conus_sp,216.2395782470703,182.15499877929688,14.753101348876951,4929.01416015625,24794.20703125,,,
24503122010900,53,2003,2014,11,wc,hg_conus_clim,216.2395782470703,182.15499877929688,14.753101348876951,4929.01416015625,24794.20703125,,,
24487694010900,53,2004,2013,9,wc,default,54.987403869628906,118.59819793701172,9.219956398010254,1442.5902099609375,7525.0244140625,44.22070937968073,1091.4400081069239,2718.599165226004
24487694010900,53,2004,2013,9,wc,calibrated,54.954437255859375,118.58006286621094,9.217897415161133,1441.27685546875,7517.73681640625,44.22070937968073,1091.4400081069239,2718.599165226004
24487694010900,53,2004,2013,9,wc,hg_bayes,54.987403869628906,118.59819793701172,9.219956398010254,1580.3492431640625,8474.8291015625,44.22070937968073,1091.4400081069239,2718.599165226004
24487694010900,53,2004,2013,9,wc,hg_organon,54.987403869628906,118.59819793701172,9.219956398010254,1580.3492431640625,8474.8291015625,44.22070937968073,1091.4400081069239,2718.599165226004
24487694010900,53,2004,2013,9,wc,hg_conus_sp,54.987403869628906,118.59819793701172,9.219956398010254,1554.2052001953125,8311.8310546875,44.22070937968073,1091.4400081069239,2718.599165226004
24487694010900,53,2004,2013,9,wc,hg_conus_clim,54.987403869628906,118.59819793701172,9.219956398010254,1457.3988037109375,7667.18408203125,44.22070937968073,1091.4400081069239,2718.599165226004
40220665010497,53,2010,2020,10,wc,default,147.45364379882812,160.9342041015625,12.961041450500488,3714.505615234375,20041.435546875,152.02406843656055,3391.931047377394,18315.827669388815
40220665010497,53,2010,2020,10,wc,calibrated,146.9765167236328,159.9137725830078,12.981278419494627,3700.943603515625,19966.6171875,152.02406843656055,3391.931047377394,18315.827669388815
40220665010497,53,2010,2020,10,wc,hg_bayes,147.61727905273438,160.93780517578125,12.968084335327148,4145.7451171875,22790.859375,152.02406843656055,3391.931047377394,18315.827669388815
40220665010497,53,2010,2020,10,wc,hg_organon,147.61727905273438,160.93780517578125,12.968084335327148,4145.7451171875,22790.859375,152.02406843656055,3391.931047377394,18315.827669388815
40220665010497,53,2010,2020,10,wc,hg_conus_sp,147.48785400390625,160.9331817626953,12.962586402893066,3962.646484375,21681.552734375,152.02406843656055,3391.931047377394,18315.827669388815
40220665010497,53,2010,2020,10,wc,hg_conus_clim,147.48785400390625,160.9331817626953,12.962586402893066,3906.7607421875,21354.404296875,152.02406843656055,3391.931047377394,18315.827669388815
24500127010900,53,2003,2013,10,wc,default,172.54991149902344,55.55618667602539,23.863130569458008,7153.12548828125,47224.1875,,,
24500127010900,53,2003,2013,10,wc,calibrated,172.812744140625,55.607398986816406,23.870304107666016,7164.47216796875,47304.01953125,,,
24500127010900,53,2003,2013,10,wc,hg_bayes,172.54991149902344,55.55618667602539,23.863130569458008,7553.5703125,50154.64453125,,,
24500127010900,53,2003,2013,10,wc,hg_organon,172.54991149902344,55.55618667602539,23.863130569458008,7553.5703125,50154.64453125,,,
24500127010900,53,2003,2013,10,wc,hg_conus_sp,172.54991149902344,55.55618667602539,23.863130569458008,7154.509765625,47233.0859375,,,
24500127010900,53,2003,2013,10,wc,hg_conus_clim,172.54991149902344,55.55618667602539,23.863130569458008,7179.13037109375,47444.7734375,,,
29882027010497,41,2009,2019,10,wc,default,185.5041046142578,183.97232055664065,13.596803665161133,5618.623046875,30951.021484375,103.2444659691406,2793.686489310108,15922.700087767742
29882027010497,41,2009,2019,10,wc,calibrated,184.1042938232422,181.2041473388672,13.648480415344238,5585.0048828125,30771.21484375,103.2444659691406,2793.686489310108,15922.700087767742
29882027010497,41,2009,2019,10,wc,hg_bayes,185.5041046142578,183.97232055664065,13.596803665161133,5991.25390625,33294.83203125,103.2444659691406,2793.686489310108,15922.700087767742
29882027010497,41,2009,2019,10,wc,hg_organon,185.5041046142578,183.97232055664065,13.596803665161133,5991.25390625,33294.83203125,103.2444659691406,2793.686489310108,15922.700087767742
29882027010497,41,2009,2019,10,wc,hg_conus_sp,185.5041046142578,183.97232055664065,13.596803665161133,5837.85009765625,32334.88671875,103.2444659691406,2793.686489310108,15922.700087767742
29882027010497,41,2009,2019,10,wc,hg_conus_clim,185.5041046142578,183.97232055664065,13.596803665161133,5821.98486328125,32255.640625,103.2444659691406,2793.686489310108,15922.700087767742
24168311010900,53,2002,2012,10,wc,default,163.9720001220703,130.20120239257812,15.195452690124512,4148.90087890625,21761.66015625,144.22540258610985,2660.737562711762,12591.312596218577
24168311010900,53,2002,2012,10,wc,calibrated,164.02236938476562,130.27606201171875,15.19342041015625,4147.8056640625,21752.17578125,144.22540258610985,2660.737562711762,12591.312596218577
24168311010900,53,2002,2012,10,wc,hg_bayes,163.9720001220703,130.20120239257812,15.195452690124512,4583.892578125,24591.083984375,144.22540258610985,2660.737562711762,12591.312596218577
24168311010900,53,2002,2012,10,wc,hg_organon,163.9720001220703,130.20120239257812,15.195452690124512,4583.892578125,24591.083984375,144.22540258610985,2660.737562711762,12591.312596218577
24168311010900,53,2002,2012,10,wc,hg_conus_sp,163.9720001220703,130.20120239257812,15.195452690124512,4253.544921875,22503.0234375,144.22540258610985,2660.737562711762,12591.312596218577
24168311010900,53,2002,2012,10,wc,hg_conus_clim,163.9720001220703,130.20120239257812,15.195452690124512,4265.69775390625,22589.92578125,144.22540258610985,2660.737562711762,12591.312596218577
22953922010497,41,2007,2016,9,wc,default,90.54428100585938,88.33940887451172,13.708486557006836,1805.4276123046875,8492.6240234375,121.1834396965014,2295.062881107436,11631.15116508304
22953922010497,41,2007,2016,9,wc,calibrated,90.61560821533205,88.3458480834961,13.713387489318848,1806.549560546875,8497.294921875,121.1834396965014,2295.062881107436,11631.15116508304
22953922010497,41,2007,2016,9,wc,hg_bayes,90.54428100585938,88.33940887451172,13.708486557006836,2002.135498046875,9688.119140625,121.1834396965014,2295.062881107436,11631.15116508304
22953922010497,41,2007,2016,9,wc,hg_organon,90.54428100585938,88.33940887451172,13.708486557006836,2002.135498046875,9688.119140625,121.1834396965014,2295.062881107436,11631.15116508304
22953922010497,41,2007,2016,9,wc,hg_conus_sp,90.54428100585938,88.33940887451172,13.708486557006836,1900.1717529296875,9119.7666015625,121.1834396965014,2295.062881107436,11631.15116508304
22953922010497,41,2007,2016,9,wc,hg_conus_clim,90.54428100585938,88.33940887451172,13.708486557006836,1886.9588623046875,9012.6015625,121.1834396965014,2295.062881107436,11631.15116508304
12877596010497,41,2005,2015,10,wc,default,53.29679489135742,94.52420043945312,10.167527198791504,944.977294921875,4343.91650390625,72.28634124634536,656.683335997334,1447.476215272704
12877596010497,41,2005,2015,10,wc,calibrated,53.35222625732422,94.66922760009766,10.16501808166504,945.7171020507812,4346.9775390625,72.28634124634536,656.683335997334,1447.476215272704
12877596010497,41,2005,2015,10,wc,hg_bayes,53.37415313720703,94.48820495605467,10.176841735839844,984.0087890625,4557.0830078125,72.28634124634536,656.683335997334,1447.476215272704
12877596010497,41,2005,2015,10,wc,hg_organon,53.37415313720703,94.48820495605467,10.176841735839844,984.0087890625,4557.0830078125,72.28634124634536,656.683335997334,1447.476215272704
12877596010497,41,2005,2015,10,wc,hg_conus_sp,53.37776184082031,94.49595642089844,10.176766395568848,979.30517578125,4503.74658203125,72.28634124634536,656.683335997334,1447.476215272704
12877596010497,41,2005,2015,10,wc,hg_conus_clim,53.37808227539063,94.49665832519533,10.176759719848633,979.3109130859376,4503.7724609375,72.28634124634536,656.683335997334,1447.476215272704
22398482010497,53,2003,2014,11,wc,default,189.6754608154297,217.95314025878903,12.631654739379885,6035.892578125,33520.984375,74.25606027912133,2499.542965596744,14462.99668208639
22398482010497,53,2003,2014,11,wc,calibrated,189.98971557617188,218.7054443359375,12.620351791381836,6040.93505859375,33545.6953125,74.25606027912133,2499.542965596744,14462.99668208639
22398482010497,53,2003,2014,11,wc,hg_bayes,189.68023681640625,217.9530334472656,12.631816864013672,7086.02294921875,40023.69921875,74.25606027912133,2499.542965596744,14462.99668208639
22398482010497,53,2003,2014,11,wc,hg_organon,189.68023681640625,217.9530334472656,12.631816864013672,7086.02294921875,40023.69921875,74.25606027912133,2499.542965596744,14462.99668208639
22398482010497,53,2003,2014,11,wc,hg_conus_sp,189.68040466308597,217.9530334472656,12.63182258605957,6451.9755859375,36144.38671875,74.25606027912133,2499.542965596744,14462.99668208639
22398482010497,53,2003,2014,11,wc,hg_conus_clim,189.6803741455078,217.9530334472656,12.63182258605957,6383.3173828125,35638.265625,74.25606027912133,2499.542965596744,14462.99668208639
41118491010497,41,2001,2011,10,wc,default,31.37073135375977,30.96044540405273,13.629975318908691,1324.29052734375,8341.869140625,50.25643135978071,1269.421872826,7091.815946057575
41118491010497,41,2001,2011,10,wc,calibrated,31.08039665222168,29.984773635864254,13.785712242126465,1316.661865234375,8295.3994140625,50.25643135978071,1269.421872826,7091.815946057575
41118491010497,41,2001,2011,10,wc,hg_bayes,31.370609283447266,30.96044540405273,13.629947662353516,1473.361572265625,9314.77734375,50.25643135978071,1269.421872826,7091.815946057575
41118491010497,41,2001,2011,10,wc,hg_organon,31.370609283447266,30.96044540405273,13.629947662353516,1473.361572265625,9314.77734375,50.25643135978071,1269.421872826,7091.815946057575
41118491010497,41,2001,2011,10,wc,hg_conus_sp,31.37074279785156,30.96044540405273,13.629976272583008,1333.4033203125,8405.3837890625,50.25643135978071,1269.421872826,7091.815946057575
41118491010497,41,2001,2011,10,wc,hg_conus_clim,31.37056350708008,30.96044540405273,13.629937171936035,1466.692626953125,9261.484375,50.25643135978071,1269.421872826,7091.815946057575
22953941010497,41,2007,2018,11,wc,default,158.9669647216797,42.43947982788086,26.20623588562012,7851.4638671875,51846.56640625,50.32050129405599,2369.4201198647042,16855.58100750645
22953941010497,41,2007,2018,11,wc,calibrated,159.4765167236328,42.64298248291016,26.185503005981445,7874.146484375,51993.46875,50.32050129405599,2369.4201198647042,16855.58100750645
22953941010497,41,2007,2018,11,wc,hg_bayes,158.9669647216797,42.43947982788086,26.20623588562012,8134.4814453125,54201.109375,50.32050129405599,2369.4201198647042,16855.58100750645
22953941010497,41,2007,2018,11,wc,hg_organon,158.9669647216797,42.43947982788086,26.20623588562012,8134.4814453125,54201.109375,50.32050129405599,2369.4201198647042,16855.58100750645
22953941010497,41,2007,2018,11,wc,hg_conus_sp,158.9669647216797,42.43947982788086,26.20623588562012,7892.46630859375,52135.1015625,50.32050129405599,2369.4201198647042,16855.58100750645
22953941010497,41,2007,2018,11,wc,hg_conus_clim,158.9669647216797,42.43947982788086,26.20623588562012,7917.349609375,52406.72265625,50.32050129405599,2369.4201198647042,16855.58100750645
8651715010901,53,2006,2016,10,wc,default,147.3737030029297,172.33470153808594,12.521599769592283,4275.37890625,21716.466796875,137.84931391041894,3731.554837842064,18846.50305233063
8651715010901,53,2006,2016,10,wc,calibrated,143.99887084960938,166.27066040039062,12.60108757019043,4163.634765625,21143.919921875,137.84931391041894,3731.554837842064,18846.50305233063
8651715010901,53,2006,2016,10,wc,hg_bayes,147.60879516601562,172.3527374267578,12.530927658081056,4910.96826171875,25765.654296875,137.84931391041894,3731.554837842064,18846.50305233063
8651715010901,53,2006,2016,10,wc,hg_organon,147.60879516601562,172.3527374267578,12.530927658081056,4910.96826171875,25765.654296875,137.84931391041894,3731.554837842064,18846.50305233063
8651715010901,53,2006,2016,10,wc,hg_conus_sp,147.48692321777344,172.33351135253906,12.526453018188477,4561.42138671875,23505.296875,137.84931391041894,3731.554837842064,18846.50305233063
8651715010901,53,2006,2016,10,wc,hg_conus_clim,147.5095672607422,172.33335876464844,12.527420997619627,4554.0419921875,23432.337890625,137.84931391041894,3731.554837842064,18846.50305233063
8634562010901,53,2006,2016,10,wc,default,102.31903839111328,104.7261734008789,13.38403034210205,2618.803955078125,13357.03125,109.80859000028322,2045.477573385876,10255.122402130835
8634562010901,53,2006,2016,10,wc,calibrated,99.78077697753906,100.39087677001952,13.499342918395996,2547.898681640625,12999.4306640625,109.80859000028322,2045.477573385876,10255.122402130835
8634562010901,53,2006,2016,10,wc,hg_bayes,102.50450134277344,104.72496795654295,13.396230697631836,2897.780029296875,15153.4755859375,109.80859000028322,2045.477573385876,10255.122402130835
8634562010901,53,2006,2016,10,wc,hg_organon,102.50450134277344,104.72496795654295,13.396230697631836,2897.780029296875,15153.4755859375,109.80859000028322,2045.477573385876,10255.122402130835
8634562010901,53,2006,2016,10,wc,hg_conus_sp,102.49818420410156,104.72496795654295,13.395819664001465,2735.6435546875,14278.119140625,109.80859000028322,2045.477573385876,10255.122402130835
8634562010901,53,2006,2016,10,wc,hg_conus_clim,102.50430297851562,104.72496795654295,13.396218299865724,2750.711669921875,14355.2197265625,109.80859000028322,2045.477573385876,10255.122402130835
24538131010900,53,2003,2013,10,wc,default,95.57305908203124,37.81917190551758,21.525243759155277,2796.570556640625,16408.03125,56.83016015088131,1277.724070572286,7293.945167378174
24538131010900,53,2003,2013,10,wc,calibrated,95.42414093017578,37.63936233520508,21.559776306152344,2791.320556640625,16376.1708984375,56.83016015088131,1277.724070572286,7293.945167378174
24538131010900,53,2003,2013,10,wc,hg_bayes,95.57305908203124,37.81917190551758,21.525243759155277,3100.7587890625,18499.890625,56.83016015088131,1277.724070572286,7293.945167378174
24538131010900,53,2003,2013,10,wc,hg_organon,95.57305908203124,37.81917190551758,21.525243759155277,3100.7587890625,18499.890625,56.83016015088131,1277.724070572286,7293.945167378174
24538131010900,53,2003,2013,10,wc,hg_conus_sp,95.57305908203124,37.81917190551758,21.525243759155277,2984.700439453125,17722.25,56.83016015088131,1277.724070572286,7293.945167378174
24538131010900,53,2003,2013,10,wc,hg_conus_clim,95.57305908203124,37.81917190551758,21.525243759155277,2990.35546875,17779.71875,56.83016015088131,1277.724070572286,7293.945167378174
40403249010497,41,2010,2020,10,wc,default,19.78653717041016,24.40958595275879,12.191045761108398,326.9043884277344,1574.961181640625,18.54935186595785,208.370187328672,777.850618597596
40403249010497,41,2010,2020,10,wc,calibrated,19.78653717041016,24.40958595275879,12.191045761108398,326.9043884277344,1574.961181640625,18.54935186595785,208.370187328672,777.850618597596
40403249010497,41,2010,2020,10,wc,hg_bayes,19.78653717041016,24.40958595275879,12.191045761108398,326.9043884277344,1574.961181640625,18.54935186595785,208.370187328672,777.850618597596
40403249010497,41,2010,2020,10,wc,hg_organon,19.78653717041016,24.40958595275879,12.191045761108398,326.9043884277344,1574.961181640625,18.54935186595785,208.370187328672,777.850618597596
40403249010497,41,2010,2020,10,wc,hg_conus_sp,19.78653717041016,24.40958595275879,12.191045761108398,326.9043884277344,1574.961181640625,18.54935186595785,208.370187328672,777.850618597596
40403249010497,41,2010,2020,10,wc,hg_conus_clim,19.78653717041016,24.40958595275879,12.191045761108398,326.9043884277344,1574.961181640625,18.54935186595785,208.370187328672,777.850618597596
12815407010497,41,2005,2015,10,wc,default,8.077269554138184,17.8572940826416,9.106695175170898,108.7674560546875,517.9122924804688,25.926433912280697,161.588067693002,263.23426683772004
12815407010497,41,2005,2015,10,wc,calibrated,8.077269554138184,17.8572940826416,9.106695175170898,108.7674560546875,517.9122924804688,25.926433912280697,161.588067693002,263.23426683772004
12815407010497,41,2005,2015,10,wc,hg_bayes,8.077269554138184,17.8572940826416,9.106695175170898,108.7674560546875,517.9122924804688,25.926433912280697,161.588067693002,263.23426683772004
12815407010497,41,2005,2015,10,wc,hg_organon,8.077269554138184,17.8572940826416,9.106695175170898,108.7674560546875,517.9122924804688,25.926433912280697,161.588067693002,263.23426683772004
12815407010497,41,2005,2015,10,wc,hg_conus_sp,8.077269554138184,17.8572940826416,9.106695175170898,108.7674560546875,517.9122924804688,25.926433912280697,161.588067693002,263.23426683772004
12815407010497,41,2005,2015,10,wc,hg_conus_clim,8.077269554138184,17.8572940826416,9.106695175170898,108.7674560546875,517.9122924804688,25.926433912280697,161.588067693002,263.23426683772004
24484927010900,53,2003,2013,10,wc,default,48.45535659790039,83.3916244506836,10.321577072143556,818.9859008789062,3721.543701171875,76.07386464588897,1509.228705310502,6309.814789820398
24484927010900,53,2003,2013,10,wc,calibrated,48.61647033691406,83.6294174194336,10.32401180267334,821.6768188476562,3733.374267578125,76.07386464588897,1509.228705310502,6309.814789820398
24484927010900,53,2003,2013,10,wc,hg_bayes,48.57982635498047,83.39161682128906,10.334823608398438,1034.9219970703125,5129.828125,76.07386464588897,1509.228705310502,6309.814789820398
24484927010900,53,2003,2013,10,wc,hg_organon,48.57982635498047,83.39161682128906,10.334823608398438,1034.9219970703125,5129.828125,76.07386464588897,1509.228705310502,6309.814789820398
24484927010900,53,2003,2013,10,wc,hg_conus_sp,48.57986831665039,83.39161682128906,10.33482837677002,978.408203125,4717.05126953125,76.07386464588897,1509.228705310502,6309.814789820398
24484927010900,53,2003,2013,10,wc,hg_conus_clim,48.57984161376953,83.39161682128906,10.334826469421388,970.1010131835938,4676.74462890625,76.07386464588897,1509.228705310502,6309.814789820398
22954802010497,53,2007,2017,10,wc,default,144.90478515625,253.5004730224609,10.237367630004885,4288.00634765625,21987.4609375,71.8248191434255,1239.9225589715882,4382.170581884636
22954802010497,53,2007,2017,10,wc,calibrated,142.0329132080078,245.42556762695312,10.300798416137695,4207.9853515625,21547.423828125,71.8248191434255,1239.9225589715882,4382.170581884636
22954802010497,53,2007,2017,10,wc,hg_bayes,145.06446838378906,253.4979705810547,10.24305534362793,4580.4677734375,23702.392578125,71.8248191434255,1239.9225589715882,4382.170581884636
22954802010497,53,2007,2017,10,wc,hg_organon,145.06446838378906,253.4979705810547,10.24305534362793,4580.4677734375,23702.392578125,71.8248191434255,1239.9225589715882,4382.170581884636
22954802010497,53,2007,2017,10,wc,hg_conus_sp,144.90478515625,253.5004730224609,10.237367630004885,4442.50244140625,22873.328125,71.8248191434255,1239.9225589715882,4382.170581884636
22954802010497,53,2007,2017,10,wc,hg_conus_clim,144.90478515625,253.5004730224609,10.237367630004885,4323.37939453125,22181.873046875,71.8248191434255,1239.9225589715882,4382.170581884636
48204211010497,53,2011,2021,10,wc,default,113.22450256347656,107.81085968017578,13.876348495483398,3692.66650390625,19814.54296875,61.70092590557052,1782.749057763392,10120.557829874291
48204211010497,53,2011,2021,10,wc,calibrated,112.10545349121094,106.25211334228516,13.908519744873049,3657.041748046875,19621.55078125,61.70092590557052,1782.749057763392,10120.557829874291
48204211010497,53,2011,2021,10,wc,hg_bayes,113.2004852294922,107.8092803955078,13.87497901916504,3646.639892578125,19631.142578125,61.70092590557052,1782.749057763392,10120.557829874291
48204211010497,53,2011,2021,10,wc,hg_organon,113.2004852294922,107.8092803955078,13.87497901916504,3646.639892578125,19631.142578125,61.70092590557052,1782.749057763392,10120.557829874291
48204211010497,53,2011,2021,10,wc,hg_conus_sp,113.1485366821289,107.8061294555664,13.871997833251951,3591.2509765625,19278.12890625,61.70092590557052,1782.749057763392,10120.557829874291
48204211010497,53,2011,2021,10,wc,hg_conus_clim,113.1485366821289,107.8061294555664,13.871997833251951,3585.096435546875,19237.005859375,61.70092590557052,1782.749057763392,10120.557829874291
24118813010900,41,2002,2012,10,wc,default,16.909269332885742,23.77074241638184,11.420294761657717,266.0204162597656,1156.86328125,,,
24118813010900,41,2002,2012,10,wc,calibrated,16.909269332885742,23.77074241638184,11.420294761657717,266.0204162597656,1156.86328125,,,
24118813010900,41,2002,2012,10,wc,hg_bayes,16.909269332885742,23.77074241638184,11.420294761657717,266.0204162597656,1156.86328125,,,
24118813010900,41,2002,2012,10,wc,hg_organon,16.909269332885742,23.77074241638184,11.420294761657717,266.0204162597656,1156.86328125,,,
24118813010900,41,2002,2012,10,wc,hg_conus_sp,16.909269332885742,23.77074241638184,11.420294761657717,266.0204162597656,1156.86328125,,,
24118813010900,41,2002,2012,10,wc,hg_conus_clim,16.909269332885742,23.77074241638184,11.420294761657717,266.0204162597656,1156.86328125,,,
24375333010900,41,2003,2013,10,wc,default,124.28983306884766,154.53933715820312,12.14323902130127,2620.046875,12580.2822265625,129.14839275185346,3328.442340080274,15877.328152082559
24375333010900,41,2003,2013,10,wc,calibrated,124.58829498291016,154.9676513671875,12.141000747680664,2626.45654296875,12611.255859375,129.14839275185346,3328.442340080274,15877.328152082559
24375333010900,41,2003,2013,10,wc,hg_bayes,124.29387664794922,154.539306640625,12.143440246582031,3317.0205078125,16572.115234375,129.14839275185346,3328.442340080274,15877.328152082559
24375333010900,41,2003,2013,10,wc,hg_organon,124.29387664794922,154.539306640625,12.143440246582031,3317.0205078125,16572.115234375,129.14839275185346,3328.442340080274,15877.328152082559
24375333010900,41,2003,2013,10,wc,hg_conus_sp,124.29387664794922,154.539306640625,12.143440246582031,2950.621337890625,14376.7568359375,129.14839275185346,3328.442340080274,15877.328152082559
24375333010900,41,2003,2013,10,wc,hg_conus_clim,124.29387664794922,154.539306640625,12.143440246582031,2945.656005859375,14351.4638671875,129.14839275185346,3328.442340080274,15877.328152082559
48202540010497,53,2011,2022,11,wc,default,133.95594787597656,152.8694610595703,12.675260543823242,3367.965087890625,17799.228515625,112.1889005795031,2327.2273623876517,11935.259662848624
48202540010497,53,2011,2022,11,wc,calibrated,133.95460510253906,152.81173706054688,12.677593231201172,3367.069580078125,17796.720703125,112.1889005795031,2327.2273623876517,11935.259662848624
48202540010497,53,2011,2022,11,wc,hg_bayes,134.03482055664062,152.8685760498047,12.679028511047363,3888.83642578125,21092.3203125,112.1889005795031,2327.2273623876517,11935.259662848624
48202540010497,53,2011,2022,11,wc,hg_organon,134.03482055664062,152.8685760498047,12.679028511047363,3888.83642578125,21092.3203125,112.1889005795031,2327.2273623876517,11935.259662848624
48202540010497,53,2011,2022,11,wc,hg_conus_sp,134.0350799560547,152.8685760498047,12.679040908813477,3476.106689453125,18586.59765625,112.1889005795031,2327.2273623876517,11935.259662848624
48202540010497,53,2011,2022,11,wc,hg_conus_clim,134.0349578857422,152.8685760498047,12.679036140441896,3541.20361328125,18987.025390625,112.1889005795031,2327.2273623876517,11935.259662848624
23933855010900,41,2001,2011,10,wc,default,87.9867172241211,113.29060363769533,11.932952880859377,1566.3453369140625,7406.24755859375,67.97367745108235,1420.235049653212,7296.284480450406
23933855010900,41,2001,2011,10,wc,calibrated,88.0271987915039,113.28204345703124,11.936149597167969,1566.5201416015625,7406.142578125,67.97367745108235,1420.235049653212,7296.284480450406
23933855010900,41,2001,2011,10,wc,hg_bayes,88.30362701416016,113.28961181640624,11.954476356506348,1826.4227294921875,9024.873046875,67.97367745108235,1420.235049653212,7296.284480450406
23933855010900,41,2001,2011,10,wc,hg_organon,88.30362701416016,113.28961181640624,11.954476356506348,1826.4227294921875,9024.873046875,67.97367745108235,1420.235049653212,7296.284480450406
23933855010900,41,2001,2011,10,wc,hg_conus_sp,88.29446411132812,113.28962707519533,11.953853607177734,1736.8507080078125,8506.650390625,67.97367745108235,1420.235049653212,7296.284480450406
23933855010900,41,2001,2011,10,wc,hg_conus_clim,88.30025482177734,113.28961181640624,11.95424747467041,1726.78466796875,8468.8271484375,67.97367745108235,1420.235049653212,7296.284480450406
24453619010900,41,2003,2013,10,wc,default,142.84866333007812,207.69134521484372,11.22962474822998,2861.45849609375,13268.4609375,159.51950996160846,4342.25799208769,20622.65542094362
24453619010900,41,2003,2013,10,wc,calibrated,143.237060546875,208.3428955078125,11.227280616760254,2869.340576171875,13305.2265625,159.51950996160846,4342.25799208769,20622.65542094362
24453619010900,41,2003,2013,10,wc,hg_bayes,142.84866333007812,207.69134521484372,11.22962474822998,3679.23876953125,18304.572265625,159.51950996160846,4342.25799208769,20622.65542094362
24453619010900,41,2003,2013,10,wc,hg_organon,142.84866333007812,207.69134521484372,11.22962474822998,3679.23876953125,18304.572265625,159.51950996160846,4342.25799208769,20622.65542094362
24453619010900,41,2003,2013,10,wc,hg_conus_sp,142.84866333007812,207.69134521484372,11.22962474822998,3207.512451171875,15473.44140625,159.51950996160846,4342.25799208769,20622.65542094362
24453619010900,41,2003,2013,10,wc,hg_conus_clim,142.84866333007812,207.69134521484372,11.22962474822998,3159.057861328125,15181.0234375,159.51950996160846,4342.25799208769,20622.65542094362
22931103010497,53,2008,2018,10,wc,default,235.1339111328125,181.1123504638672,15.428362846374512,7810.2421875,42041.7578125,3.213735434476024,0.0,0.0
22931103010497,53,2008,2018,10,wc,calibrated,236.16302490234372,182.2415771484375,15.414114952087402,7844.69482421875,42223.09375,3.213735434476024,0.0,0.0
22931103010497,53,2008,2018,10,wc,hg_bayes,235.13845825195312,181.1122131347656,15.428518295288086,8304.0107421875,45365.16796875,3.213735434476024,0.0,0.0
22931103010497,53,2008,2018,10,wc,hg_organon,235.13845825195312,181.1122131347656,15.428518295288086,8304.0107421875,45365.16796875,3.213735434476024,0.0,0.0
22931103010497,53,2008,2018,10,wc,hg_conus_sp,235.1339569091797,181.1123504638672,15.428362846374512,7731.443359375,41624.3125,3.213735434476024,0.0,0.0
22931103010497,53,2008,2018,10,wc,hg_conus_clim,235.1339569091797,181.1123504638672,15.428362846374512,7772.60205078125,41975.34375,3.213735434476024,0.0,0.0
40219276010497,41,2010,2021,11,wc,default,142.3036651611328,259.283203125,10.031302452087402,3884.51953125,20680.833984375,136.71994245451555,1897.382053755764,5798.820126179614
40219276010497,41,2010,2021,11,wc,calibrated,135.74961853027344,241.2116851806641,10.157958030700684,3740.540283203125,19924.517578125,136.71994245451555,1897.382053755764,5798.820126179614
40219276010497,41,2010,2021,11,wc,hg_bayes,142.36134338378906,259.2816162109375,10.03335952758789,4427.04833984375,24148.162109375,136.71994245451555,1897.382053755764,5798.820126179614
40219276010497,41,2010,2021,11,wc,hg_organon,142.36134338378906,259.2816162109375,10.03335952758789,4427.04833984375,24148.162109375,136.71994245451555,1897.382053755764,5798.820126179614
40219276010497,41,2010,2021,11,wc,hg_conus_sp,142.3036651611328,259.283203125,10.03130340576172,3889.587646484375,20709.14453125,136.71994245451555,1897.382053755764,5798.820126179614
40219276010497,41,2010,2021,11,wc,hg_conus_clim,142.36138916015625,259.2816162109375,10.033361434936523,4166.87890625,22523.544921875,136.71994245451555,1897.382053755764,5798.820126179614
29881428010497,41,2009,2019,10,wc,default,53.14678955078125,47.91733932495117,14.260293960571287,1194.735107421875,6032.36767578125,49.79579298361599,873.186994201374,4386.695971935256
29881428010497,41,2009,2019,10,wc,calibrated,53.04394912719727,47.79267883300781,14.265058517456056,1192.1334228515625,6019.8232421875,49.79579298361599,873.186994201374,4386.695971935256
29881428010497,41,2009,2019,10,wc,hg_bayes,53.18118667602539,47.917266845703125,14.264918327331545,1335.69140625,6894.4892578125,49.79579298361599,873.186994201374,4386.695971935256
29881428010497,41,2009,2019,10,wc,hg_organon,53.18118667602539,47.917266845703125,14.264918327331545,1335.69140625,6894.4892578125,49.79579298361599,873.186994201374,4386.695971935256
29881428010497,41,2009,2019,10,wc,hg_conus_sp,53.18118667602539,47.917266845703125,14.264918327331545,1275.543701171875,6507.38720703125,49.79579298361599,873.186994201374,4386.695971935256
29881428010497,41,2009,2019,10,wc,hg_conus_clim,53.18118667602539,47.917266845703125,14.264918327331545,1274.1590576171875,6517.3095703125,49.79579298361599,873.186994201374,4386.695971935256
40220397010497,53,2010,2022,12,wc,default,211.86398315429688,310.1070861816406,11.192035675048828,5298.63232421875,26302.646484375,203.7710277721121,5639.884398570852,25572.429403479335
40220397010497,53,2010,2022,12,wc,calibrated,213.1613922119141,313.5472412109375,11.164490699768066,5323.365234375,26428.826171875,203.7710277721121,5639.884398570852,25572.429403479335
40220397010497,53,2010,2022,12,wc,hg_bayes,211.8640594482422,310.1070861816406,11.19204044342041,6287.2353515625,32036.974609375,203.7710277721121,5639.884398570852,25572.429403479335
40220397010497,53,2010,2022,12,wc,hg_organon,211.8640594482422,310.1070861816406,11.19204044342041,6287.2353515625,32036.974609375,203.7710277721121,5639.884398570852,25572.429403479335
40220397010497,53,2010,2022,12,wc,hg_conus_sp,211.8642120361328,310.1070861816406,11.192044258117676,5381.59912109375,26738.19140625,203.7710277721121,5639.884398570852,25572.429403479335
40220397010497,53,2010,2022,12,wc,hg_conus_clim,211.86383056640625,310.1071472167969,11.19203281402588,5417.361328125,26963.39453125,203.7710277721121,5639.884398570852,25572.429403479335
24065771010900,41,2002,2012,10,wc,default,183.1151580810547,272.8318176269531,11.093050003051758,4531.77880859375,22514.4453125,176.6992457120587,3264.215538527346,13730.718832912204
24065771010900,41,2002,2012,10,wc,calibrated,179.45787048339844,265.5045471191406,11.132214546203612,4449.94384765625,22120.384765625,176.6992457120587,3264.215538527346,13730.718832912204
24065771010900,41,2002,2012,10,wc,hg_bayes,183.1133575439453,272.83184814453125,11.092995643615724,5191.28759765625,26754.41796875,176.6992457120587,3264.215538527346,13730.718832912204
24065771010900,41,2002,2012,10,wc,hg_organon,183.1133575439453,272.83184814453125,11.092995643615724,5191.28759765625,26754.41796875,176.6992457120587,3264.215538527346,13730.718832912204
24065771010900,41,2002,2012,10,wc,hg_conus_sp,183.1149139404297,272.83184814453125,11.093042373657228,4604.41259765625,22965.08203125,176.6992457120587,3264.215538527346,13730.718832912204
24065771010900,41,2002,2012,10,wc,hg_conus_clim,183.11520385742188,272.8318176269531,11.09305191040039,4562.04443359375,22679.1953125,176.6992457120587,3264.215538527346,13730.718832912204
29881992010497,41,2009,2019,10,wc,default,208.1396026611328,269.7100830078125,11.89501667022705,7223.841796875,38571.80078125,172.23888618955013,6737.07578704147,34838.08895248843
29881992010497,41,2009,2019,10,wc,calibrated,209.3422393798828,272.26300048828125,11.873271942138672,7259.41259765625,38765.6953125,172.23888618955013,6737.07578704147,34838.08895248843
29881992010497,41,2009,2019,10,wc,hg_bayes,208.33067321777344,269.70556640625,11.900575637817385,7815.28466796875,42137.5546875,172.23888618955013,6737.07578704147,34838.08895248843
29881992010497,41,2009,2019,10,wc,hg_organon,208.33067321777344,269.70556640625,11.900575637817385,7815.28466796875,42137.5546875,172.23888618955013,6737.07578704147,34838.08895248843
29881992010497,41,2009,2019,10,wc,hg_conus_sp,208.17837524414065,269.7081604003906,11.896166801452637,7350.6806640625,39274.24609375,172.23888618955013,6737.07578704147,34838.08895248843
29881992010497,41,2009,2019,10,wc,hg_conus_clim,208.31954956054688,269.70611572265625,11.90024471282959,7464.4443359375,39961.59765625,172.23888618955013,6737.07578704147,34838.08895248843
48206580010497,41,2011,2021,10,wc,default,107.93517303466795,157.02056884765625,11.226373672485352,3151.2724609375,16724.37890625,136.05755131494968,2508.666726737566,10179.603479644009
48206580010497,41,2011,2021,10,wc,calibrated,102.98200225830078,146.85647583007812,11.338887214660645,3005.21728515625,15968.810546875,136.05755131494968,2508.666726737566,10179.603479644009
48206580010497,41,2011,2021,10,wc,hg_bayes,107.93517303466795,157.02056884765625,11.226373672485352,3487.13134765625,18753.748046875,136.05755131494968,2508.666726737566,10179.603479644009
48206580010497,41,2011,2021,10,wc,hg_organon,107.93517303466795,157.02056884765625,11.226373672485352,3487.13134765625,18753.748046875,136.05755131494968,2508.666726737566,10179.603479644009
48206580010497,41,2011,2021,10,wc,hg_conus_sp,107.93517303466795,157.02056884765625,11.226373672485352,3212.56201171875,17196.861328125,136.05755131494968,2508.666726737566,10179.603479644009
48206580010497,41,2011,2021,10,wc,hg_conus_clim,107.93517303466795,157.02056884765625,11.226373672485352,3160.482421875,16820.41015625,136.05755131494968,2508.666726737566,10179.603479644009
29882463010497,41,2009,2019,10,wc,default,65.6751480102539,191.26480102539065,7.934497356414795,1513.7197265625,8060.49755859375,57.47614511231202,745.659688735838,1367.69748295784
29882463010497,41,2009,2019,10,wc,calibrated,61.63026428222656,178.0752410888672,7.965839862823486,1422.7587890625,7559.5966796875,57.47614511231202,745.659688735838,1367.69748295784
29882463010497,41,2009,2019,10,wc,hg_bayes,65.6802749633789,191.2650909423828,7.9347991943359375,1673.6895751953125,9058.3369140625,57.47614511231202,745.659688735838,1367.69748295784
29882463010497,41,2009,2019,10,wc,hg_organon,65.6802749633789,191.2650909423828,7.9347991943359375,1673.6895751953125,9058.3369140625,57.47614511231202,745.659688735838,1367.69748295784
29882463010497,41,2009,2019,10,wc,hg_conus_sp,65.6751480102539,191.26480102539065,7.934497356414795,1513.7197265625,8060.49755859375,57.47614511231202,745.659688735838,1367.69748295784
29882463010497,41,2009,2019,10,wc,hg_conus_clim,65.6751480102539,191.26480102539065,7.934497356414795,1513.7197265625,8060.49755859375,57.47614511231202,745.659688735838,1367.69748295784
29883473010497,53,2009,2019,10,wc,default,220.144775390625,229.37657165527344,13.265263557434082,7060.54296875,37137.9609375,204.09649140085048,7128.99223142114,39540.268515474876
29883473010497,53,2009,2019,10,wc,calibrated,219.84210205078125,229.5542755126953,13.251009941101074,7029.45849609375,36948.9453125,204.09649140085048,7128.99223142114,39540.268515474876
29883473010497,53,2009,2019,10,wc,hg_bayes,220.14447021484372,229.37657165527344,13.265254020690918,7393.00830078125,39222.58984375,204.09649140085048,7128.99223142114,39540.268515474876
29883473010497,53,2009,2019,10,wc,hg_organon,220.14447021484372,229.37657165527344,13.265254020690918,7393.00830078125,39222.58984375,204.09649140085048,7128.99223142114,39540.268515474876
29883473010497,53,2009,2019,10,wc,hg_conus_sp,220.1417236328125,229.37657165527344,13.265170097351074,6933.9111328125,36371.4375,204.09649140085048,7128.99223142114,39540.268515474876
29883473010497,53,2009,2019,10,wc,hg_conus_clim,220.14491271972656,229.37657165527344,13.265265464782717,6983.9091796875,36703.0234375,204.09649140085048,7128.99223142114,39540.268515474876
22954712010497,53,2007,2017,10,wc,default,86.33073425292969,58.83917236328125,16.401578903198242,2488.700927734375,13395.93359375,80.00167586566626,2218.701085998874,12697.249224857711
22954712010497,53,2007,2017,10,wc,calibrated,86.37528991699219,58.81572723388672,16.409086227416992,2489.56982421875,13398.2392578125,80.00167586566626,2218.701085998874,12697.249224857711
22954712010497,53,2007,2017,10,wc,hg_bayes,86.38784790039062,58.839149475097656,16.40700912475586,2760.458740234375,15193.896484375,80.00167586566626,2218.701085998874,12697.249224857711
22954712010497,53,2007,2017,10,wc,hg_organon,86.38784790039062,58.839149475097656,16.40700912475586,2760.458740234375,15193.896484375,80.00167586566626,2218.701085998874,12697.249224857711
22954712010497,53,2007,2017,10,wc,hg_conus_sp,86.38784790039062,58.839149475097656,16.40700912475586,2574.156005859375,13844.7392578125,80.00167586566626,2218.701085998874,12697.249224857711
22954712010497,53,2007,2017,10,wc,hg_conus_clim,86.38784790039062,58.839149475097656,16.40700912475586,2570.6826171875,13823.2509765625,80.00167586566626,2218.701085998874,12697.249224857711
30852450020004,53,2012,2022,10,wc,default,197.32867431640625,317.3011474609375,10.678138732910156,4460.52783203125,22377.296875,186.6500658913544,3462.761856468932,11663.447543887152
30852450020004,53,2012,2022,10,wc,calibrated,197.81529235839844,318.6927490234375,10.66793155670166,4467.8427734375,22416.73828125,186.6500658913544,3462.761856468932,11663.447543887152
30852450020004,53,2012,2022,10,wc,hg_bayes,197.38302612304688,317.3001708984375,10.67962646484375,5322.505859375,27815.248046875,186.6500658913544,3462.761856468932,11663.447543887152
30852450020004,53,2012,2022,10,wc,hg_organon,197.38302612304688,317.3001708984375,10.67962646484375,5322.505859375,27815.248046875,186.6500658913544,3462.761856468932,11663.447543887152
30852450020004,53,2012,2022,10,wc,hg_conus_sp,197.38302612304688,317.3001708984375,10.67962646484375,4797.62451171875,24615.693359375,186.6500658913544,3462.761856468932,11663.447543887152
30852450020004,53,2012,2022,10,wc,hg_conus_clim,197.38302612304688,317.3001708984375,10.67962646484375,4691.21240234375,23866.11328125,186.6500658913544,3462.761856468932,11663.447543887152
41118896010497,41,2003,2012,9,wc,default,98.2881317138672,162.8466339111328,10.519554138183594,2171.217529296875,11807.2724609375,144.53363172808963,1526.649714915472,7057.358054586505
41118896010497,41,2003,2012,9,wc,calibrated,98.99992370605467,164.7786407470703,10.49550437927246,2183.46435546875,11871.1689453125,144.53363172808963,1526.649714915472,7057.358054586505
41118896010497,41,2003,2012,9,wc,hg_bayes,98.2595443725586,162.74063110351562,10.521449089050291,2362.4306640625,13111.765625,144.53363172808963,1526.649714915472,7057.358054586505
41118896010497,41,2003,2012,9,wc,hg_organon,98.2595443725586,162.74063110351562,10.521449089050291,2362.4306640625,13111.765625,144.53363172808963,1526.649714915472,7057.358054586505
41118896010497,41,2003,2012,9,wc,hg_conus_sp,98.2609405517578,162.7709197998047,10.520546913146973,2300.5634765625,12650.1064453125,144.53363172808963,1526.649714915472,7057.358054586505
41118896010497,41,2003,2012,9,wc,hg_conus_clim,98.2572250366211,162.7606964111328,10.520679473876951,2315.8720703125,12749.080078125,144.53363172808963,1526.649714915472,7057.358054586505
25115282010900,41,2004,2014,10,wc,default,58.36432647705078,110.0348892211914,9.861543655395508,1365.7366943359375,6711.66162109375,48.94125551514139,1006.095600291834,4251.194292130178
25115282010900,41,2004,2014,10,wc,calibrated,56.7679557800293,105.89297485351562,9.914125442504885,1329.138671875,6523.533203125,48.94125551514139,1006.095600291834,4251.194292130178
25115282010900,41,2004,2014,10,wc,hg_bayes,58.380496978759766,110.0358428955078,9.862865447998049,1546.35205078125,7684.32568359375,48.94125551514139,1006.095600291834,4251.194292130178
25115282010900,41,2004,2014,10,wc,hg_organon,58.380496978759766,110.0358428955078,9.862865447998049,1546.35205078125,7684.32568359375,48.94125551514139,1006.095600291834,4251.194292130178
25115282010900,41,2004,2014,10,wc,hg_conus_sp,58.36432647705078,110.0348892211914,9.861543655395508,1375.584716796875,6741.212890625,48.94125551514139,1006.095600291834,4251.194292130178
25115282010900,41,2004,2014,10,wc,hg_conus_clim,58.36432647705078,110.0348892211914,9.861543655395508,1375.584716796875,6741.212890625,48.94125551514139,1006.095600291834,4251.194292130178
29395038010497,41,2008,2018,10,wc,default,129.44711303710938,128.8636474609375,13.571170806884766,3025.789794921875,16213.4228515625,123.73605418904717,3240.03498374434,18775.994143100288
29395038010497,41,2008,2018,10,wc,calibrated,128.57286071777344,127.8437271118164,13.579107284545898,3006.575927734375,16116.7490234375,123.73605418904717,3240.03498374434,18775.994143100288
29395038010497,41,2008,2018,10,wc,hg_bayes,129.46336364746094,128.86361694335938,13.57202434539795,4047.118408203125,22851.23828125,123.73605418904717,3240.03498374434,18775.994143100288
29395038010497,41,2008,2018,10,wc,hg_organon,129.46336364746094,128.86361694335938,13.57202434539795,4047.118408203125,22851.23828125,123.73605418904717,3240.03498374434,18775.994143100288
29395038010497,41,2008,2018,10,wc,hg_conus_sp,129.45413208007812,128.8636474609375,13.571538925170898,3281.5224609375,17877.83203125,123.73605418904717,3240.03498374434,18775.994143100288
29395038010497,41,2008,2018,10,wc,hg_conus_clim,129.4580078125,128.8636474609375,13.57174301147461,3100.66259765625,16731.259765625,123.73605418904717,3240.03498374434,18775.994143100288
24840602010900,53,2004,2014,10,wc,default,174.62255859375,94.21783447265624,18.43401336669922,6117.203125,36075.09375,114.5108112044484,4178.12296317914,26685.59962877431
24840602010900,53,2004,2014,10,wc,calibrated,174.9500732421875,94.44044494628906,18.429540634155277,6127.87109375,36140.0703125,114.5108112044484,4178.12296317914,26685.59962877431
24840602010900,53,2004,2014,10,wc,hg_bayes,174.62255859375,94.21783447265624,18.43401336669922,6613.05126953125,39566.40625,114.5108112044484,4178.12296317914,26685.59962877431
24840602010900,53,2004,2014,10,wc,hg_organon,174.62255859375,94.21783447265624,18.43401336669922,6613.05126953125,39566.40625,114.5108112044484,4178.12296317914,26685.59962877431
24840602010900,53,2004,2014,10,wc,hg_conus_sp,174.62257385253906,94.21783447265624,18.43401336669922,6083.763671875,35818.96875,114.5108112044484,4178.12296317914,26685.59962877431
24840602010900,53,2004,2014,10,wc,hg_conus_clim,174.62255859375,94.21783447265624,18.434011459350582,6120.82080078125,36152.43359375,114.5108112044484,4178.12296317914,26685.59962877431
22953775010497,41,2007,2017,10,wc,default,132.77003479003906,85.6014404296875,16.863422393798828,4599.287109375,26208.119140625,115.63733274489547,2986.9290570422,17635.568688207288
22953775010497,41,2007,2017,10,wc,calibrated,132.2559814453125,85.08541870117188,16.88170623779297,4584.45263671875,26123.4609375,115.63733274489547,2986.9290570422,17635.568688207288
22953775010497,41,2007,2017,10,wc,hg_bayes,132.7696533203125,85.6014404296875,16.8633975982666,5085.1748046875,29535.25390625,115.63733274489547,2986.9290570422,17635.568688207288
22953775010497,41,2007,2017,10,wc,hg_organon,132.7696533203125,85.6014404296875,16.8633975982666,5085.1748046875,29535.25390625,115.63733274489547,2986.9290570422,17635.568688207288
22953775010497,41,2007,2017,10,wc,hg_conus_sp,132.77011108398438,85.6014404296875,16.863428115844727,4659.93115234375,26684.46484375,115.63733274489547,2986.9290570422,17635.568688207288
22953775010497,41,2007,2017,10,wc,hg_conus_clim,132.76963806152344,85.6014404296875,16.8633975982666,5001.6494140625,28987.705078125,115.63733274489547,2986.9290570422,17635.568688207288
30852231020004,41,2012,2022,10,wc,default,108.01432037353516,68.09774017333984,17.05338478088379,3223.186279296875,18080.779296875,96.04553036779636,2685.871843211012,15216.286884927893
30852231020004,41,2012,2022,10,wc,calibrated,108.08922576904295,68.13318634033203,17.05486297607422,3224.519287109375,18084.638671875,96.04553036779636,2685.871843211012,15216.286884927893
30852231020004,41,2012,2022,10,wc,hg_bayes,108.05889129638672,68.09767150878906,17.05691146850586,3692.15869140625,21217.837890625,96.04553036779636,2685.871843211012,15216.286884927893
30852231020004,41,2012,2022,10,wc,hg_organon,108.05889129638672,68.09767150878906,17.05691146850586,3692.15869140625,21217.837890625,96.04553036779636,2685.871843211012,15216.286884927893
30852231020004,41,2012,2022,10,wc,hg_conus_sp,108.05889129638672,68.09767150878906,17.05691146850586,3493.6787109375,19891.5078125,96.04553036779636,2685.871843211012,15216.286884927893
30852231020004,41,2012,2022,10,wc,hg_conus_clim,108.05889129638672,68.09767150878906,17.05691146850586,3502.747314453125,19919.05078125,96.04553036779636,2685.871843211012,15216.286884927893
22398511010497,53,2003,2013,10,wc,default,134.4749298095703,193.4886474609375,11.288315773010254,3202.057861328125,15875.1181640625,16.061201315990466,266.969589117244,1273.83265240336
22398511010497,53,2003,2013,10,wc,calibrated,133.2004852294922,190.14236450195312,11.333128929138184,3173.630615234375,15733.474609375,16.061201315990466,266.969589117244,1273.83265240336
22398511010497,53,2003,2013,10,wc,hg_bayes,134.8267364501953,193.48666381835935,11.303136825561523,3658.015625,18725.5703125,16.061201315990466,266.969589117244,1273.83265240336
22398511010497,53,2003,2013,10,wc,hg_organon,134.8267364501953,193.48666381835935,11.303136825561523,3658.015625,18725.5703125,16.061201315990466,266.969589117244,1273.83265240336
22398511010497,53,2003,2013,10,wc,hg_conus_sp,134.71673583984375,193.4871826171875,11.298503875732422,3474.978759765625,17681.125,16.061201315990466,266.969589117244,1273.83265240336
22398511010497,53,2003,2013,10,wc,hg_conus_clim,134.6979522705078,193.48731994628903,11.297711372375488,3458.1064453125,17557.841796875,16.061201315990466,266.969589117244,1273.83265240336
8616710010901,53,2006,2016,10,wc,default,6.032309532165527,11.910365104675291,9.6364164352417,99.6029815673828,478.39593505859375,73.70745753642817,1313.4119096464499,2256.370185342966
8616710010901,53,2006,2016,10,wc,calibrated,6.044523239135742,11.932308197021484,9.637293815612791,99.78518676757812,479.2195434570313,73.70745753642817,1313.4119096464499,2256.370185342966
8616710010901,53,2006,2016,10,wc,hg_bayes,6.032309532165527,11.910365104675291,9.6364164352417,113.95757293701172,547.8535766601562,73.70745753642817,1313.4119096464499,2256.370185342966
8616710010901,53,2006,2016,10,wc,hg_organon,6.032309532165527,11.910365104675291,9.6364164352417,113.95757293701172,547.8535766601562,73.70745753642817,1313.4119096464499,2256.370185342966
8616710010901,53,2006,2016,10,wc,hg_conus_sp,6.032309532165527,11.910365104675291,9.6364164352417,97.63179779052734,452.5252075195313,73.70745753642817,1313.4119096464499,2256.370185342966
8616710010901,53,2006,2016,10,wc,hg_conus_clim,6.032309532165527,11.910365104675291,9.6364164352417,106.7457275390625,507.7107238769531,73.70745753642817,1313.4119096464499,2256.370185342966
12980723010497,53,2005,2015,10,wc,default,114.24340057373048,48.62654876708984,20.754636764526367,4251.07666015625,25605.33203125,111.7271834727972,4454.628181174776,28952.750090093516
12980723010497,53,2005,2015,10,wc,calibrated,114.00685119628906,48.5280647277832,20.754165649414062,4240.3154296875,25537.626953125,111.7271834727972,4454.628181174776,28952.750090093516
12980723010497,53,2005,2015,10,wc,hg_bayes,114.2513198852539,48.62652587890625,20.75536346435547,4544.2353515625,27640.32421875,111.7271834727972,4454.628181174776,28952.750090093516
12980723010497,53,2005,2015,10,wc,hg_organon,114.2513198852539,48.62652587890625,20.75536346435547,4544.2353515625,27640.32421875,111.7271834727972,4454.628181174776,28952.750090093516
12980723010497,53,2005,2015,10,wc,hg_conus_sp,114.24340057373048,48.62654876708984,20.754636764526367,4418.396484375,26763.677734375,111.7271834727972,4454.628181174776,28952.750090093516
12980723010497,53,2005,2015,10,wc,hg_conus_clim,114.24514770507812,48.62654495239258,20.754796981811523,4432.93017578125,26861.841796875,111.7271834727972,4454.628181174776,28952.750090093516
22932352010497,41,2008,2018,10,wc,default,220.86785888671875,79.10315704345703,22.625883102416992,7944.27294921875,49432.44140625,213.5816913198312,7633.174525546696,50631.644703121616
22932352010497,41,2008,2018,10,wc,calibrated,221.4848480224609,79.49459075927734,22.60161781311035,7964.79052734375,49556.89453125,213.5816913198312,7633.174525546696,50631.644703121616
22932352010497,41,2008,2018,10,wc,hg_bayes,220.86785888671875,79.10315704345703,22.625883102416992,8597.0380859375,54537.30078125,213.5816913198312,7633.174525546696,50631.644703121616
22932352010497,41,2008,2018,10,wc,hg_organon,220.86785888671875,79.10315704345703,22.625883102416992,8597.0380859375,54537.30078125,213.5816913198312,7633.174525546696,50631.644703121616
22932352010497,41,2008,2018,10,wc,hg_conus_sp,220.86785888671875,79.10315704345703,22.625883102416992,8146.3720703125,51071.6875,213.5816913198312,7633.174525546696,50631.644703121616
22932352010497,41,2008,2018,10,wc,hg_conus_clim,220.86785888671875,79.10315704345703,22.625883102416992,8145.87109375,51129.546875,213.5816913198312,7633.174525546696,50631.644703121616
22954447010497,53,2007,2017,10,wc,default,125.39730072021484,185.7560272216797,11.125228881835938,2427.87255859375,11847.08203125,145.43383133807296,2481.188067666818,10280.305264972449
22954447010497,53,2007,2017,10,wc,calibrated,124.92113494873048,185.35934448242188,11.115959167480469,2416.583984375,11786.6015625,145.43383133807296,2481.188067666818,10280.305264972449
22954447010497,53,2007,2017,10,wc,hg_bayes,125.5138168334961,185.75575256347656,11.130406379699709,3434.08642578125,18258.029296875,145.43383133807296,2481.188067666818,10280.305264972449
22954447010497,53,2007,2017,10,wc,hg_organon,125.5138168334961,185.75575256347656,11.130406379699709,3434.08642578125,18258.029296875,145.43383133807296,2481.188067666818,10280.305264972449
22954447010497,53,2007,2017,10,wc,hg_conus_sp,125.4689483642578,185.7557830810547,11.128413200378418,2540.907470703125,12700.4931640625,145.43383133807296,2481.188067666818,10280.305264972449
22954447010497,53,2007,2017,10,wc,hg_conus_clim,125.4690170288086,185.7557830810547,11.128416061401367,2546.23193359375,12628.107421875,145.43383133807296,2481.188067666818,10280.305264972449
41119523010497,41,2004,2014,10,wc,default,141.8319091796875,187.3448944091797,11.781546592712402,3572.794189453125,18698.3984375,127.60611481805292,2564.683469195272,12387.601045407631
41119523010497,41,2004,2014,10,wc,calibrated,140.7694091796875,185.0442352294922,11.810076713562012,3554.43408203125,18609.447265625,127.60611481805292,2564.683469195272,12387.601045407631
41119523010497,41,2004,2014,10,wc,hg_bayes,142.28732299804688,187.3719024658203,11.799595832824709,3783.106689453125,20179.6484375,127.60611481805292,2564.683469195272,12387.601045407631
41119523010497,41,2004,2014,10,wc,hg_organon,142.28732299804688,187.3719024658203,11.799595832824709,3783.106689453125,20179.6484375,127.60611481805292,2564.683469195272,12387.601045407631
41119523010497,41,2004,2014,10,wc,hg_conus_sp,141.96340942382812,187.35430908203125,11.78670883178711,3673.025634765625,19354.306640625,127.60611481805292,2564.683469195272,12387.601045407631
41119523010497,41,2004,2014,10,wc,hg_conus_clim,142.01063537597656,187.3526153564453,11.788724899291992,3682.627197265625,19436.8359375,127.60611481805292,2564.683469195272,12387.601045407631
22826974010497,53,2008,2017,9,wc,default,196.80442810058597,161.28158569335938,14.957578659057615,5855.02294921875,31083.36328125,187.0422401354961,5614.585544146112,31902.721938576655
22826974010497,53,2008,2017,9,wc,calibrated,195.4940643310547,159.0392608642578,15.012425422668455,5816.86865234375,30885.302734375,187.0422401354961,5614.585544146112,31902.721938576655
22826974010497,53,2008,2017,9,wc,hg_bayes,196.80442810058597,161.28158569335938,14.957578659057615,6390.95361328125,34744.421875,187.0422401354961,5614.585544146112,31902.721938576655
22826974010497,53,2008,2017,9,wc,hg_organon,196.80442810058597,161.28158569335938,14.957578659057615,6390.95361328125,34744.421875,187.0422401354961,5614.585544146112,31902.721938576655
22826974010497,53,2008,2017,9,wc,hg_conus_sp,196.80442810058597,161.28158569335938,14.957578659057615,6140.4853515625,33061.04296875,187.0422401354961,5614.585544146112,31902.721938576655
22826974010497,53,2008,2017,9,wc,hg_conus_clim,196.80442810058597,161.28158569335938,14.957578659057615,6144.216796875,33089.9453125,187.0422401354961,5614.585544146112,31902.721938576655
40395284010690,30,2012,2022,10,em,default,115.05695343017578,270.5334777832031,8.830438613891602,2374.092529296875,11606.873046875,132.23354125473818,2138.343201996824,5833.572994439924
40395284010690,30,2012,2022,10,em,calibrated,113.21760559082033,265.4700927734375,8.84271240234375,2335.331298828125,11416.404296875,132.23354125473818,2138.343201996824,5833.572994439924
40395284010690,30,2012,2022,10,em,hg_bayes,115.15467834472656,270.53326416015625,8.834190368652344,2994.212890625,15658.609375,132.23354125473818,2138.343201996824,5833.572994439924
40395284010690,30,2012,2022,10,em,hg_organon,115.15467834472656,270.53326416015625,8.834190368652344,2994.212890625,15658.609375,132.23354125473818,2138.343201996824,5833.572994439924
40395284010690,30,2012,2022,10,em,hg_conus_sp,115.12554931640624,270.53326416015625,8.833076477050781,2546.662841796875,12438.8564453125,132.23354125473818,2138.343201996824,5833.572994439924
40395284010690,30,2012,2022,10,em,hg_conus_clim,115.11707305908205,270.53326416015625,8.83275032043457,2461.784423828125,12079.6513671875,132.23354125473818,2138.343201996824,5833.572994439924
31452978010690,30,2008,2021,13,em,default,198.2321014404297,334.4284973144531,10.424896240234377,2619.564697265625,11850.5234375,,,
31452978010690,30,2008,2021,13,em,calibrated,198.7343292236328,334.125732421875,10.44282341003418,2628.08251953125,11892.44921875,,,
31452978010690,30,2008,2021,13,em,hg_bayes,198.3627166748047,334.4283752441406,10.428327560424805,4077.87890625,20890.619140625,,,
31452978010690,30,2008,2021,13,em,hg_organon,198.3627166748047,334.4283752441406,10.428327560424805,4077.87890625,20890.619140625,,,
31452978010690,30,2008,2021,13,em,hg_conus_sp,198.3603515625,334.4283752441406,10.428266525268556,3544.521240234375,17618.953125,,,
31452978010690,30,2008,2021,13,em,hg_conus_clim,198.3422393798828,334.4283752441406,10.427789688110352,3341.065185546875,16558.529296875,,,
66700333010661,46,2001,2006,5,em,default,46.12043380737305,53.63014602661133,12.55678653717041,725.3909301757812,3454.49755859375,39.54409428273684,532.931511870358,1336.302275791016
66700333010661,46,2001,2006,5,em,calibrated,46.1304817199707,53.64201354980469,12.556764602661133,725.5527954101562,3455.269287109375,39.54409428273684,532.931511870358,1336.302275791016
66700333010661,46,2001,2006,5,em,hg_bayes,46.160430908203125,53.63014602661133,12.562227249145508,797.28759765625,3634.6083984375,39.54409428273684,532.931511870358,1336.302275791016
66700333010661,46,2001,2006,5,em,hg_organon,46.160430908203125,53.63014602661133,12.562227249145508,797.28759765625,3634.6083984375,39.54409428273684,532.931511870358,1336.302275791016
66700333010661,46,2001,2006,5,em,hg_conus_sp,46.160430908203125,53.63014602661133,12.562227249145508,783.6216430664062,3617.17724609375,39.54409428273684,532.931511870358,1336.302275791016
66700333010661,46,2001,2006,5,em,hg_conus_clim,46.160430908203125,53.63014602661133,12.562227249145508,783.6216430664062,3617.17724609375,39.54409428273684,532.931511870358,1336.302275791016
102547608010661,46,2007,2012,5,em,default,108.1414031982422,160.89947509765625,11.10081672668457,1596.5711669921875,7302.59423828125,79.47830217307468,1198.90823345733,2886.082149697846
102547608010661,46,2007,2012,5,em,calibrated,108.16427612304688,160.93484497070312,11.1007719039917,1596.92529296875,7304.21044921875,79.47830217307468,1198.90823345733,2886.082149697846
102547608010661,46,2007,2012,5,em,hg_bayes,108.25253295898438,160.89947509765625,11.106521606445312,1786.1400146484375,8384.322265625,79.47830217307468,1198.90823345733,2886.082149697846
102547608010661,46,2007,2012,5,em,hg_organon,108.25253295898438,160.89947509765625,11.106521606445312,1786.1400146484375,8384.322265625,79.47830217307468,1198.90823345733,2886.082149697846
102547608010661,46,2007,2012,5,em,hg_conus_sp,108.25253295898438,160.89947509765625,11.106521606445312,1766.000244140625,8235.923828125,79.47830217307468,1198.90823345733,2886.082149697846
102547608010661,46,2007,2012,5,em,hg_conus_clim,108.25253295898438,160.89947509765625,11.106521606445312,1761.5936279296875,8223.26171875,79.47830217307468,1198.90823345733,2886.082149697846
305231460489998,46,2016,2023,7,em,default,130.95193481445312,118.36390686035156,14.24238109588623,4269.96826171875,21628.259765625,53.04945347539808,766.35503880041,401.791489138378
305231460489998,46,2016,2023,7,em,calibrated,130.95193481445312,118.36390686035156,14.24238109588623,4269.96826171875,21628.259765625,53.04945347539808,766.35503880041,401.791489138378
305231460489998,46,2016,2023,7,em,hg_bayes,130.95193481445312,118.36390686035156,14.24238109588623,4269.96826171875,21628.259765625,53.04945347539808,766.35503880041,401.791489138378
305231460489998,46,2016,2023,7,em,hg_organon,130.95193481445312,118.36390686035156,14.24238109588623,4269.96826171875,21628.259765625,53.04945347539808,766.35503880041,401.791489138378
305231460489998,46,2016,2023,7,em,hg_conus_sp,130.95193481445312,118.36390686035156,14.24238109588623,4269.96826171875,21628.259765625,53.04945347539808,766.35503880041,401.791489138378
305231460489998,46,2016,2023,7,em,hg_conus_clim,130.95193481445312,118.36390686035156,14.24238109588623,4269.96826171875,21628.259765625,53.04945347539808,766.35503880041,401.791489138378
12365885010690,30,2007,2017,10,em,default,7.709583282470703,17.655094146728516,8.947809219360352,58.278804779052734,235.15139770507807,46.670113848488405,142.2250829226,82.070013058674
12365885010690,30,2007,2017,10,em,calibrated,7.645260334014893,17.474918365478516,8.956221580505371,57.93111801147461,234.5382232666016,46.670113848488405,142.2250829226,82.070013058674
12365885010690,30,2007,2017,10,em,hg_bayes,7.709583282470703,17.655094146728516,8.947809219360352,106.87281036376952,528.4386596679688,46.670113848488405,142.2250829226,82.070013058674
12365885010690,30,2007,2017,10,em,hg_organon,7.709583282470703,17.655094146728516,8.947809219360352,106.87281036376952,528.4386596679688,46.670113848488405,142.2250829226,82.070013058674
12365885010690,30,2007,2017,10,em,hg_conus_sp,7.709583282470703,17.655094146728516,8.947809219360352,80.53656768798828,352.91339111328125,46.670113848488405,142.2250829226,82.070013058674
12365885010690,30,2007,2017,10,em,hg_conus_clim,7.709583282470703,17.655094146728516,8.947809219360352,70.52678680419922,352.91339111328125,46.670113848488405,142.2250829226,82.070013058674
11869227010690,30,2006,2016,10,em,default,26.293630599975582,58.75185012817383,9.058384895324709,208.67327880859372,822.9380493164062,,,
11869227010690,30,2006,2016,10,em,calibrated,26.04906463623047,58.03749465942383,9.071476936340332,206.14707946777344,814.5679931640625,,,
11869227010690,30,2006,2016,10,em,hg_bayes,26.42675399780273,58.751461029052734,9.081317901611328,316.9780578613281,1533.7374267578125,,,
11869227010690,30,2006,2016,10,em,hg_organon,26.42675399780273,58.751461029052734,9.081317901611328,316.9780578613281,1533.7374267578125,,,
11869227010690,30,2006,2016,10,em,hg_conus_sp,26.426898956298828,58.75148010253906,9.081342697143556,292.3177490234375,1235.4959716796875,,,
11869227010690,30,2006,2016,10,em,hg_conus_clim,26.426902770996094,58.75148010253906,9.081342697143556,291.8022766113281,1235.4959716796875,,,
414838655489998,46,2017,2024,7,em,default,138.95693969726562,159.0576171875,12.656083106994627,3048.941162109375,9074.724609375,148.48822421638113,2270.50184521281,5492.251048159202
414838655489998,46,2017,2024,7,em,calibrated,139.18968200683594,159.37384033203125,12.654102325439451,3054.997802734375,9074.1455078125,148.48822421638113,2270.50184521281,5492.251048159202
414838655489998,46,2017,2024,7,em,hg_bayes,138.95693969726562,159.0576171875,12.656083106994627,3167.738525390625,9074.724609375,148.48822421638113,2270.50184521281,5492.251048159202
414838655489998,46,2017,2024,7,em,hg_organon,138.95693969726562,159.0576171875,12.656083106994627,3167.738525390625,9074.724609375,148.48822421638113,2270.50184521281,5492.251048159202
414838655489998,46,2017,2024,7,em,hg_conus_sp,138.95693969726562,159.0576171875,12.656083106994627,3048.941162109375,9074.724609375,148.48822421638113,2270.50184521281,5492.251048159202
414838655489998,46,2017,2024,7,em,hg_conus_clim,138.95693969726562,159.0576171875,12.656083106994627,3048.941162109375,9074.724609375,148.48822421638113,2270.50184521281,5492.251048159202
96442016010661,46,2005,2010,5,em,default,109.46762084960938,143.01821899414062,11.846322059631348,1489.264404296875,6553.2021484375,78.47954911397878,1144.322161055022,2907.3393866633
96442016010661,46,2005,2010,5,em,calibrated,109.49072265625,143.04978942871094,11.84626293182373,1489.59423828125,6554.6572265625,78.47954911397878,1144.322161055022,2907.3393866633
96442016010661,46,2005,2010,5,em,hg_bayes,109.47327423095705,143.01821899414062,11.846628189086914,1721.1937255859375,7851.2666015625,78.47954911397878,1144.322161055022,2907.3393866633
96442016010661,46,2005,2010,5,em,hg_organon,109.47327423095705,143.01821899414062,11.846628189086914,1721.1937255859375,7851.2666015625,78.47954911397878,1144.322161055022,2907.3393866633
96442016010661,46,2005,2010,5,em,hg_conus_sp,109.47327423095705,143.01821899414062,11.846628189086914,1684.9539794921875,7592.0517578125,78.47954911397878,1144.322161055022,2907.3393866633
96442016010661,46,2005,2010,5,em,hg_conus_clim,109.47327423095705,143.01821899414062,11.846628189086914,1684.28515625,7554.953125,78.47954911397878,1144.322161055022,2907.3393866633
37274318010690,30,2010,2019,9,em,default,227.06658935546875,298.9060974121094,11.801728248596191,4389.951171875,20507.75390625,,,
37274318010690,30,2010,2019,9,em,calibrated,222.72817993164065,292.99560546875,11.805744171142578,4304.15966796875,20107.51953125,,,
37274318010690,30,2010,2019,9,em,hg_bayes,227.09207153320312,298.8783569335937,11.802943229675291,4949.5751953125,24083.390625,,,
37274318010690,30,2010,2019,9,em,hg_organon,227.09207153320312,298.8783569335937,11.802943229675291,4949.5751953125,24083.390625,,,
37274318010690,30,2010,2019,9,em,hg_conus_sp,227.07077026367188,298.9017639160156,11.801915168762209,4723.6806640625,22677.458984375,,,
37274318010690,30,2010,2019,9,em,hg_conus_clim,227.06658935546875,298.9060974121094,11.801728248596191,4593.53515625,21679.13671875,,,
4760528010690,30,2004,2014,10,em,default,38.45416641235352,52.85253143310547,11.549819946289062,742.0900268554688,3637.368408203125,9.845642399768789,0.0,0.0
4760528010690,30,2004,2014,10,em,calibrated,38.42963409423828,52.50568008422852,11.584203720092772,742.7189331054688,3639.814697265625,9.845642399768789,0.0,0.0
4760528010690,30,2004,2014,10,em,hg_bayes,38.60073471069336,52.85246276855469,11.571815490722656,951.8663330078124,4871.6142578125,9.845642399768789,0.0,0.0
4760528010690,30,2004,2014,10,em,hg_organon,38.60073471069336,52.85246276855469,11.571815490722656,951.8663330078124,4871.6142578125,9.845642399768789,0.0,0.0
4760528010690,30,2004,2014,10,em,hg_conus_sp,38.60073471069336,52.85246276855469,11.571815490722656,861.0100708007812,4343.20458984375,9.845642399768789,0.0,0.0
4760528010690,30,2004,2014,10,em,hg_conus_clim,38.60073471069336,52.85246276855469,11.571815490722656,833.5279541015625,4227.068359375,9.845642399768789,0.0,0.0
11883740010690,30,2006,2016,10,em,default,56.90184020996094,82.17337036132812,11.267663955688477,436.3309326171875,2182.000244140625,42.42417943953607,229.44570083083397,789.8689166368979
11883740010690,30,2006,2016,10,em,calibrated,56.866458892822266,82.02901458740234,11.27406883239746,436.5278930664063,2182.24169921875,42.42417943953607,229.44570083083397,789.8689166368979
11883740010690,30,2006,2016,10,em,hg_bayes,57.22414779663086,82.17169952392578,11.29964542388916,586.5994262695312,3005.004150390625,42.42417943953607,229.44570083083397,789.8689166368979
11883740010690,30,2006,2016,10,em,hg_organon,57.22414779663086,82.17169952392578,11.29964542388916,586.5994262695312,3005.004150390625,42.42417943953607,229.44570083083397,789.8689166368979
11883740010690,30,2006,2016,10,em,hg_conus_sp,57.22454071044922,82.17184448242188,11.299674034118652,561.0108032226562,2895.582763671875,42.42417943953607,229.44570083083397,789.8689166368979
11883740010690,30,2006,2016,10,em,hg_conus_clim,57.22454452514648,82.17184448242188,11.299674987792969,558.3744506835938,2884.5263671875,42.42417943953607,229.44570083083397,789.8689166368979
5460570010690,30,2005,2015,10,em,default,153.67953491210938,35.345909118652344,28.23415184020996,8198.1025390625,58854.44921875,147.8202834411954,6470.30143473448,43553.203131872535
5460570010690,30,2005,2015,10,em,calibrated,153.75473022460938,35.36282730102539,28.23430633544922,8202.1923828125,58883.8515625,147.8202834411954,6470.30143473448,43553.203131872535
5460570010690,30,2005,2015,10,em,hg_bayes,153.67953491210938,35.345909118652344,28.23415184020996,8277.0390625,59619.79296875,147.8202834411954,6470.30143473448,43553.203131872535
5460570010690,30,2005,2015,10,em,hg_organon,153.67953491210938,35.345909118652344,28.23415184020996,8277.0390625,59619.79296875,147.8202834411954,6470.30143473448,43553.203131872535
5460570010690,30,2005,2015,10,em,hg_conus_sp,153.67953491210938,35.345909118652344,28.23415184020996,8211.361328125,59039.78125,147.8202834411954,6470.30143473448,43553.203131872535
5460570010690,30,2005,2015,10,em,hg_conus_clim,153.67953491210938,35.345909118652344,28.23415184020996,8227.7958984375,59264.08203125,147.8202834411954,6470.30143473448,43553.203131872535
37273868010690,30,2010,2020,10,em,default,114.35442352294922,123.3564910888672,13.037124633789062,3017.860107421875,16335.50390625,116.20244018127134,3073.8601999226157,14221.863229945353
37273868010690,30,2010,2020,10,em,calibrated,113.0948257446289,121.2892074584961,13.07514762878418,2988.176513671875,16192.962890625,116.20244018127134,3073.8601999226157,14221.863229945353
37273868010690,30,2010,2020,10,em,hg_bayes,114.4858169555664,123.35643768310548,13.044614791870115,3479.099365234375,19687.630859375,116.20244018127134,3073.8601999226157,14221.863229945353
37273868010690,30,2010,2020,10,em,hg_organon,114.4858169555664,123.35643768310548,13.044614791870115,3479.099365234375,19687.630859375,116.20244018127134,3073.8601999226157,14221.863229945353
37273868010690,30,2010,2020,10,em,hg_conus_sp,114.36740112304688,123.35648345947266,13.03786563873291,3184.375,17386.337890625,116.20244018127134,3073.8601999226157,14221.863229945353
37273868010690,30,2010,2020,10,em,hg_conus_clim,114.395751953125,123.3564682006836,13.03947925567627,3260.130126953125,18084.88671875,116.20244018127134,3073.8601999226157,14221.863229945353
29395410010497,41,2008,2018,10,pn,default,245.64517211914065,139.65371704101562,17.9582576751709,8547.48046875,49994.921875,264.8475785188044,8754.916008744578,54006.747954664395
29395410010497,41,2008,2018,10,pn,calibrated,245.1945037841797,139.55616760253906,17.94804573059082,8529.974609375,49893.07421875,264.8475785188044,8754.916008744578,54006.747954664395
29395410010497,41,2008,2018,10,pn,hg_bayes,245.64517211914065,139.65371704101562,17.9582576751709,9512.5185546875,56514.125,264.8475785188044,8754.916008744578,54006.747954664395
29395410010497,41,2008,2018,10,pn,hg_organon,245.64517211914065,139.65371704101562,17.9582576751709,9512.5185546875,56514.125,264.8475785188044,8754.916008744578,54006.747954664395
29395410010497,41,2008,2018,10,pn,hg_conus_sp,245.64517211914065,139.65371704101562,17.9582576751709,9025.4306640625,53414.46484375,264.8475785188044,8754.916008744578,54006.747954664395
29395410010497,41,2008,2018,10,pn,hg_conus_clim,245.64517211914065,139.65371704101562,17.9582576751709,9023.6181640625,53351.875,264.8475785188044,8754.916008744578,54006.747954664395
41118547010497,41,2002,2012,10,pn,default,118.4401397705078,94.60939025878906,15.150213241577148,4368.619140625,24512.791015625,89.71130680017055,2399.441153597758,12796.68630606537
41118547010497,41,2002,2012,10,pn,calibrated,117.93511962890624,94.08208465576172,15.160181999206545,4350.75927734375,24413.666015625,89.71130680017055,2399.441153597758,12796.68630606537
41118547010497,41,2002,2012,10,pn,hg_bayes,118.51608276367188,94.60926818847656,15.155077934265137,4830.0927734375,27449.916015625,89.71130680017055,2399.441153597758,12796.68630606537
41118547010497,41,2002,2012,10,pn,hg_organon,118.51608276367188,94.60926818847656,15.155077934265137,4830.0927734375,27449.916015625,89.71130680017055,2399.441153597758,12796.68630606537
41118547010497,41,2002,2012,10,pn,hg_conus_sp,118.44004821777344,94.60938262939452,15.150205612182615,4303.22216796875,24044.728515625,89.71130680017055,2399.441153597758,12796.68630606537
41118547010497,41,2002,2012,10,pn,hg_conus_clim,118.46012878417967,94.6093521118164,15.151491165161133,4366.92138671875,24507.048828125,89.71130680017055,2399.441153597758,12796.68630606537
22828631010497,41,2007,2017,10,pn,default,90.50405883789062,96.1875,13.134424209594728,3175.98974609375,17822.537109375,99.88232297563574,2035.039239470128,10283.270366423996
22828631010497,41,2007,2017,10,pn,calibrated,89.46419525146484,94.18424224853516,13.196895599365234,3143.376953125,17662.005859375,99.88232297563574,2035.039239470128,10283.270366423996
22828631010497,41,2007,2017,10,pn,hg_bayes,90.52008056640624,96.18833923339844,13.135528564453123,3401.337158203125,19177.3046875,99.88232297563574,2035.039239470128,10283.270366423996
22828631010497,41,2007,2017,10,pn,hg_organon,90.52008056640624,96.18833923339844,13.135528564453123,3401.337158203125,19177.3046875,99.88232297563574,2035.039239470128,10283.270366423996
22828631010497,41,2007,2017,10,pn,hg_conus_sp,90.5206298828125,96.18833923339844,13.135568618774414,3175.01416015625,17766.078125,99.88232297563574,2035.039239470128,10283.270366423996
22828631010497,41,2007,2017,10,pn,hg_conus_clim,90.52066040039062,96.18833923339844,13.13556957244873,3184.46484375,17860.982421875,99.88232297563574,2035.039239470128,10283.270366423996
41119734010497,41,2005,2015,10,pn,default,69.55070495605469,172.12417602539062,8.607282638549805,2378.062255859375,12054.328125,80.15024780744254,1609.413762933018,4065.539197902598
41119734010497,41,2005,2015,10,pn,calibrated,65.38691711425781,160.68104553222656,8.637724876403809,2239.337890625,11336.8115234375,80.15024780744254,1609.413762933018,4065.539197902598
41119734010497,41,2005,2015,10,pn,hg_bayes,69.55070495605469,172.12417602539062,8.607282638549805,2543.1630859375,13065.453125,80.15024780744254,1609.413762933018,4065.539197902598
41119734010497,41,2005,2015,10,pn,hg_organon,69.55070495605469,172.12417602539062,8.607282638549805,2543.1630859375,13065.453125,80.15024780744254,1609.413762933018,4065.539197902598
41119734010497,41,2005,2015,10,pn,hg_conus_sp,69.55070495605469,172.12417602539062,8.607282638549805,2378.062255859375,12054.328125,80.15024780744254,1609.413762933018,4065.539197902598
41119734010497,41,2005,2015,10,pn,hg_conus_clim,69.55070495605469,172.12417602539062,8.607282638549805,2378.062255859375,12054.328125,80.15024780744254,1609.413762933018,4065.539197902598
40220449010497,53,2010,2021,11,pn,default,262.9162902832031,106.50464630126952,21.274572372436523,5498.89208984375,28231.69140625,216.9536128569304,4464.007314006966,25824.639341437072
40220449010497,53,2010,2021,11,pn,calibrated,262.02349853515625,106.04127502441406,21.28476905822754,5480.97265625,28141.763671875,216.9536128569304,4464.007314006966,25824.639341437072
40220449010497,53,2010,2021,11,pn,hg_bayes,262.9162902832031,106.50464630126952,21.274572372436523,6919.96826171875,38083.49609375,216.9536128569304,4464.007314006966,25824.639341437072
40220449010497,53,2010,2021,11,pn,hg_organon,262.9162902832031,106.50464630126952,21.274572372436523,6919.96826171875,38083.49609375,216.9536128569304,4464.007314006966,25824.639341437072
40220449010497,53,2010,2021,11,pn,hg_conus_sp,262.9162902832031,106.50464630126952,21.274572372436523,6189.97509765625,33367.9453125,216.9536128569304,4464.007314006966,25824.639341437072
40220449010497,53,2010,2021,11,pn,hg_conus_clim,262.9162902832031,106.50464630126952,21.274572372436523,6094.96337890625,32757.833984375,216.9536128569304,4464.007314006966,25824.639341437072
48206131010497,41,2011,2022,11,pn,default,47.89488220214844,47.55218124389648,13.589253425598145,962.5847778320312,4390.12646484375,40.47086190108595,397.92358264935,1344.204241001086
48206131010497,41,2011,2022,11,pn,calibrated,47.91424560546875,47.57364273071289,13.588934898376465,963.0035400390624,4392.0498046875,40.47086190108595,397.92358264935,1344.204241001086
48206131010497,41,2011,2022,11,pn,hg_bayes,47.89488220214844,47.55218124389648,13.589253425598145,1027.9638671875,4721.11572265625,40.47086190108595,397.92358264935,1344.204241001086
48206131010497,41,2011,2022,11,pn,hg_organon,47.89488220214844,47.55218124389648,13.589253425598145,1027.9638671875,4721.11572265625,40.47086190108595,397.92358264935,1344.204241001086
48206131010497,41,2011,2022,11,pn,hg_conus_sp,47.89488220214844,47.55218124389648,13.589253425598145,1010.6636962890624,4604.0810546875,40.47086190108595,397.92358264935,1344.204241001086
48206131010497,41,2011,2022,11,pn,hg_conus_clim,47.89488220214844,47.55218124389648,13.589253425598145,1010.39599609375,4600.06591796875,40.47086190108595,397.92358264935,1344.204241001086
22399222010497,53,2006,2016,10,pn,default,112.1015625,181.52194213867188,10.640877723693848,4640.123046875,24949.541015625,,,
22399222010497,53,2006,2016,10,pn,calibrated,108.46034240722656,174.6168212890625,10.671578407287598,4487.8193359375,24153.80859375,,,
22399222010497,53,2006,2016,10,pn,hg_bayes,112.2601318359375,181.54129028320312,10.647833824157717,4977.16748046875,26893.326171875,,,
22399222010497,53,2006,2016,10,pn,hg_organon,112.2601318359375,181.54129028320312,10.647833824157717,4977.16748046875,26893.326171875,,,
22399222010497,53,2006,2016,10,pn,hg_conus_sp,112.1015625,181.52194213867188,10.640877723693848,4679.06787109375,25193.73828125,,,
22399222010497,53,2006,2016,10,pn,hg_conus_clim,112.1015625,181.52194213867188,10.640877723693848,4659.18896484375,25068.701171875,,,
22932014010497,41,2008,2018,10,pn,default,130.08251953125,101.55139923095705,15.325085639953612,2952.150146484375,15135.8427734375,121.66991689085803,2748.098867432358,12732.011469280982
22932014010497,41,2008,2018,10,pn,calibrated,129.35760498046875,100.82251739501952,15.33746337890625,2936.7197265625,15059.619140625,121.66991689085803,2748.098867432358,12732.011469280982
22932014010497,41,2008,2018,10,pn,hg_bayes,130.0821075439453,101.55144500732422,15.325057983398438,3202.311767578125,16515.259765625,121.66991689085803,2748.098867432358,12732.011469280982
22932014010497,41,2008,2018,10,pn,hg_organon,130.0821075439453,101.55144500732422,15.325057983398438,3202.311767578125,16515.259765625,121.66991689085803,2748.098867432358,12732.011469280982
22932014010497,41,2008,2018,10,pn,hg_conus_sp,130.0824737548828,101.55139923095705,15.32508373260498,2847.663818359375,14361.3837890625,121.66991689085803,2748.098867432358,12732.011469280982
22932014010497,41,2008,2018,10,pn,hg_conus_clim,130.0823974609375,101.55144500732422,15.32507610321045,2869.91845703125,14546.146484375,121.66991689085803,2748.098867432358,12732.011469280982
22399107010497,53,2006,2016,10,pn,default,142.6730499267578,215.4288787841797,11.019329071044922,5827.5546875,32493.34765625,122.95832560851365,3085.017079720594,15221.154785710056
22399107010497,53,2006,2016,10,pn,calibrated,138.08200073242188,205.8102264404297,11.09101676940918,5647.35888671875,31522.658203125,122.95832560851365,3085.017079720594,15221.154785710056
22399107010497,53,2006,2016,10,pn,hg_bayes,142.68748474121094,215.42881774902344,11.019890785217283,6119.11669921875,34300.8359375,122.95832560851365,3085.017079720594,15221.154785710056
22399107010497,53,2006,2016,10,pn,hg_organon,142.68748474121094,215.42881774902344,11.019890785217283,6119.11669921875,34300.8359375,122.95832560851365,3085.017079720594,15221.154785710056
22399107010497,53,2006,2016,10,pn,hg_conus_sp,142.67300415039062,215.4288787841797,11.019327163696287,5839.94091796875,32641.3515625,122.95832560851365,3085.017079720594,15221.154785710056
22399107010497,53,2006,2016,10,pn,hg_conus_clim,142.6730499267578,215.4288787841797,11.019329071044922,5902.7197265625,32977.82421875,122.95832560851365,3085.017079720594,15221.154785710056
8623431010901,53,2006,2016,10,pn,default,112.33052825927734,265.8706359863281,8.801365852355957,1975.936767578125,9696.0791015625,,,
8623431010901,53,2006,2016,10,pn,calibrated,111.73941040039062,264.24420166015625,8.80514907836914,1964.6072998046875,9637.193359375,,,
8623431010901,53,2006,2016,10,pn,hg_bayes,112.33052825927734,265.8706359863281,8.801365852355957,2410.136474609375,12459.15625,,,
8623431010901,53,2006,2016,10,pn,hg_organon,112.33052825927734,265.8706359863281,8.801365852355957,2410.136474609375,12459.15625,,,
8623431010901,53,2006,2016,10,pn,hg_conus_sp,112.33052825927734,265.8706359863281,8.801365852355957,2194.725341796875,11136.4638671875,,,
8623431010901,53,2006,2016,10,pn,hg_conus_clim,112.33052825927734,265.8706359863281,8.801365852355957,2127.4658203125,10698.640625,,,
41118789010497,41,2002,2012,10,pn,default,94.5971450805664,72.43675231933594,15.47375774383545,2959.249267578125,15830.0673828125,70.69893217743387,1550.070058725484,8127.897498142177
41118789010497,41,2002,2012,10,pn,calibrated,94.66168212890624,72.50065612792969,15.472212791442873,2961.325439453125,15840.8798828125,70.69893217743387,1550.070058725484,8127.897498142177
41118789010497,41,2002,2012,10,pn,hg_bayes,94.65084838867188,72.43919372558594,15.477892875671388,3144.326904296875,16920.4453125,70.69893217743387,1550.070058725484,8127.897498142177
41118789010497,41,2002,2012,10,pn,hg_organon,94.65084838867188,72.43919372558594,15.477892875671388,3144.326904296875,16920.4453125,70.69893217743387,1550.070058725484,8127.897498142177
41118789010497,41,2002,2012,10,pn,hg_conus_sp,94.6316375732422,72.43928527832031,15.476309776306152,3092.428955078125,16582.251953125,70.69893217743387,1550.070058725484,8127.897498142177
41118789010497,41,2002,2012,10,pn,hg_conus_clim,94.6316375732422,72.43928527832031,15.476309776306152,3085.248779296875,16542.76953125,70.69893217743387,1550.070058725484,8127.897498142177
41118390010497,41,2001,2011,10,pn,default,153.53311157226562,98.51725769042967,16.90367889404297,5371.11962890625,30774.873046875,,,
41118390010497,41,2001,2011,10,pn,calibrated,152.37210083007812,96.81688690185548,16.98687171936035,5342.54833984375,30635.916015625,,,
41118390010497,41,2001,2011,10,pn,hg_bayes,153.50048828125,98.51801300048828,16.901811599731445,5329.439453125,30404.990234375,,,
41118390010497,41,2001,2011,10,pn,hg_organon,153.50048828125,98.51801300048828,16.901811599731445,5329.439453125,30404.990234375,,,
41118390010497,41,2001,2011,10,pn,hg_conus_sp,153.50062561035156,98.5180206298828,16.901819229125977,5051.47412109375,28631.212890625,,,
41118390010497,41,2001,2011,10,pn,hg_conus_clim,153.5006103515625,98.5180206298828,16.901819229125977,5032.4423828125,28525.802734375,,,
41119464010497,41,2004,2014,10,pn,default,474.8283386230469,100.08389282226562,29.493236541748047,20114.1484375,139045.96875,466.1534451091422,20551.042278218523,143531.22179519382
41119464010497,41,2004,2014,10,pn,calibrated,473.43017578125,100.39186096191406,29.40457534790039,20049.9609375,138609.703125,466.1534451091422,20551.042278218523,143531.22179519382
41119464010497,41,2004,2014,10,pn,hg_bayes,474.8283386230469,100.08389282226562,29.493236541748047,21639.328125,150832.296875,466.1534451091422,20551.042278218523,143531.22179519382
41119464010497,41,2004,2014,10,pn,hg_organon,474.8283386230469,100.08389282226562,29.493236541748047,21639.328125,150832.296875,466.1534451091422,20551.042278218523,143531.22179519382
41119464010497,41,2004,2014,10,pn,hg_conus_sp,474.8283386230469,100.08389282226562,29.493236541748047,20492.853515625,142070.3125,466.1534451091422,20551.042278218523,143531.22179519382
41119464010497,41,2004,2014,10,pn,hg_conus_clim,474.8283386230469,100.08389282226562,29.493236541748047,20612.98828125,143043.765625,466.1534451091422,20551.042278218523,143531.22179519382
24919128010900,41,2004,2014,10,pn,default,186.52813720703125,245.4983673095703,11.802774429321287,4263.9658203125,20830.8359375,110.67956975568316,2545.34847343167,9256.458329793952
24919128010900,41,2004,2014,10,pn,calibrated,185.58074951171875,243.7035369873047,11.81603717803955,4244.4951171875,20729.32421875,110.67956975568316,2545.34847343167,9256.458329793952
24919128010900,41,2004,2014,10,pn,hg_bayes,186.5829925537109,245.4971923828125,11.804535865783691,4911.89501953125,24791.232421875,110.67956975568316,2545.34847343167,9256.458329793952
24919128010900,41,2004,2014,10,pn,hg_organon,186.5829925537109,245.4971923828125,11.804535865783691,4911.89501953125,24791.232421875,110.67956975568316,2545.34847343167,9256.458329793952
24919128010900,41,2004,2014,10,pn,hg_conus_sp,186.5829925537109,245.4971923828125,11.804535865783691,4376.6943359375,21488.98828125,110.67956975568316,2545.34847343167,9256.458329793952
24919128010900,41,2004,2014,10,pn,hg_conus_clim,186.5829925537109,245.4971923828125,11.804535865783691,4282.439453125,21073.833984375,110.67956975568316,2545.34847343167,9256.458329793952
8616160010901,53,2006,2016,10,pn,default,75.09001922607422,32.500362396240234,20.5817985534668,2655.875,16543.23828125,83.6310562357862,2687.723974084148,16515.200957711677
8616160010901,53,2006,2016,10,pn,calibrated,74.98199462890625,32.50469207763672,20.56562042236328,2652.428466796875,16520.9296875,83.6310562357862,2687.723974084148,16515.200957711677
8616160010901,53,2006,2016,10,pn,hg_bayes,75.08973693847656,32.500362396240234,20.58176040649414,2945.0986328125,18705.03515625,83.6310562357862,2687.723974084148,16515.200957711677
8616160010901,53,2006,2016,10,pn,hg_organon,75.08973693847656,32.500362396240234,20.58176040649414,2945.0986328125,18705.03515625,83.6310562357862,2687.723974084148,16515.200957711677
8616160010901,53,2006,2016,10,pn,hg_conus_sp,75.08993530273438,32.500362396240234,20.581787109375,2831.062255859375,17887.7109375,83.6310562357862,2687.723974084148,16515.200957711677
8616160010901,53,2006,2016,10,pn,hg_conus_clim,75.09003448486328,32.500362396240234,20.58180046081543,2849.72021484375,18057.583984375,83.6310562357862,2687.723974084148,16515.200957711677
29881615010497,41,2009,2019,10,pn,default,51.64721298217773,54.56463623046875,13.173589706420898,1389.8426513671875,7311.04443359375,41.52807651258089,882.441744552722,4160.664823452082
29881615010497,41,2009,2019,10,pn,calibrated,51.692501068115234,54.62194061279297,13.172449111938477,1390.970458984375,7316.9921875,41.52807651258089,882.441744552722,4160.664823452082
29881615010497,41,2009,2019,10,pn,hg_bayes,51.65694427490234,54.56541442871094,13.17473602294922,1536.199951171875,8133.12158203125,41.52807651258089,882.441744552722,4160.664823452082
29881615010497,41,2009,2019,10,pn,hg_organon,51.65694427490234,54.56541442871094,13.17473602294922,1536.199951171875,8133.12158203125,41.52807651258089,882.441744552722,4160.664823452082
29881615010497,41,2009,2019,10,pn,hg_conus_sp,51.65694427490234,54.56541442871094,13.17473602294922,1489.9930419921875,7873.6875,41.52807651258089,882.441744552722,4160.664823452082
29881615010497,41,2009,2019,10,pn,hg_conus_clim,51.65694427490234,54.56541442871094,13.17473602294922,1488.3917236328125,7851.06298828125,41.52807651258089,882.441744552722,4160.664823452082
29882157010497,41,2009,2019,10,pn,default,231.78321838378903,89.67088317871094,21.769655227661133,9535.138671875,57023.2890625,,,
29882157010497,41,2009,2019,10,pn,calibrated,230.9651336669922,89.29624938964844,21.776742935180664,9499.80078125,56814.13671875,,,
29882157010497,41,2009,2019,10,pn,hg_bayes,231.78321838378903,89.67088317871094,21.769655227661133,9654.259765625,57884.96875,,,
29882157010497,41,2009,2019,10,pn,hg_organon,231.78321838378903,89.67088317871094,21.769655227661133,9654.259765625,57884.96875,,,
29882157010497,41,2009,2019,10,pn,hg_conus_sp,231.78321838378903,89.67088317871094,21.769655227661133,9210.0615234375,54774.078125,,,
29882157010497,41,2009,2019,10,pn,hg_conus_clim,231.78321838378903,89.67088317871094,21.769655227661133,9259.669921875,55016.19921875,,,
24198975010900,53,2002,2012,10,pn,default,134.16673278808594,165.94918823242188,12.175060272216797,3413.502685546875,16917.400390625,176.31169304170916,3589.04290537483,16258.462620091337
24198975010900,53,2002,2012,10,pn,calibrated,133.3204803466797,164.00244140625,12.208425521850586,3390.3154296875,16802.990234375,176.31169304170916,3589.04290537483,16258.462620091337
24198975010900,53,2002,2012,10,pn,hg_bayes,134.5648193359375,165.94850158691406,12.19313621520996,4393.9052734375,23116.427734375,176.31169304170916,3589.04290537483,16258.462620091337
24198975010900,53,2002,2012,10,pn,hg_organon,134.5648193359375,165.94850158691406,12.19313621520996,4393.9052734375,23116.427734375,176.31169304170916,3589.04290537483,16258.462620091337
24198975010900,53,2002,2012,10,pn,hg_conus_sp,134.55941772460938,165.94850158691406,12.192889213562012,4025.787841796875,20789.462890625,176.31169304170916,3589.04290537483,16258.462620091337
24198975010900,53,2002,2012,10,pn,hg_conus_clim,134.5653839111328,165.94850158691406,12.193161010742188,3925.267822265625,20156.28515625,176.31169304170916,3589.04290537483,16258.462620091337
40220716010497,53,2010,2022,12,pn,default,64.6053237915039,23.784727096557617,22.316255569458008,1939.2418212890625,11090.001953125,42.36254229454599,1431.8517185490841,8836.48662627073
40220716010497,53,2010,2022,12,pn,calibrated,64.43141174316406,23.73397445678711,22.310014724731445,1933.7584228515625,11057.7109375,42.36254229454599,1431.8517185490841,8836.48662627073
40220716010497,53,2010,2022,12,pn,hg_bayes,64.6053237915039,23.784727096557617,22.316255569458008,2320.763427734375,14010.3193359375,42.36254229454599,1431.8517185490841,8836.48662627073
40220716010497,53,2010,2022,12,pn,hg_organon,64.6053237915039,23.784727096557617,22.316255569458008,2320.763427734375,14010.3193359375,42.36254229454599,1431.8517185490841,8836.48662627073
40220716010497,53,2010,2022,12,pn,hg_conus_sp,64.6053237915039,23.784727096557617,22.316255569458008,2224.7177734375,13392.0654296875,42.36254229454599,1431.8517185490841,8836.48662627073
40220716010497,53,2010,2022,12,pn,hg_conus_clim,64.6053237915039,23.784727096557617,22.316255569458008,2235.2646484375,13445.28515625,42.36254229454599,1431.8517185490841,8836.48662627073
29882838010497,53,2009,2019,10,pn,default,206.85227966308597,333.6527709960937,10.661517143249512,6985.7802734375,37897.29296875,5.008684360347493,0.0,0.0
29882838010497,53,2009,2019,10,pn,calibrated,198.983154296875,320.09967041015625,10.675835609436035,6721.57861328125,36469.8671875,5.008684360347493,0.0,0.0
29882838010497,53,2009,2019,10,pn,hg_bayes,207.0877227783203,333.6527709960937,10.667585372924805,7619.537109375,41878.4921875,5.008684360347493,0.0,0.0
29882838010497,53,2009,2019,10,pn,hg_organon,207.0877227783203,333.6527709960937,10.667585372924805,7619.537109375,41878.4921875,5.008684360347493,0.0,0.0
29882838010497,53,2009,2019,10,pn,hg_conus_sp,206.91632080078125,333.6527709960937,10.663169860839844,7280.9189453125,39861.62890625,5.008684360347493,0.0,0.0
29882838010497,53,2009,2019,10,pn,hg_conus_clim,206.990234375,333.6527709960937,10.665075302124023,7445.8759765625,40852.71484375,5.008684360347493,0.0,0.0
22954073010497,41,2007,2017,10,pn,default,323.8268737792969,84.72589111328125,26.471866607666016,14365.796875,94071.4609375,297.0979767566353,13481.89392267186,91917.1789082338
22954073010497,41,2007,2017,10,pn,calibrated,322.86895751953125,84.41160583496094,26.48185157775879,14325.505859375,93815.953125,297.0979767566353,13481.89392267186,91917.1789082338
22954073010497,41,2007,2017,10,pn,hg_bayes,323.8268737792969,84.72589111328125,26.471866607666016,15071.5888671875,99228.4453125,297.0979767566353,13481.89392267186,91917.1789082338
22954073010497,41,2007,2017,10,pn,hg_organon,323.8268737792969,84.72589111328125,26.471866607666016,15071.5888671875,99228.4453125,297.0979767566353,13481.89392267186,91917.1789082338
22954073010497,41,2007,2017,10,pn,hg_conus_sp,323.8268737792969,84.72589111328125,26.471866607666016,14287.15625,93485.0390625,297.0979767566353,13481.89392267186,91917.1789082338
22954073010497,41,2007,2017,10,pn,hg_conus_clim,323.8268737792969,84.72589111328125,26.471866607666016,14408.1806640625,94318.296875,297.0979767566353,13481.89392267186,91917.1789082338
24918381010900,41,2004,2014,10,pn,default,268.7686462402344,164.32521057128906,17.317035675048828,8206.7421875,51511.2421875,259.16056564623614,8714.383845059969,54714.1144510977
24918381010900,41,2004,2014,10,pn,calibrated,268.7557067871094,164.5565185546875,17.3044376373291,8199.9619140625,51455.6484375,259.16056564623614,8714.383845059969,54714.1144510977
24918381010900,41,2004,2014,10,pn,hg_bayes,268.7686462402344,164.32521057128906,17.317035675048828,9153.755859375,58195.91015625,259.16056564623614,8714.383845059969,54714.1144510977
24918381010900,41,2004,2014,10,pn,hg_organon,268.7686462402344,164.32521057128906,17.317035675048828,9153.755859375,58195.91015625,259.16056564623614,8714.383845059969,54714.1144510977
24918381010900,41,2004,2014,10,pn,hg_conus_sp,268.7686462402344,164.32521057128906,17.317035675048828,8477.548828125,53328.859375,259.16056564623614,8714.383845059969,54714.1144510977
24918381010900,41,2004,2014,10,pn,hg_conus_clim,268.7686462402344,164.32521057128906,17.317035675048828,8560.4189453125,54050.05859375,259.16056564623614,8714.383845059969,54714.1144510977
40403349010497,41,2010,2020,10,pn,default,31.49497604370117,23.673364639282227,15.61805248260498,931.9711303710938,5075.29296875,29.22958360369663,494.791681955816,2388.101800050884
40403349010497,41,2010,2020,10,pn,calibrated,31.50960731506348,23.683246612548828,15.618422508239746,932.4411010742188,5077.822265625,29.22958360369663,494.791681955816,2388.101800050884
40403349010497,41,2010,2020,10,pn,hg_bayes,31.496509552001957,23.673540115356445,15.618377685546877,1028.0325927734375,5582.923828125,29.22958360369663,494.791681955816,2388.101800050884
40403349010497,41,2010,2020,10,pn,hg_organon,31.496509552001957,23.673540115356445,15.618377685546877,1028.0325927734375,5582.923828125,29.22958360369663,494.791681955816,2388.101800050884
40403349010497,41,2010,2020,10,pn,hg_conus_sp,31.496509552001957,23.673540115356445,15.618377685546877,1013.5975341796876,5484.67626953125,29.22958360369663,494.791681955816,2388.101800050884
40403349010497,41,2010,2020,10,pn,hg_conus_clim,31.496509552001957,23.673540115356445,15.618377685546877,1013.5975341796876,5484.67626953125,29.22958360369663,494.791681955816,2388.101800050884
22931053010497,53,2008,2019,11,pn,default,237.41915893554688,215.46812438964844,14.21355438232422,8358.349609375,46323.34375,131.15895019576425,3808.130845262856,20550.11990187672
22931053010497,53,2008,2019,11,pn,calibrated,234.62789916992188,210.36883544921875,14.29998016357422,8276.6376953125,45883.09375,131.15895019576425,3808.130845262856,20550.11990187672
22931053010497,53,2008,2019,11,pn,hg_bayes,237.4185943603516,215.4681701660156,14.21353816986084,8637.0927734375,47952.58984375,131.15895019576425,3808.130845262856,20550.11990187672
22931053010497,53,2008,2019,11,pn,hg_organon,237.4185943603516,215.4681701660156,14.21353816986084,8637.0927734375,47952.58984375,131.15895019576425,3808.130845262856,20550.11990187672
22931053010497,53,2008,2019,11,pn,hg_conus_sp,237.41921997070312,215.46812438964844,14.213556289672852,7899.1240234375,43393.1171875,131.15895019576425,3808.130845262856,20550.11990187672
22931053010497,53,2008,2019,11,pn,hg_conus_clim,237.41896057128903,215.4681396484375,14.213547706604004,8031.7109375,44207.07421875,131.15895019576425,3808.130845262856,20550.11990187672
41119346010497,41,2003,2013,10,pn,default,241.371337890625,206.54026794433597,14.63783073425293,10100.123046875,60911.875,230.2993488197137,7332.757227029356,43039.60114131516
41119346010497,41,2003,2013,10,pn,calibrated,241.48394775390625,206.5594940185547,14.640565872192385,10105.193359375,60946.28515625,230.2993488197137,7332.757227029356,43039.60114131516
41119346010497,41,2003,2013,10,pn,hg_bayes,241.36985778808597,206.54026794433597,14.637787818908691,11328.6376953125,68842.484375,230.2993488197137,7332.757227029356,43039.60114131516
41119346010497,41,2003,2013,10,pn,hg_organon,241.36985778808597,206.54026794433597,14.637787818908691,11328.6376953125,68842.484375,230.2993488197137,7332.757227029356,43039.60114131516
41119346010497,41,2003,2013,10,pn,hg_conus_sp,241.37144470214844,206.54026794433597,14.637835502624512,10227.3173828125,61990.9375,230.2993488197137,7332.757227029356,43039.60114131516
41119346010497,41,2003,2013,10,pn,hg_conus_clim,241.37001037597656,206.54026794433597,14.637794494628906,11186.259765625,67957.3359375,230.2993488197137,7332.757227029356,43039.60114131516
30826404020004,41,2002,2012,10,pn,default,58.33821487426758,44.0279655456543,15.58650016784668,1523.462890625,9197.578125,97.34828785088769,1923.685003715026,10530.470637436518
30826404020004,41,2002,2012,10,pn,calibrated,58.26417541503906,44.07022857666016,15.569132804870604,1520.7335205078125,9179.47265625,97.34828785088769,1923.685003715026,10530.470637436518
30826404020004,41,2002,2012,10,pn,hg_bayes,58.32974243164063,44.00916290283203,15.58869743347168,1675.65966796875,10331.2607421875,97.34828785088769,1923.685003715026,10530.470637436518
30826404020004,41,2002,2012,10,pn,hg_organon,58.32974243164063,44.00916290283203,15.58869743347168,1675.65966796875,10331.2607421875,97.34828785088769,1923.685003715026,10530.470637436518
30826404020004,41,2002,2012,10,pn,hg_conus_sp,58.3347053527832,44.020206451416016,15.587407112121582,1597.7196044921875,9792.8662109375,97.34828785088769,1923.685003715026,10530.470637436518
30826404020004,41,2002,2012,10,pn,hg_conus_clim,58.33398818969727,44.01861190795898,15.587592124938965,1618.5032958984375,9937.3544921875,97.34828785088769,1923.685003715026,10530.470637436518
22398703010497,53,2004,2014,10,pn,default,231.79714965820312,394.3774108886719,10.380888938903809,7327.8564453125,45941.5,335.3705939733375,7681.739109519096,40253.378328329265
22398703010497,53,2004,2014,10,pn,calibrated,231.4273681640625,393.3435668945313,10.386223793029783,7318.3369140625,45894.05078125,335.3705939733375,7681.739109519096,40253.378328329265
22398703010497,53,2004,2014,10,pn,hg_bayes,231.79714965820312,394.3774108886719,10.380888938903809,8465.62109375,53072.2421875,335.3705939733375,7681.739109519096,40253.378328329265
22398703010497,53,2004,2014,10,pn,hg_organon,231.79714965820312,394.3774108886719,10.380888938903809,8465.62109375,53072.2421875,335.3705939733375,7681.739109519096,40253.378328329265
22398703010497,53,2004,2014,10,pn,hg_conus_sp,231.79714965820312,394.3774108886719,10.380888938903809,7459.40380859375,47022.4375,335.3705939733375,7681.739109519096,40253.378328329265
22398703010497,53,2004,2014,10,pn,hg_conus_clim,231.79714965820312,394.3774108886719,10.380888938903809,7512.81689453125,47454.8125,335.3705939733375,7681.739109519096,40253.378328329265
8628826010901,53,2006,2016,10,pn,default,226.60536193847656,202.04112243652344,14.340076446533203,7219.595703125,39127.2421875,206.0522259870247,5429.923866898358,29192.66690445758
8628826010901,53,2006,2016,10,pn,calibrated,226.32994079589844,202.85284423828125,14.302652359008787,7194.919921875,38989.50390625,206.0522259870247,5429.923866898358,29192.66690445758
8628826010901,53,2006,2016,10,pn,hg_bayes,226.60508728027344,202.0411376953125,14.340067863464355,7138.54736328125,38567.31640625,206.0522259870247,5429.923866898358,29192.66690445758
8628826010901,53,2006,2016,10,pn,hg_organon,226.60508728027344,202.0411376953125,14.340067863464355,7138.54736328125,38567.31640625,206.0522259870247,5429.923866898358,29192.66690445758
8628826010901,53,2006,2016,10,pn,hg_conus_sp,226.4629669189453,202.04861450195312,14.335308074951172,6804.275390625,36469.453125,206.0522259870247,5429.923866898358,29192.66690445758
8628826010901,53,2006,2016,10,pn,hg_conus_clim,226.6051483154297,202.0411376953125,14.340069770812988,6742.2236328125,36132.953125,206.0522259870247,5429.923866898358,29192.66690445758
41118932010497,41,2002,2012,10,pn,default,129.09939575195312,30.359207153320312,27.92242431640625,5706.38671875,39100.49609375,118.83679579238118,6582.53127075,47290.53914315627
41118932010497,41,2002,2012,10,pn,calibrated,128.7012939453125,30.12293815612793,27.98846244812012,5688.40478515625,38984.6796875,118.83679579238118,6582.53127075,47290.53914315627
41118932010497,41,2002,2012,10,pn,hg_bayes,129.09939575195312,30.359207153320312,27.92242431640625,5856.2509765625,40499.24609375,118.83679579238118,6582.53127075,47290.53914315627
41118932010497,41,2002,2012,10,pn,hg_organon,129.09939575195312,30.359207153320312,27.92242431640625,5856.2509765625,40499.24609375,118.83679579238118,6582.53127075,47290.53914315627
41118932010497,41,2002,2012,10,pn,hg_conus_sp,129.09939575195312,30.359207153320312,27.92242431640625,5642.81884765625,38875.19921875,118.83679579238118,6582.53127075,47290.53914315627
41118932010497,41,2002,2012,10,pn,hg_conus_clim,129.09939575195312,30.359207153320312,27.92242431640625,5812.67333984375,40060.20703125,118.83679579238118,6582.53127075,47290.53914315627
41120289010497,41,2005,2015,10,pn,default,43.98190689086914,47.41202163696289,13.041545867919922,811.2055053710938,3804.25537109375,39.11853989496688,410.170372457856,1639.854941303554
41120289010497,41,2005,2015,10,pn,calibrated,44.0023193359375,47.43405151367188,13.041543006896973,811.6105346679688,3806.12109375,39.11853989496688,410.170372457856,1639.854941303554
41120289010497,41,2005,2015,10,pn,hg_bayes,44.113563537597656,47.42002487182617,13.059951782226562,981.7403564453124,4788.599609375,39.11853989496688,410.170372457856,1639.854941303554
41120289010497,41,2005,2015,10,pn,hg_organon,44.113563537597656,47.42002487182617,13.059951782226562,981.7403564453124,4788.599609375,39.11853989496688,410.170372457856,1639.854941303554
41120289010497,41,2005,2015,10,pn,hg_conus_sp,44.113563537597656,47.42002487182617,13.059951782226562,955.5885620117188,4723.27294921875,39.11853989496688,410.170372457856,1639.854941303554
41120289010497,41,2005,2015,10,pn,hg_conus_clim,44.113563537597656,47.42002487182617,13.059951782226562,955.5087280273438,4722.47509765625,39.11853989496688,410.170372457856,1639.854941303554
29881739010497,41,2009,2019,10,pn,default,174.2692108154297,114.54725646972656,16.701457977294922,6859.4013671875,38712.63671875,127.43698330042024,4060.57471316168,23789.45818487518
29881739010497,41,2009,2019,10,pn,calibrated,172.51333618164062,112.68399810791016,16.753921508789062,6793.48486328125,38373.8515625,127.43698330042024,4060.57471316168,23789.45818487518
29881739010497,41,2009,2019,10,pn,hg_bayes,174.2692108154297,114.54725646972656,16.701457977294922,6342.9228515625,35487.0703125,127.43698330042024,4060.57471316168,23789.45818487518
29881739010497,41,2009,2019,10,pn,hg_organon,174.2692108154297,114.54725646972656,16.701457977294922,6342.9228515625,35487.0703125,127.43698330042024,4060.57471316168,23789.45818487518
29881739010497,41,2009,2019,10,pn,hg_conus_sp,174.2692108154297,114.54725646972656,16.701457977294922,6121.205078125,34092.3984375,127.43698330042024,4060.57471316168,23789.45818487518
29881739010497,41,2009,2019,10,pn,hg_conus_clim,174.2692108154297,114.54725646972656,16.701457977294922,6775.31591796875,38205.9296875,127.43698330042024,4060.57471316168,23789.45818487518
8664565010901,41,2006,2016,10,pn,default,32.23019790649414,35.7485466003418,12.85696792602539,293.4434814453125,895.0546875,123.42024276398897,1772.3364966030579,3206.191802882832
8664565010901,41,2006,2016,10,pn,calibrated,32.14961624145508,35.65301513671875,12.858078956604004,292.6592712402344,892.6621704101562,123.42024276398897,1772.3364966030579,3206.191802882832
8664565010901,41,2006,2016,10,pn,hg_bayes,32.23019790649414,35.7485466003418,12.85696792602539,513.569580078125,2146.343017578125,123.42024276398897,1772.3364966030579,3206.191802882832
8664565010901,41,2006,2016,10,pn,hg_organon,32.23019790649414,35.7485466003418,12.85696792602539,513.569580078125,2146.343017578125,123.42024276398897,1772.3364966030579,3206.191802882832
8664565010901,41,2006,2016,10,pn,hg_conus_sp,32.23019790649414,35.7485466003418,12.85696792602539,427.9845886230469,1485.1282958984375,123.42024276398897,1772.3364966030579,3206.191802882832
8664565010901,41,2006,2016,10,pn,hg_conus_clim,32.23019790649414,35.7485466003418,12.85696792602539,439.1053466796875,1577.046875,123.42024276398897,1772.3364966030579,3206.191802882832
22398462010497,53,2003,2013,10,pn,default,329.5609130859375,422.2209777832031,11.962841033935549,13740.658203125,75921.203125,308.97394419777675,10249.063071332566,53651.71567449978
22398462010497,53,2003,2013,10,pn,calibrated,325.8013916015625,414.2147521972656,12.008811950683594,13603.23046875,75178.703125,308.97394419777675,10249.063071332566,53651.71567449978
22398462010497,53,2003,2013,10,pn,hg_bayes,329.5609130859375,422.2209777832031,11.962841033935549,14157.1279296875,78453.9140625,308.97394419777675,10249.063071332566,53651.71567449978
22398462010497,53,2003,2013,10,pn,hg_organon,329.5609130859375,422.2209777832031,11.962841033935549,14157.1279296875,78453.9140625,308.97394419777675,10249.063071332566,53651.71567449978
22398462010497,53,2003,2013,10,pn,hg_conus_sp,329.5609130859375,422.2209777832031,11.962841033935549,13297.46875,72595.8515625,308.97394419777675,10249.063071332566,53651.71567449978
22398462010497,53,2003,2013,10,pn,hg_conus_clim,329.5609130859375,422.2209777832031,11.962841033935549,13367.720703125,73216.84375,308.97394419777675,10249.063071332566,53651.71567449978
22954586010497,53,2007,2017,10,pn,default,265.4450988769531,73.10271453857422,25.80220603942871,9475.7919921875,61962.6171875,261.70955767328195,7655.118243637517,50030.39096530327
22954586010497,53,2007,2017,10,pn,calibrated,266.5587463378906,73.38951110839844,25.80569839477539,9507.6142578125,62176.46484375,261.70955767328195,7655.118243637517,50030.39096530327
22954586010497,53,2007,2017,10,pn,hg_bayes,265.4450988769531,73.10271453857422,25.80220603942871,10035.7275390625,65900.0390625,261.70955767328195,7655.118243637517,50030.39096530327
22954586010497,53,2007,2017,10,pn,hg_organon,265.4450988769531,73.10271453857422,25.80220603942871,10035.7275390625,65900.0390625,261.70955767328195,7655.118243637517,50030.39096530327
22954586010497,53,2007,2017,10,pn,hg_conus_sp,265.4450988769531,73.10271453857422,25.80220603942871,9593.78515625,62857.1171875,261.70955767328195,7655.118243637517,50030.39096530327
22954586010497,53,2007,2017,10,pn,hg_conus_clim,265.4450988769531,73.10271453857422,25.80220603942871,9699.859375,63657.85546875,261.70955767328195,7655.118243637517,50030.39096530327
12977190010497,53,2005,2015,10,pn,default,234.9823303222656,191.90765380859372,14.983309745788574,6613.599609375,33810.63671875,205.53948735673535,6342.495253017304,35347.89244557769
12977190010497,53,2005,2015,10,pn,calibrated,233.8960876464844,190.3934783935547,15.007963180541992,6587.580078125,33683.06640625,205.53948735673535,6342.495253017304,35347.89244557769
12977190010497,53,2005,2015,10,pn,hg_bayes,234.9823303222656,191.90765380859372,14.983309745788574,7165.90966796875,37231.20703125,205.53948735673535,6342.495253017304,35347.89244557769
12977190010497,53,2005,2015,10,pn,hg_organon,234.9823303222656,191.90765380859372,14.983309745788574,7165.90966796875,37231.20703125,205.53948735673535,6342.495253017304,35347.89244557769
12977190010497,53,2005,2015,10,pn,hg_conus_sp,234.9823303222656,191.90765380859372,14.983309745788574,6430.6005859375,32692.251953125,205.53948735673535,6342.495253017304,35347.89244557769
12977190010497,53,2005,2015,10,pn,hg_conus_clim,234.9823303222656,191.90765380859372,14.983309745788574,6391.025390625,32374.62890625,205.53948735673535,6342.495253017304,35347.89244557769
22954707010497,53,2007,2018,11,pn,default,111.85175323486328,134.4731903076172,12.34922695159912,2614.46240234375,12923.1083984375,35.74263033140468,463.217070819686,1127.171728950658
22954707010497,53,2007,2018,11,pn,calibrated,111.34385681152344,133.57655334472656,12.362444877624512,2603.418212890625,12867.732421875,35.74263033140468,463.217070819686,1127.171728950658
22954707010497,53,2007,2018,11,pn,hg_bayes,111.96127319335938,134.4723358154297,12.355313301086426,2817.4482421875,14113.751953125,35.74263033140468,463.217070819686,1127.171728950658
22954707010497,53,2007,2018,11,pn,hg_organon,111.96127319335938,134.4723358154297,12.355313301086426,2817.4482421875,14113.751953125,35.74263033140468,463.217070819686,1127.171728950658
22954707010497,53,2007,2018,11,pn,hg_conus_sp,111.89678192138672,134.47279357910156,12.351733207702637,2606.123046875,12825.6298828125,35.74263033140468,463.217070819686,1127.171728950658
22954707010497,53,2007,2018,11,pn,hg_conus_clim,111.89678192138672,134.47279357910156,12.351733207702637,2544.272705078125,12469.921875,35.74263033140468,463.217070819686,1127.171728950658
41117752010497,41,2006,2016,10,pn,default,122.91001892089844,193.81564331054688,10.78289794921875,3767.415283203125,19261.451171875,112.88911915630686,1283.543456677642,3957.49707964954
41117752010497,41,2006,2016,10,pn,calibrated,121.47362518310548,189.77085876464844,10.833341598510742,3714.001708984375,18979.083984375,112.88911915630686,1283.543456677642,3957.49707964954
41117752010497,41,2006,2016,10,pn,hg_bayes,122.91001892089844,193.81564331054688,10.78289794921875,3943.7998046875,20178.310546875,112.88911915630686,1283.543456677642,3957.49707964954
41117752010497,41,2006,2016,10,pn,hg_organon,122.91001892089844,193.81564331054688,10.78289794921875,3943.7998046875,20178.310546875,112.88911915630686,1283.543456677642,3957.49707964954
41117752010497,41,2006,2016,10,pn,hg_conus_sp,122.91001892089844,193.81564331054688,10.78289794921875,3858.020751953125,19637.6875,112.88911915630686,1283.543456677642,3957.49707964954
41117752010497,41,2006,2016,10,pn,hg_conus_clim,122.91001892089844,193.81564331054688,10.78289794921875,3847.83740234375,19569.611328125,112.88911915630686,1283.543456677642,3957.49707964954
24474301010900,41,2003,2013,10,pn,default,272.2201843261719,47.50718688964844,32.412811279296875,10030.767578125,65881.046875,239.2267682565952,9447.55550704337,63948.058441636524
24474301010900,41,2003,2013,10,pn,calibrated,271.4725341796875,47.36292266845703,32.41753005981445,10002.9609375,65699.5078125,239.2267682565952,9447.55550704337,63948.058441636524
24474301010900,41,2003,2013,10,pn,hg_bayes,272.2201843261719,47.50718688964844,32.412811279296875,11067.08203125,73863.421875,239.2267682565952,9447.55550704337,63948.058441636524
24474301010900,41,2003,2013,10,pn,hg_organon,272.2201843261719,47.50718688964844,32.412811279296875,11067.08203125,73863.421875,239.2267682565952,9447.55550704337,63948.058441636524
24474301010900,41,2003,2013,10,pn,hg_conus_sp,272.2201843261719,47.50718688964844,32.412811279296875,10495.962890625,69259.6328125,239.2267682565952,9447.55550704337,63948.058441636524
24474301010900,41,2003,2013,10,pn,hg_conus_clim,272.2201843261719,47.50718688964844,32.412811279296875,10583.25,69994.875,239.2267682565952,9447.55550704337,63948.058441636524
22932612010497,41,2008,2018,10,pn,default,226.6240692138672,246.07858276367188,12.994287490844728,6038.50390625,33173.12109375,233.3341483846696,5573.449834424942,29631.542217179624
22932612010497,41,2008,2018,10,pn,calibrated,225.7270355224609,244.7345428466797,13.00410270690918,6011.43408203125,33032.5390625,233.3341483846696,5573.449834424942,29631.542217179624
22932612010497,41,2008,2018,10,pn,hg_bayes,226.6240692138672,246.07858276367188,12.994287490844728,7058.10205078125,40135.94921875,233.3341483846696,5573.449834424942,29631.542217179624
22932612010497,41,2008,2018,10,pn,hg_organon,226.6240692138672,246.07858276367188,12.994287490844728,7058.10205078125,40135.94921875,233.3341483846696,5573.449834424942,29631.542217179624
22932612010497,41,2008,2018,10,pn,hg_conus_sp,226.6240692138672,246.07858276367188,12.994287490844728,6511.71923828125,36701.109375,233.3341483846696,5573.449834424942,29631.542217179624
22932612010497,41,2008,2018,10,pn,hg_conus_clim,226.6240692138672,246.07858276367188,12.994287490844728,6487.587890625,36536.59765625,233.3341483846696,5573.449834424942,29631.542217179624
41119298010497,41,2003,2013,10,pn,default,150.7161865234375,97.28215789794922,16.853872299194336,3997.8857421875,21628.923828125,108.01926529166056,2470.708488778364,12566.874062230208
41119298010497,41,2003,2013,10,pn,calibrated,150.07977294921875,96.59737396240234,16.877758026123047,3984.486083984375,21563.943359375,108.01926529166056,2470.708488778364,12566.874062230208
41119298010497,41,2003,2013,10,pn,hg_bayes,150.71591186523438,97.28215026855467,16.853857040405273,4196.8525390625,22977.185546875,108.01926529166056,2470.708488778364,12566.874062230208
41119298010497,41,2003,2013,10,pn,hg_organon,150.71591186523438,97.28215026855467,16.853857040405273,4196.8525390625,22977.185546875,108.01926529166056,2470.708488778364,12566.874062230208
41119298010497,41,2003,2013,10,pn,hg_conus_sp,150.69386291503906,97.2822036743164,16.852617263793945,3808.599853515625,20308.859375,108.01926529166056,2470.708488778364,12566.874062230208
41119298010497,41,2003,2013,10,pn,hg_conus_clim,150.70924377441406,97.28216552734376,16.85348129272461,3829.7685546875,20491.93359375,108.01926529166056,2470.708488778364,12566.874062230208
30852154020004,41,2012,2022,10,pn,default,87.0958023071289,77.89720153808594,14.317727088928224,1677.4371337890625,7621.3037109375,58.94732062984401,899.1020382823859,3562.25458165771
30852154020004,41,2012,2022,10,pn,calibrated,86.99297332763672,77.84880065917969,14.313718795776367,1675.5345458984375,7612.80029296875,58.94732062984401,899.1020382823859,3562.25458165771
30852154020004,41,2012,2022,10,pn,hg_bayes,87.0958023071289,77.89720153808594,14.317727088928224,1833.980712890625,8675.3583984375,58.94732062984401,899.1020382823859,3562.25458165771
30852154020004,41,2012,2022,10,pn,hg_organon,87.0958023071289,77.89720153808594,14.317727088928224,1833.980712890625,8675.3583984375,58.94732062984401,899.1020382823859,3562.25458165771
30852154020004,41,2012,2022,10,pn,hg_conus_sp,87.0958023071289,77.89720153808594,14.317727088928224,1729.917236328125,7943.8271484375,58.94732062984401,899.1020382823859,3562.25458165771
30852154020004,41,2012,2022,10,pn,hg_conus_clim,87.0958023071289,77.89720153808594,14.317727088928224,1734.0404052734375,7977.04248046875,58.94732062984401,899.1020382823859,3562.25458165771
41117732010497,41,2006,2016,10,pn,default,74.23617553710938,71.90238189697266,13.758543014526367,2077.700439453125,11328.361328125,77.68914527022646,1679.109558266104,8887.820471162544
41117732010497,41,2006,2016,10,pn,calibrated,74.13700103759766,71.8721923828125,13.752238273620604,2073.56396484375,11307.66015625,77.68914527022646,1679.109558266104,8887.820471162544
41117732010497,41,2006,2016,10,pn,hg_bayes,74.23617553710938,71.90238189697266,13.758543014526367,2184.92333984375,11977.119140625,77.68914527022646,1679.109558266104,8887.820471162544
41117732010497,41,2006,2016,10,pn,hg_organon,74.23617553710938,71.90238189697266,13.758543014526367,2184.92333984375,11977.119140625,77.68914527022646,1679.109558266104,8887.820471162544
41117732010497,41,2006,2016,10,pn,hg_conus_sp,74.23617553710938,71.90238189697266,13.758543014526367,2108.70458984375,11507.01171875,77.68914527022646,1679.109558266104,8887.820471162544
41117732010497,41,2006,2016,10,pn,hg_conus_clim,74.23617553710938,71.90238189697266,13.758543014526367,2109.51611328125,11519.1884765625,77.68914527022646,1679.109558266104,8887.820471162544
29882510010497,41,2009,2019,10,pn,default,160.09359741210938,149.8273162841797,13.996771812438965,4242.62109375,23270.26953125,138.95935408590898,4047.7356035182897,21579.520491185638
29882510010497,41,2009,2019,10,pn,calibrated,159.29501342773438,148.41403198242188,14.02813720703125,4226.275390625,23188.84375,138.95935408590898,4047.7356035182897,21579.520491185638
29882510010497,41,2009,2019,10,pn,hg_bayes,160.09359741210938,149.8273162841797,13.996771812438965,4605.05908203125,25718.916015625,138.95935408590898,4047.7356035182897,21579.520491185638
29882510010497,41,2009,2019,10,pn,hg_organon,160.09359741210938,149.8273162841797,13.996771812438965,4605.05908203125,25718.916015625,138.95935408590898,4047.7356035182897,21579.520491185638
29882510010497,41,2009,2019,10,pn,hg_conus_sp,160.09359741210938,149.8273162841797,13.996771812438965,4277.47802734375,23607.318359375,138.95935408590898,4047.7356035182897,21579.520491185638
29882510010497,41,2009,2019,10,pn,hg_conus_clim,160.09359741210938,149.8273162841797,13.996771812438965,4219.201171875,23221.599609375,138.95935408590898,4047.7356035182897,21579.520491185638
40402994010497,41,2010,2020,10,pn,default,149.09799194335938,143.96359252929688,13.779897689819336,4789.9169921875,26504.19140625,164.12760466191298,3269.233475684312,16830.46058466478
40402994010497,41,2010,2020,10,pn,calibrated,149.2528076171875,144.25836181640625,13.77294921875,4794.28271484375,26527.21875,164.12760466191298,3269.233475684312,16830.46058466478
40402994010497,41,2010,2020,10,pn,hg_bayes,149.1035614013672,143.96327209472656,13.780165672302246,5110.08642578125,28594.251953125,164.12760466191298,3269.233475684312,16830.46058466478
40402994010497,41,2010,2020,10,pn,hg_organon,149.1035614013672,143.96327209472656,13.780165672302246,5110.08642578125,28594.251953125,164.12760466191298,3269.233475684312,16830.46058466478
40402994010497,41,2010,2020,10,pn,hg_conus_sp,149.09799194335938,143.96359252929688,13.779897689819336,5011.5380859375,28037.205078125,164.12760466191298,3269.233475684312,16830.46058466478
40402994010497,41,2010,2020,10,pn,hg_conus_clim,149.09799194335938,143.96359252929688,13.779897689819336,4998.43359375,27913.310546875,164.12760466191298,3269.233475684312,16830.46058466478
22398516010497,53,2003,2013,10,pn,default,158.5836944580078,98.77406311035156,17.15711212158203,3489.50048828125,17864.724609375,50.76112052324946,925.95887769874,4400.662891917518
22398516010497,53,2003,2013,10,pn,calibrated,158.05911254882812,98.25668334960938,17.173744201660156,3478.8427734375,17813.625,50.76112052324946,925.95887769874,4400.662891917518
22398516010497,53,2003,2013,10,pn,hg_bayes,158.5836944580078,98.77406311035156,17.15711212158203,3928.888427734375,20751.703125,50.76112052324946,925.95887769874,4400.662891917518
22398516010497,53,2003,2013,10,pn,hg_organon,158.5836944580078,98.77406311035156,17.15711212158203,3928.888427734375,20751.703125,50.76112052324946,925.95887769874,4400.662891917518
22398516010497,53,2003,2013,10,pn,hg_conus_sp,158.5836944580078,98.77406311035156,17.15711212158203,3619.934326171875,18843.0078125,50.76112052324946,925.95887769874,4400.662891917518
22398516010497,53,2003,2013,10,pn,hg_conus_clim,158.5836944580078,98.77406311035156,17.15711212158203,3574.925048828125,18518.00390625,50.76112052324946,925.95887769874,4400.662891917518
41119675010497,41,2004,2014,10,pn,default,100.40276336669922,105.19880676269533,13.228291511535645,2676.36865234375,13559.490234375,101.21353969117442,1553.124366863054,7485.203584766736
41119675010497,41,2004,2014,10,pn,calibrated,100.48754119873048,105.31078338623048,13.226837158203123,2678.578857421875,13570.3681640625,101.21353969117442,1553.124366863054,7485.203584766736
41119675010497,41,2004,2014,10,pn,hg_bayes,100.79927825927734,105.22184753417967,13.25293254852295,2916.90380859375,15061.43359375,101.21353969117442,1553.124366863054,7485.203584766736
41119675010497,41,2004,2014,10,pn,hg_organon,100.79927825927734,105.22184753417967,13.25293254852295,2916.90380859375,15061.43359375,101.21353969117442,1553.124366863054,7485.203584766736
41119675010497,41,2004,2014,10,pn,hg_conus_sp,100.66966247558594,105.21639251708984,13.244754791259766,2827.6787109375,14508.22265625,101.21353969117442,1553.124366863054,7485.203584766736
41119675010497,41,2004,2014,10,pn,hg_conus_clim,100.66935729980467,105.21636199951172,13.244735717773438,2816.26220703125,14450.50390625,101.21353969117442,1553.124366863054,7485.203584766736
22398259010497,53,2002,2012,10,pn,default,170.02789306640625,163.30921936035156,13.816277503967283,5418.54296875,28728.400390625,151.53076568361385,5007.287936623804,26687.478073647246
22398259010497,53,2002,2012,10,pn,calibrated,168.3817138671875,160.68991088867188,13.860835075378418,5370.6923828125,28478.47265625,151.53076568361385,5007.287936623804,26687.478073647246
22398259010497,53,2002,2012,10,pn,hg_bayes,170.02789306640625,163.30921936035156,13.816277503967283,5367.63037109375,28190.556640625,151.53076568361385,5007.287936623804,26687.478073647246
22398259010497,53,2002,2012,10,pn,hg_organon,170.02789306640625,163.30921936035156,13.816277503967283,5367.63037109375,28190.556640625,151.53076568361385,5007.287936623804,26687.478073647246
22398259010497,53,2002,2012,10,pn,hg_conus_sp,169.9975128173828,163.3093719482422,13.81503677368164,4916.572265625,25354.912109375,151.53076568361385,5007.287936623804,26687.478073647246
22398259010497,53,2002,2012,10,pn,hg_conus_clim,170.02789306640625,163.30921936035156,13.816277503967283,4923.86962890625,25379.654296875,151.53076568361385,5007.287936623804,26687.478073647246
22953951010497,41,2007,2017,10,pn,default,186.29222106933597,102.1011734008789,18.290193557739254,7847.31591796875,52070.0625,195.28525347977404,7943.263252863984,50030.73073345268
22953951010497,41,2007,2017,10,pn,calibrated,183.2717742919922,96.09622192382812,18.69953727722168,7752.47900390625,51534.0625,195.28525347977404,7943.263252863984,50030.73073345268
22953951010497,41,2007,2017,10,pn,hg_bayes,186.2921600341797,102.1011734008789,18.290189743041992,7724.66796875,50939.48046875,195.28525347977404,7943.263252863984,50030.73073345268
22953951010497,41,2007,2017,10,pn,hg_organon,186.2921600341797,102.1011734008789,18.290189743041992,7724.66796875,50939.48046875,195.28525347977404,7943.263252863984,50030.73073345268
22953951010497,41,2007,2017,10,pn,hg_conus_sp,186.292236328125,102.1011734008789,18.290193557739254,7438.2841796875,48882.14453125,195.28525347977404,7943.263252863984,50030.73073345268
22953951010497,41,2007,2017,10,pn,hg_conus_clim,186.29222106933597,102.1011734008789,18.290193557739254,7505.865234375,49374.41796875,195.28525347977404,7943.263252863984,50030.73073345268
29881831010497,41,2009,2019,10,pn,default,165.54052734375,129.1754608154297,15.32845687866211,5817.57568359375,34777.5625,160.855480232194,5915.383173346232,36224.95729790655
29881831010497,41,2009,2019,10,pn,calibrated,164.99827575683594,128.4284210205078,15.347777366638184,5800.13232421875,34675.10546875,160.855480232194,5915.383173346232,36224.95729790655
29881831010497,41,2009,2019,10,pn,hg_bayes,165.54049682617188,129.1754608154297,15.328455924987791,6138.59619140625,36976.1171875,160.855480232194,5915.383173346232,36224.95729790655
29881831010497,41,2009,2019,10,pn,hg_organon,165.54049682617188,129.1754608154297,15.328455924987791,6138.59619140625,36976.1171875,160.855480232194,5915.383173346232,36224.95729790655
29881831010497,41,2009,2019,10,pn,hg_conus_sp,165.54052734375,129.1754608154297,15.32845687866211,5849.40234375,35086.26171875,160.855480232194,5915.383173346232,36224.95729790655
29881831010497,41,2009,2019,10,pn,hg_conus_clim,165.54052734375,129.1754608154297,15.32845687866211,5873.74658203125,35290.00390625,160.855480232194,5915.383173346232,36224.95729790655
13031154010497,53,2005,2015,10,pn,default,183.0100860595703,294.1954650878906,10.679619789123535,5392.63818359375,26741.349609375,153.28044765764946,4170.353970482868,11047.898648245173
13031154010497,53,2005,2015,10,pn,calibrated,179.89732360839844,286.7707214355469,10.724600791931152,5306.80078125,26312.95703125,153.28044765764946,4170.353970482868,11047.898648245173
13031154010497,53,2005,2015,10,pn,hg_bayes,183.0100860595703,294.1954650878906,10.679619789123535,4833.16796875,23693.43359375,153.28044765764946,4170.353970482868,11047.898648245173
13031154010497,53,2005,2015,10,pn,hg_organon,183.0100860595703,294.1954650878906,10.679619789123535,4833.16796875,23693.43359375,153.28044765764946,4170.353970482868,11047.898648245173
13031154010497,53,2005,2015,10,pn,hg_conus_sp,183.0100860595703,294.1954650878906,10.679619789123535,4350.28515625,21035.068359375,153.28044765764946,4170.353970482868,11047.898648245173
13031154010497,53,2005,2015,10,pn,hg_conus_clim,183.0100860595703,294.1954650878906,10.679619789123535,5126.8662109375,25296.982421875,153.28044765764946,4170.353970482868,11047.898648245173
48205559010497,41,2011,2021,10,pn,default,53.275020599365234,29.761571884155277,18.1163272857666,1093.9080810546875,5349.35546875,47.14023831912797,692.235315861186,3199.4037227227577
48205559010497,41,2011,2021,10,pn,calibrated,53.275020599365234,29.761571884155277,18.1163272857666,1093.9080810546875,5349.35546875,47.14023831912797,692.235315861186,3199.4037227227577
48205559010497,41,2011,2021,10,pn,hg_bayes,53.275020599365234,29.761571884155277,18.1163272857666,1093.9080810546875,5349.35546875,47.14023831912797,692.235315861186,3199.4037227227577
48205559010497,41,2011,2021,10,pn,hg_organon,53.275020599365234,29.761571884155277,18.1163272857666,1093.9080810546875,5349.35546875,47.14023831912797,692.235315861186,3199.4037227227577
48205559010497,41,2011,2021,10,pn,hg_conus_sp,53.275020599365234,29.761571884155277,18.1163272857666,1093.9080810546875,5349.35546875,47.14023831912797,692.235315861186,3199.4037227227577
48205559010497,41,2011,2021,10,pn,hg_conus_clim,53.275020599365234,29.761571884155277,18.1163272857666,1093.9080810546875,5349.35546875,47.14023831912797,692.235315861186,3199.4037227227577
22825947010497,41,2007,2017,10,pn,default,122.18701934814452,104.46490478515624,14.644128799438477,4000.6923828125,22009.228515625,110.70704828989884,2515.665287527922,13285.644863284539
22825947010497,41,2007,2017,10,pn,calibrated,122.34091186523438,104.66634368896484,14.639243125915527,4006.302978515625,22036.84765625,110.70704828989884,2515.665287527922,13285.644863284539
22825947010497,41,2007,2017,10,pn,hg_bayes,122.36209869384766,104.47723388671876,14.653753280639648,4245.30126953125,23498.14453125,110.70704828989884,2515.665287527922,13285.644863284539
22825947010497,41,2007,2017,10,pn,hg_organon,122.36209869384766,104.47723388671876,14.653753280639648,4245.30126953125,23498.14453125,110.70704828989884,2515.665287527922,13285.644863284539
22825947010497,41,2007,2017,10,pn,hg_conus_sp,122.35765075683594,104.47711944580078,14.653493881225586,4164.25244140625,22971.126953125,110.70704828989884,2515.665287527922,13285.644863284539
22825947010497,41,2007,2017,10,pn,hg_conus_clim,122.34835052490234,104.47642517089844,14.65298843383789,4159.03515625,22925.341796875,110.70704828989884,2515.665287527922,13285.644863284539
12904293010497,41,2005,2015,10,pn,default,54.05602645874024,65.53899383544922,12.29726505279541,833.2392578125,4068.036376953125,104.27111769789828,1589.649073592116,4671.377008079155
12904293010497,41,2005,2015,10,pn,calibrated,53.9066047668457,65.35895538330078,12.297157287597656,830.5962524414062,4054.81591796875,104.27111769789828,1589.649073592116,4671.377008079155
12904293010497,41,2005,2015,10,pn,hg_bayes,54.05602645874024,65.53899383544922,12.29726505279541,1103.0899658203125,5505.57568359375,104.27111769789828,1589.649073592116,4671.377008079155
12904293010497,41,2005,2015,10,pn,hg_organon,54.05602645874024,65.53899383544922,12.29726505279541,1103.0899658203125,5505.57568359375,104.27111769789828,1589.649073592116,4671.377008079155
12904293010497,41,2005,2015,10,pn,hg_conus_sp,54.05602645874024,65.53899383544922,12.29726505279541,1011.98486328125,4940.8818359375,104.27111769789828,1589.649073592116,4671.377008079155
12904293010497,41,2005,2015,10,pn,hg_conus_clim,54.05602645874024,65.53899383544922,12.29726505279541,1020.4423828125,4968.720703125,104.27111769789828,1589.649073592116,4671.377008079155
29880184010497,41,2009,2019,10,pn,default,173.57138061523438,188.481201171875,12.993956565856934,4464.51220703125,24615.15625,218.6290179197004,5035.9784579068,27556.008710398357
29880184010497,41,2009,2019,10,pn,calibrated,173.16656494140625,187.8914794921875,12.999146461486816,4455.115234375,24560.578125,218.6290179197004,5035.9784579068,27556.008710398357
29880184010497,41,2009,2019,10,pn,hg_bayes,173.54148864746094,188.4252014160156,12.99476146697998,5259.58154296875,30067.65625,218.6290179197004,5035.9784579068,27556.008710398357
29880184010497,41,2009,2019,10,pn,hg_organon,173.54148864746094,188.4252014160156,12.99476146697998,5259.58154296875,30067.65625,218.6290179197004,5035.9784579068,27556.008710398357
29880184010497,41,2009,2019,10,pn,hg_conus_sp,173.55126953125,188.4434814453125,12.994501113891602,4963.5224609375,28041.8515625,218.6290179197004,5035.9784579068,27556.008710398357
29880184010497,41,2009,2019,10,pn,hg_conus_clim,173.5516815185547,188.44422912597656,12.99449062347412,4935.6552734375,27914.55859375,218.6290179197004,5035.9784579068,27556.008710398357
41118801010497,41,2002,2012,10,pn,default,108.51786041259766,124.435791015625,12.644865036010742,3044.277099609375,17750.1171875,113.20516184480324,1850.806813322362,11275.87215388084
41118801010497,41,2002,2012,10,pn,calibrated,108.56725311279295,124.45808410644533,12.646611213684082,3046.324462890625,17763.76171875,113.20516184480324,1850.806813322362,11275.87215388084
41118801010497,41,2002,2012,10,pn,hg_bayes,108.51786041259766,124.435791015625,12.644865036010742,3124.111328125,18378.48828125,113.20516184480324,1850.806813322362,11275.87215388084
41118801010497,41,2002,2012,10,pn,hg_organon,108.51786041259766,124.435791015625,12.644865036010742,3124.111328125,18378.48828125,113.20516184480324,1850.806813322362,11275.87215388084
41118801010497,41,2002,2012,10,pn,hg_conus_sp,108.51786041259766,124.435791015625,12.644865036010742,3102.82861328125,18152.892578125,113.20516184480324,1850.806813322362,11275.87215388084
41118801010497,41,2002,2012,10,pn,hg_conus_clim,108.51786041259766,124.435791015625,12.644865036010742,3103.575927734375,18158.94921875,113.20516184480324,1850.806813322362,11275.87215388084
48202741010497,41,2011,2021,10,pn,default,100.26263427734376,11.777847290039062,39.50689697265625,4075.360107421875,27877.224609375,94.52522109184716,4402.732310002992,31268.20848596894
48202741010497,41,2011,2021,10,pn,calibrated,100.02932739257812,11.748717308044434,39.50979232788086,4066.26171875,27815.7265625,94.52522109184716,4402.732310002992,31268.20848596894
48202741010497,41,2011,2021,10,pn,hg_bayes,100.26263427734376,11.777847290039062,39.50689697265625,4374.04443359375,30305.591796875,94.52522109184716,4402.732310002992,31268.20848596894
48202741010497,41,2011,2021,10,pn,hg_organon,100.26263427734376,11.777847290039062,39.50689697265625,4374.04443359375,30305.591796875,94.52522109184716,4402.732310002992,31268.20848596894
48202741010497,41,2011,2021,10,pn,hg_conus_sp,100.26263427734376,11.777847290039062,39.50689697265625,4240.29638671875,29153.248046875,94.52522109184716,4402.732310002992,31268.20848596894
48202741010497,41,2011,2021,10,pn,hg_conus_clim,100.26263427734376,11.777847290039062,39.50689697265625,4289.98681640625,29618.2734375,94.52522109184716,4402.732310002992,31268.20848596894
8664028010901,41,2006,2016,10,pn,default,92.9918975830078,83.1205825805664,14.322029113769531,2383.823486328125,11938.689453125,,,
8664028010901,41,2006,2016,10,pn,calibrated,92.87454223632812,83.01725769042969,14.32189655303955,2380.609619140625,11922.1318359375,,,
8664028010901,41,2006,2016,10,pn,hg_bayes,93.40068817138672,83.11973571777344,14.35354709625244,2640.357177734375,13721.728515625,,,
8664028010901,41,2006,2016,10,pn,hg_organon,93.40068817138672,83.11973571777344,14.35354709625244,2640.357177734375,13721.728515625,,,
8664028010901,41,2006,2016,10,pn,hg_conus_sp,93.04743194580078,83.1204605102539,14.326315879821776,2506.69189453125,12887.3447265625,,,
8664028010901,41,2006,2016,10,pn,hg_conus_clim,93.10614013671876,83.1203384399414,14.330843925476074,2532.750732421875,12982.5439453125,,,
41118741010497,41,2002,2012,10,pn,default,161.2624969482422,237.52101135253903,11.157113075256348,5095.939453125,27611.521484375,114.07647878265756,2911.4100901449237,13134.71313666995
41118741010497,41,2002,2012,10,pn,calibrated,161.30233764648438,237.90045166015625,11.149591445922852,5094.642578125,27602.626953125,114.07647878265756,2911.4100901449237,13134.71313666995
41118741010497,41,2002,2012,10,pn,hg_bayes,161.3132781982422,237.5278167724609,11.158711433410645,5587.12451171875,30577.955078125,114.07647878265756,2911.4100901449237,13134.71313666995
41118741010497,41,2002,2012,10,pn,hg_organon,161.3132781982422,237.5278167724609,11.158711433410645,5587.12451171875,30577.955078125,114.07647878265756,2911.4100901449237,13134.71313666995
41118741010497,41,2002,2012,10,pn,hg_conus_sp,161.31427001953125,237.5277557373047,11.158745765686035,5160.97412109375,28059.935546875,114.07647878265756,2911.4100901449237,13134.71313666995
41118741010497,41,2002,2012,10,pn,hg_conus_clim,161.3142547607422,237.5277557373047,11.15874481201172,5186.47900390625,28161.330078125,114.07647878265756,2911.4100901449237,13134.71313666995
22954661010497,53,2007,2017,10,pn,default,78.1579818725586,55.43095779418945,16.07854652404785,3417.27587890625,21302.322265625,,,
22954661010497,53,2007,2017,10,pn,calibrated,77.83385467529297,55.18466567993164,16.08094024658203,3403.173583984375,21214.4453125,,,
22954661010497,53,2007,2017,10,pn,hg_bayes,78.29570007324219,55.430908203125,16.09271240234375,3865.138916015625,24303.52734375,,,
22954661010497,53,2007,2017,10,pn,hg_organon,78.29570007324219,55.430908203125,16.09271240234375,3865.138916015625,24303.52734375,,,
22954661010497,53,2007,2017,10,pn,hg_conus_sp,78.1579818725586,55.43095779418945,16.07854652404785,3417.27587890625,21302.322265625,,,
22954661010497,53,2007,2017,10,pn,hg_conus_clim,78.1579818725586,55.43095779418945,16.07854652404785,3417.27587890625,21302.322265625,,,
48205942010497,41,2011,2021,10,pn,default,178.58546447753906,289.2773742675781,10.639034271240234,5748.80419921875,30310.93359375,158.02099773160927,4002.85857623336,17720.164320088374
48205942010497,41,2011,2021,10,pn,calibrated,175.4324951171875,282.1112670898437,10.67778491973877,5640.29052734375,29763.26171875,158.02099773160927,4002.85857623336,17720.164320088374
48205942010497,41,2011,2021,10,pn,hg_bayes,178.63363647460938,289.2887878417969,10.640257835388184,6604.677734375,35580.62109375,158.02099773160927,4002.85857623336,17720.164320088374
48205942010497,41,2011,2021,10,pn,hg_organon,178.63363647460938,289.2887878417969,10.640257835388184,6604.677734375,35580.62109375,158.02099773160927,4002.85857623336,17720.164320088374
48205942010497,41,2011,2021,10,pn,hg_conus_sp,178.60594177246094,289.27642822265625,10.639659881591797,5944.30224609375,31543.158203125,158.02099773160927,4002.85857623336,17720.164320088374
48205942010497,41,2011,2021,10,pn,hg_conus_clim,178.60650634765625,289.27642822265625,10.639676094055176,5823.49755859375,30809.697265625,158.02099773160927,4002.85857623336,17720.164320088374
22953774010497,41,2007,2018,11,pn,default,108.33502960205078,147.66375732421875,11.598017692565918,1842.443359375,9205.669921875,,,
22953774010497,41,2007,2018,11,pn,calibrated,108.37812042236328,147.714599609375,11.59832763671875,1843.525634765625,9211.1923828125,,,
22953774010497,41,2007,2018,11,pn,hg_bayes,108.5697021484375,147.6820526123047,11.609854698181152,1983.6666259765625,9972.537109375,,,
22953774010497,41,2007,2018,11,pn,hg_organon,108.5697021484375,147.6820526123047,11.609854698181152,1983.6666259765625,9972.537109375,,,
22953774010497,41,2007,2018,11,pn,hg_conus_sp,108.5697021484375,147.6820526123047,11.609854698181152,1959.807373046875,9809.208984375,,,
22953774010497,41,2007,2018,11,pn,hg_conus_clim,108.5697021484375,147.6820526123047,11.609854698181152,1959.3038330078125,9801.65625,,,
22398665010497,53,2004,2014,10,pn,default,328.6466064453125,213.7089080810547,16.791500091552734,13437.763671875,78641.90625,256.4924861686404,11297.469459191849,71312.62911769742
22398665010497,53,2004,2014,10,pn,calibrated,326.31817626953125,210.91094970703125,16.842527389526367,13347.103515625,78131.0625,256.4924861686404,11297.469459191849,71312.62911769742
22398665010497,53,2004,2014,10,pn,hg_bayes,328.6466064453125,213.7089080810547,16.791500091552734,13760.0087890625,80642.265625,256.4924861686404,11297.469459191849,71312.62911769742
22398665010497,53,2004,2014,10,pn,hg_organon,328.6466064453125,213.7089080810547,16.791500091552734,13760.0087890625,80642.265625,256.4924861686404,11297.469459191849,71312.62911769742
22398665010497,53,2004,2014,10,pn,hg_conus_sp,328.6466064453125,213.7089080810547,16.791500091552734,13121.724609375,76578.3125,256.4924861686404,11297.469459191849,71312.62911769742
22398665010497,53,2004,2014,10,pn,hg_conus_clim,328.6466064453125,213.7089080810547,16.791500091552734,13106.0419921875,76555.6484375,256.4924861686404,11297.469459191849,71312.62911769742
22398757010497,53,2004,2014,10,pn,default,86.4150390625,111.17058563232422,11.938121795654297,1781.82861328125,8772.869140625,63.818093832944086,584.312078088812,1930.235981752444
22398757010497,53,2004,2014,10,pn,calibrated,86.31005096435547,110.9773178100586,11.941254615783691,1780.7635498046875,8769.4443359375,63.818093832944086,584.312078088812,1930.235981752444
22398757010497,53,2004,2014,10,pn,hg_bayes,86.53093719482422,111.16989135742188,11.946162223815918,1919.14892578125,9445.6259765625,63.818093832944086,584.312078088812,1930.235981752444
22398757010497,53,2004,2014,10,pn,hg_organon,86.53093719482422,111.16989135742188,11.946162223815918,1919.14892578125,9445.6259765625,63.818093832944086,584.312078088812,1930.235981752444
22398757010497,53,2004,2014,10,pn,hg_conus_sp,86.47852325439453,111.17017364501952,11.942529678344728,1814.1466064453125,8900.6962890625,63.818093832944086,584.312078088812,1930.235981752444
22398757010497,53,2004,2014,10,pn,hg_conus_clim,86.47852325439453,111.17017364501952,11.942529678344728,1796.9722900390625,8815.66015625,63.818093832944086,584.312078088812,1930.235981752444
41118335010497,41,2001,2011,10,pn,default,351.074951171875,46.51513671875,37.19967269897461,20924.146484375,151505.421875,327.8660097343697,20238.431643696465,149109.5160128979
41118335010497,41,2001,2011,10,pn,calibrated,348.1226806640625,45.31007385253906,37.53228759765625,20775.66015625,150550.234375,327.8660097343697,20238.431643696465,149109.5160128979
41118335010497,41,2001,2011,10,pn,hg_bayes,351.074951171875,46.51513671875,37.19967269897461,21021.94921875,152312.703125,327.8660097343697,20238.431643696465,149109.5160128979
41118335010497,41,2001,2011,10,pn,hg_organon,351.074951171875,46.51513671875,37.19967269897461,21021.94921875,152312.703125,327.8660097343697,20238.431643696465,149109.5160128979
41118335010497,41,2001,2011,10,pn,hg_conus_sp,351.074951171875,46.51513671875,37.19967269897461,20597.318359375,149004.71875,327.8660097343697,20238.431643696465,149109.5160128979
41118335010497,41,2001,2011,10,pn,hg_conus_clim,351.074951171875,46.51513671875,37.19967269897461,20703.1484375,149758.5625,327.8660097343697,20238.431643696465,149109.5160128979
29883030010497,41,2009,2019,10,pn,default,40.30161666870117,39.2848014831543,13.714665412902832,1114.777099609375,6608.59814453125,45.04543969506886,695.863217810424,3683.055647585002
29883030010497,41,2009,2019,10,pn,calibrated,40.323917388916016,39.314414978027344,13.713293075561523,1115.3406982421875,6611.75634765625,45.04543969506886,695.863217810424,3683.055647585002
29883030010497,41,2009,2019,10,pn,hg_bayes,40.30161666870117,39.2848014831543,13.714665412902832,1229.9912109375,7197.7607421875,45.04543969506886,695.863217810424,3683.055647585002
29883030010497,41,2009,2019,10,pn,hg_organon,40.30161666870117,39.2848014831543,13.714665412902832,1229.9912109375,7197.7607421875,45.04543969506886,695.863217810424,3683.055647585002
29883030010497,41,2009,2019,10,pn,hg_conus_sp,40.30161666870117,39.2848014831543,13.714665412902832,1221.2381591796875,7143.3857421875,45.04543969506886,695.863217810424,3683.055647585002
29883030010497,41,2009,2019,10,pn,hg_conus_clim,40.30161666870117,39.2848014831543,13.714665412902832,1221.4532470703125,7145.16650390625,45.04543969506886,695.863217810424,3683.055647585002
8630956010901,53,2006,2017,11,pn,default,186.4095001220703,207.9780120849609,12.819220542907717,6063.94921875,34194.48046875,168.0129749204461,6443.752770798538,35490.506478274045
8630956010901,53,2006,2017,11,pn,calibrated,184.68423461914065,204.2094268798828,12.876956939697266,6020.796875,33962.55078125,168.0129749204461,6443.752770798538,35490.506478274045
8630956010901,53,2006,2017,11,pn,hg_bayes,186.4095001220703,207.9780120849609,12.819220542907717,6518.109375,36808.44921875,168.0129749204461,6443.752770798538,35490.506478274045
8630956010901,53,2006,2017,11,pn,hg_organon,186.4095001220703,207.9780120849609,12.819220542907717,6518.109375,36808.44921875,168.0129749204461,6443.752770798538,35490.506478274045
8630956010901,53,2006,2017,11,pn,hg_conus_sp,186.4095001220703,207.9780120849609,12.819220542907717,6122.3505859375,34371.13671875,168.0129749204461,6443.752770798538,35490.506478274045
8630956010901,53,2006,2017,11,pn,hg_conus_clim,186.4095001220703,207.9780120849609,12.819220542907717,6027.5458984375,33829.6875,168.0129749204461,6443.752770798538,35490.506478274045
24890399010900,41,2004,2014,10,pn,default,157.95904541015625,28.29220199584961,31.994483947753903,6844.455078125,45622.3046875,165.66629187273534,7054.800725184956,49860.83297714346
24890399010900,41,2004,2014,10,pn,calibrated,156.89752197265625,28.022815704345703,32.039703369140625,6801.39208984375,45352.4296875,165.66629187273534,7054.800725184956,49860.83297714346
24890399010900,41,2004,2014,10,pn,hg_bayes,157.95904541015625,28.29220199584961,31.994483947753903,6643.64892578125,44145.078125,165.66629187273534,7054.800725184956,49860.83297714346
24890399010900,41,2004,2014,10,pn,hg_organon,157.95904541015625,28.29220199584961,31.994483947753903,6643.64892578125,44145.078125,165.66629187273534,7054.800725184956,49860.83297714346
24890399010900,41,2004,2014,10,pn,hg_conus_sp,157.95904541015625,28.29220199584961,31.994483947753903,6481.083984375,43051.671875,165.66629187273534,7054.800725184956,49860.83297714346
24890399010900,41,2004,2014,10,pn,hg_conus_clim,157.95904541015625,28.29220199584961,31.994483947753903,6864.3388671875,45771.6796875,165.66629187273534,7054.800725184956,49860.83297714346
22933260010497,53,2008,2018,10,pn,default,241.99215698242188,190.77267456054688,15.250313758850098,8118.12548828125,46183.12109375,,,
22933260010497,53,2008,2018,10,pn,calibrated,243.72946166992188,191.88987731933597,15.260346412658691,8180.08203125,46541.2890625,,,
22933260010497,53,2008,2018,10,pn,hg_bayes,241.99176025390625,190.77267456054688,15.250301361083984,8095.93798828125,46071.46875,,,
22933260010497,53,2008,2018,10,pn,hg_organon,241.99176025390625,190.77267456054688,15.250301361083984,8095.93798828125,46071.46875,,,
22933260010497,53,2008,2018,10,pn,hg_conus_sp,241.9921875,190.77267456054688,15.250314712524414,8043.5078125,45662.890625,,,
22933260010497,53,2008,2018,10,pn,hg_conus_clim,241.9918975830078,190.77267456054688,15.250306129455566,7972.45849609375,45265.40234375,,,
24503122010900,53,2003,2014,11,pn,default,216.1869659423828,182.15505981445312,14.751303672790527,6284.9091796875,34074.5859375,,,
24503122010900,53,2003,2014,11,pn,calibrated,216.0212554931641,181.92239379882807,14.75507640838623,6280.4541015625,34050.71875,,,
24503122010900,53,2003,2014,11,pn,hg_bayes,216.2204742431641,182.15499877929688,14.752450942993164,6598.841796875,35990.84765625,,,
24503122010900,53,2003,2014,11,pn,hg_organon,216.2204742431641,182.15499877929688,14.752450942993164,6598.841796875,35990.84765625,,,
24503122010900,53,2003,2014,11,pn,hg_conus_sp,216.1869659423828,182.15505981445312,14.751303672790527,6284.9091796875,34074.5859375,,,
24503122010900,53,2003,2014,11,pn,hg_conus_clim,216.1869659423828,182.15505981445312,14.751303672790527,6284.9091796875,34074.5859375,,,
24487694010900,53,2004,2013,9,pn,default,55.03246307373047,118.41477966308594,9.23087215423584,1506.164794921875,8027.0,44.22070937968073,1091.4400081069239,2718.599165226004
24487694010900,53,2004,2013,9,pn,calibrated,55.038856506347656,118.41832733154295,9.231271743774414,1506.4556884765625,8028.70654296875,44.22070937968073,1091.4400081069239,2718.599165226004
24487694010900,53,2004,2013,9,pn,hg_bayes,55.03246307373047,118.41477966308594,9.23087215423584,1661.766357421875,8988.037109375,44.22070937968073,1091.4400081069239,2718.599165226004
24487694010900,53,2004,2013,9,pn,hg_organon,55.03246307373047,118.41477966308594,9.23087215423584,1661.766357421875,8988.037109375,44.22070937968073,1091.4400081069239,2718.599165226004
24487694010900,53,2004,2013,9,pn,hg_conus_sp,55.03246307373047,118.41477966308594,9.23087215423584,1627.9444580078125,8814.685546875,44.22070937968073,1091.4400081069239,2718.599165226004
24487694010900,53,2004,2013,9,pn,hg_conus_clim,55.03246307373047,118.41477966308594,9.23087215423584,1522.7408447265625,8121.720703125,44.22070937968073,1091.4400081069239,2718.599165226004
40220665010497,53,2010,2020,10,pn,default,160.33981323242188,157.2876739501953,13.671298027038574,4456.201171875,24747.095703125,152.02406843656055,3391.931047377394,18315.827669388815
40220665010497,53,2010,2020,10,pn,calibrated,159.9641571044922,156.61790466308594,13.68443775177002,4451.65283203125,24727.99609375,152.02406843656055,3391.931047377394,18315.827669388815
40220665010497,53,2010,2020,10,pn,hg_bayes,160.48890686035156,157.29049682617188,13.677530288696287,4846.43310546875,27343.947265625,152.02406843656055,3391.931047377394,18315.827669388815
40220665010497,53,2010,2020,10,pn,hg_organon,160.48890686035156,157.29049682617188,13.677530288696287,4846.43310546875,27343.947265625,152.02406843656055,3391.931047377394,18315.827669388815
40220665010497,53,2010,2020,10,pn,hg_conus_sp,160.33981323242188,157.2876739501953,13.671298027038574,4574.87841796875,25613.5,152.02406843656055,3391.931047377394,18315.827669388815
40220665010497,53,2010,2020,10,pn,hg_conus_clim,160.33981323242188,157.2876739501953,13.671298027038574,4521.8046875,25282.37890625,152.02406843656055,3391.931047377394,18315.827669388815
24500127010900,53,2003,2013,10,pn,default,174.0880584716797,55.53194427490234,23.9744815826416,9534.6611328125,66499.5390625,,,
24500127010900,53,2003,2013,10,pn,calibrated,173.1532440185547,55.10475540161133,24.00252914428711,9484.515625,66165.2578125,,,
24500127010900,53,2003,2013,10,pn,hg_bayes,174.0880584716797,55.53194427490234,23.9744815826416,10120.3212890625,71031.5390625,,,
24500127010900,53,2003,2013,10,pn,hg_organon,174.0880584716797,55.53194427490234,23.9744815826416,10120.3212890625,71031.5390625,,,
24500127010900,53,2003,2013,10,pn,hg_conus_sp,174.0880584716797,55.53194427490234,23.9744815826416,9539.076171875,66556.046875,,,
24500127010900,53,2003,2013,10,pn,hg_conus_clim,174.0880584716797,55.53194427490234,23.9744815826416,9574.0458984375,66823.2109375,,,
29882027010497,41,2009,2019,10,pn,default,184.7709503173828,182.4612274169922,13.625982284545898,6445.00732421875,36845.47265625,103.2444659691406,2793.686489310108,15922.700087767742
29882027010497,41,2009,2019,10,pn,calibrated,185.0601348876953,183.0349273681641,13.615253448486328,6453.11865234375,36883.09375,103.2444659691406,2793.686489310108,15922.700087767742
29882027010497,41,2009,2019,10,pn,hg_bayes,184.7709503173828,182.4612274169922,13.625982284545898,6846.72509765625,39293.00390625,103.2444659691406,2793.686489310108,15922.700087767742
29882027010497,41,2009,2019,10,pn,hg_organon,184.7709503173828,182.4612274169922,13.625982284545898,6846.72509765625,39293.00390625,103.2444659691406,2793.686489310108,15922.700087767742
29882027010497,41,2009,2019,10,pn,hg_conus_sp,184.7709503173828,182.4612274169922,13.625982284545898,6703.20751953125,38375.59375,103.2444659691406,2793.686489310108,15922.700087767742
29882027010497,41,2009,2019,10,pn,hg_conus_clim,184.7709503173828,182.4612274169922,13.625982284545898,6681.1435546875,38250.6484375,103.2444659691406,2793.686489310108,15922.700087767742
24168311010900,53,2002,2012,10,pn,default,186.4553375244141,127.73841857910156,16.35923194885254,5155.72705078125,27817.62109375,144.22540258610985,2660.737562711762,12591.312596218577
24168311010900,53,2002,2012,10,pn,calibrated,185.7105407714844,126.99934387207033,16.37396240234375,5142.29052734375,27773.869140625,144.22540258610985,2660.737562711762,12591.312596218577
24168311010900,53,2002,2012,10,pn,hg_bayes,186.4553375244141,127.73841857910156,16.35923194885254,5360.72509765625,29100.755859375,144.22540258610985,2660.737562711762,12591.312596218577
24168311010900,53,2002,2012,10,pn,hg_organon,186.4553375244141,127.73841857910156,16.35923194885254,5360.72509765625,29100.755859375,144.22540258610985,2660.737562711762,12591.312596218577
24168311010900,53,2002,2012,10,pn,hg_conus_sp,186.4553375244141,127.73841857910156,16.35923194885254,4950.93017578125,26420.619140625,144.22540258610985,2660.737562711762,12591.312596218577
24168311010900,53,2002,2012,10,pn,hg_conus_clim,186.4553375244141,127.73841857910156,16.35923194885254,4949.88916015625,26500.791015625,144.22540258610985,2660.737562711762,12591.312596218577
22953922010497,41,2007,2016,9,pn,default,101.01334381103516,87.49586486816406,14.548959732055664,2255.70751953125,11005.822265625,121.1834396965014,2295.062881107436,11631.15116508304
22953922010497,41,2007,2016,9,pn,calibrated,100.69261932373048,87.20153045654297,14.550339698791504,2247.81787109375,10966.509765625,121.1834396965014,2295.062881107436,11631.15116508304
22953922010497,41,2007,2016,9,pn,hg_bayes,101.01334381103516,87.49586486816406,14.548959732055664,2234.3173828125,10917.7724609375,121.1834396965014,2295.062881107436,11631.15116508304
22953922010497,41,2007,2016,9,pn,hg_organon,101.01334381103516,87.49586486816406,14.548959732055664,2234.3173828125,10917.7724609375,121.1834396965014,2295.062881107436,11631.15116508304
22953922010497,41,2007,2016,9,pn,hg_conus_sp,101.01334381103516,87.49586486816406,14.548959732055664,2103.878662109375,10137.060546875,121.1834396965014,2295.062881107436,11631.15116508304
22953922010497,41,2007,2016,9,pn,hg_conus_clim,101.01334381103516,87.49586486816406,14.548959732055664,2094.246337890625,10103.763671875,121.1834396965014,2295.062881107436,11631.15116508304
12877596010497,41,2005,2015,10,pn,default,55.52657318115234,94.48099517822266,10.380406379699709,949.3231811523438,4225.28076171875,72.28634124634536,656.683335997334,1447.476215272704
12877596010497,41,2005,2015,10,pn,calibrated,55.565067291259766,94.60855102539062,10.37700653076172,949.9889526367188,4228.47998046875,72.28634124634536,656.683335997334,1447.476215272704
12877596010497,41,2005,2015,10,pn,hg_bayes,55.588985443115234,94.45243072509766,10.387812614440918,988.4154052734376,4444.677734375,72.28634124634536,656.683335997334,1447.476215272704
12877596010497,41,2005,2015,10,pn,hg_organon,55.588985443115234,94.45243072509766,10.387812614440918,988.4154052734376,4444.677734375,72.28634124634536,656.683335997334,1447.476215272704
12877596010497,41,2005,2015,10,pn,hg_conus_sp,55.59260559082031,94.4603042602539,10.38771629333496,984.5764770507812,4404.30419921875,72.28634124634536,656.683335997334,1447.476215272704
12877596010497,41,2005,2015,10,pn,hg_conus_clim,55.59295272827149,94.46102142333984,10.387709617614746,983.7183227539062,4391.37158203125,72.28634124634536,656.683335997334,1447.476215272704
22398482010497,53,2003,2014,11,pn,default,210.8222198486328,214.3225250244141,13.429525375366213,7509.79345703125,42828.8515625,74.25606027912133,2499.542965596744,14462.99668208639
22398482010497,53,2003,2014,11,pn,calibrated,209.65936279296875,212.2771453857422,13.45679759979248,7478.49169921875,42657.06640625,74.25606027912133,2499.542965596744,14462.99668208639
22398482010497,53,2003,2014,11,pn,hg_bayes,210.82211303710935,214.3225250244141,13.429521560668944,8420.537109375,48698.453125,74.25606027912133,2499.542965596744,14462.99668208639
22398482010497,53,2003,2014,11,pn,hg_organon,210.82211303710935,214.3225250244141,13.429521560668944,8420.537109375,48698.453125,74.25606027912133,2499.542965596744,14462.99668208639
22398482010497,53,2003,2014,11,pn,hg_conus_sp,210.8222503662109,214.3225250244141,13.429525375366213,7694.1923828125,43959.9609375,74.25606027912133,2499.542965596744,14462.99668208639
22398482010497,53,2003,2014,11,pn,hg_conus_clim,210.82223510742188,214.3225250244141,13.429525375366213,7650.88037109375,43702.3671875,74.25606027912133,2499.542965596744,14462.99668208639
41118491010497,41,2001,2011,10,pn,default,31.34882354736328,30.885269165039062,13.6417875289917,1423.716796875,9161.359375,50.25643135978071,1269.421872826,7091.815946057575
41118491010497,41,2001,2011,10,pn,calibrated,31.209623336791992,30.29092788696289,13.744351387023926,1419.393798828125,9135.5576171875,50.25643135978071,1269.421872826,7091.815946057575
41118491010497,41,2001,2011,10,pn,hg_bayes,31.34869766235352,30.885269165039062,13.641759872436523,1570.65234375,10117.1044921875,50.25643135978071,1269.421872826,7091.815946057575
41118491010497,41,2001,2011,10,pn,hg_organon,31.34869766235352,30.885269165039062,13.641759872436523,1570.65234375,10117.1044921875,50.25643135978071,1269.421872826,7091.815946057575
41118491010497,41,2001,2011,10,pn,hg_conus_sp,31.348827362060547,30.885269165039062,13.641788482666016,1431.1226806640625,9217.6435546875,50.25643135978071,1269.421872826,7091.815946057575
41118491010497,41,2001,2011,10,pn,hg_conus_clim,31.34864616394043,30.885269165039062,13.641748428344728,1561.1314697265625,10045.5224609375,50.25643135978071,1269.421872826,7091.815946057575
22953941010497,41,2007,2018,11,pn,default,164.6760711669922,42.24082565307617,26.73531723022461,8369.4228515625,55767.2578125,50.32050129405599,2369.4201198647042,16855.58100750645
22953941010497,41,2007,2018,11,pn,calibrated,164.28941345214844,42.24236297607422,26.703428268432617,8346.55859375,55609.29296875,50.32050129405599,2369.4201198647042,16855.58100750645
22953941010497,41,2007,2018,11,pn,hg_bayes,164.6760711669922,42.24082565307617,26.73531723022461,8407.7607421875,56115.28515625,50.32050129405599,2369.4201198647042,16855.58100750645
22953941010497,41,2007,2018,11,pn,hg_organon,164.6760711669922,42.24082565307617,26.73531723022461,8407.7607421875,56115.28515625,50.32050129405599,2369.4201198647042,16855.58100750645
22953941010497,41,2007,2018,11,pn,hg_conus_sp,164.6760711669922,42.24082565307617,26.73531723022461,8260.7060546875,54931.02734375,50.32050129405599,2369.4201198647042,16855.58100750645
22953941010497,41,2007,2018,11,pn,hg_conus_clim,164.6760711669922,42.24082565307617,26.73531723022461,8263.271484375,54960.33984375,50.32050129405599,2369.4201198647042,16855.58100750645
8651715010901,53,2006,2016,10,pn,default,160.8565673828125,171.29217529296875,13.121601104736328,5487.24560546875,28768.759765625,137.84931391041894,3731.554837842064,18846.50305233063
8651715010901,53,2006,2016,10,pn,calibrated,157.75025939941406,166.029052734375,13.19864273071289,5348.916015625,28021.0390625,137.84931391041894,3731.554837842064,18846.50305233063
8651715010901,53,2006,2016,10,pn,hg_bayes,161.21859741210938,171.2948455810547,13.136259078979492,6061.72265625,32274.63671875,137.84931391041894,3731.554837842064,18846.50305233063
8651715010901,53,2006,2016,10,pn,hg_organon,161.21859741210938,171.2948455810547,13.136259078979492,6061.72265625,32274.63671875,137.84931391041894,3731.554837842064,18846.50305233063
8651715010901,53,2006,2016,10,pn,hg_conus_sp,161.1486053466797,171.28843688964844,13.133651733398438,5696.03759765625,29896.44140625,137.84931391041894,3731.554837842064,18846.50305233063
8651715010901,53,2006,2016,10,pn,hg_conus_clim,161.17251586914062,171.28834533691406,13.134629249572754,5683.73388671875,29799.341796875,137.84931391041894,3731.554837842064,18846.50305233063
8634562010901,53,2006,2016,10,pn,default,107.85382080078124,104.30768585205078,13.768794059753418,3478.563720703125,19064.16796875,109.80859000028322,2045.477573385876,10255.122402130835
8634562010901,53,2006,2016,10,pn,calibrated,105.65655517578124,100.71326446533205,13.86887550354004,3399.10986328125,18640.6796875,109.80859000028322,2045.477573385876,10255.122402130835
8634562010901,53,2006,2016,10,pn,hg_bayes,108.47882080078124,104.30331420898438,13.80892276763916,3795.758056640625,21010.31640625,109.80859000028322,2045.477573385876,10255.122402130835
8634562010901,53,2006,2016,10,pn,hg_organon,108.47882080078124,104.30331420898438,13.80892276763916,3795.758056640625,21010.31640625,109.80859000028322,2045.477573385876,10255.122402130835
8634562010901,53,2006,2016,10,pn,hg_conus_sp,108.46556854248048,104.30331420898438,13.80807876586914,3566.301025390625,19694.962890625,109.80859000028322,2045.477573385876,10255.122402130835
8634562010901,53,2006,2016,10,pn,hg_conus_clim,108.47882080078124,104.30331420898438,13.80892276763916,3567.6005859375,19689.537109375,109.80859000028322,2045.477573385876,10255.122402130835
24538131010900,53,2003,2013,10,pn,default,102.38175201416016,37.68973922729492,22.31700897216797,3256.1220703125,19754.416015625,56.83016015088131,1277.724070572286,7293.945167378174
24538131010900,53,2003,2013,10,pn,calibrated,102.3072738647461,37.69703674316406,22.306730270385746,3254.97314453125,19749.25390625,56.83016015088131,1277.724070572286,7293.945167378174
24538131010900,53,2003,2013,10,pn,hg_bayes,102.38175201416016,37.68973922729492,22.31700897216797,3533.36181640625,21816.70703125,56.83016015088131,1277.724070572286,7293.945167378174
24538131010900,53,2003,2013,10,pn,hg_organon,102.38175201416016,37.68973922729492,22.31700897216797,3533.36181640625,21816.70703125,56.83016015088131,1277.724070572286,7293.945167378174
24538131010900,53,2003,2013,10,pn,hg_conus_sp,102.38175201416016,37.68973922729492,22.31700897216797,3388.30224609375,20704.8984375,56.83016015088131,1277.724070572286,7293.945167378174
24538131010900,53,2003,2013,10,pn,hg_conus_clim,102.38175201416016,37.68973922729492,22.31700897216797,3400.974365234375,20807.66015625,56.83016015088131,1277.724070572286,7293.945167378174
40403249010497,41,2010,2020,10,pn,default,19.77945327758789,24.388107299804688,12.194229125976562,326.8388977050781,1574.267578125,18.54935186595785,208.370187328672,777.850618597596
40403249010497,41,2010,2020,10,pn,calibrated,19.77945327758789,24.388107299804688,12.194229125976562,326.8388977050781,1574.267578125,18.54935186595785,208.370187328672,777.850618597596
40403249010497,41,2010,2020,10,pn,hg_bayes,19.77945327758789,24.388107299804688,12.194229125976562,326.8388977050781,1574.267578125,18.54935186595785,208.370187328672,777.850618597596
40403249010497,41,2010,2020,10,pn,hg_organon,19.77945327758789,24.388107299804688,12.194229125976562,326.8388977050781,1574.267578125,18.54935186595785,208.370187328672,777.850618597596
40403249010497,41,2010,2020,10,pn,hg_conus_sp,19.77945327758789,24.388107299804688,12.194229125976562,326.8388977050781,1574.267578125,18.54935186595785,208.370187328672,777.850618597596
40403249010497,41,2010,2020,10,pn,hg_conus_clim,19.77945327758789,24.388107299804688,12.194229125976562,326.8388977050781,1574.267578125,18.54935186595785,208.370187328672,777.850618597596
12815407010497,41,2005,2015,10,pn,default,8.0751314163208,17.852144241333008,9.10680103302002,108.74077606201172,517.7759399414062,25.926433912280697,161.588067693002,263.23426683772004
12815407010497,41,2005,2015,10,pn,calibrated,8.0751314163208,17.852144241333008,9.10680103302002,108.74077606201172,517.7759399414062,25.926433912280697,161.588067693002,263.23426683772004
12815407010497,41,2005,2015,10,pn,hg_bayes,8.0751314163208,17.852144241333008,9.10680103302002,108.74077606201172,517.7759399414062,25.926433912280697,161.588067693002,263.23426683772004
12815407010497,41,2005,2015,10,pn,hg_organon,8.0751314163208,17.852144241333008,9.10680103302002,108.74077606201172,517.7759399414062,25.926433912280697,161.588067693002,263.23426683772004
12815407010497,41,2005,2015,10,pn,hg_conus_sp,8.0751314163208,17.852144241333008,9.10680103302002,108.74077606201172,517.7759399414062,25.926433912280697,161.588067693002,263.23426683772004
12815407010497,41,2005,2015,10,pn,hg_conus_clim,8.0751314163208,17.852144241333008,9.10680103302002,108.74077606201172,517.7759399414062,25.926433912280697,161.588067693002,263.23426683772004
24484927010900,53,2003,2013,10,pn,default,57.89414596557617,83.39382934570312,11.282015800476074,1024.014892578125,4561.84033203125,76.07386464588897,1509.228705310502,6309.814789820398
24484927010900,53,2003,2013,10,pn,calibrated,57.89691162109375,83.32111358642578,11.287206649780272,1024.213623046875,4562.5029296875,76.07386464588897,1509.228705310502,6309.814789820398
24484927010900,53,2003,2013,10,pn,hg_bayes,58.39829635620117,83.39380645751953,11.33103370666504,1379.6640625,6630.72607421875,76.07386464588897,1509.228705310502,6309.814789820398
24484927010900,53,2003,2013,10,pn,hg_organon,58.39829635620117,83.39380645751953,11.33103370666504,1379.6640625,6630.72607421875,76.07386464588897,1509.228705310502,6309.814789820398
24484927010900,53,2003,2013,10,pn,hg_conus_sp,58.39829635620117,83.39380645751953,11.33103370666504,1274.58837890625,6038.4443359375,76.07386464588897,1509.228705310502,6309.814789820398
24484927010900,53,2003,2013,10,pn,hg_conus_clim,58.39829635620117,83.39380645751953,11.33103370666504,1246.265380859375,5892.05419921875,76.07386464588897,1509.228705310502,6309.814789820398
22954802010497,53,2007,2017,10,pn,default,144.70249938964844,252.92372131347656,10.24187469482422,5549.73828125,29169.71875,71.8248191434255,1239.9225589715882,4382.170581884636
22954802010497,53,2007,2017,10,pn,calibrated,142.2114715576172,246.86924743652344,10.277088165283203,5451.41943359375,28637.54296875,71.8248191434255,1239.9225589715882,4382.170581884636
22954802010497,53,2007,2017,10,pn,hg_bayes,144.8598175048828,252.9210662841797,10.247491836547852,5972.4716796875,31921.037109375,71.8248191434255,1239.9225589715882,4382.170581884636
22954802010497,53,2007,2017,10,pn,hg_organon,144.8598175048828,252.9210662841797,10.247491836547852,5972.4716796875,31921.037109375,71.8248191434255,1239.9225589715882,4382.170581884636
22954802010497,53,2007,2017,10,pn,hg_conus_sp,144.70249938964844,252.92372131347656,10.24187469482422,5727.810546875,30374.837890625,71.8248191434255,1239.9225589715882,4382.170581884636
22954802010497,53,2007,2017,10,pn,hg_conus_clim,144.70249938964844,252.92372131347656,10.24187469482422,5614.08056640625,29556.96484375,71.8248191434255,1239.9225589715882,4382.170581884636
48204211010497,53,2011,2021,10,pn,default,112.39801788330078,106.64629364013672,13.90089511871338,4190.7802734375,23235.8828125,61.70092590557052,1782.749057763392,10120.557829874291
48204211010497,53,2011,2021,10,pn,calibrated,112.6357650756836,106.9792022705078,13.893919944763184,4199.564453125,23284.15625,61.70092590557052,1782.749057763392,10120.557829874291
48204211010497,53,2011,2021,10,pn,hg_bayes,112.37140655517578,106.64442443847656,13.899369239807127,4135.29638671875,22898.275390625,61.70092590557052,1782.749057763392,10120.557829874291
48204211010497,53,2011,2021,10,pn,hg_organon,112.37140655517578,106.64442443847656,13.899369239807127,4135.29638671875,22898.275390625,61.70092590557052,1782.749057763392,10120.557829874291
48204211010497,53,2011,2021,10,pn,hg_conus_sp,112.29869842529295,106.63968658447266,13.895181655883787,4028.348388671875,22304.044921875,61.70092590557052,1782.749057763392,10120.557829874291
48204211010497,53,2011,2021,10,pn,hg_conus_clim,112.29869842529295,106.63968658447266,13.895181655883787,4025.10888671875,22272.87890625,61.70092590557052,1782.749057763392,10120.557829874291
24118813010900,41,2002,2012,10,pn,default,16.905364990234375,23.762189865112305,11.421031951904297,265.9664611816406,1156.6114501953125,,,
24118813010900,41,2002,2012,10,pn,calibrated,16.905364990234375,23.762189865112305,11.421031951904297,265.9664611816406,1156.6114501953125,,,
24118813010900,41,2002,2012,10,pn,hg_bayes,16.905364990234375,23.762189865112305,11.421031951904297,265.9664611816406,1156.6114501953125,,,
24118813010900,41,2002,2012,10,pn,hg_organon,16.905364990234375,23.762189865112305,11.421031951904297,265.9664611816406,1156.6114501953125,,,
24118813010900,41,2002,2012,10,pn,hg_conus_sp,16.905364990234375,23.762189865112305,11.421031951904297,265.9664611816406,1156.6114501953125,,,
24118813010900,41,2002,2012,10,pn,hg_conus_clim,16.905364990234375,23.762189865112305,11.421031951904297,265.9664611816406,1156.6114501953125,,,
24375333010900,41,2003,2013,10,pn,default,162.36338806152344,152.6824188232422,13.96322536468506,3778.82666015625,18348.615234375,129.14839275185346,3328.442340080274,15877.328152082559
24375333010900,41,2003,2013,10,pn,calibrated,161.57879638671875,151.69906616210938,13.974523544311523,3760.634765625,18260.830078125,129.14839275185346,3328.442340080274,15877.328152082559
24375333010900,41,2003,2013,10,pn,hg_bayes,162.44406127929688,152.68133544921875,13.966748237609863,4171.255859375,20870.013671875,129.14839275185346,3328.442340080274,15877.328152082559
24375333010900,41,2003,2013,10,pn,hg_organon,162.44406127929688,152.68133544921875,13.966748237609863,4171.255859375,20870.013671875,129.14839275185346,3328.442340080274,15877.328152082559
24375333010900,41,2003,2013,10,pn,hg_conus_sp,162.36338806152344,152.6824188232422,13.96322536468506,3702.9541015625,17828.2890625,129.14839275185346,3328.442340080274,15877.328152082559
24375333010900,41,2003,2013,10,pn,hg_conus_clim,162.36338806152344,152.6824188232422,13.96322536468506,3696.2041015625,17831.298828125,129.14839275185346,3328.442340080274,15877.328152082559
48202540010497,53,2011,2022,11,pn,default,147.56639099121094,148.8971710205078,13.479907035827637,4143.2744140625,22286.93359375,112.1889005795031,2327.2273623876517,11935.259662848624
48202540010497,53,2011,2022,11,pn,calibrated,146.49951171875,146.97093200683594,13.518816947937012,4117.57958984375,22153.646484375,112.1889005795031,2327.2273623876517,11935.259662848624
48202540010497,53,2011,2022,11,pn,hg_bayes,147.566162109375,148.8971710205078,13.479897499084473,4354.06396484375,23533.18359375,112.1889005795031,2327.2273623876517,11935.259662848624
48202540010497,53,2011,2022,11,pn,hg_organon,147.566162109375,148.8971710205078,13.479897499084473,4354.06396484375,23533.18359375,112.1889005795031,2327.2273623876517,11935.259662848624
48202540010497,53,2011,2022,11,pn,hg_conus_sp,147.55471801757812,148.89739990234375,13.47935962677002,3968.504150390625,21092.68359375,112.1889005795031,2327.2273623876517,11935.259662848624
48202540010497,53,2011,2022,11,pn,hg_conus_clim,147.55703735351562,148.8973388671875,13.479466438293455,4001.072509765625,21444.681640625,112.1889005795031,2327.2273623876517,11935.259662848624
23933855010900,41,2001,2011,10,pn,default,100.80828094482422,112.7994155883789,12.800621032714844,1848.776611328125,8830.57421875,67.97367745108235,1420.235049653212,7296.284480450406
23933855010900,41,2001,2011,10,pn,calibrated,100.66343688964844,112.69274139404295,12.797471046447754,1846.445068359375,8818.73828125,67.97367745108235,1420.235049653212,7296.284480450406
23933855010900,41,2001,2011,10,pn,hg_bayes,101.03316497802734,112.79854583740234,12.814935684204102,2079.89990234375,10224.7568359375,67.97367745108235,1420.235049653212,7296.284480450406
23933855010900,41,2001,2011,10,pn,hg_organon,101.03316497802734,112.79854583740234,12.814935684204102,2079.89990234375,10224.7568359375,67.97367745108235,1420.235049653212,7296.284480450406
23933855010900,41,2001,2011,10,pn,hg_conus_sp,101.00298309326172,112.79861450195312,12.81301975250244,1977.8330078125,9533.0654296875,67.97367745108235,1420.235049653212,7296.284480450406
23933855010900,41,2001,2011,10,pn,hg_conus_clim,101.02204895019533,112.79856872558594,12.814231872558594,1962.4915771484373,9458.70703125,67.97367745108235,1420.235049653212,7296.284480450406
24453619010900,41,2003,2013,10,pn,default,180.99237060546875,203.93307495117188,12.756237030029297,4113.62744140625,19856.99609375,159.51950996160846,4342.25799208769,20622.65542094362
24453619010900,41,2003,2013,10,pn,calibrated,179.7747039794922,202.20892333984372,12.767341613769531,4087.04638671875,19721.859375,159.51950996160846,4342.25799208769,20622.65542094362
24453619010900,41,2003,2013,10,pn,hg_bayes,180.99237060546875,203.93307495117188,12.756237030029297,4515.4755859375,22033.560546875,159.51950996160846,4342.25799208769,20622.65542094362
24453619010900,41,2003,2013,10,pn,hg_organon,180.99237060546875,203.93307495117188,12.756237030029297,4515.4755859375,22033.560546875,159.51950996160846,4342.25799208769,20622.65542094362
24453619010900,41,2003,2013,10,pn,hg_conus_sp,180.99237060546875,203.93307495117188,12.756237030029297,3908.578369140625,18548.66015625,159.51950996160846,4342.25799208769,20622.65542094362
24453619010900,41,2003,2013,10,pn,hg_conus_clim,180.99237060546875,203.93307495117188,12.756237030029297,3864.703369140625,18262.79296875,159.51950996160846,4342.25799208769,20622.65542094362
22931103010497,53,2008,2018,10,pn,default,253.96807861328125,170.8489990234375,16.508960723876953,9170.1435546875,50713.6875,3.213735434476024,0.0,0.0
22931103010497,53,2008,2018,10,pn,calibrated,250.4442901611328,167.10250854492188,16.5767879486084,9044.4306640625,50035.87109375,3.213735434476024,0.0,0.0
22931103010497,53,2008,2018,10,pn,hg_bayes,253.96807861328125,170.8489990234375,16.508960723876953,8922.34765625,48937.20703125,3.213735434476024,0.0,0.0
22931103010497,53,2008,2018,10,pn,hg_organon,253.96807861328125,170.8489990234375,16.508960723876953,8922.34765625,48937.20703125,3.213735434476024,0.0,0.0
22931103010497,53,2008,2018,10,pn,hg_conus_sp,253.94981384277344,170.85108947753906,16.50826072692871,8245.5234375,44670.25390625,3.213735434476024,0.0,0.0
22931103010497,53,2008,2018,10,pn,hg_conus_clim,253.94981384277344,170.85108947753906,16.50826072692871,8324.091796875,45209.0546875,3.213735434476024,0.0,0.0
40219276010497,41,2010,2021,11,pn,default,141.43701171875,257.2778015136719,10.039605140686035,4588.14599609375,24608.712890625,136.71994245451555,1897.382053755764,5798.820126179614
40219276010497,41,2010,2021,11,pn,calibrated,137.31521606445312,245.59466552734372,10.124794960021973,4463.62060546875,23964.15234375,136.71994245451555,1897.382053755764,5798.820126179614
40219276010497,41,2010,2021,11,pn,hg_bayes,141.49574279785156,257.27593994140625,10.041728019714355,5239.052734375,28569.15625,136.71994245451555,1897.382053755764,5798.820126179614
40219276010497,41,2010,2021,11,pn,hg_organon,141.49574279785156,257.27593994140625,10.041728019714355,5239.052734375,28569.15625,136.71994245451555,1897.382053755764,5798.820126179614
40219276010497,41,2010,2021,11,pn,hg_conus_sp,141.43701171875,257.2778015136719,10.039606094360352,4592.55224609375,24642.98046875,136.71994245451555,1897.382053755764,5798.820126179614
40219276010497,41,2010,2021,11,pn,hg_conus_clim,141.4958038330078,257.27593994140625,10.041728973388672,4881.17333984375,26510.43359375,136.71994245451555,1897.382053755764,5798.820126179614
29881428010497,41,2009,2019,10,pn,default,59.52302169799805,47.74983596801758,15.117947578430176,1473.1693115234375,7585.19970703125,49.79579298361599,873.186994201374,4386.695971935256
29881428010497,41,2009,2019,10,pn,calibrated,59.47151947021485,47.70569610595703,15.11839485168457,1472.5224609375,7581.314453125,49.79579298361599,873.186994201374,4386.695971935256
29881428010497,41,2009,2019,10,pn,hg_bayes,59.52302169799805,47.74983596801758,15.117947578430176,1576.2530517578125,8259.642578125,49.79579298361599,873.186994201374,4386.695971935256
29881428010497,41,2009,2019,10,pn,hg_organon,59.52302169799805,47.74983596801758,15.117947578430176,1576.2530517578125,8259.642578125,49.79579298361599,873.186994201374,4386.695971935256
29881428010497,41,2009,2019,10,pn,hg_conus_sp,59.52302169799805,47.74983596801758,15.117947578430176,1508.3695068359375,7882.44140625,49.79579298361599,873.186994201374,4386.695971935256
29881428010497,41,2009,2019,10,pn,hg_conus_clim,59.52302169799805,47.74983596801758,15.117947578430176,1504.0218505859375,7856.00439453125,49.79579298361599,873.186994201374,4386.695971935256
40220397010497,53,2010,2022,12,pn,default,234.8646545410156,308.2680358886719,11.819002151489258,6499.384765625,32772.2109375,203.7710277721121,5639.884398570852,25572.429403479335
40220397010497,53,2010,2022,12,pn,calibrated,234.7375030517578,309.0922241210937,11.800041198730469,6484.78466796875,32699.529296875,203.7710277721121,5639.884398570852,25572.429403479335
40220397010497,53,2010,2022,12,pn,hg_bayes,234.8646545410156,308.2680358886719,11.819002151489258,7555.62353515625,39074.953125,203.7710277721121,5639.884398570852,25572.429403479335
40220397010497,53,2010,2022,12,pn,hg_organon,234.8646545410156,308.2680358886719,11.819002151489258,7555.62353515625,39074.953125,203.7710277721121,5639.884398570852,25572.429403479335
40220397010497,53,2010,2022,12,pn,hg_conus_sp,234.8646545410156,308.2680358886719,11.819002151489258,6411.7490234375,32158.70703125,203.7710277721121,5639.884398570852,25572.429403479335
40220397010497,53,2010,2022,12,pn,hg_conus_clim,234.8646545410156,308.2680358886719,11.819002151489258,6405.79052734375,32142.732421875,203.7710277721121,5639.884398570852,25572.429403479335
24065771010900,41,2002,2012,10,pn,default,247.78468322753903,270.50604248046875,12.95939826965332,7436.392578125,38702.6171875,176.6992457120587,3264.215538527346,13730.718832912204
24065771010900,41,2002,2012,10,pn,calibrated,245.3225250244141,265.1124267578125,13.025368690490724,7356.677734375,38291.64453125,176.6992457120587,3264.215538527346,13730.718832912204
24065771010900,41,2002,2012,10,pn,hg_bayes,247.7820281982422,270.50604248046875,12.959330558776855,8031.5966796875,42119.8203125,176.6992457120587,3264.215538527346,13730.718832912204
24065771010900,41,2002,2012,10,pn,hg_organon,247.7820281982422,270.50604248046875,12.959330558776855,8031.5966796875,42119.8203125,176.6992457120587,3264.215538527346,13730.718832912204
24065771010900,41,2002,2012,10,pn,hg_conus_sp,247.78379821777344,270.50604248046875,12.959375381469728,7502.12158203125,39102.98828125,176.6992457120587,3264.215538527346,13730.718832912204
24065771010900,41,2002,2012,10,pn,hg_conus_clim,247.7847137451172,270.50604248046875,12.959400177001951,7461.63525390625,38869.89453125,176.6992457120587,3264.215538527346,13730.718832912204
29881992010497,41,2009,2019,10,pn,default,215.0976104736328,251.1480255126953,12.53110122680664,8117.18701171875,43474.3046875,172.23888618955013,6737.07578704147,34838.08895248843
29881992010497,41,2009,2019,10,pn,calibrated,211.1287078857422,243.82269287109372,12.600068092346191,7979.96142578125,42745.6015625,172.23888618955013,6737.07578704147,34838.08895248843
29881992010497,41,2009,2019,10,pn,hg_bayes,215.1260681152344,251.14352416992188,12.532042503356934,8413.673828125,45392.75390625,172.23888618955013,6737.07578704147,34838.08895248843
29881992010497,41,2009,2019,10,pn,hg_organon,215.1260681152344,251.14352416992188,12.532042503356934,8413.673828125,45392.75390625,172.23888618955013,6737.07578704147,34838.08895248843
29881992010497,41,2009,2019,10,pn,hg_conus_sp,215.0074920654297,251.15313720703125,12.528346061706545,7930.10693359375,42322.01953125,172.23888618955013,6737.07578704147,34838.08895248843
29881992010497,41,2009,2019,10,pn,hg_conus_clim,215.0788726806641,251.14691162109372,12.530577659606934,8059.4521484375,43159.62109375,172.23888618955013,6737.07578704147,34838.08895248843
48206580010497,41,2011,2021,10,pn,default,107.66404724121094,156.45785522460938,11.232412338256836,4168.43896484375,23200.939453125,136.05755131494968,2508.666726737566,10179.603479644009
48206580010497,41,2011,2021,10,pn,calibrated,104.2313232421875,149.3132781982422,11.313220977783203,4027.402099609375,22470.447265625,136.05755131494968,2508.666726737566,10179.603479644009
48206580010497,41,2011,2021,10,pn,hg_bayes,107.66404724121094,156.45785522460938,11.232412338256836,4640.40380859375,26133.650390625,136.05755131494968,2508.666726737566,10179.603479644009
48206580010497,41,2011,2021,10,pn,hg_organon,107.66404724121094,156.45785522460938,11.232412338256836,4640.40380859375,26133.650390625,136.05755131494968,2508.666726737566,10179.603479644009
48206580010497,41,2011,2021,10,pn,hg_conus_sp,107.66404724121094,156.45785522460938,11.232412338256836,4264.88818359375,23865.494140625,136.05755131494968,2508.666726737566,10179.603479644009
48206580010497,41,2011,2021,10,pn,hg_conus_clim,107.66404724121094,156.45785522460938,11.232412338256836,4196.515625,23348.197265625,136.05755131494968,2508.666726737566,10179.603479644009
29882463010497,41,2009,2019,10,pn,default,65.36493682861328,190.4174652099609,7.933328628540039,2074.771240234375,10741.1201171875,57.47614511231202,745.659688735838,1367.69748295784
29882463010497,41,2009,2019,10,pn,calibrated,62.80828475952149,182.04444885253903,7.953457355499268,1994.9644775390625,10321.052734375,57.47614511231202,745.659688735838,1367.69748295784
29882463010497,41,2009,2019,10,pn,hg_bayes,65.37474822998047,190.418212890625,7.93390941619873,2292.027099609375,12030.978515625,57.47614511231202,745.659688735838,1367.69748295784
29882463010497,41,2009,2019,10,pn,hg_organon,65.37474822998047,190.418212890625,7.93390941619873,2292.027099609375,12030.978515625,57.47614511231202,745.659688735838,1367.69748295784
29882463010497,41,2009,2019,10,pn,hg_conus_sp,65.36493682861328,190.4174652099609,7.933328628540039,2074.771240234375,10741.1201171875,57.47614511231202,745.659688735838,1367.69748295784
29882463010497,41,2009,2019,10,pn,hg_conus_clim,65.36493682861328,190.4174652099609,7.933328628540039,2074.771240234375,10741.1201171875,57.47614511231202,745.659688735838,1367.69748295784
29883473010497,53,2009,2019,10,pn,default,231.55224609375,226.19631958007807,13.699917793273926,9509.45703125,53435.55078125,204.09649140085048,7128.99223142114,39540.268515474876
29883473010497,53,2009,2019,10,pn,calibrated,230.24278259277344,224.73129272460935,13.70557975769043,9428.5380859375,52994.95703125,204.09649140085048,7128.99223142114,39540.268515474876
29883473010497,53,2009,2019,10,pn,hg_bayes,231.55191040039065,226.19631958007807,13.699909210205078,9611.1279296875,53871.62109375,204.09649140085048,7128.99223142114,39540.268515474876
29883473010497,53,2009,2019,10,pn,hg_organon,231.55191040039065,226.19631958007807,13.699909210205078,9611.1279296875,53871.62109375,204.09649140085048,7128.99223142114,39540.268515474876
29883473010497,53,2009,2019,10,pn,hg_conus_sp,231.5538330078125,226.19631958007807,13.699965476989746,9275.640625,51906.890625,204.09649140085048,7128.99223142114,39540.268515474876
29883473010497,53,2009,2019,10,pn,hg_conus_clim,231.55221557617188,226.19631958007807,13.69991683959961,9224.193359375,51548.45703125,204.09649140085048,7128.99223142114,39540.268515474876
22954712010497,53,2007,2017,10,pn,default,102.34900665283205,58.3350715637207,17.935487747192383,3234.678955078125,17956.732421875,80.00167586566626,2218.701085998874,12697.249224857711
22954712010497,53,2007,2017,10,pn,calibrated,102.06246185302734,58.1273307800293,17.94234275817871,3227.193603515625,17920.326171875,80.00167586566626,2218.701085998874,12697.249224857711
22954712010497,53,2007,2017,10,pn,hg_bayes,102.34900665283205,58.3350715637207,17.935487747192383,3252.581298828125,18011.568359375,80.00167586566626,2218.701085998874,12697.249224857711
22954712010497,53,2007,2017,10,pn,hg_organon,102.34900665283205,58.3350715637207,17.935487747192383,3252.581298828125,18011.568359375,80.00167586566626,2218.701085998874,12697.249224857711
22954712010497,53,2007,2017,10,pn,hg_conus_sp,102.34900665283205,58.3350715637207,17.935487747192383,3049.643798828125,16639.169921875,80.00167586566626,2218.701085998874,12697.249224857711
22954712010497,53,2007,2017,10,pn,hg_conus_clim,102.34900665283205,58.3350715637207,17.935487747192383,3053.45947265625,16658.345703125,80.00167586566626,2218.701085998874,12697.249224857711
30852450020004,53,2012,2022,10,pn,default,215.95216369628903,306.8458557128906,11.359392166137695,5520.43359375,28042.10546875,186.6500658913544,3462.761856468932,11663.447543887152
30852450020004,53,2012,2022,10,pn,calibrated,214.08004760742188,302.485595703125,11.391267776489258,5479.205078125,27828.630859375,186.6500658913544,3462.761856468932,11663.447543887152
30852450020004,53,2012,2022,10,pn,hg_bayes,215.95216369628903,306.8458557128906,11.359392166137695,6029.06689453125,31268.953125,186.6500658913544,3462.761856468932,11663.447543887152
30852450020004,53,2012,2022,10,pn,hg_organon,215.95216369628903,306.8458557128906,11.359392166137695,6029.06689453125,31268.953125,186.6500658913544,3462.761856468932,11663.447543887152
30852450020004,53,2012,2022,10,pn,hg_conus_sp,215.95216369628903,306.8458557128906,11.359392166137695,5437.392578125,27607.611328125,186.6500658913544,3462.761856468932,11663.447543887152
30852450020004,53,2012,2022,10,pn,hg_conus_clim,215.95216369628903,306.8458557128906,11.359392166137695,5304.359375,26848.6953125,186.6500658913544,3462.761856468932,11663.447543887152
41118896010497,41,2003,2012,9,pn,default,102.3193817138672,162.744384765625,10.736485481262209,2209.794189453125,12031.53515625,144.53363172808963,1526.649714915472,7057.358054586505
41118896010497,41,2003,2012,9,pn,calibrated,102.525146484375,163.5908966064453,10.719436645507812,2212.244384765625,12041.607421875,144.53363172808963,1526.649714915472,7057.358054586505
41118896010497,41,2003,2012,9,pn,hg_bayes,102.30958557128906,162.63629150390625,10.73953914642334,2445.823486328125,13716.8564453125,144.53363172808963,1526.649714915472,7057.358054586505
41118896010497,41,2003,2012,9,pn,hg_organon,102.30958557128906,162.63629150390625,10.73953914642334,2445.823486328125,13716.8564453125,144.53363172808963,1526.649714915472,7057.358054586505
41118896010497,41,2003,2012,9,pn,hg_conus_sp,102.2919921875,162.66773986816406,10.737579345703123,2382.699462890625,13197.880859375,144.53363172808963,1526.649714915472,7057.358054586505
41118896010497,41,2003,2012,9,pn,hg_conus_clim,102.2882843017578,162.6573944091797,10.737723350524902,2398.828369140625,13333.6923828125,144.53363172808963,1526.649714915472,7057.358054586505
25115282010900,41,2004,2014,10,pn,default,58.2244873046875,109.7607192993164,9.862013816833496,1851.5374755859373,9569.1953125,48.94125551514139,1006.095600291834,4251.194292130178
25115282010900,41,2004,2014,10,pn,calibrated,57.22126770019531,107.14505004882812,9.895298957824709,1820.1890869140625,9400.41796875,48.94125551514139,1006.095600291834,4251.194292130178
25115282010900,41,2004,2014,10,pn,hg_bayes,58.24118041992188,109.76221466064452,9.863361358642578,2099.555908203125,10914.1142578125,48.94125551514139,1006.095600291834,4251.194292130178
25115282010900,41,2004,2014,10,pn,hg_organon,58.24118041992188,109.76221466064452,9.863361358642578,2099.555908203125,10914.1142578125,48.94125551514139,1006.095600291834,4251.194292130178
25115282010900,41,2004,2014,10,pn,hg_conus_sp,58.2244873046875,109.7607192993164,9.862013816833496,1861.5714111328125,9598.7080078125,48.94125551514139,1006.095600291834,4251.194292130178
25115282010900,41,2004,2014,10,pn,hg_conus_clim,58.2244873046875,109.7607192993164,9.862013816833496,1861.5714111328125,9598.7080078125,48.94125551514139,1006.095600291834,4251.194292130178
29395038010497,41,2008,2018,10,pn,default,130.7579345703125,128.82716369628906,13.641640663146973,4087.873779296875,23209.01171875,123.73605418904717,3240.03498374434,18775.994143100288
29395038010497,41,2008,2018,10,pn,calibrated,130.24720764160156,128.19602966308594,13.64844799041748,4072.885009765625,23128.4140625,123.73605418904717,3240.03498374434,18775.994143100288
29395038010497,41,2008,2018,10,pn,hg_bayes,130.86456298828125,128.82704162597656,13.647207260131836,4894.7919921875,28434.080078125,123.73605418904717,3240.03498374434,18775.994143100288
29395038010497,41,2008,2018,10,pn,hg_organon,130.86456298828125,128.82704162597656,13.647207260131836,4894.7919921875,28434.080078125,123.73605418904717,3240.03498374434,18775.994143100288
29395038010497,41,2008,2018,10,pn,hg_conus_sp,130.78160095214844,128.82711791992188,13.642877578735352,4323.6494140625,24792.08203125,123.73605418904717,3240.03498374434,18775.994143100288
29395038010497,41,2008,2018,10,pn,hg_conus_clim,130.79843139648438,128.82708740234375,13.643756866455078,4183.591796875,23859.900390625,123.73605418904717,3240.03498374434,18775.994143100288
24840602010900,53,2004,2014,10,pn,default,180.47732543945312,94.1083984375,18.751388549804688,7949.80859375,49852.78125,114.5108112044484,4178.12296317914,26685.59962877431
24840602010900,53,2004,2014,10,pn,calibrated,179.88815307617188,93.8203125,18.74947738647461,7918.421875,49649.10546875,114.5108112044484,4178.12296317914,26685.59962877431
24840602010900,53,2004,2014,10,pn,hg_bayes,180.47732543945312,94.1083984375,18.751388549804688,8691.0419921875,55141.3046875,114.5108112044484,4178.12296317914,26685.59962877431
24840602010900,53,2004,2014,10,pn,hg_organon,180.47732543945312,94.1083984375,18.751388549804688,8691.0419921875,55141.3046875,114.5108112044484,4178.12296317914,26685.59962877431
24840602010900,53,2004,2014,10,pn,hg_conus_sp,180.47732543945312,94.1083984375,18.751388549804688,7899.55859375,49487.64453125,114.5108112044484,4178.12296317914,26685.59962877431
24840602010900,53,2004,2014,10,pn,hg_conus_clim,180.47732543945312,94.1083984375,18.751388549804688,7928.4384765625,49725.19140625,114.5108112044484,4178.12296317914,26685.59962877431
22953775010497,41,2007,2017,10,pn,default,132.59817504882812,85.41483306884766,16.87091064453125,5006.5751953125,29520.826171875,115.63733274489547,2986.9290570422,17635.568688207288
22953775010497,41,2007,2017,10,pn,calibrated,132.67056274414062,85.49142456054688,16.867950439453125,5008.869140625,29534.291015625,115.63733274489547,2986.9290570422,17635.568688207288
22953775010497,41,2007,2017,10,pn,hg_bayes,132.59779357910156,85.41483306884766,16.870885848999023,5499.8642578125,32869.35546875,115.63733274489547,2986.9290570422,17635.568688207288
22953775010497,41,2007,2017,10,pn,hg_organon,132.59779357910156,85.41483306884766,16.870885848999023,5499.8642578125,32869.35546875,115.63733274489547,2986.9290570422,17635.568688207288
22953775010497,41,2007,2017,10,pn,hg_conus_sp,132.59823608398438,85.41483306884766,16.870914459228516,5085.1943359375,30170.58984375,115.63733274489547,2986.9290570422,17635.568688207288
22953775010497,41,2007,2017,10,pn,hg_conus_clim,132.59779357910156,85.41483306884766,16.870885848999023,5441.86083984375,32561.4140625,115.63733274489547,2986.9290570422,17635.568688207288
30852231020004,41,2012,2022,10,pn,default,123.49849700927734,67.88545227050781,18.263280868530277,3913.208251953125,22321.0546875,96.04553036779636,2685.871843211012,15216.286884927893
30852231020004,41,2012,2022,10,pn,calibrated,123.245849609375,67.71463775634766,18.26758575439453,3906.267822265625,22284.73828125,96.04553036779636,2685.871843211012,15216.286884927893
30852231020004,41,2012,2022,10,pn,hg_bayes,123.63114166259766,67.88522338867188,18.27311515808105,4255.623046875,24782.236328125,96.04553036779636,2685.871843211012,15216.286884927893
30852231020004,41,2012,2022,10,pn,hg_organon,123.63114166259766,67.88522338867188,18.27311515808105,4255.623046875,24782.236328125,96.04553036779636,2685.871843211012,15216.286884927893
30852231020004,41,2012,2022,10,pn,hg_conus_sp,123.63114166259766,67.88522338867188,18.27311515808105,4016.704345703125,23122.18359375,96.04553036779636,2685.871843211012,15216.286884927893
30852231020004,41,2012,2022,10,pn,hg_conus_clim,123.63114166259766,67.88522338867188,18.27311515808105,4018.8916015625,23176.232421875,96.04553036779636,2685.871843211012,15216.286884927893
22398511010497,53,2003,2013,10,pn,default,144.268310546875,193.09088134765625,11.704177856445312,4223.6220703125,21578.185546875,16.061201315990466,266.969589117244,1273.83265240336
22398511010497,53,2003,2013,10,pn,calibrated,141.46929931640625,186.98483276367188,11.777799606323242,4134.71826171875,21110.81640625,16.061201315990466,266.969589117244,1273.83265240336
22398511010497,53,2003,2013,10,pn,hg_bayes,145.1731414794922,193.0848846435547,11.74100399017334,4682.01025390625,24435.177734375,16.061201315990466,266.969589117244,1273.83265240336
22398511010497,53,2003,2013,10,pn,hg_organon,145.1731414794922,193.0848846435547,11.74100399017334,4682.01025390625,24435.177734375,16.061201315990466,266.969589117244,1273.83265240336
22398511010497,53,2003,2013,10,pn,hg_conus_sp,144.9169921875,193.08653259277344,11.730594635009766,4436.45166015625,22870.62109375,16.061201315990466,266.969589117244,1273.83265240336
22398511010497,53,2003,2013,10,pn,hg_conus_clim,144.961669921875,193.08621215820312,11.73241138458252,4417.8974609375,22715.849609375,16.061201315990466,266.969589117244,1273.83265240336
8616710010901,53,2006,2016,10,pn,default,8.465301513671875,11.858508110046388,11.440433502197266,143.33221435546875,651.9872436523438,73.70745753642817,1313.4119096464499,2256.370185342966
8616710010901,53,2006,2016,10,pn,calibrated,8.424150466918945,11.805583953857422,11.43814468383789,142.66688537597656,649.0394287109375,73.70745753642817,1313.4119096464499,2256.370185342966
8616710010901,53,2006,2016,10,pn,hg_bayes,8.465301513671875,11.858508110046388,11.440433502197266,142.58645629882812,662.6346435546875,73.70745753642817,1313.4119096464499,2256.370185342966
8616710010901,53,2006,2016,10,pn,hg_organon,8.465301513671875,11.858508110046388,11.440433502197266,142.58645629882812,662.6346435546875,73.70745753642817,1313.4119096464499,2256.370185342966
8616710010901,53,2006,2016,10,pn,hg_conus_sp,8.465301513671875,11.858508110046388,11.440433502197266,122.0960693359375,476.86181640625,73.70745753642817,1313.4119096464499,2256.370185342966
8616710010901,53,2006,2016,10,pn,hg_conus_clim,8.465301513671875,11.858508110046388,11.440433502197266,142.1521453857422,640.1864624023438,73.70745753642817,1313.4119096464499,2256.370185342966
12980723010497,53,2005,2015,10,pn,default,118.29598999023438,48.57291030883789,21.13120460510254,4818.9482421875,29751.931640625,111.7271834727972,4454.628181174776,28952.750090093516
12980723010497,53,2005,2015,10,pn,calibrated,118.31449127197266,48.62165069580078,21.12225914001465,4820.89453125,29763.080078125,111.7271834727972,4454.628181174776,28952.750090093516
12980723010497,53,2005,2015,10,pn,hg_bayes,118.38409423828124,48.57270431518555,21.13911247253418,5189.5458984375,32593.361328125,111.7271834727972,4454.628181174776,28952.750090093516
12980723010497,53,2005,2015,10,pn,hg_organon,118.38409423828124,48.57270431518555,21.13911247253418,5189.5458984375,32593.361328125,111.7271834727972,4454.628181174776,28952.750090093516
12980723010497,53,2005,2015,10,pn,hg_conus_sp,118.29598999023438,48.57291030883789,21.13120460510254,5062.24951171875,31668.544921875,111.7271834727972,4454.628181174776,28952.750090093516
12980723010497,53,2005,2015,10,pn,hg_conus_clim,118.3227996826172,48.57283020019531,21.13361549377441,5090.951171875,31878.77734375,111.7271834727972,4454.628181174776,28952.750090093516
22932352010497,41,2008,2018,10,pn,default,230.50274658203125,76.94522857666016,23.43600082397461,8637.9560546875,54605.140625,213.5816913198312,7633.174525546696,50631.644703121616
22932352010497,41,2008,2018,10,pn,calibrated,229.2117462158203,75.80885314941406,23.544788360595703,8597.28515625,54368.796875,213.5816913198312,7633.174525546696,50631.644703121616
22932352010497,41,2008,2018,10,pn,hg_bayes,230.50274658203125,76.94522857666016,23.43600082397461,8882.650390625,56218.9453125,213.5816913198312,7633.174525546696,50631.644703121616
22932352010497,41,2008,2018,10,pn,hg_organon,230.50274658203125,76.94522857666016,23.43600082397461,8882.650390625,56218.9453125,213.5816913198312,7633.174525546696,50631.644703121616
22932352010497,41,2008,2018,10,pn,hg_conus_sp,230.50274658203125,76.94522857666016,23.43600082397461,8429.86328125,53055.02734375,213.5816913198312,7633.174525546696,50631.644703121616
22932352010497,41,2008,2018,10,pn,hg_conus_clim,230.50274658203125,76.94522857666016,23.43600082397461,8424.4033203125,53081.19921875,213.5816913198312,7633.174525546696,50631.644703121616
22954447010497,53,2007,2017,10,pn,default,135.65171813964844,185.53306579589844,11.578129768371582,3469.14453125,17805.712890625,145.43383133807296,2481.188067666818,10280.305264972449
22954447010497,53,2007,2017,10,pn,calibrated,135.13343811035156,184.96177673339844,11.57381820678711,3453.6552734375,17725.416015625,145.43383133807296,2481.188067666818,10280.305264972449
22954447010497,53,2007,2017,10,pn,hg_bayes,135.69497680664062,185.5328826904297,11.579978942871094,4197.11669921875,22293.947265625,145.43383133807296,2481.188067666818,10280.305264972449
22954447010497,53,2007,2017,10,pn,hg_organon,135.69497680664062,185.5328826904297,11.579978942871094,4197.11669921875,22293.947265625,145.43383133807296,2481.188067666818,10280.305264972449
22954447010497,53,2007,2017,10,pn,hg_conus_sp,135.65194702148438,185.53306579589844,11.578137397766112,3520.18896484375,18161.900390625,145.43383133807296,2481.188067666818,10280.305264972449
22954447010497,53,2007,2017,10,pn,hg_conus_clim,135.65199279785156,185.53306579589844,11.578139305114746,3526.138427734375,18189.125,145.43383133807296,2481.188067666818,10280.305264972449
41119523010497,41,2004,2014,10,pn,default,143.14663696289062,184.7525177001953,11.91877555847168,4133.1494140625,22363.3125,127.60611481805292,2564.683469195272,12387.601045407631
41119523010497,41,2004,2014,10,pn,calibrated,143.31341552734375,185.21360778808597,11.910865783691406,4136.39111328125,22378.375,127.60611481805292,2564.683469195272,12387.601045407631
41119523010497,41,2004,2014,10,pn,hg_bayes,143.75030517578125,184.78103637695312,11.942959785461426,4327.81396484375,23721.0234375,127.60611481805292,2564.683469195272,12387.601045407631
41119523010497,41,2004,2014,10,pn,hg_organon,143.75030517578125,184.78103637695312,11.942959785461426,4327.81396484375,23721.0234375,127.60611481805292,2564.683469195272,12387.601045407631
41119523010497,41,2004,2014,10,pn,hg_conus_sp,143.24899291992188,184.7639617919922,11.922667503356934,4178.5927734375,22748.740234375,127.60611481805292,2564.683469195272,12387.601045407631
41119523010497,41,2004,2014,10,pn,hg_conus_clim,143.36898803710938,184.75962829589844,11.92780303955078,4195.021484375,22846.10546875,127.60611481805292,2564.683469195272,12387.601045407631
22826974010497,53,2008,2017,9,pn,default,206.10406494140625,159.3826141357422,15.397814750671388,6821.42724609375,37887.359375,187.0422401354961,5614.585544146112,31902.721938576655
22826974010497,53,2008,2017,9,pn,calibrated,206.1710662841797,159.6255340576172,15.388593673706056,6826.24658203125,37912.5,187.0422401354961,5614.585544146112,31902.721938576655
22826974010497,53,2008,2017,9,pn,hg_bayes,206.10406494140625,159.3826141357422,15.397814750671388,7279.56201171875,40793.05859375,187.0422401354961,5614.585544146112,31902.721938576655
22826974010497,53,2008,2017,9,pn,hg_organon,206.10406494140625,159.3826141357422,15.397814750671388,7279.56201171875,40793.05859375,187.0422401354961,5614.585544146112,31902.721938576655
22826974010497,53,2008,2017,9,pn,hg_conus_sp,206.10406494140625,159.3826141357422,15.397814750671388,7055.10595703125,39297.921875,187.0422401354961,5614.585544146112,31902.721938576655
22826974010497,53,2008,2017,9,pn,hg_conus_clim,206.10406494140625,159.3826141357422,15.397814750671388,7048.15234375,39260.3046875,187.0422401354961,5614.585544146112,31902.721938576655
