PLOT,STATE,MEASYEAR1,MEASYEAR2,PERIOD_YR,variant,config,BA_PRED,TPA_PRED,QMD_PRED,MCuFt_PRED,BdFt_PRED,BA_OBS
160402106010854,28,1987,1994,7,sn,default,75.16644287109375,120.0575180053711,10.714048385620117,1800.1763916015625,4970.00634765625,86.86206594692871
160402106010854,28,1987,1994,7,sn,calibrated,74.73302459716797,119.04593658447266,10.728408813476562,1791.9036865234375,4960.40380859375,86.86206594692871
160402106010854,28,1987,1994,7,sn,hg_bayes,75.16887664794922,120.0575180053711,10.71422290802002,2304.752197265625,6170.54150390625,86.86206594692871
160402106010854,28,1987,1994,7,sn,hg_organon,75.16887664794922,120.0575180053711,10.71422290802002,2304.752197265625,6170.54150390625,86.86206594692871
160402106010854,28,1987,1994,7,sn,hg_conus_sp,75.098876953125,120.05755615234375,10.709228515625,2074.314697265625,5812.44580078125,86.86206594692871
160402106010854,28,1987,1994,7,sn,hg_conus_clim,75.16644287109375,120.0575180053711,10.714048385620117,1800.1763916015625,4970.00634765625,86.86206594692871
59488841010478,5,2000,2009,9,sn,default,111.13861083984375,191.7384033203125,10.30894660949707,2985.5615234375,7889.9873046875,134.2259896144072
59488841010478,5,2000,2009,9,sn,calibrated,109.87551879882812,188.4905242919922,10.338132858276367,2956.62548828125,7852.3935546875,134.2259896144072
59488841010478,5,2000,2009,9,sn,hg_bayes,111.20408630371094,191.73812866210938,10.311988830566406,3630.911865234375,9420.9765625,134.2259896144072
59488841010478,5,2000,2009,9,sn,hg_organon,111.20408630371094,191.73812866210938,10.311988830566406,3630.911865234375,9420.9765625,134.2259896144072
59488841010478,5,2000,2009,9,sn,hg_conus_sp,111.13211059570312,191.73837280273438,10.308648109436035,3327.0654296875,8937.1015625,134.2259896144072
59488841010478,5,2000,2009,9,sn,hg_conus_clim,111.03424072265625,191.73861694335938,10.304089546203613,3290.86376953125,9153.009765625,134.2259896144072
59384210010478,5,2000,2009,9,sn,default,83.30310821533203,98.719970703125,12.438398361206055,2262.553466796875,9233.6806640625,20.073953487801226
59384210010478,5,2000,2009,9,sn,calibrated,80.96888732910156,94.71681213378906,12.519352912902832,2202.830078125,9146.8857421875,20.073953487801226
59384210010478,5,2000,2009,9,sn,hg_bayes,83.30535888671875,98.719970703125,12.438563346862793,2888.9013671875,11763.1181640625,20.073953487801226
59384210010478,5,2000,2009,9,sn,hg_organon,83.30535888671875,98.719970703125,12.438563346862793,2888.9013671875,11763.1181640625,20.073953487801226
59384210010478,5,2000,2009,9,sn,hg_conus_sp,83.30570983886719,98.719970703125,12.438591003417969,2704.48388671875,10961.3603515625,20.073953487801226
59384210010478,5,2000,2009,9,sn,hg_conus_clim,83.30420684814453,98.719970703125,12.438477516174316,2779.348388671875,11420.021484375,20.073953487801226
61057018010478,13,2000,2008,8,sn,default,67.94682312011719,110.89697265625,10.598907470703125,1622.1488037109375,4309.37841796875,88.93750710114497
61057018010478,13,2000,2008,8,sn,calibrated,67.87159729003906,110.70440673828125,10.602242469787598,1620.632568359375,4307.87548828125,88.93750710114497
61057018010478,13,2000,2008,8,sn,hg_bayes,67.90557098388672,110.89707946777344,10.595683097839355,1861.83056640625,4887.5908203125,88.93750710114497
61057018010478,13,2000,2008,8,sn,hg_organon,67.90557098388672,110.89707946777344,10.595683097839355,1861.83056640625,4887.5908203125,88.93750710114497
61057018010478,13,2000,2008,8,sn,hg_conus_sp,67.89158630371094,110.89710998535156,10.594592094421387,1732.9869384765625,4676.15869140625,88.93750710114497
61057018010478,13,2000,2008,8,sn,hg_conus_clim,67.94682312011719,110.89697265625,10.598907470703125,1622.1488037109375,4309.37841796875,88.93750710114497
85128821010478,28,2006,2014,8,sn,default,34.51883316040039,40.795799255371094,12.45536994934082,714.8562622070312,2323.95947265625,41.81957333874206
85128821010478,28,2006,2014,8,sn,calibrated,34.33344268798828,40.434349060058594,12.477275848388672,711.7554321289062,2319.3681640625,41.81957333874206
85128821010478,28,2006,2014,8,sn,hg_bayes,34.43715286254883,40.79595947265625,12.440601348876953,859.524658203125,2735.9541015625,41.81957333874206
85128821010478,28,2006,2014,8,sn,hg_organon,34.43715286254883,40.79595947265625,12.440601348876953,859.524658203125,2735.9541015625,41.81957333874206
85128821010478,28,2006,2014,8,sn,hg_conus_sp,34.448909759521484,40.795860290527344,12.44273853302002,758.6893310546875,2321.8876953125,41.81957333874206
85128821010478,28,2006,2014,8,sn,hg_conus_clim,34.4448356628418,40.795860290527344,12.442002296447754,760.62060546875,2321.8876953125,41.81957333874206
254503059010854,40,2011,2023,12,sn,default,60.56577682495117,150.86688232421875,8.579322814941406,977.334228515625,586.9154052734375,89.87978409617611
254503059010854,40,2011,2023,12,sn,calibrated,60.232154846191406,149.78501892089844,8.586504936218262,972.1473388671875,586.5672607421875,89.87978409617611
254503059010854,40,2011,2023,12,sn,hg_bayes,60.60274887084961,150.86671447753906,8.581947326660156,997.923095703125,586.8990478515625,89.87978409617611
254503059010854,40,2011,2023,12,sn,hg_organon,60.60274887084961,150.86671447753906,8.581947326660156,997.923095703125,586.8990478515625,89.87978409617611
254503059010854,40,2011,2023,12,sn,hg_conus_sp,60.52103042602539,150.8671875,8.576142311096191,972.5993041992188,586.9154052734375,89.87978409617611
254503059010854,40,2011,2023,12,sn,hg_conus_clim,60.56577682495117,150.86688232421875,8.579322814941406,977.334228515625,586.9154052734375,89.87978409617611
176549239010854,13,2010,2015,5,sn,default,85.76052856445312,271.54595947265625,7.609538555145264,1733.5924072265625,1196.0640869140625,102.65505242118586
176549239010854,13,2010,2015,5,sn,calibrated,84.49939727783203,266.3297424316406,7.62699031829834,1712.7841796875,1194.77783203125,102.65505242118586
176549239010854,13,2010,2015,5,sn,hg_bayes,85.73817443847656,271.5460205078125,7.608545303344727,2088.251220703125,1421.4320068359375,102.65505242118586
176549239010854,13,2010,2015,5,sn,hg_organon,85.73817443847656,271.5460205078125,7.608545303344727,2088.251220703125,1421.4320068359375,102.65505242118586
176549239010854,13,2010,2015,5,sn,hg_conus_sp,85.73127746582031,271.5460205078125,7.608238220214844,1997.090087890625,1360.5230712890625,102.65505242118586
176549239010854,13,2010,2015,5,sn,hg_conus_clim,85.73387908935547,271.5460205078125,7.608356952667236,1978.7340087890625,1366.5081787109375,102.65505242118586
197482799010854,47,2008,2013,5,sn,default,83.97077178955078,117.37067413330078,11.453031539916992,2339.843994140625,8255.7548828125,90.29302826070953
197482799010854,47,2008,2013,5,sn,calibrated,84.010009765625,117.44200897216797,11.452231407165527,2340.84423828125,8258.130859375,90.29302826070953
197482799010854,47,2008,2013,5,sn,hg_bayes,83.9422836303711,117.37068939208984,11.451090812683105,2581.313720703125,8990.6455078125,90.29302826070953
197482799010854,47,2008,2013,5,sn,hg_organon,83.9422836303711,117.37068939208984,11.451090812683105,2581.313720703125,8990.6455078125,90.29302826070953
197482799010854,47,2008,2013,5,sn,hg_conus_sp,83.93901062011719,117.37068939208984,11.4508695602417,2470.206298828125,8751.1806640625,90.29302826070953
197482799010854,47,2008,2013,5,sn,hg_conus_clim,83.97866821289062,117.37068939208984,11.453573226928711,2348.81201171875,8270.9833984375,90.29302826070953
163587541010854,48,1985,1992,7,sn,default,99.03368377685547,193.2535400390625,9.693127632141113,2422.957275390625,6487.2216796875,165.52085279483504
163587541010854,48,1985,1992,7,sn,calibrated,98.5137710571289,191.87022399902344,9.702441215515137,2411.43310546875,6482.07421875,165.52085279483504
163587541010854,48,1985,1992,7,sn,hg_bayes,99.1452407836914,193.25326538085938,9.698594093322754,3065.388916015625,8148.75927734375,165.52085279483504
163587541010854,48,1985,1992,7,sn,hg_organon,99.1452407836914,193.25326538085938,9.698594093322754,3065.388916015625,8148.75927734375,165.52085279483504
163587541010854,48,1985,1992,7,sn,hg_conus_sp,99.07026672363281,193.2534637451172,9.694920539855957,2841.013916015625,7843.9306640625,165.52085279483504
163587541010854,48,1985,1992,7,sn,hg_conus_clim,99.03368377685547,193.2535400390625,9.693127632141113,2422.957275390625,6487.2216796875,165.52085279483504
24040105010478,45,2005,2010,5,sn,default,123.26649475097656,141.3115997314453,12.646488189697266,4126.23681640625,17503.87890625,152.2665737110071
24040105010478,45,2005,2010,5,sn,calibrated,122.21900939941406,139.44769287109375,12.676521301269531,4095.004638671875,17410.123046875,152.2665737110071
24040105010478,45,2005,2010,5,sn,hg_bayes,123.26018524169922,141.31158447265625,12.646166801452637,4380.22412109375,18649.052734375,152.2665737110071
24040105010478,45,2005,2010,5,sn,hg_organon,123.26018524169922,141.31158447265625,12.646166801452637,4380.22412109375,18649.052734375,152.2665737110071
24040105010478,45,2005,2010,5,sn,hg_conus_sp,123.25486755371094,141.3115997314453,12.645892143249512,4222.974609375,17938.3515625,152.2665737110071
24040105010478,45,2005,2010,5,sn,hg_conus_clim,123.2663803100586,141.3115997314453,12.64648151397705,4125.45263671875,17503.87890625,152.2665737110071
22333360010478,1,2003,2008,5,sn,default,211.1955108642578,430.2279052734375,9.487007141113281,5409.98193359375,9687.2763671875,113.55533226090877
22333360010478,1,2003,2008,5,sn,calibrated,202.9364776611328,407.90924072265625,9.550683975219727,5205.63623046875,9630.693359375,113.55533226090877
22333360010478,1,2003,2008,5,sn,hg_bayes,211.1968536376953,430.2261962890625,9.487061500549316,6188.32373046875,10816.6474609375,113.55533226090877
22333360010478,1,2003,2008,5,sn,hg_organon,211.1968536376953,430.2261962890625,9.487061500549316,6188.32373046875,10816.6474609375,113.55533226090877
22333360010478,1,2003,2008,5,sn,hg_conus_sp,211.19558715820312,430.22760009765625,9.487013816833496,5873.33642578125,10381.57421875,113.55533226090877
22333360010478,1,2003,2008,5,sn,hg_conus_clim,211.195068359375,430.2279052734375,9.487000465393066,5848.40185546875,10420.4931640625,113.55533226090877
214888760010854,51,2008,2013,5,sn,default,93.64543914794922,128.80258178710938,11.545625686645508,2321.019287109375,7223.99560546875,108.252805793307
214888760010854,51,2008,2013,5,sn,calibrated,94.0164794921875,129.50924682617188,11.536866188049316,2328.637939453125,7243.09716796875,108.252805793307
214888760010854,51,2008,2013,5,sn,hg_bayes,93.669677734375,128.8025665283203,11.54711627960205,2567.316650390625,7845.361328125,108.252805793307
214888760010854,51,2008,2013,5,sn,hg_organon,93.669677734375,128.8025665283203,11.54711627960205,2567.316650390625,7845.361328125,108.252805793307
214888760010854,51,2008,2013,5,sn,hg_conus_sp,93.64974212646484,128.80259704589844,11.54588794708252,2422.384033203125,7540.8125,108.252805793307
214888760010854,51,2008,2013,5,sn,hg_conus_clim,93.68761444091797,128.80252075195312,11.548225402832031,2374.515380859375,7272.072265625,108.252805793307
161205122010854,37,1973,1983,10,sn,default,155.72991943359375,278.421875,10.126762390136719,3483.148681640625,10362.7470703125,121.27975109834793
161205122010854,37,1973,1983,10,sn,calibrated,153.28443908691406,271.4346618652344,10.17542839050293,3436.639892578125,10297.9013671875,121.27975109834793
161205122010854,37,1973,1983,10,sn,hg_bayes,155.9079132080078,278.1846618652344,10.136868476867676,5052.3046875,14474.1689453125,121.27975109834793
161205122010854,37,1973,1983,10,sn,hg_organon,155.9079132080078,278.1846618652344,10.136868476867676,5052.3046875,14474.1689453125,121.27975109834793
161205122010854,37,1973,1983,10,sn,hg_conus_sp,155.8214111328125,278.3058166503906,10.131847381591797,4480.298828125,13411.44140625,121.27975109834793
161205122010854,37,1973,1983,10,sn,hg_conus_clim,155.69473266601562,278.4710998535156,10.124725341796875,4348.40673828125,13836.67578125,121.27975109834793
59544643010478,5,2005,2010,5,sn,default,62.64552688598633,82.134765625,11.825453758239746,1587.9730224609375,5534.248046875,78.01213934748178
59544643010478,5,2005,2010,5,sn,calibrated,62.57512283325195,82.0186996459961,11.827167510986328,1586.4901123046875,5529.94140625,78.01213934748178
59544643010478,5,2005,2010,5,sn,hg_bayes,62.651363372802734,82.13478088378906,11.826004981994629,1672.4666748046875,5738.22314453125,78.01213934748178
59544643010478,5,2005,2010,5,sn,hg_organon,62.651363372802734,82.13478088378906,11.826004981994629,1672.4666748046875,5738.22314453125,78.01213934748178
59544643010478,5,2005,2010,5,sn,hg_conus_sp,62.639190673828125,82.13477325439453,11.824851989746094,1613.792724609375,5643.720703125,78.01213934748178
59544643010478,5,2005,2010,5,sn,hg_conus_clim,62.64552688598633,82.134765625,11.825453758239746,1587.9730224609375,5534.248046875,78.01213934748178
70373300010478,22,2003,2012,9,sn,default,13.1242094039917,35.05729293823242,8.284831047058105,157.74423217773438,0.0,75.72438520291836
70373300010478,22,2003,2012,9,sn,calibrated,13.11492919921875,35.027496337890625,8.28542423248291,157.63247680664062,0.0,75.72438520291836
70373300010478,22,2003,2012,9,sn,hg_bayes,12.906460762023926,35.057945251464844,8.215739250183105,173.67062377929688,0.0,75.72438520291836
70373300010478,22,2003,2012,9,sn,hg_organon,12.906460762023926,35.057945251464844,8.215739250183105,173.67062377929688,0.0,75.72438520291836
70373300010478,22,2003,2012,9,sn,hg_conus_sp,12.969137191772461,35.0577507019043,8.235686302185059,169.9038848876953,0.0,75.72438520291836
70373300010478,22,2003,2012,9,sn,hg_conus_clim,13.1242094039917,35.05729293823242,8.284831047058105,157.74423217773438,0.0,75.72438520291836
291609606489998,21,2016,2024,8,sn,default,78.29408264160156,133.1416015625,10.383502960205078,1834.2490234375,4856.89697265625,114.3617861602467
291609606489998,21,2016,2024,8,sn,calibrated,77.93968200683594,132.3336944580078,10.39155387878418,1826.4940185546875,4847.0048828125,114.3617861602467
291609606489998,21,2016,2024,8,sn,hg_bayes,78.27145385742188,133.14157104492188,10.382001876831055,2229.361328125,5798.998046875,114.3617861602467
291609606489998,21,2016,2024,8,sn,hg_organon,78.27145385742188,133.14157104492188,10.382001876831055,2229.361328125,5798.998046875,114.3617861602467
291609606489998,21,2016,2024,8,sn,hg_conus_sp,78.25421905517578,133.1416473388672,10.380858421325684,2062.23095703125,5396.1435546875,114.3617861602467
291609606489998,21,2016,2024,8,sn,hg_conus_clim,78.26995849609375,133.1416015625,10.381901741027832,1853.79345703125,4931.01171875,114.3617861602467
282501862489998,13,2015,2020,5,sn,default,65.92411804199219,81.8756332397461,12.15013599395752,1445.3505859375,5004.57666015625,13.276060238227585
282501862489998,13,2015,2020,5,sn,calibrated,65.74352264404297,81.52047729492188,12.15988540649414,1441.8447265625,5000.701171875,13.276060238227585
282501862489998,13,2015,2020,5,sn,hg_bayes,65.89644622802734,81.87564849853516,12.1475830078125,1675.9259033203125,6061.49951171875,13.276060238227585
282501862489998,13,2015,2020,5,sn,hg_organon,65.89644622802734,81.87564849853516,12.1475830078125,1675.9259033203125,6061.49951171875,13.276060238227585
282501862489998,13,2015,2020,5,sn,hg_conus_sp,65.93450927734375,81.8756103515625,12.151095390319824,1499.6248779296875,5427.634765625,13.276060238227585
282501862489998,13,2015,2020,5,sn,hg_conus_clim,65.92411804199219,81.8756332397461,12.15013599395752,1445.3505859375,5004.57666015625,13.276060238227585
156177522010854,12,1987,1995,8,sn,default,249.9199676513672,258.63226318359375,13.310534477233887,6445.71728515625,22628.708984375,167.7455652017822
156177522010854,12,1987,1995,8,sn,calibrated,249.91989135742188,258.6321716308594,13.310534477233887,6445.71533203125,22628.705078125,167.7455652017822
156177522010854,12,1987,1995,8,sn,hg_bayes,249.9185028076172,258.99603271484375,13.301141738891602,8907.5537109375,33001.6484375,167.7455652017822
156177522010854,12,1987,1995,8,sn,hg_organon,249.9185028076172,258.99603271484375,13.301141738891602,8907.5537109375,33001.6484375,167.7455652017822
156177522010854,12,1987,1995,8,sn,hg_conus_sp,249.91502380371094,259.7549743652344,13.28160572052002,7968.568359375,30671.76171875,167.7455652017822
156177522010854,12,1987,1995,8,sn,hg_conus_clim,249.9199676513672,258.63226318359375,13.310534477233887,6445.71728515625,22628.708984375,167.7455652017822
160405597010854,28,1987,1994,7,sn,default,71.38249206542969,80.12362670898438,12.780617713928223,1811.8997802734375,7535.79931640625,86.33150069365213
160405597010854,28,1987,1994,7,sn,calibrated,71.08769989013672,79.59020233154297,12.796869277954102,1805.6571044921875,7524.40234375,86.33150069365213
160405597010854,28,1987,1994,7,sn,hg_bayes,71.38136291503906,80.12356567382812,12.780521392822266,2168.649169921875,9099.42578125,86.33150069365213
160405597010854,28,1987,1994,7,sn,hg_organon,71.38136291503906,80.12356567382812,12.780521392822266,2168.649169921875,9099.42578125,86.33150069365213
160405597010854,28,1987,1994,7,sn,hg_conus_sp,71.37960815429688,80.12358856201172,12.780363082885742,2027.4521484375,8426.935546875,86.33150069365213
160405597010854,28,1987,1994,7,sn,hg_conus_clim,71.38249206542969,80.12362670898438,12.780617713928223,1811.8997802734375,7535.79931640625,86.33150069365213
143600949010854,48,2008,2020,12,sn,default,13.65855598449707,34.68612289428711,8.496904373168945,141.02316284179688,0.0,7.946532953432636
143600949010854,48,2008,2020,12,sn,calibrated,13.65855598449707,34.68612289428711,8.496904373168945,141.02316284179688,0.0,7.946532953432636
143600949010854,48,2008,2020,12,sn,hg_bayes,13.65855598449707,34.68612289428711,8.496904373168945,141.02316284179688,0.0,7.946532953432636
143600949010854,48,2008,2020,12,sn,hg_organon,13.65855598449707,34.68612289428711,8.496904373168945,141.02316284179688,0.0,7.946532953432636
143600949010854,48,2008,2020,12,sn,hg_conus_sp,13.65855598449707,34.68612289428711,8.496904373168945,141.02316284179688,0.0,7.946532953432636
143600949010854,48,2008,2020,12,sn,hg_conus_clim,13.65855598449707,34.68612289428711,8.496904373168945,141.02316284179688,0.0,7.946532953432636
282499977489998,5,2015,2020,5,sn,default,60.28697204589844,153.4626922607422,8.486852645874023,1000.2000732421875,611.9695434570312,123.05015623817152
282499977489998,5,2015,2020,5,sn,calibrated,60.07652282714844,152.75367736816406,8.491665840148926,996.8772583007812,611.7811889648438,123.05015623817152
282499977489998,5,2015,2020,5,sn,hg_bayes,60.29052734375,153.46270751953125,8.487101554870605,1227.5743408203125,888.6932373046875,123.05015623817152
282499977489998,5,2015,2020,5,sn,hg_organon,60.29052734375,153.46270751953125,8.487101554870605,1227.5743408203125,888.6932373046875,123.05015623817152
282499977489998,5,2015,2020,5,sn,hg_conus_sp,60.283653259277344,153.46270751953125,8.486618995666504,1182.2591552734375,850.2657470703125,123.05015623817152
282499977489998,5,2015,2020,5,sn,hg_conus_clim,60.28697204589844,153.4626922607422,8.486852645874023,1000.2000732421875,611.9695434570312,123.05015623817152
386107123489998,1,2017,2024,7,sn,default,53.67924499511719,140.46783447265625,8.370491981506348,1027.9149169921875,870.3807983398438,118.89733876786545
386107123489998,1,2017,2024,7,sn,calibrated,52.58400344848633,136.83274841308594,8.393982887268066,1007.9473876953125,871.6468505859375,118.89733876786545
386107123489998,1,2017,2024,7,sn,hg_bayes,53.64588165283203,140.46783447265625,8.367894172668457,1443.659423828125,1088.28759765625,118.89733876786545
386107123489998,1,2017,2024,7,sn,hg_organon,53.64588165283203,140.46783447265625,8.367894172668457,1443.659423828125,1088.28759765625,118.89733876786545
386107123489998,1,2017,2024,7,sn,hg_conus_sp,53.658111572265625,140.4678497314453,8.368843078613281,1400.1051025390625,992.0098876953125,118.89733876786545
386107123489998,1,2017,2024,7,sn,hg_conus_clim,53.61624526977539,140.46786499023438,8.365580558776855,1325.01904296875,1006.1182861328125,118.89733876786545
162422702010854,45,1986,1992,6,sn,default,28.336944580078125,80.6187744140625,8.027765274047852,545.6571044921875,0.0,113.06816603416883
162422702010854,45,1986,1992,6,sn,calibrated,27.667118072509766,78.47249603271484,8.040063858032227,533.24755859375,0.0,113.06816603416883
162422702010854,45,1986,1992,6,sn,hg_bayes,28.337093353271484,80.6187744140625,8.027787208557129,708.4124755859375,0.0,113.06816603416883
162422702010854,45,1986,1992,6,sn,hg_organon,28.337093353271484,80.6187744140625,8.027787208557129,708.4124755859375,0.0,113.06816603416883
162422702010854,45,1986,1992,6,sn,hg_conus_sp,28.33721351623535,80.6187744140625,8.027804374694824,669.8668823242188,0.0,113.06816603416883
162422702010854,45,1986,1992,6,sn,hg_conus_clim,28.336763381958008,80.6187744140625,8.027741432189941,676.8510131835938,0.0,113.06816603416883
274682481489998,47,2014,2023,9,sn,default,125.73676300048828,120.77297973632812,13.81600570678711,4358.64697265625,20803.919921875,135.8192049972072
274682481489998,47,2014,2023,9,sn,calibrated,125.28345489501953,120.0816421508789,13.830721855163574,4345.1875,20752.60546875,135.8192049972072
274682481489998,47,2014,2023,9,sn,hg_bayes,125.7899169921875,120.77287292480469,13.81893253326416,4937.27685546875,23570.005859375,135.8192049972072
274682481489998,47,2014,2023,9,sn,hg_organon,125.7899169921875,120.77287292480469,13.81893253326416,4937.27685546875,23570.005859375,135.8192049972072
274682481489998,47,2014,2023,9,sn,hg_conus_sp,125.71546936035156,120.77298736572266,13.814839363098145,4581.78076171875,22056.275390625,135.8192049972072
274682481489998,47,2014,2023,9,sn,hg_conus_clim,125.73676300048828,120.77297973632812,13.81600570678711,4358.64697265625,20803.919921875,135.8192049972072
155767523010854,12,1968,1978,10,sn,default,108.23187255859375,167.3040008544922,10.890822410583496,2799.098388671875,9413.5244140625,50.02864491648229
155767523010854,12,1968,1978,10,sn,calibrated,105.08399963378906,160.45721435546875,10.957840919494629,2721.2978515625,9250.212890625,50.02864491648229
155767523010854,12,1968,1978,10,sn,hg_bayes,108.35811614990234,167.126220703125,10.902966499328613,3535.8515625,12038.6953125,50.02864491648229
155767523010854,12,1968,1978,10,sn,hg_organon,108.35811614990234,167.126220703125,10.902966499328613,3535.8515625,12038.6953125,50.02864491648229
155767523010854,12,1968,1978,10,sn,hg_conus_sp,108.3387222290039,167.15170288085938,10.901163101196289,3426.4072265625,11679.1357421875,50.02864491648229
155767523010854,12,1968,1978,10,sn,hg_conus_clim,108.23187255859375,167.3040008544922,10.890822410583496,2799.098388671875,9413.5244140625,50.02864491648229
162423731010854,45,1986,1993,7,sn,default,116.52377319335938,295.1432800292969,8.5079927444458,2481.361572265625,3356.085693359375,141.83312490813586
162423731010854,45,1986,1993,7,sn,calibrated,111.68180084228516,279.0747375488281,8.565786361694336,2382.5888671875,3322.68017578125,141.83312490813586
162423731010854,45,1986,1993,7,sn,hg_bayes,116.49164581298828,295.1432800292969,8.506820678710938,3274.055908203125,4460.04931640625,141.83312490813586
162423731010854,45,1986,1993,7,sn,hg_organon,116.49164581298828,295.1432800292969,8.506820678710938,3274.055908203125,4460.04931640625,141.83312490813586
162423731010854,45,1986,1993,7,sn,hg_conus_sp,116.36814880371094,295.1434020996094,8.502306938171387,3023.689208984375,4302.2099609375,141.83312490813586
162423731010854,45,1986,1993,7,sn,hg_conus_clim,116.33025360107422,295.1435241699219,8.500921249389648,3023.96826171875,4335.8046875,141.83312490813586
218218078020004,12,2015,2020,5,sn,default,29.450246810913086,53.1093864440918,10.083125114440918,648.3401489257812,1425.649169921875,38.84865507505456
218218078020004,12,2015,2020,5,sn,calibrated,28.901670455932617,51.9141731262207,10.103102684020996,636.5574951171875,1413.126220703125,38.84865507505456
218218078020004,12,2015,2020,5,sn,hg_bayes,29.45046615600586,53.1093864440918,10.083162307739258,812.7600708007812,1780.22607421875,38.84865507505456
218218078020004,12,2015,2020,5,sn,hg_organon,29.45046615600586,53.1093864440918,10.083162307739258,812.7600708007812,1780.22607421875,38.84865507505456
218218078020004,12,2015,2020,5,sn,hg_conus_sp,29.45047378540039,53.1093864440918,10.083162307739258,791.6414794921875,1692.249267578125,38.84865507505456
218218078020004,12,2015,2020,5,sn,hg_conus_clim,29.450403213500977,53.1093864440918,10.083148956298828,781.6431274414062,1691.623291015625,38.84865507505456
162411986010854,45,1968,1978,10,sn,default,56.69975280761719,106.10987091064453,9.898033142089844,1243.26416015625,3536.2001953125,108.79485966206113
162411986010854,45,1968,1978,10,sn,calibrated,56.30378723144531,104.99347686767578,9.915714263916016,1236.312744140625,3529.568359375,108.79485966206113
162411986010854,45,1968,1978,10,sn,hg_bayes,56.864349365234375,106.10968017578125,9.912399291992188,1527.024658203125,4521.94970703125,108.79485966206113
162411986010854,45,1968,1978,10,sn,hg_organon,56.864349365234375,106.10968017578125,9.912399291992188,1527.024658203125,4521.94970703125,108.79485966206113
162411986010854,45,1968,1978,10,sn,hg_conus_sp,56.812984466552734,106.10978698730469,9.907914161682129,1438.9765625,4220.958984375,108.79485966206113
162411986010854,45,1968,1978,10,sn,hg_conus_clim,56.731258392333984,106.1100082397461,9.900778770446777,1438.9747314453125,4443.06640625,108.79485966206113
54912620010478,37,2003,2013,10,sn,default,29.994312286376953,34.78319549560547,12.573927879333496,667.033203125,2300.96875,30.522432851701808
54912620010478,37,2003,2013,10,sn,calibrated,29.387975692749023,33.860416412353516,12.614644050598145,655.1170043945312,2272.965576171875,30.522432851701808
54912620010478,37,2003,2013,10,sn,hg_bayes,29.975759506225586,34.78324890136719,12.570030212402344,948.826416015625,3486.343994140625,30.522432851701808
54912620010478,37,2003,2013,10,sn,hg_organon,29.975759506225586,34.78324890136719,12.570030212402344,948.826416015625,3486.343994140625,30.522432851701808
54912620010478,37,2003,2013,10,sn,hg_conus_sp,29.953168869018555,34.7833366394043,12.565277099609375,897.2012939453125,3341.969970703125,30.522432851701808
54912620010478,37,2003,2013,10,sn,hg_conus_clim,29.876590728759766,34.78358459472656,12.549159049987793,852.3180541992188,3266.851318359375,30.522432851701808
347395158489998,45,2016,2022,6,sn,default,66.87611389160156,105.79509735107422,10.76562213897705,1913.0435791015625,5828.59814453125,56.10660416279145
347395158489998,45,2016,2022,6,sn,calibrated,65.47468566894531,102.9356918334961,10.79916000366211,1874.0506591796875,5757.90966796875,56.10660416279145
347395158489998,45,2016,2022,6,sn,hg_bayes,66.87892150878906,105.79509735107422,10.765846252441406,2199.762939453125,6668.158203125,56.10660416279145
347395158489998,45,2016,2022,6,sn,hg_organon,66.87892150878906,105.79509735107422,10.765846252441406,2199.762939453125,6668.158203125,56.10660416279145
347395158489998,45,2016,2022,6,sn,hg_conus_sp,66.87884521484375,105.79509735107422,10.765840530395508,2084.852783203125,6285.947265625,56.10660416279145
347395158489998,45,2016,2022,6,sn,hg_conus_clim,66.87833404541016,105.79509735107422,10.765801429748535,2143.211669921875,6479.359375,56.10660416279145
259266844010854,45,2012,2017,5,sn,default,60.09805679321289,76.78874206542969,11.978923797607422,1600.910888671875,4852.58056640625,51.283341286334334
259266844010854,45,2012,2017,5,sn,calibrated,59.81591033935547,76.24817657470703,11.993060111999512,1594.2977294921875,4843.2685546875,51.283341286334334
259266844010854,45,2012,2017,5,sn,hg_bayes,60.10457229614258,76.78872680664062,11.979570388793945,1861.58447265625,5779.59130859375,51.283341286334334
259266844010854,45,2012,2017,5,sn,hg_organon,60.10457229614258,76.78872680664062,11.979570388793945,1861.58447265625,5779.59130859375,51.283341286334334
259266844010854,45,2012,2017,5,sn,hg_conus_sp,60.09366989135742,76.78874206542969,11.978484153747559,1771.6180419921875,5610.9169921875,51.283341286334334
259266844010854,45,2012,2017,5,sn,hg_conus_clim,60.08571243286133,76.78875732421875,11.977691650390625,1642.24169921875,5086.21728515625,51.283341286334334
70340313010478,22,2005,2014,9,sn,default,197.4667510986328,125.19288635253906,17.005661010742188,5085.41943359375,23575.580078125,74.99715461372492
70340313010478,22,2005,2014,9,sn,calibrated,174.04742431640625,102.28744506835938,17.662771224975586,4446.3046875,21147.18359375,74.99715461372492
70340313010478,22,2005,2014,9,sn,hg_bayes,197.35926818847656,125.27103424072266,16.9957275390625,6690.53515625,33027.8828125,74.99715461372492
70340313010478,22,2005,2014,9,sn,hg_organon,197.35926818847656,125.27103424072266,16.9957275390625,6690.53515625,33027.8828125,74.99715461372492
70340313010478,22,2005,2014,9,sn,hg_conus_sp,197.3518524169922,125.27342224121094,16.99524688720703,6132.9462890625,29776.08203125,74.99715461372492
70340313010478,22,2005,2014,9,sn,hg_conus_clim,197.4667510986328,125.19288635253906,17.005661010742188,5085.41943359375,23575.580078125,74.99715461372492
134680219010854,5,2008,2014,6,sn,default,73.96034240722656,223.41758728027344,7.790711879730225,1030.355224609375,0.0,66.69359303986708
134680219010854,5,2008,2014,6,sn,calibrated,72.59339904785156,218.2830810546875,7.80863094329834,1012.6368408203125,0.0,66.69359303986708
134680219010854,5,2008,2014,6,sn,hg_bayes,73.91402435302734,223.41773986816406,7.788269519805908,1702.224609375,0.0,66.69359303986708
134680219010854,5,2008,2014,6,sn,hg_organon,73.91402435302734,223.41773986816406,7.788269519805908,1702.224609375,0.0,66.69359303986708
134680219010854,5,2008,2014,6,sn,hg_conus_sp,73.90721130371094,223.417724609375,7.787906169891357,1640.352294921875,0.0,66.69359303986708
134680219010854,5,2008,2014,6,sn,hg_conus_clim,73.89957427978516,223.417724609375,7.787507057189941,1517.4404296875,0.0,66.69359303986708
153847541010854,13,2008,2014,6,sn,default,89.73774719238281,110.9986572265625,12.174890518188477,2467.598388671875,8780.3173828125,12.84885941567978
153847541010854,13,2008,2014,6,sn,calibrated,89.66279602050781,110.83999633789062,12.178509712219238,2465.823486328125,8777.56640625,12.84885941567978
153847541010854,13,2008,2014,6,sn,hg_bayes,89.75975036621094,110.99864959716797,12.176377296447754,2678.033935546875,9813.6318359375,12.84885941567978
153847541010854,13,2008,2014,6,sn,hg_organon,89.75975036621094,110.99864959716797,12.176377296447754,2678.033935546875,9813.6318359375,12.84885941567978
153847541010854,13,2008,2014,6,sn,hg_conus_sp,89.73465728759766,110.99868774414062,12.174677848815918,2564.616455078125,9525.048828125,12.84885941567978
153847541010854,13,2008,2014,6,sn,hg_conus_clim,89.73774719238281,110.9986572265625,12.174890518188477,2467.598388671875,8780.3173828125,12.84885941567978
523738157126144,37,2018,2025,7,sn,default,101.45145416259766,157.17349243164062,10.878668785095215,2765.820068359375,6562.9873046875,81.51480153483234
523738157126144,37,2018,2025,7,sn,calibrated,101.26800537109375,156.778076171875,10.882528305053711,2761.084228515625,6559.041015625,81.51480153483234
523738157126144,37,2018,2025,7,sn,hg_bayes,101.51924896240234,157.17332458496094,10.882308959960938,3129.195068359375,7275.1748046875,81.51480153483234
523738157126144,37,2018,2025,7,sn,hg_organon,101.51924896240234,157.17332458496094,10.882308959960938,3129.195068359375,7275.1748046875,81.51480153483234
523738157126144,37,2018,2025,7,sn,hg_conus_sp,101.4674301147461,157.17347717285156,10.879528045654297,2894.313232421875,6739.1748046875,81.51480153483234
523738157126144,37,2018,2025,7,sn,hg_conus_clim,101.45145416259766,157.17349243164062,10.878668785095215,2765.820068359375,6562.9873046875,81.51480153483234
158712835010854,13,1970,1980,10,sn,default,50.19267654418945,65.24951171875,11.875934600830078,1126.27197265625,3837.29931640625,6.159004623226076
158712835010854,13,1970,1980,10,sn,calibrated,48.596649169921875,62.45158004760742,11.944491386413574,1094.610107421875,3767.71337890625,6.159004623226076
158712835010854,13,1970,1980,10,sn,hg_bayes,50.22100067138672,65.2493896484375,11.87929630279541,1676.7342529296875,5539.34033203125,6.159004623226076
158712835010854,13,1970,1980,10,sn,hg_organon,50.22100067138672,65.2493896484375,11.87929630279541,1676.7342529296875,5539.34033203125,6.159004623226076
158712835010854,13,1970,1980,10,sn,hg_conus_sp,50.19508361816406,65.24951171875,11.876218795776367,1687.5916748046875,6009.1015625,6.159004623226076
158712835010854,13,1970,1980,10,sn,hg_conus_clim,50.17036056518555,65.24954223632812,11.873291969299316,1267.6617431640625,4057.903076171875,6.159004623226076
153665998010854,22,2009,2021,12,sn,default,102.64533996582031,252.72630310058594,8.629402160644531,1842.008544921875,1273.784423828125,148.39684587473437
153665998010854,22,2009,2021,12,sn,calibrated,98.4840316772461,239.4182891845703,8.68441390991211,1768.7762451171875,1315.3485107421875,148.39684587473437
153665998010854,22,2009,2021,12,sn,hg_bayes,102.65642547607422,252.72630310058594,8.629865646362305,3199.94775390625,2328.57470703125,148.39684587473437
153665998010854,22,2009,2021,12,sn,hg_organon,102.65642547607422,252.72630310058594,8.629865646362305,3199.94775390625,2328.57470703125,148.39684587473437
153665998010854,22,2009,2021,12,sn,hg_conus_sp,102.65037536621094,252.726318359375,8.629613876342773,2926.011962890625,2174.792724609375,148.39684587473437
153665998010854,22,2009,2021,12,sn,hg_conus_clim,102.64847564697266,252.72637939453125,8.62952995300293,2946.77978515625,2172.7314453125,148.39684587473437
160404574010854,28,1986,1993,7,sn,default,100.77224731445312,69.77830505371094,16.2722110748291,3383.4765625,18347.494140625,99.10520863859865
160404574010854,28,1986,1993,7,sn,calibrated,100.26632690429688,69.24935150146484,16.293184280395508,3367.958251953125,18275.634765625,99.10520863859865
160404574010854,28,1986,1993,7,sn,hg_bayes,100.75863647460938,69.7783203125,16.271108627319336,3774.51953125,20254.591796875,99.10520863859865
160404574010854,28,1986,1993,7,sn,hg_organon,100.75863647460938,69.7783203125,16.271108627319336,3774.51953125,20254.591796875,99.10520863859865
160404574010854,28,1986,1993,7,sn,hg_conus_sp,100.77249908447266,69.77828979492188,16.272232055664062,3543.868896484375,19420.30859375,99.10520863859865
160404574010854,28,1986,1993,7,sn,hg_conus_clim,100.77224731445312,69.77830505371094,16.2722110748291,3383.4765625,18347.494140625,99.10520863859865
225638079010854,48,2011,2022,11,sn,default,8.35997486114502,23.21236801147461,8.126041412353516,105.0546646118164,0.0,14.96590990180958
225638079010854,48,2011,2022,11,sn,calibrated,8.372971534729004,23.258970260620117,8.124204635620117,105.19750213623047,0.0,14.96590990180958
225638079010854,48,2011,2022,11,sn,hg_bayes,8.449357032775879,23.212064743041992,8.169421195983887,120.04106903076172,0.0,14.96590990180958
225638079010854,48,2011,2022,11,sn,hg_organon,8.449357032775879,23.212064743041992,8.169421195983887,120.04106903076172,0.0,14.96590990180958
225638079010854,48,2011,2022,11,sn,hg_conus_sp,8.403912544250488,23.21222686767578,8.147391319274902,112.60379791259766,0.0,14.96590990180958
225638079010854,48,2011,2022,11,sn,hg_conus_clim,8.35997486114502,23.21236801147461,8.126041412353516,105.0546646118164,0.0,14.96590990180958
124110623010478,40,2007,2014,7,sn,default,55.160911560058594,117.29660034179688,9.285587310791016,1149.0570068359375,2142.90869140625,53.302986239399914
124110623010478,40,2007,2014,7,sn,calibrated,55.075927734375,117.02632141113281,9.28913688659668,1147.466064453125,2142.49755859375,53.302986239399914
124110623010478,40,2007,2014,7,sn,hg_bayes,55.051025390625,117.29688262939453,9.276322364807129,1313.254638671875,2551.10595703125,53.302986239399914
124110623010478,40,2007,2014,7,sn,hg_organon,55.051025390625,117.29688262939453,9.276322364807129,1313.254638671875,2551.10595703125,53.302986239399914
124110623010478,40,2007,2014,7,sn,hg_conus_sp,55.085750579833984,117.29678344726562,9.279251098632812,1252.96533203125,2434.330810546875,53.302986239399914
124110623010478,40,2007,2014,7,sn,hg_conus_clim,55.07874298095703,117.29679870605469,9.278661727905273,1246.4071044921875,2485.265380859375,53.302986239399914
123924220010478,13,2006,2012,6,sn,default,68.48693084716797,123.05396270751953,10.101653099060059,1708.9737548828125,4934.39599609375,105.35801570107137
123924220010478,13,2006,2012,6,sn,calibrated,68.0352783203125,121.989990234375,10.112095832824707,1698.305419921875,4916.3779296875,105.35801570107137
123924220010478,13,2006,2012,6,sn,hg_bayes,68.49602508544922,123.05397033691406,10.102320671081543,1870.223876953125,5639.818359375,105.35801570107137
123924220010478,13,2006,2012,6,sn,hg_organon,68.49602508544922,123.05397033691406,10.102320671081543,1870.223876953125,5639.818359375,105.35801570107137
123924220010478,13,2006,2012,6,sn,hg_conus_sp,68.48004913330078,123.05398559570312,10.101141929626465,1774.3419189453125,5305.48876953125,105.35801570107137
123924220010478,13,2006,2012,6,sn,hg_conus_clim,68.48693084716797,123.05396270751953,10.101653099060059,1708.9737548828125,4934.39599609375,105.35801570107137
158716547010854,13,1972,1982,10,sn,default,179.1768035888672,304.0832824707031,10.393956184387207,4186.28125,11975.943359375,
158716547010854,13,1972,1982,10,sn,calibrated,159.9568634033203,259.5614013671875,10.629617691040039,3768.3671875,11278.6328125,
158716547010854,13,1972,1982,10,sn,hg_bayes,179.24276733398438,304.0035400390625,10.397235870361328,5603.0,15655.3935546875,
158716547010854,13,1972,1982,10,sn,hg_organon,179.24276733398438,304.0035400390625,10.397235870361328,5603.0,15655.3935546875,
158716547010854,13,1972,1982,10,sn,hg_conus_sp,179.16256713867188,304.1037902832031,10.393196105957031,4973.228515625,14244.4296875,
158716547010854,13,1972,1982,10,sn,hg_conus_clim,179.1768035888672,304.0832824707031,10.393956184387207,4186.28125,11975.943359375,
160380397010854,22,1973,1985,12,sn,default,27.240812301635742,25.359045028686523,14.033946990966797,726.5382080078125,2889.633544921875,
160380397010854,22,1973,1985,12,sn,calibrated,26.994735717773438,25.047550201416016,14.05701732635498,720.5165405273438,2873.022216796875,
160380397010854,22,1973,1985,12,sn,hg_bayes,27.240812301635742,25.359045028686523,14.033946990966797,726.5382080078125,2889.633544921875,
160380397010854,22,1973,1985,12,sn,hg_organon,27.240812301635742,25.359045028686523,14.033946990966797,726.5382080078125,2889.633544921875,
160380397010854,22,1973,1985,12,sn,hg_conus_sp,27.240812301635742,25.359045028686523,14.033946990966797,726.5382080078125,2889.633544921875,
160380397010854,22,1973,1985,12,sn,hg_conus_clim,27.240812301635742,25.359045028686523,14.033946990966797,726.5382080078125,2889.633544921875,
282497632489998,45,2015,2021,6,sn,default,92.00849151611328,117.5593490600586,11.97902774810791,2876.88427734375,11017.4677734375,109.98158703338991
282497632489998,45,2015,2021,6,sn,calibrated,90.27122497558594,114.48065185546875,12.023886680603027,2825.515869140625,10863.677734375,109.98158703338991
282497632489998,45,2015,2021,6,sn,hg_bayes,92.01398468017578,117.5593490600586,11.979388236999512,3210.971923828125,12259.1474609375,109.98158703338991
282497632489998,45,2015,2021,6,sn,hg_organon,92.01398468017578,117.5593490600586,11.979388236999512,3210.971923828125,12259.1474609375,109.98158703338991
282497632489998,45,2015,2021,6,sn,hg_conus_sp,92.01099395751953,117.5593490600586,11.979192733764648,3081.311279296875,11764.69140625,109.98158703338991
282497632489998,45,2015,2021,6,sn,hg_conus_clim,92.0077133178711,117.55935668945312,11.978978157043457,3122.381591796875,11958.029296875,109.98158703338991
161205905010854,37,1973,1983,10,sn,default,160.89646911621094,225.99984741210938,11.424980163574219,3894.88427734375,14190.9130859375,140.6420884794941
161205905010854,37,1973,1983,10,sn,calibrated,157.89218139648438,219.24378967285156,11.490870475769043,3833.7666015625,14072.2529296875,140.6420884794941
161205905010854,37,1973,1983,10,sn,hg_bayes,160.94700622558594,225.9187469482422,11.428826332092285,5517.080078125,20214.818359375,140.6420884794941
161205905010854,37,1973,1983,10,sn,hg_organon,160.94700622558594,225.9187469482422,11.428826332092285,5517.080078125,20214.818359375,140.6420884794941
161205905010854,37,1973,1983,10,sn,hg_conus_sp,160.90597534179688,225.9818115234375,11.425774574279785,5012.48486328125,18449.185546875,140.6420884794941
161205905010854,37,1973,1983,10,sn,hg_conus_clim,160.84266662597656,226.06820678710938,11.421341896057129,5065.42431640625,19069.087890625,140.6420884794941
160381055010854,22,1973,1984,11,sn,default,30.58753776550293,84.85041809082031,8.129831314086914,500.52777099609375,0.0,149.5207320071295
160381055010854,22,1973,1984,11,sn,calibrated,29.19639778137207,80.75955200195312,8.141491889953613,477.4101257324219,0.0,149.5207320071295
160381055010854,22,1973,1984,11,sn,hg_bayes,30.604084014892578,84.85039520263672,8.13203239440918,953.3493041992188,0.0,149.5207320071295
160381055010854,22,1973,1984,11,sn,hg_organon,30.604084014892578,84.85039520263672,8.13203239440918,953.3493041992188,0.0,149.5207320071295
160381055010854,22,1973,1984,11,sn,hg_conus_sp,30.603858947753906,84.85038757324219,8.132002830505371,874.9623413085938,0.0,149.5207320071295
160381055010854,22,1973,1984,11,sn,hg_conus_clim,30.603731155395508,84.85039520263672,8.131983757019043,915.63623046875,0.0,149.5207320071295
158062669010854,5,1987,1996,9,sn,default,130.97386169433594,218.86866760253906,10.474586486816406,2678.651611328125,5319.00244140625,132.12660586710348
158062669010854,5,1987,1996,9,sn,calibrated,129.9169158935547,216.3572235107422,10.492612838745117,2658.8330078125,5308.85302734375,132.12660586710348
158062669010854,5,1987,1996,9,sn,hg_bayes,130.9718017578125,218.8813018798828,10.474199295043945,3268.737548828125,6756.95654296875,132.12660586710348
158062669010854,5,1987,1996,9,sn,hg_organon,130.9718017578125,218.8813018798828,10.474199295043945,3268.737548828125,6756.95654296875,132.12660586710348
158062669010854,5,1987,1996,9,sn,hg_conus_sp,130.93109130859375,218.93092346191406,10.47138500213623,2980.541259765625,6146.48828125,132.12660586710348
158062669010854,5,1987,1996,9,sn,hg_conus_clim,130.97386169433594,218.86866760253906,10.474586486816406,2678.651611328125,5319.00244140625,132.12660586710348
161205398010854,37,1975,1984,9,sn,default,118.0660400390625,303.3495178222656,8.447480201721191,2235.95263671875,3668.1669921875,121.87990273222898
161205398010854,37,1975,1984,9,sn,calibrated,117.26821899414062,300.2232360839844,8.462610244750977,2223.856689453125,3666.15185546875,121.87990273222898
161205398010854,37,1975,1984,9,sn,hg_bayes,118.07096862792969,303.3486022949219,8.44766902923584,2931.885498046875,4858.45166015625,121.87990273222898
161205398010854,37,1975,1984,9,sn,hg_organon,118.07096862792969,303.3486022949219,8.44766902923584,2931.885498046875,4858.45166015625,121.87990273222898
161205398010854,37,1975,1984,9,sn,hg_conus_sp,117.9898910522461,303.49078369140625,8.442788124084473,2620.063720703125,4478.0732421875,121.87990273222898
161205398010854,37,1975,1984,9,sn,hg_conus_clim,118.06771087646484,303.34674072265625,8.447577476501465,2243.438720703125,3668.164306640625,121.87990273222898
37370657010478,5,2000,2010,10,sn,default,141.7955322265625,238.6508026123047,10.43725299835205,3269.353759765625,7961.3525390625,99.9691198598838
37370657010478,5,2000,2010,10,sn,calibrated,141.7734832763672,238.59205627441406,10.437722206115723,3268.852783203125,7960.85498046875,99.9691198598838
37370657010478,5,2000,2010,10,sn,hg_bayes,141.72935485839844,238.71575927734375,10.43339729309082,3402.78515625,8447.97265625,99.9691198598838
37370657010478,5,2000,2010,10,sn,hg_organon,141.72935485839844,238.71575927734375,10.43339729309082,3402.78515625,8447.97265625,99.9691198598838
37370657010478,5,2000,2010,10,sn,hg_conus_sp,141.72183227539062,238.72259521484375,10.43297004699707,3320.7744140625,8166.38525390625,99.9691198598838
37370657010478,5,2000,2010,10,sn,hg_conus_clim,141.79751586914062,238.64857482910156,10.437374114990234,3268.3759765625,7961.32958984375,99.9691198598838
161213439010854,37,1982,1989,7,sn,default,174.21697998046875,269.36688232421875,10.889537811279297,5211.62451171875,19140.384765625,208.5851848645079
161213439010854,37,1982,1989,7,sn,calibrated,164.94393920898438,248.74795532226562,11.02617073059082,4957.6318359375,18550.775390625,208.5851848645079
161213439010854,37,1982,1989,7,sn,hg_bayes,174.22808837890625,269.3561096191406,10.89009952545166,5994.6298828125,21399.189453125,208.5851848645079
161213439010854,37,1982,1989,7,sn,hg_organon,174.22808837890625,269.3561096191406,10.89009952545166,5994.6298828125,21399.189453125,208.5851848645079
161213439010854,37,1982,1989,7,sn,hg_conus_sp,174.21461486816406,269.3702087402344,10.889398574829102,5583.41748046875,20145.55078125,208.5851848645079
161213439010854,37,1982,1989,7,sn,hg_conus_clim,174.19488525390625,269.3905029296875,10.8883695602417,5689.625,20675.06640625,208.5851848645079
386054161489998,21,2016,2024,8,sn,default,48.610538482666016,40.36817169189453,14.858738899230957,1269.349853515625,5721.14697265625,45.88483266823687
386054161489998,21,2016,2024,8,sn,calibrated,48.62028121948242,40.38483810424805,14.857161521911621,1269.550048828125,5721.92724609375,45.88483266823687
386054161489998,21,2016,2024,8,sn,hg_bayes,48.59538269042969,40.36822509765625,14.856412887573242,1473.1810302734375,6697.55810546875,45.88483266823687
386054161489998,21,2016,2024,8,sn,hg_organon,48.59538269042969,40.36822509765625,14.856412887573242,1473.1810302734375,6697.55810546875,45.88483266823687
386054161489998,21,2016,2024,8,sn,hg_conus_sp,48.6131706237793,40.368167877197266,14.859142303466797,1355.023681640625,5998.41357421875,45.88483266823687
386054161489998,21,2016,2024,8,sn,hg_conus_clim,48.61243438720703,40.3681755065918,14.859027862548828,1279.2137451171875,5717.25341796875,45.88483266823687
448940139489998,12,2018,2024,6,sn,default,18.81829261779785,58.74540710449219,7.663715362548828,314.641357421875,558.3638916015625,94.39247179165116
448940139489998,12,2018,2024,6,sn,calibrated,18.929780960083008,59.237483978271484,7.654393672943115,315.55706787109375,558.84521484375,94.39247179165116
448940139489998,12,2018,2024,6,sn,hg_bayes,18.81521224975586,58.74541091918945,7.663088798522949,469.3609619140625,663.5830078125,94.39247179165116
448940139489998,12,2018,2024,6,sn,hg_organon,18.81521224975586,58.74541091918945,7.663088798522949,469.3609619140625,663.5830078125,94.39247179165116
448940139489998,12,2018,2024,6,sn,hg_conus_sp,18.8240966796875,58.745418548583984,7.664896011352539,438.306884765625,769.076416015625,94.39247179165116
448940139489998,12,2018,2024,6,sn,hg_conus_clim,18.81829261779785,58.74540710449219,7.663715362548828,314.641357421875,558.3638916015625,94.39247179165116
82512309010478,5,2006,2011,5,sn,default,104.45650482177734,301.1735534667969,7.974358081817627,1676.475341796875,2546.63720703125,184.19988889050182
82512309010478,5,2006,2011,5,sn,calibrated,102.0350112915039,291.0438232421875,8.017365455627441,1641.297119140625,2559.3984375,184.19988889050182
82512309010478,5,2006,2011,5,sn,hg_bayes,104.43099975585938,301.17352294921875,7.97338342666626,2306.82763671875,3809.171875,184.19988889050182
82512309010478,5,2006,2011,5,sn,hg_organon,104.43099975585938,301.17352294921875,7.97338342666626,2306.82763671875,3809.171875,184.19988889050182
82512309010478,5,2006,2011,5,sn,hg_conus_sp,104.42595672607422,301.1734619140625,7.973191738128662,2207.52685546875,3669.67138671875,184.19988889050182
82512309010478,5,2006,2011,5,sn,hg_conus_clim,104.41690826416016,301.17352294921875,7.972844123840332,2022.716552734375,3630.495361328125,184.19988889050182
46159321020004,48,2013,2018,5,sn,default,161.62185668945312,282.734619140625,10.237567901611328,4478.107421875,13389.1689453125,64.45301777082635
46159321020004,48,2013,2018,5,sn,calibrated,159.23634338378906,276.342041015625,10.278597831726074,4415.6474609375,13277.4501953125,64.45301777082635
46159321020004,48,2013,2018,5,sn,hg_bayes,161.62425231933594,282.73126220703125,10.237707138061523,5070.9912109375,15164.3994140625,64.45301777082635
46159321020004,48,2013,2018,5,sn,hg_organon,161.62425231933594,282.73126220703125,10.237707138061523,5070.9912109375,15164.3994140625,64.45301777082635
46159321020004,48,2013,2018,5,sn,hg_conus_sp,161.6206512451172,282.7365417480469,10.237493515014648,4890.62890625,14828.140625,64.45301777082635
46159321020004,48,2013,2018,5,sn,hg_conus_clim,161.62059020996094,282.73663330078125,10.237494468688965,4853.15576171875,14572.5634765625,64.45301777082635
161210804010854,37,1983,1989,6,sn,default,230.96493530273438,88.92544555664062,21.822086334228516,8279.1484375,50720.6484375,96.86734826852289
161210804010854,37,1983,1989,6,sn,calibrated,230.9646453857422,88.92935180664062,21.821592330932617,8279.4765625,50724.15234375,96.86734826852289
161210804010854,37,1983,1989,6,sn,hg_bayes,230.9650115966797,88.91487884521484,21.82338523864746,8710.0029296875,53037.19140625,96.86734826852289
161210804010854,37,1983,1989,6,sn,hg_organon,230.9650115966797,88.91487884521484,21.82338523864746,8710.0029296875,53037.19140625,96.86734826852289
161210804010854,37,1983,1989,6,sn,hg_conus_sp,230.96475219726562,88.93635559082031,21.820737838745117,8352.236328125,51343.27734375,96.86734826852289
161210804010854,37,1983,1989,6,sn,hg_conus_clim,230.9649658203125,88.92727661132812,21.82186508178711,8288.11328125,50756.32421875,96.86734826852289
79199730010478,51,2005,2010,5,sn,default,177.07476806640625,223.93841552734375,12.04066276550293,5535.6455078125,21959.955078125,192.60698938525582
79199730010478,51,2005,2010,5,sn,calibrated,162.14602661132812,195.18408203125,12.34147834777832,5107.47998046875,20780.703125,192.60698938525582
79199730010478,51,2005,2010,5,sn,hg_bayes,177.08294677734375,223.9293670654297,12.041180610656738,6117.63232421875,24195.015625,192.60698938525582
79199730010478,51,2005,2010,5,sn,hg_organon,177.08294677734375,223.9293670654297,12.041180610656738,6117.63232421875,24195.015625,192.60698938525582
79199730010478,51,2005,2010,5,sn,hg_conus_sp,177.0758514404297,223.9375457763672,12.04072093963623,5817.01318359375,22956.712890625,192.60698938525582
79199730010478,51,2005,2010,5,sn,hg_conus_clim,177.07476806640625,223.93841552734375,12.04066276550293,5535.6455078125,21959.955078125,192.60698938525582
157499690010854,1,1971,1982,11,sn,default,70.18292999267578,100.6209945678711,11.308571815490723,1613.4482421875,2384.247802734375,80.83399506998607
157499690010854,1,1971,1982,11,sn,calibrated,69.96273040771484,100.2206802368164,11.313342094421387,1608.7750244140625,2383.1298828125,80.83399506998607
157499690010854,1,1971,1982,11,sn,hg_bayes,70.58030700683594,100.61955261230469,11.340622901916504,1893.590087890625,2856.010986328125,80.83399506998607
157499690010854,1,1971,1982,11,sn,hg_organon,70.58030700683594,100.61955261230469,11.340622901916504,1893.590087890625,2856.010986328125,80.83399506998607
157499690010854,1,1971,1982,11,sn,hg_conus_sp,70.42977142333984,100.62013244628906,11.32848834991455,1791.6541748046875,2655.801025390625,80.83399506998607
157499690010854,1,1971,1982,11,sn,hg_conus_clim,70.18292999267578,100.6209945678711,11.308571815490723,1613.4482421875,2384.247802734375,80.83399506998607
20254374010478,12,2002,2010,8,sn,default,186.7943572998047,204.6375274658203,12.936758041381836,4817.00341796875,18727.646484375,86.04378527380166
20254374010478,12,2002,2010,8,sn,calibrated,178.69696044921875,190.0846405029297,13.128683090209961,4623.73681640625,18215.2421875,86.04378527380166
20254374010478,12,2002,2010,8,sn,hg_bayes,186.88284301757812,204.5471649169922,12.942682266235352,5436.8603515625,20280.26171875,86.04378527380166
20254374010478,12,2002,2010,8,sn,hg_organon,186.88284301757812,204.5471649169922,12.942682266235352,5436.8603515625,20280.26171875,86.04378527380166
20254374010478,12,2002,2010,8,sn,hg_conus_sp,186.834228515625,204.5933380126953,12.939543724060059,5317.6826171875,20287.1640625,86.04378527380166
20254374010478,12,2002,2010,8,sn,hg_conus_clim,186.7943572998047,204.6375274658203,12.936758041381836,4817.00341796875,18727.646484375,86.04378527380166
162412912010854,45,1968,1978,10,sn,default,92.41455078125,143.49366760253906,10.866509437561035,1840.7591552734375,2620.23876953125,
162412912010854,45,1968,1978,10,sn,calibrated,91.72331237792969,142.15945434570312,10.87647819519043,1827.6644287109375,2614.537353515625,
162412912010854,45,1968,1978,10,sn,hg_bayes,92.47594451904297,143.49391174316406,10.870111465454102,2392.862060546875,3616.215576171875,
162412912010854,45,1968,1978,10,sn,hg_organon,92.47594451904297,143.49391174316406,10.870111465454102,2392.862060546875,3616.215576171875,
162412912010854,45,1968,1978,10,sn,hg_conus_sp,92.40177154541016,143.49391174316406,10.86574935913086,2189.06982421875,3286.444580078125,
162412912010854,45,1968,1978,10,sn,hg_conus_clim,92.41455078125,143.49366760253906,10.866509437561035,1840.7591552734375,2620.23876953125,
153850103010854,21,2008,2013,5,sn,default,104.41566467285156,123.19396209716797,12.465921401977539,2921.4658203125,13335.90625,113.25348292423881
153850103010854,21,2008,2013,5,sn,calibrated,104.6661376953125,123.6128921508789,12.459697723388672,2927.62109375,13358.435546875,113.25348292423881
153850103010854,21,2008,2013,5,sn,hg_bayes,104.46173095703125,123.19395446777344,12.468671798706055,3189.73583984375,14518.6865234375,113.25348292423881
153850103010854,21,2008,2013,5,sn,hg_organon,104.46173095703125,123.19395446777344,12.468671798706055,3189.73583984375,14518.6865234375,113.25348292423881
153850103010854,21,2008,2013,5,sn,hg_conus_sp,104.43814086914062,123.19397735595703,12.467263221740723,3078.392822265625,14158.1943359375,113.25348292423881
153850103010854,21,2008,2013,5,sn,hg_conus_clim,104.41156005859375,123.19396209716797,12.465678215026855,2954.481689453125,13490.755859375,113.25348292423881
162413117010854,45,1967,1978,11,sn,default,16.032575607299805,26.67835807800293,10.496834754943848,288.60369873046875,759.4989013671875,42.80872452863611
162413117010854,45,1967,1978,11,sn,calibrated,15.596965789794922,25.711164474487305,10.546187400817871,281.46051025390625,751.1981811523438,42.80872452863611
162413117010854,45,1967,1978,11,sn,hg_bayes,15.915498733520508,26.67841911315918,10.458428382873535,473.802001953125,1085.836669921875,42.80872452863611
162413117010854,45,1967,1978,11,sn,hg_organon,15.915498733520508,26.67841911315918,10.458428382873535,473.802001953125,1085.836669921875,42.80872452863611
162413117010854,45,1967,1978,11,sn,hg_conus_sp,15.952664375305176,26.67839813232422,10.470635414123535,446.6065979003906,1082.96142578125,42.80872452863611
162413117010854,45,1967,1978,11,sn,hg_conus_clim,15.857610702514648,26.678443908691406,10.439385414123535,395.8070373535156,733.1724853515625,42.80872452863611
228182253010854,22,2011,2019,8,sn,default,114.98631286621094,46.56379699707031,21.278215408325195,4102.56201171875,23959.896484375,106.11657652676405
228182253010854,22,2011,2019,8,sn,calibrated,113.32167053222656,45.73724365234375,21.31364631652832,4043.3603515625,23629.517578125,106.11657652676405
228182253010854,22,2011,2019,8,sn,hg_bayes,114.96939086914062,46.563804626464844,21.27664566040039,4351.2197265625,25744.62109375,106.11657652676405
228182253010854,22,2011,2019,8,sn,hg_organon,114.96939086914062,46.563804626464844,21.27664566040039,4351.2197265625,25744.62109375,106.11657652676405
228182253010854,22,2011,2019,8,sn,hg_conus_sp,114.97631072998047,46.56379699707031,21.27729034423828,4201.2265625,24489.853515625,106.11657652676405
228182253010854,22,2011,2019,8,sn,hg_conus_clim,114.9681625366211,46.56380081176758,21.276531219482422,4221.6689453125,24778.05859375,106.11657652676405
33472174020004,28,2013,2019,6,sn,default,80.91405487060547,58.734256744384766,15.892877578735352,3188.5947265625,16040.2744140625,
33472174020004,28,2013,2019,6,sn,calibrated,79.09598541259766,57.10054397583008,15.936516761779785,3120.814697265625,15721.8505859375,
33472174020004,28,2013,2019,6,sn,hg_bayes,80.9142074584961,58.734256744384766,15.892895698547363,3435.044677734375,17449.20703125,
33472174020004,28,2013,2019,6,sn,hg_organon,80.9142074584961,58.734256744384766,15.892895698547363,3435.044677734375,17449.20703125,
33472174020004,28,2013,2019,6,sn,hg_conus_sp,80.91422271728516,58.734256744384766,15.89289379119873,3337.36962890625,16857.88671875,
33472174020004,28,2013,2019,6,sn,hg_conus_clim,80.91416931152344,58.734256744384766,15.892889022827148,3379.824462890625,17089.5625,
162424085010854,45,1986,1993,7,sn,default,259.4934387207031,190.32554626464844,15.81069278717041,7231.2197265625,31028.455078125,168.37725602129308
162424085010854,45,1986,1993,7,sn,calibrated,259.0889892578125,189.93133544921875,15.8147554397583,7220.59716796875,30988.568359375,168.37725602129308
162424085010854,45,1986,1993,7,sn,hg_bayes,259.461181640625,190.34829711914062,15.808769226074219,8490.66015625,38077.72265625,168.37725602129308
162424085010854,45,1986,1993,7,sn,hg_organon,259.461181640625,190.34829711914062,15.808769226074219,8490.66015625,38077.72265625,168.37725602129308
162424085010854,45,1986,1993,7,sn,hg_conus_sp,259.42047119140625,190.37863159179688,15.806265830993652,8139.03466796875,36573.6328125,168.37725602129308
162424085010854,45,1986,1993,7,sn,hg_conus_clim,259.4302673339844,190.3732452392578,15.806784629821777,7981.54296875,35785.77734375,168.37725602129308
155766809010854,12,1968,1978,10,sn,default,57.903541564941406,97.86177825927734,10.41555118560791,1272.6676025390625,2679.30029296875,99.20335176717886
155766809010854,12,1968,1978,10,sn,calibrated,56.54891586303711,95.07466888427734,10.442776679992676,1243.7454833984375,2649.02734375,99.20335176717886
155766809010854,12,1968,1978,10,sn,hg_bayes,57.858612060546875,97.86174011230469,10.411513328552246,1744.29443359375,3644.3427734375,99.20335176717886
155766809010854,12,1968,1978,10,sn,hg_organon,57.858612060546875,97.86174011230469,10.411513328552246,1744.29443359375,3644.3427734375,99.20335176717886
155766809010854,12,1968,1978,10,sn,hg_conus_sp,57.878196716308594,97.86176300048828,10.4132719039917,1808.64208984375,3946.339111328125,99.20335176717886
155766809010854,12,1968,1978,10,sn,hg_conus_clim,57.903541564941406,97.86177825927734,10.41555118560791,1272.6676025390625,2679.30029296875,99.20335176717886
163892189010854,51,1975,1984,9,sn,default,116.24655151367188,160.38096618652344,11.5278902053833,2907.59423828125,8483.9853515625,166.04360421808803
163892189010854,51,1975,1984,9,sn,calibrated,113.3818588256836,154.7882843017578,11.58881950378418,2841.634765625,8389.3740234375,166.04360421808803
163892189010854,51,1975,1984,9,sn,hg_bayes,116.17098999023438,160.38119506835938,11.524137496948242,3538.500732421875,10499.9619140625,166.04360421808803
163892189010854,51,1975,1984,9,sn,hg_organon,116.17098999023438,160.38119506835938,11.524137496948242,3538.500732421875,10499.9619140625,166.04360421808803
163892189010854,51,1975,1984,9,sn,hg_conus_sp,116.15166473388672,160.3812255859375,11.523176193237305,3290.66455078125,9782.75,166.04360421808803
163892189010854,51,1975,1984,9,sn,hg_conus_clim,116.17098236083984,160.3812255859375,11.52413558959961,3070.827392578125,9030.1005859375,166.04360421808803
162412349010854,45,1967,1977,10,sn,default,119.49274444580078,134.02175903320312,12.78554630279541,3090.861572265625,13536.7724609375,128.14746056483025
162412349010854,45,1967,1977,10,sn,calibrated,117.53789520263672,131.228759765625,12.814769744873047,3044.576171875,13372.5126953125,128.14746056483025
162412349010854,45,1967,1977,10,sn,hg_bayes,119.60823059082031,134.0213623046875,12.791747093200684,4065.765625,17417.763671875,128.14746056483025
162412349010854,45,1967,1977,10,sn,hg_organon,119.60823059082031,134.0213623046875,12.791747093200684,4065.765625,17417.763671875,128.14746056483025
162412349010854,45,1967,1977,10,sn,hg_conus_sp,119.58578491210938,134.0215606689453,12.790534973144531,3642.673828125,16027.8017578125,128.14746056483025
162412349010854,45,1967,1977,10,sn,hg_conus_clim,119.43854522705078,134.02198791503906,12.78264045715332,3435.900634765625,15612.9541015625,128.14746056483025
160391286010854,22,1984,1991,7,sn,default,84.20577239990234,159.72772216796875,9.831439971923828,1502.333251953125,4145.20947265625,56.24528539182397
160391286010854,22,1984,1991,7,sn,calibrated,83.73377227783203,158.4687957763672,9.842711448669434,1495.0897216796875,4141.59326171875,56.24528539182397
160391286010854,22,1984,1991,7,sn,hg_bayes,84.15483093261719,159.72781372070312,9.828462600708008,1747.3681640625,5120.91650390625,56.24528539182397
160391286010854,22,1984,1991,7,sn,hg_organon,84.15483093261719,159.72781372070312,9.828462600708008,1747.3681640625,5120.91650390625,56.24528539182397
160391286010854,22,1984,1991,7,sn,hg_conus_sp,84.17398071289062,159.72779846191406,9.829583168029785,1659.6375732421875,4848.0263671875,56.24528539182397
160391286010854,22,1984,1991,7,sn,hg_conus_clim,84.18875122070312,159.72776794433594,9.830442428588867,1612.9931640625,4328.109375,56.24528539182397
289516018489998,12,2016,2023,7,sn,default,18.661203384399414,35.1319694519043,9.868584632873535,275.76605224609375,523.7744140625,14.768516530908752
289516018489998,12,2016,2023,7,sn,calibrated,18.175504684448242,33.90519332885742,9.91394329071045,268.82806396484375,518.8590698242188,14.768516530908752
289516018489998,12,2016,2023,7,sn,hg_bayes,18.659727096557617,35.13196563720703,9.868194580078125,457.6317443847656,901.9512939453125,14.768516530908752
289516018489998,12,2016,2023,7,sn,hg_organon,18.659727096557617,35.13196563720703,9.868194580078125,457.6317443847656,901.9512939453125,14.768516530908752
289516018489998,12,2016,2023,7,sn,hg_conus_sp,18.659408569335938,35.1319694519043,9.868109703063965,542.262939453125,1160.5880126953125,14.768516530908752
289516018489998,12,2016,2023,7,sn,hg_conus_clim,18.661203384399414,35.1319694519043,9.868584632873535,275.76605224609375,523.7744140625,14.768516530908752
163897332010854,51,1984,1991,7,sn,default,70.26805114746094,164.35357666015625,8.853715896606445,1393.53271484375,2635.808349609375,139.64874594323882
163897332010854,51,1984,1991,7,sn,calibrated,69.23112487792969,161.21998596191406,8.87314510345459,1373.2894287109375,2618.854736328125,139.64874594323882
163897332010854,51,1984,1991,7,sn,hg_bayes,70.13880157470703,164.35398864746094,8.845560073852539,1924.6307373046875,3716.19287109375,139.64874594323882
163897332010854,51,1984,1991,7,sn,hg_organon,70.13880157470703,164.35398864746094,8.845560073852539,1924.6307373046875,3716.19287109375,139.64874594323882
163897332010854,51,1984,1991,7,sn,hg_conus_sp,70.0774917602539,164.35418701171875,8.84168815612793,1819.530517578125,3552.656005859375,139.64874594323882
163897332010854,51,1984,1991,7,sn,hg_conus_clim,70.07185363769531,164.35418701171875,8.84133243560791,1809.1839599609375,3576.800048828125,139.64874594323882
160393348010854,22,1983,1991,8,sn,default,82.35507202148438,197.2568359375,8.749141693115234,1580.7796630859375,1479.3875732421875,73.84947854324967
160393348010854,22,1983,1991,8,sn,calibrated,82.3478012084961,197.23248291015625,8.749295234680176,1580.65234375,1479.3775634765625,73.84947854324967
160393348010854,22,1983,1991,8,sn,hg_bayes,82.35507202148438,197.2568359375,8.749141693115234,1580.7796630859375,1479.3875732421875,73.84947854324967
160393348010854,22,1983,1991,8,sn,hg_organon,82.35507202148438,197.2568359375,8.749141693115234,1580.7796630859375,1479.3875732421875,73.84947854324967
160393348010854,22,1983,1991,8,sn,hg_conus_sp,82.35507202148438,197.2568359375,8.749141693115234,1580.7796630859375,1479.3875732421875,73.84947854324967
160393348010854,22,1983,1991,8,sn,hg_conus_clim,82.35507202148438,197.2568359375,8.749141693115234,1580.7796630859375,1479.3875732421875,73.84947854324967
43360677010478,1,1997,2003,6,sn,default,91.20219421386719,141.02218627929688,10.889181137084961,2572.599365234375,8844.66015625,66.40461896140737
43360677010478,1,1997,2003,6,sn,calibrated,90.74932098388672,139.97242736816406,10.902767181396484,2561.802978515625,8827.3603515625,66.40461896140737
43360677010478,1,1997,2003,6,sn,hg_bayes,91.22234344482422,141.0221405029297,10.890384674072266,2864.3125,9584.822265625,66.40461896140737
43360677010478,1,1997,2003,6,sn,hg_organon,91.22234344482422,141.0221405029297,10.890384674072266,2864.3125,9584.822265625,66.40461896140737
43360677010478,1,1997,2003,6,sn,hg_conus_sp,91.19847106933594,141.02220153808594,10.888957977294922,2688.1259765625,9223.98046875,66.40461896140737
43360677010478,1,1997,2003,6,sn,hg_conus_clim,91.17778015136719,141.022216796875,10.88772201538086,2690.358154296875,9452.349609375,66.40461896140737
274682431489998,47,2016,2023,7,sn,default,137.3846435546875,179.6704864501953,11.84041690826416,3663.629638671875,14008.2919921875,139.27767845788117
274682431489998,47,2016,2023,7,sn,calibrated,138.55905151367188,182.0118408203125,11.814191818237305,3692.0322265625,14071.8662109375,139.27767845788117
274682431489998,47,2016,2023,7,sn,hg_bayes,137.4207763671875,179.67042541503906,11.8419771194458,4158.3212890625,15864.197265625,139.27767845788117
274682431489998,47,2016,2023,7,sn,hg_organon,137.4207763671875,179.67042541503906,11.8419771194458,4158.3212890625,15864.197265625,139.27767845788117
274682431489998,47,2016,2023,7,sn,hg_conus_sp,137.395751953125,179.67044067382812,11.840898513793945,3916.3662109375,15256.470703125,139.27767845788117
274682431489998,47,2016,2023,7,sn,hg_conus_clim,137.3846435546875,179.6704864501953,11.84041690826416,3663.629638671875,14008.2919921875,139.27767845788117
158727732010854,13,1982,1989,7,sn,default,116.98346710205078,277.0054626464844,8.79942798614502,2693.056884765625,4877.21826171875,111.7254143506976
158727732010854,13,1982,1989,7,sn,calibrated,113.5700454711914,265.8120422363281,8.850765228271484,2628.30615234375,4845.9619140625,111.7254143506976
158727732010854,13,1982,1989,7,sn,hg_bayes,117.16515350341797,277.0049743652344,8.806264877319336,3597.80615234375,6193.22265625,111.7254143506976
158727732010854,13,1982,1989,7,sn,hg_organon,117.16515350341797,277.0049743652344,8.806264877319336,3597.80615234375,6193.22265625,111.7254143506976
158727732010854,13,1982,1989,7,sn,hg_conus_sp,117.05248260498047,277.0052490234375,8.80202579498291,3276.93017578125,5825.20849609375,111.7254143506976
158727732010854,13,1982,1989,7,sn,hg_conus_clim,116.90022277832031,277.0056457519531,8.796293258666992,3010.89599609375,5764.65283203125,111.7254143506976
32627518010478,47,1998,2003,5,sn,default,39.387664794921875,149.30140686035156,6.95479679107666,456.36444091796875,0.0,84.47972583609925
32627518010478,47,1998,2003,5,sn,calibrated,39.37948226928711,149.26805114746094,6.954851150512695,456.2796630859375,0.0,84.47972583609925
32627518010478,47,1998,2003,5,sn,hg_bayes,39.368751525878906,149.30148315429688,6.953124523162842,474.12872314453125,0.0,84.47972583609925
32627518010478,47,1998,2003,5,sn,hg_organon,39.368751525878906,149.30148315429688,6.953124523162842,474.12872314453125,0.0,84.47972583609925
32627518010478,47,1998,2003,5,sn,hg_conus_sp,39.375789642333984,149.30145263671875,6.95374870300293,464.28057861328125,0.0,84.47972583609925
32627518010478,47,1998,2003,5,sn,hg_conus_clim,39.387664794921875,149.30140686035156,6.95479679107666,456.36444091796875,0.0,84.47972583609925
163889935010854,51,1976,1985,9,sn,default,190.13101196289062,329.1977844238281,10.290449142456055,4758.6708984375,14620.7138671875,27.258963059041974
163889935010854,51,1976,1985,9,sn,calibrated,171.78121948242188,283.8598937988281,10.533487319946289,4333.27685546875,13938.6572265625,27.258963059041974
163889935010854,51,1976,1985,9,sn,hg_bayes,190.1575469970703,329.1684265136719,10.291622161865234,6060.54736328125,18333.673828125,27.258963059041974
163889935010854,51,1976,1985,9,sn,hg_organon,190.1575469970703,329.1684265136719,10.291622161865234,6060.54736328125,18333.673828125,27.258963059041974
163889935010854,51,1976,1985,9,sn,hg_conus_sp,190.1318817138672,329.1974792480469,10.290480613708496,5512.7119140625,17081.931640625,27.258963059041974
163889935010854,51,1976,1985,9,sn,hg_conus_clim,190.11050415039062,329.2185363769531,10.289566040039062,4818.078125,14977.6396484375,27.258963059041974
197482416010854,47,2008,2014,6,sn,default,130.7515106201172,222.3565216064453,10.383280754089355,2943.9921875,7402.46826171875,156.64435484798926
197482416010854,47,2008,2014,6,sn,calibrated,130.23794555664062,221.21974182128906,10.38946533203125,2932.905517578125,7387.39697265625,156.64435484798926
197482416010854,47,2008,2014,6,sn,hg_bayes,130.75448608398438,222.3494873046875,10.383564949035645,3425.923828125,8712.009765625,156.64435484798926
197482416010854,47,2008,2014,6,sn,hg_organon,130.75448608398438,222.3494873046875,10.383564949035645,3425.923828125,8712.009765625,156.64435484798926
197482416010854,47,2008,2014,6,sn,hg_conus_sp,130.7400665283203,222.37744140625,10.382340431213379,3155.991943359375,8102.76904296875,156.64435484798926
197482416010854,47,2008,2014,6,sn,hg_conus_clim,130.7178192138672,222.39356994628906,10.38107967376709,2996.455322265625,7475.697265625,156.64435484798926
20300256010478,12,2002,2009,7,sn,default,38.69526290893555,58.7083854675293,10.992971420288086,858.4403076171875,3327.78955078125,33.88927277151793
20300256010478,12,2002,2009,7,sn,calibrated,38.22072982788086,57.542667388916016,11.035468101501465,849.9305419921875,3304.194091796875,33.88927277151793
20300256010478,12,2002,2009,7,sn,hg_bayes,38.70058822631836,58.70832824707031,10.993732452392578,1147.68994140625,4572.88330078125,33.88927277151793
20300256010478,12,2002,2009,7,sn,hg_organon,38.70058822631836,58.70832824707031,10.993732452392578,1147.68994140625,4572.88330078125,33.88927277151793
20300256010478,12,2002,2009,7,sn,hg_conus_sp,38.683780670166016,58.708404541015625,10.991338729858398,1163.5478515625,4641.2119140625,33.88927277151793
20300256010478,12,2002,2009,7,sn,hg_conus_clim,38.69526290893555,58.7083854675293,10.992971420288086,858.4403076171875,3327.78955078125,33.88927277151793
161202145010854,37,1974,1984,10,sn,default,98.71871185302734,201.4511260986328,9.478753089904785,2146.0712890625,4327.13525390625,53.494144893232274
161202145010854,37,1974,1984,10,sn,calibrated,97.65385437011719,198.62417602539062,9.494341850280762,2123.923583984375,4308.3095703125,53.494144893232274
161202145010854,37,1974,1984,10,sn,hg_bayes,98.74043273925781,201.45103454589844,9.479798316955566,2918.786865234375,5739.5107421875,53.494144893232274
161202145010854,37,1974,1984,10,sn,hg_organon,98.74043273925781,201.45103454589844,9.479798316955566,2918.786865234375,5739.5107421875,53.494144893232274
161202145010854,37,1974,1984,10,sn,hg_conus_sp,98.73068237304688,201.45101928710938,9.479329109191895,2665.2275390625,5320.86962890625,53.494144893232274
161202145010854,37,1974,1984,10,sn,hg_conus_clim,98.71871185302734,201.4511260986328,9.478753089904785,2146.0712890625,4327.13525390625,53.494144893232274
160402436010854,28,1986,1993,7,sn,default,80.52680206298828,213.40945434570312,8.317630767822266,1555.3897705078125,852.0999755859375,81.9999035738319
160402436010854,28,1986,1993,7,sn,calibrated,78.4948959350586,206.77442932128906,8.342737197875977,1517.37158203125,853.6535034179688,81.9999035738319
160402436010854,28,1986,1993,7,sn,hg_bayes,80.5296401977539,213.40945434570312,8.317776679992676,2349.89404296875,1445.70166015625,81.9999035738319
160402436010854,28,1986,1993,7,sn,hg_organon,80.5296401977539,213.40945434570312,8.317776679992676,2349.89404296875,1445.70166015625,81.9999035738319
160402436010854,28,1986,1993,7,sn,hg_conus_sp,80.52743530273438,213.40943908691406,8.317666053771973,2176.078857421875,1361.2840576171875,81.9999035738319
160402436010854,28,1986,1993,7,sn,hg_conus_clim,80.52835083007812,213.40943908691406,8.317713737487793,2245.718505859375,1391.140380859375,81.9999035738319
155766891010854,12,1969,1980,11,sn,default,29.732309341430664,87.63583374023438,7.886962413787842,403.5213317871094,276.21728515625,35.71863401680923
155766891010854,12,1969,1980,11,sn,calibrated,29.837249755859375,88.0263900756836,7.883321285247803,404.87420654296875,276.27581787109375,35.71863401680923
155766891010854,12,1969,1980,11,sn,hg_bayes,29.803138732910156,87.63533020019531,7.896373271942139,643.395751953125,518.2518310546875,35.71863401680923
155766891010854,12,1969,1980,11,sn,hg_organon,29.803138732910156,87.63533020019531,7.896373271942139,643.395751953125,518.2518310546875,35.71863401680923
155766891010854,12,1969,1980,11,sn,hg_conus_sp,29.612319946289062,87.63667297363281,7.870993614196777,531.3665771484375,436.72686767578125,35.71863401680923
155766891010854,12,1969,1980,11,sn,hg_conus_clim,29.732309341430664,87.63583374023438,7.886962413787842,403.5213317871094,276.21728515625,35.71863401680923
162416970010854,45,1978,1986,8,sn,default,171.22857666015625,418.7638854980469,8.658441543579102,3784.423828125,6618.7001953125,151.2456832172824
162416970010854,45,1978,1986,8,sn,calibrated,158.188720703125,373.45257568359375,8.812646865844727,3552.86865234375,6514.23681640625,151.2456832172824
162416970010854,45,1978,1986,8,sn,hg_bayes,171.2315673828125,418.7595520019531,8.658564567565918,5269.36181640625,9237.7958984375,151.2456832172824
162416970010854,45,1978,1986,8,sn,hg_organon,171.2315673828125,418.7595520019531,8.658564567565918,5269.36181640625,9237.7958984375,151.2456832172824
162416970010854,45,1978,1986,8,sn,hg_conus_sp,171.23765563964844,418.75250244140625,8.658790588378906,4858.30859375,8517.6396484375,151.2456832172824
162416970010854,45,1978,1986,8,sn,hg_conus_clim,171.2153778076172,418.7798156738281,8.657944679260254,4908.34619140625,8769.7900390625,151.2456832172824
163585023010854,48,1975,1985,10,sn,default,13.678625106811523,11.168745994567871,14.98495101928711,408.2662658691406,1879.7880859375,86.03519920647567
163585023010854,48,1975,1985,10,sn,calibrated,13.64020824432373,11.135420799255371,14.98626708984375,407.1827392578125,1875.1422119140625,86.03519920647567
163585023010854,48,1975,1985,10,sn,hg_bayes,13.691642761230469,11.168717384338379,14.99209976196289,507.38751220703125,2336.687744140625,86.03519920647567
163585023010854,48,1975,1985,10,sn,hg_organon,13.691642761230469,11.168717384338379,14.99209976196289,507.38751220703125,2336.687744140625,86.03519920647567
163585023010854,48,1975,1985,10,sn,hg_conus_sp,13.689329147338867,11.168726921081543,14.990824699401855,483.6824951171875,2284.33837890625,86.03519920647567
163585023010854,48,1975,1985,10,sn,hg_conus_clim,13.678625106811523,11.168745994567871,14.98495101928711,408.2662658691406,1879.7880859375,86.03519920647567
43607367010478,51,2000,2005,5,sn,default,198.22227478027344,254.98170471191406,11.938729286193848,5574.60400390625,18905.828125,147.3510803921692
43607367010478,51,2000,2005,5,sn,calibrated,192.40065002441406,244.1651153564453,12.019808769226074,5424.37255859375,18577.087890625,147.3510803921692
43607367010478,51,2000,2005,5,sn,hg_bayes,198.2267303466797,255.02706909179688,11.937799453735352,6227.59814453125,21574.126953125,147.3510803921692
43607367010478,51,2000,2005,5,sn,hg_organon,198.2267303466797,255.02706909179688,11.937799453735352,6227.59814453125,21574.126953125,147.3510803921692
43607367010478,51,2000,2005,5,sn,hg_conus_sp,198.22682189941406,255.10874938964844,11.935887336730957,5822.80078125,20513.896484375,147.3510803921692
43607367010478,51,2000,2005,5,sn,hg_conus_clim,198.2214813232422,254.9884490966797,11.938547134399414,5592.5859375,18951.75,147.3510803921692
158059502010854,5,1987,1996,9,sn,default,74.54674530029297,106.02179718017578,11.354106903076172,1425.9404296875,4294.84619140625,
158059502010854,5,1987,1996,9,sn,calibrated,74.70977020263672,106.39513397216797,11.3465576171875,1428.2491455078125,4299.30224609375,
158059502010854,5,1987,1996,9,sn,hg_bayes,74.60700225830078,106.02168273925781,11.358701705932617,1855.037109375,5962.3125,
158059502010854,5,1987,1996,9,sn,hg_organon,74.60700225830078,106.02168273925781,11.358701705932617,1855.037109375,5962.3125,
158059502010854,5,1987,1996,9,sn,hg_conus_sp,74.56011962890625,106.0218276977539,11.35512638092041,1685.686279296875,5329.9931640625,
158059502010854,5,1987,1996,9,sn,hg_conus_clim,74.494384765625,106.02195739746094,11.350111961364746,1465.6253662109375,4381.0087890625,
258768714010854,5,2012,2017,5,sn,default,82.85608673095703,147.33853149414062,10.154074668884277,1875.534912109375,4290.5341796875,94.2839694382259
258768714010854,5,2012,2017,5,sn,calibrated,82.51909637451172,146.48410034179688,10.162918090820312,1869.0225830078125,4286.16650390625,94.2839694382259
258768714010854,5,2012,2017,5,sn,hg_bayes,82.88862609863281,147.33848571777344,10.156067848205566,2275.881103515625,5032.17138671875,94.2839694382259
258768714010854,5,2012,2017,5,sn,hg_organon,82.88862609863281,147.33848571777344,10.156067848205566,2275.881103515625,5032.17138671875,94.2839694382259
258768714010854,5,2012,2017,5,sn,hg_conus_sp,82.86449432373047,147.33851623535156,10.154589653015137,2122.67041015625,4811.4951171875,94.2839694382259
258768714010854,5,2012,2017,5,sn,hg_conus_clim,82.85958862304688,147.33853149414062,10.154288291931152,1904.0009765625,4290.5341796875,94.2839694382259
30536046010478,51,2002,2010,8,sn,default,136.2891387939453,121.57768249511719,14.336393356323242,3776.12939453125,17045.255859375,129.15364448779954
30536046010478,51,2002,2010,8,sn,calibrated,136.1955108642578,121.40636444091797,14.341580390930176,3774.08349609375,17041.572265625,129.15364448779954
30536046010478,51,2002,2010,8,sn,hg_bayes,136.35546875,121.57747650146484,14.339898109436035,4493.869140625,20207.4375,129.15364448779954
30536046010478,51,2002,2010,8,sn,hg_organon,136.35546875,121.57747650146484,14.339898109436035,4493.869140625,20207.4375,129.15364448779954
30536046010478,51,2002,2010,8,sn,hg_conus_sp,136.3167724609375,121.57758331298828,14.337855339050293,4127.5556640625,18733.46875,129.15364448779954
30536046010478,51,2002,2010,8,sn,hg_conus_clim,136.2893829345703,121.57768249511719,14.336406707763672,3777.908935546875,17045.255859375,129.15364448779954
22349775010478,1,2004,2009,5,sn,default,16.61797523498535,41.17107391357422,8.602590560913086,326.49566650390625,1110.288818359375,37.715569629020024
22349775010478,1,2004,2009,5,sn,calibrated,16.530685424804688,40.858333587646484,8.612741470336914,325.154541015625,1105.8485107421875,37.715569629020024
22349775010478,1,2004,2009,5,sn,hg_bayes,16.610408782958984,41.17107391357422,8.600631713867188,366.20355224609375,1151.5523681640625,37.715569629020024
22349775010478,1,2004,2009,5,sn,hg_organon,16.610408782958984,41.17107391357422,8.600631713867188,366.20355224609375,1151.5523681640625,37.715569629020024
22349775010478,1,2004,2009,5,sn,hg_conus_sp,16.619096755981445,41.171077728271484,8.602880477905273,336.3299560546875,1149.2606201171875,37.715569629020024
22349775010478,1,2004,2009,5,sn,hg_conus_clim,16.618316650390625,41.17107391357422,8.602679252624512,326.49566650390625,1110.288818359375,37.715569629020024
53431235020004,5,2013,2018,5,sn,default,92.10090637207031,94.110595703125,13.395191192626953,2482.939453125,10257.3271484375,109.99364727125925
53431235020004,5,2013,2018,5,sn,calibrated,91.8475112915039,93.71955108642578,13.404633522033691,2476.64990234375,10237.3046875,109.99364727125925
53431235020004,5,2013,2018,5,sn,hg_bayes,92.11650085449219,94.11061096191406,13.39632797241211,2730.231201171875,11274.7197265625,109.99364727125925
53431235020004,5,2013,2018,5,sn,hg_organon,92.11650085449219,94.11061096191406,13.39632797241211,2730.231201171875,11274.7197265625,109.99364727125925
53431235020004,5,2013,2018,5,sn,hg_conus_sp,92.08727264404297,94.1106185913086,13.39419937133789,2615.45166015625,10897.6015625,109.99364727125925
53431235020004,5,2013,2018,5,sn,hg_conus_clim,92.10090637207031,94.110595703125,13.395191192626953,2482.939453125,10257.3271484375,109.99364727125925
545869471126144,48,2019,2024,5,sn,default,98.25699615478516,106.09375762939453,13.030862808227539,3529.929931640625,18452.6484375,42.566632777073856
545869471126144,48,2019,2024,5,sn,calibrated,97.4310531616211,104.63037109375,13.06640625,3505.81982421875,18368.962890625,42.566632777073856
545869471126144,48,2019,2024,5,sn,hg_bayes,98.28034210205078,106.09374237060547,13.032408714294434,3697.041259765625,18906.1875,42.566632777073856
545869471126144,48,2019,2024,5,sn,hg_organon,98.28034210205078,106.09374237060547,13.032408714294434,3697.041259765625,18906.1875,42.566632777073856
545869471126144,48,2019,2024,5,sn,hg_conus_sp,98.25869750976562,106.09375762939453,13.030972480773926,3557.78369140625,18269.234375,42.566632777073856
545869471126144,48,2019,2024,5,sn,hg_conus_clim,98.24956512451172,106.0937728881836,13.03036880493164,3587.384765625,18677.6640625,42.566632777073856
107420518010478,48,2006,2018,12,sn,default,90.03138732910156,173.29270935058594,9.759849548339844,902.3788452148438,1188.7459716796875,
107420518010478,48,2006,2018,12,sn,calibrated,90.06767272949219,173.3900909423828,9.759074211120605,902.748779296875,1188.9068603515625,
107420518010478,48,2006,2018,12,sn,hg_bayes,90.03082275390625,173.29270935058594,9.759819984436035,902.4326171875,1188.7459716796875,
107420518010478,48,2006,2018,12,sn,hg_organon,90.03082275390625,173.29270935058594,9.759819984436035,902.4326171875,1188.7459716796875,
107420518010478,48,2006,2018,12,sn,hg_conus_sp,90.02713012695312,173.292724609375,9.759618759155273,896.3165283203125,1188.7459716796875,
107420518010478,48,2006,2018,12,sn,hg_conus_clim,90.03138732910156,173.29270935058594,9.759849548339844,902.3788452148438,1188.7459716796875,
160403804010854,28,1987,1994,7,sn,default,144.7756805419922,158.75010681152344,12.930856704711914,4319.3203125,18659.66796875,140.80527048644308
160403804010854,28,1987,1994,7,sn,calibrated,141.74786376953125,153.06112670898438,13.030529975891113,4241.44970703125,18471.099609375,140.80527048644308
160403804010854,28,1987,1994,7,sn,hg_bayes,144.85104370117188,158.67945861816406,12.937094688415527,4652.5107421875,19906.654296875,140.80527048644308
160403804010854,28,1987,1994,7,sn,hg_organon,144.85104370117188,158.67945861816406,12.937094688415527,4652.5107421875,19906.654296875,140.80527048644308
160403804010854,28,1987,1994,7,sn,hg_conus_sp,144.8004150390625,158.73300170898438,12.932646751403809,4467.23046875,19333.302734375,140.80527048644308
160403804010854,28,1987,1994,7,sn,hg_conus_clim,144.7756805419922,158.75010681152344,12.930856704711914,4319.3203125,18659.66796875,140.80527048644308
160400233010854,28,1977,1986,9,sn,default,55.716190338134766,93.8607177734375,10.43242073059082,1226.464111328125,2269.892822265625,69.07219641227086
160400233010854,28,1977,1986,9,sn,calibrated,55.84716796875,94.14631652832031,10.42882251739502,1228.9429931640625,2270.747314453125,69.07219641227086
160400233010854,28,1977,1986,9,sn,hg_bayes,55.738399505615234,93.86064147949219,10.434504508972168,1548.0228271484375,2750.10791015625,69.07219641227086
160400233010854,28,1977,1986,9,sn,hg_organon,55.738399505615234,93.86064147949219,10.434504508972168,1548.0228271484375,2750.10791015625,69.07219641227086
160400233010854,28,1977,1986,9,sn,hg_conus_sp,55.72319412231445,93.86067199707031,10.433076858520508,1429.8133544921875,2626.195068359375,69.07219641227086
160400233010854,28,1977,1986,9,sn,hg_conus_clim,55.716190338134766,93.8607177734375,10.43242073059082,1226.464111328125,2269.892822265625,69.07219641227086
158060049010854,5,1987,1994,7,sn,default,116.00141906738281,179.7377166748047,10.87798023223877,3013.9208984375,12023.7421875,105.24602800225023
158060049010854,5,1987,1994,7,sn,calibrated,115.12947845458984,178.00485229492188,10.889644622802734,2994.514892578125,11978.9775390625,105.24602800225023
158060049010854,5,1987,1994,7,sn,hg_bayes,115.97599029541016,179.73770141601562,10.876788139343262,3411.069091796875,12954.4208984375,105.24602800225023
158060049010854,5,1987,1994,7,sn,hg_organon,115.97599029541016,179.73770141601562,10.876788139343262,3411.069091796875,12954.4208984375,105.24602800225023
158060049010854,5,1987,1994,7,sn,hg_conus_sp,115.99998474121094,179.73770141601562,10.87791633605957,3202.388671875,12597.6357421875,105.24602800225023
158060049010854,5,1987,1994,7,sn,hg_conus_clim,115.99735260009766,179.73773193359375,10.877790451049805,3038.535888671875,12142.953125,105.24602800225023
160379962010854,22,1973,1983,10,sn,default,101.35768127441406,336.56414794921875,7.430717945098877,1558.52294921875,0.0,61.12539317398252
160379962010854,22,1973,1983,10,sn,calibrated,95.2418441772461,312.0844421386719,7.4802141189575195,1471.8272705078125,0.0,61.12539317398252
160379962010854,22,1973,1983,10,sn,hg_bayes,101.50424194335938,336.56414794921875,7.436086654663086,3037.31982421875,0.0,61.12539317398252
160379962010854,22,1973,1983,10,sn,hg_organon,101.50424194335938,336.56414794921875,7.436086654663086,3037.31982421875,0.0,61.12539317398252
160379962010854,22,1973,1983,10,sn,hg_conus_sp,101.48860931396484,336.56414794921875,7.435515403747559,3298.8876953125,0.0,61.12539317398252
160379962010854,22,1973,1983,10,sn,hg_conus_clim,101.35768127441406,336.56414794921875,7.430717945098877,1558.52294921875,0.0,61.12539317398252
335231316489998,51,2016,2021,5,sn,default,129.4967803955078,122.72437286376953,13.909146308898926,3896.976318359375,16333.44140625,117.22293841676732
335231316489998,51,2016,2021,5,sn,calibrated,129.71897888183594,123.05308532714844,13.90246295928955,3903.103515625,16350.9755859375,117.22293841676732
335231316489998,51,2016,2021,5,sn,hg_bayes,129.5225372314453,122.72434997558594,13.910528182983398,4135.6083984375,17233.583984375,117.22293841676732
335231316489998,51,2016,2021,5,sn,hg_organon,129.5225372314453,122.72434997558594,13.910528182983398,4135.6083984375,17233.583984375,117.22293841676732
335231316489998,51,2016,2021,5,sn,hg_conus_sp,129.50543212890625,122.724365234375,13.909605979919434,4018.9736328125,16957.15234375,117.22293841676732
335231316489998,51,2016,2021,5,sn,hg_conus_clim,129.5050048828125,122.724365234375,13.909585952758789,3905.050048828125,16354.060546875,117.22293841676732
161207647010854,37,1974,1984,10,sn,default,169.4253387451172,214.0210418701172,12.047506332397461,4099.484375,15925.0693359375,107.97720092507842
161207647010854,37,1974,1984,10,sn,calibrated,159.09829711914062,191.345947265625,12.346944808959961,3876.50341796875,15516.025390625,107.97720092507842
161207647010854,37,1974,1984,10,sn,hg_bayes,169.6159210205078,213.9019012451172,12.057639122009277,4751.3466796875,18604.578125,107.97720092507842
161207647010854,37,1974,1984,10,sn,hg_organon,169.6159210205078,213.9019012451172,12.057639122009277,4751.3466796875,18604.578125,107.97720092507842
161207647010854,37,1974,1984,10,sn,hg_conus_sp,169.52134704589844,213.9741668701172,12.05224323272705,4470.55029296875,17452.255859375,107.97720092507842
161207647010854,37,1974,1984,10,sn,hg_conus_clim,169.4399871826172,214.00831604003906,12.048392295837402,4127.35205078125,16093.2890625,107.97720092507842
160391826010854,22,1984,1991,7,sn,default,100.16799926757812,130.4307098388672,11.866178512573242,2673.62109375,11378.7587890625,76.55312613391187
160391826010854,22,1984,1991,7,sn,calibrated,99.70323944091797,129.62185668945312,11.875494956970215,2662.51123046875,11344.478515625,76.55312613391187
160391826010854,22,1984,1991,7,sn,hg_bayes,100.24695587158203,130.4306182861328,11.870857238769531,3141.711181640625,13097.630859375,76.55312613391187
160391826010854,22,1984,1991,7,sn,hg_organon,100.24695587158203,130.4306182861328,11.870857238769531,3141.711181640625,13097.630859375,76.55312613391187
160391826010854,22,1984,1991,7,sn,hg_conus_sp,100.15320587158203,130.43072509765625,11.865301132202148,2864.772705078125,12365.765625,76.55312613391187
160391826010854,22,1984,1991,7,sn,hg_conus_clim,100.1427993774414,130.4307403564453,11.864684104919434,2817.3076171875,12255.3134765625,76.55312613391187
252280961010854,51,2011,2017,6,sn,default,99.30780792236328,93.39099884033203,13.962894439697266,2791.1845703125,14057.2197265625,35.78639940150987
252280961010854,51,2011,2017,6,sn,calibrated,99.35458374023438,93.4622802734375,13.96085262298584,2792.312255859375,14061.4375,35.78639940150987
252280961010854,51,2011,2017,6,sn,hg_bayes,99.30699920654297,93.39100646972656,13.96284008026123,3175.805419921875,16226.927734375,35.78639940150987
252280961010854,51,2011,2017,6,sn,hg_organon,99.30699920654297,93.39100646972656,13.96284008026123,3175.805419921875,16226.927734375,35.78639940150987
252280961010854,51,2011,2017,6,sn,hg_conus_sp,99.30850982666016,93.3910140991211,13.962944030761719,3032.003173828125,15532.96875,35.78639940150987
252280961010854,51,2011,2017,6,sn,hg_conus_clim,99.30780792236328,93.39099884033203,13.962894439697266,2791.1845703125,14057.2197265625,35.78639940150987
20665980010478,47,2000,2005,5,sn,default,105.56080627441406,164.50985717773438,10.846552848815918,2811.17333984375,8497.0341796875,88.86611207016884
20665980010478,47,2000,2005,5,sn,calibrated,105.704345703125,164.8054962158203,10.844184875488281,2814.84326171875,8503.9892578125,88.86611207016884
20665980010478,47,2000,2005,5,sn,hg_bayes,105.57447814941406,164.5098876953125,10.847249984741211,3128.160400390625,9626.595703125,88.86611207016884
20665980010478,47,2000,2005,5,sn,hg_organon,105.57447814941406,164.5098876953125,10.847249984741211,3128.160400390625,9626.595703125,88.86611207016884
20665980010478,47,2000,2005,5,sn,hg_conus_sp,105.55519104003906,164.50987243652344,10.846261024475098,2988.260986328125,9369.2822265625,88.86611207016884
20665980010478,47,2000,2005,5,sn,hg_conus_clim,105.56085205078125,164.50985717773438,10.846555709838867,2811.67138671875,8497.0341796875,88.86611207016884
264159976489998,1,2015,2022,7,sn,default,77.70401000976562,116.6639404296875,11.050698280334473,1583.952392578125,3284.301025390625,92.21502843031868
264159976489998,1,2015,2022,7,sn,calibrated,78.05818176269531,117.40570068359375,11.040809631347656,1590.6666259765625,3289.137939453125,92.21502843031868
264159976489998,1,2015,2022,7,sn,hg_bayes,77.6636734008789,116.66397094726562,11.04782772064209,2099.05615234375,4439.2861328125,92.21502843031868
264159976489998,1,2015,2022,7,sn,hg_organon,77.6636734008789,116.66397094726562,11.04782772064209,2099.05615234375,4439.2861328125,92.21502843031868
264159976489998,1,2015,2022,7,sn,hg_conus_sp,77.63829803466797,116.66399383544922,11.046019554138184,1900.5045166015625,4031.047119140625,92.21502843031868
264159976489998,1,2015,2022,7,sn,hg_conus_clim,77.70604705810547,116.66394805908203,11.05084228515625,1590.505859375,3284.301025390625,92.21502843031868
161208655010854,37,1983,1989,6,sn,default,74.02363586425781,135.53053283691406,10.006978034973145,1756.5804443359375,4339.216796875,56.2215944072599
161208655010854,37,1983,1989,6,sn,calibrated,73.79736328125,134.9424591064453,10.013421058654785,1751.6553955078125,4334.76416015625,56.2215944072599
161208655010854,37,1983,1989,6,sn,hg_bayes,73.8755874633789,135.53079223632812,9.996955871582031,1928.36962890625,5104.34033203125,56.2215944072599
161208655010854,37,1983,1989,6,sn,hg_organon,73.8755874633789,135.53079223632812,9.996955871582031,1928.36962890625,5104.34033203125,56.2215944072599
161208655010854,37,1983,1989,6,sn,hg_conus_sp,73.94024658203125,135.5307159423828,10.001333236694336,1859.051025390625,4817.49658203125,56.2215944072599
161208655010854,37,1983,1989,6,sn,hg_conus_clim,74.02363586425781,135.53053283691406,10.006978034973145,1756.5804443359375,4339.216796875,56.2215944072599
155767442010854,12,1969,1979,10,sn,default,111.21841430664062,138.5207061767578,12.132975578308105,2445.9951171875,7952.34423828125,116.88693031137063
155767442010854,12,1969,1979,10,sn,calibrated,110.4661865234375,137.01019287109375,12.158345222473145,2431.355712890625,7920.96826171875,116.88693031137063
155767442010854,12,1969,1979,10,sn,hg_bayes,111.25670623779297,138.5212860107422,12.135041236877441,3241.11669921875,10979.81640625,116.88693031137063
155767442010854,12,1969,1979,10,sn,hg_organon,111.25670623779297,138.5212860107422,12.135041236877441,3241.11669921875,10979.81640625,116.88693031137063
155767442010854,12,1969,1979,10,sn,hg_conus_sp,111.20411682128906,138.5211181640625,12.132174491882324,2931.643310546875,9966.302734375,116.88693031137063
155767442010854,12,1969,1979,10,sn,hg_conus_clim,111.21841430664062,138.5207061767578,12.132975578308105,2445.9951171875,7952.34423828125,116.88693031137063
74786460010478,21,2001,2007,6,sn,default,65.2586441040039,142.5574493408203,9.161367416381836,1240.6951904296875,2473.068115234375,109.08448068717921
74786460010478,21,2001,2007,6,sn,calibrated,65.20477294921875,142.3805389404297,9.163272857666016,1239.80517578125,2472.472900390625,109.08448068717921
74786460010478,21,2001,2007,6,sn,hg_bayes,65.31771087646484,142.557373046875,9.16551685333252,1319.9366455078125,2646.0830078125,109.08448068717921
74786460010478,21,2001,2007,6,sn,hg_organon,65.31771087646484,142.557373046875,9.16551685333252,1319.9366455078125,2646.0830078125,109.08448068717921
74786460010478,21,2001,2007,6,sn,hg_conus_sp,65.29103088378906,142.55738830566406,9.163643836975098,1288.5074462890625,2536.5732421875,109.08448068717921
74786460010478,21,2001,2007,6,sn,hg_conus_clim,65.26490020751953,142.5574493408203,9.161808967590332,1286.6517333984375,2630.041015625,109.08448068717921
160381231010854,22,1974,1985,11,sn,default,133.92356872558594,119.84823608398438,14.313600540161133,3496.57177734375,15586.1494140625,131.41596516460555
160381231010854,22,1974,1985,11,sn,calibrated,131.06187438964844,115.43204498291016,14.428169250488281,3430.806884765625,15380.31640625,131.41596516460555
160381231010854,22,1974,1985,11,sn,hg_bayes,134.2055206298828,119.8479232788086,14.32868480682373,4010.506591796875,17991.517578125,131.41596516460555
160381231010854,22,1974,1985,11,sn,hg_organon,134.2055206298828,119.8479232788086,14.32868480682373,4010.506591796875,17991.517578125,131.41596516460555
160381231010854,22,1974,1985,11,sn,hg_conus_sp,133.98497009277344,119.84797668457031,14.31689739227295,3583.74267578125,15977.099609375,131.41596516460555
160381231010854,22,1974,1985,11,sn,hg_conus_clim,133.92356872558594,119.84823608398438,14.313600540161133,3496.57177734375,15586.1494140625,131.41596516460555
337702354489998,37,2016,2023,7,sn,default,172.5851287841797,424.6455078125,8.632264137268066,4059.105224609375,5175.43310546875,190.40810152456137
337702354489998,37,2016,2023,7,sn,calibrated,157.62127685546875,375.5306701660156,8.772452354431152,3733.035400390625,5185.6259765625,190.40810152456137
337702354489998,37,2016,2023,7,sn,hg_bayes,172.58924865722656,424.63922119140625,8.632434844970703,5087.99560546875,6474.85009765625,190.40810152456137
337702354489998,37,2016,2023,7,sn,hg_organon,172.58924865722656,424.63922119140625,8.632434844970703,5087.99560546875,6474.85009765625,190.40810152456137
337702354489998,37,2016,2023,7,sn,hg_conus_sp,172.58676147460938,424.64306640625,8.632331848144531,4740.3603515625,6191.10546875,190.40810152456137
337702354489998,37,2016,2023,7,sn,hg_conus_clim,172.58543395996094,424.6450500488281,8.632272720336914,4736.8818359375,6232.17333984375,190.40810152456137
533664236126144,13,2018,2024,6,sn,default,102.68464660644531,229.38333129882812,9.059578895568848,2466.0322265625,4864.369140625,53.02177180045313
533664236126144,13,2018,2024,6,sn,calibrated,101.10625457763672,224.32626342773438,9.090447425842285,2439.80029296875,4840.38720703125,53.02177180045313
533664236126144,13,2018,2024,6,sn,hg_bayes,102.69328308105469,229.3833465576172,9.059965133666992,2938.52880859375,5663.0224609375,53.02177180045313
533664236126144,13,2018,2024,6,sn,hg_organon,102.69328308105469,229.3833465576172,9.059965133666992,2938.52880859375,5663.0224609375,53.02177180045313
533664236126144,13,2018,2024,6,sn,hg_conus_sp,102.67525482177734,229.38339233398438,9.059165000915527,2878.365478515625,5717.900390625,53.02177180045313
533664236126144,13,2018,2024,6,sn,hg_conus_clim,102.67534637451172,229.38336181640625,9.059171676635742,2709.574462890625,5107.9306640625,53.02177180045313
471570567489998,37,2017,2022,5,sn,default,18.406972885131836,17.57367706298828,13.857861518859863,547.412109375,1980.5928955078125,75.16263825582679
471570567489998,37,2017,2022,5,sn,calibrated,18.443944931030273,17.637128829956055,13.846795082092285,548.2731323242188,1981.55419921875,75.16263825582679
471570567489998,37,2017,2022,5,sn,hg_bayes,18.38956069946289,17.573678970336914,13.851303100585938,580.4017944335938,2058.304443359375,75.16263825582679
471570567489998,37,2017,2022,5,sn,hg_organon,18.38956069946289,17.573678970336914,13.851303100585938,580.4017944335938,2058.304443359375,75.16263825582679
471570567489998,37,2017,2022,5,sn,hg_conus_sp,18.39579200744629,17.573678970336914,13.853649139404297,557.8131103515625,1980.2353515625,75.16263825582679
471570567489998,37,2017,2022,5,sn,hg_conus_clim,18.406972885131836,17.57367706298828,13.857861518859863,547.412109375,1980.5928955078125,75.16263825582679
131578958010478,47,2007,2013,6,sn,default,52.04850387573242,151.63003540039062,7.933191299438477,844.7102661132812,209.6342010498047,85.16111896185802
131578958010478,47,2007,2013,6,sn,calibrated,52.209144592285156,152.26962280273438,7.928719997406006,846.9314575195312,209.6467742919922,85.16111896185802
131578958010478,47,2007,2013,6,sn,hg_bayes,52.0898323059082,151.6299591064453,7.936339855194092,1041.3543701171875,338.3638000488281,85.16111896185802
131578958010478,47,2007,2013,6,sn,hg_organon,52.0898323059082,151.6299591064453,7.936339855194092,1041.3543701171875,338.3638000488281,85.16111896185802
131578958010478,47,2007,2013,6,sn,hg_conus_sp,52.05427551269531,151.62998962402344,7.933631420135498,944.556884765625,306.7830505371094,85.16111896185802
131578958010478,47,2007,2013,6,sn,hg_conus_clim,52.044219970703125,151.62997436523438,7.932864665985107,852.7730102539062,209.63417053222656,85.16111896185802
259082537010854,13,2012,2018,6,sn,default,108.52867889404297,340.318115234375,7.646560192108154,1622.477294921875,0.0,41.74375140102033
259082537010854,13,2012,2018,6,sn,calibrated,106.93084716796875,334.17822265625,7.659471035003662,1599.8863525390625,0.0,41.74375140102033
259082537010854,13,2012,2018,6,sn,hg_bayes,108.55397033691406,340.2729797363281,7.647952079772949,2747.81298828125,0.0,41.74375140102033
259082537010854,13,2012,2018,6,sn,hg_organon,108.55397033691406,340.2729797363281,7.647952079772949,2747.81298828125,0.0,41.74375140102033
259082537010854,13,2012,2018,6,sn,hg_conus_sp,108.5431137084961,340.292724609375,7.647350788116455,3062.623779296875,0.0,41.74375140102033
259082537010854,13,2012,2018,6,sn,hg_conus_clim,108.52867889404297,340.318115234375,7.646560192108154,1622.477294921875,0.0,41.74375140102033
107429673010478,48,2006,2018,12,sn,default,10.478863716125488,28.930654525756836,8.149185180664062,131.2147216796875,0.0,58.92772930638525
107429673010478,48,2006,2018,12,sn,calibrated,10.432332038879395,28.76478385925293,8.1544828414917,130.68482971191406,0.0,58.92772930638525
107429673010478,48,2006,2018,12,sn,hg_bayes,10.478863716125488,28.930654525756836,8.149185180664062,131.2147216796875,0.0,58.92772930638525
107429673010478,48,2006,2018,12,sn,hg_organon,10.478863716125488,28.930654525756836,8.149185180664062,131.2147216796875,0.0,58.92772930638525
107429673010478,48,2006,2018,12,sn,hg_conus_sp,10.478863716125488,28.930654525756836,8.149185180664062,131.2147216796875,0.0,58.92772930638525
107429673010478,48,2006,2018,12,sn,hg_conus_clim,10.478863716125488,28.930654525756836,8.149185180664062,131.2147216796875,0.0,58.92772930638525
22339447010478,1,2002,2007,5,sn,default,16.016525268554688,41.31431579589844,8.430827140808105,291.2767028808594,239.99647521972656,141.4053871713052
22339447010478,1,2002,2007,5,sn,calibrated,15.726898193359375,40.39253616333008,8.4490385055542,286.52032470703125,239.65689086914062,141.4053871713052
22339447010478,1,2002,2007,5,sn,hg_bayes,16.016443252563477,41.31431579589844,8.430804252624512,414.3747253417969,351.7943420410156,141.4053871713052
22339447010478,1,2002,2007,5,sn,hg_organon,16.016443252563477,41.31431579589844,8.430804252624512,414.3747253417969,351.7943420410156,141.4053871713052
22339447010478,1,2002,2007,5,sn,hg_conus_sp,16.016441345214844,41.31431579589844,8.430805206298828,397.5337219238281,335.51678466796875,141.4053871713052
22339447010478,1,2002,2007,5,sn,hg_conus_clim,16.01645851135254,41.31431579589844,8.430808067321777,400.3006896972656,339.6211853027344,141.4053871713052
162404578010854,40,1976,1986,10,sn,default,27.224912643432617,36.051971435546875,11.766709327697754,635.539306640625,2055.9990234375,45.88335283201104
162404578010854,40,1976,1986,10,sn,calibrated,27.22320556640625,36.04874801635742,11.766865730285645,635.5031127929688,2055.92529296875,45.88335283201104
162404578010854,40,1976,1986,10,sn,hg_bayes,27.14634895324707,36.05217361450195,11.749686241149902,732.9095458984375,2243.74951171875,45.88335283201104
162404578010854,40,1976,1986,10,sn,hg_organon,27.14634895324707,36.05217361450195,11.749686241149902,732.9095458984375,2243.74951171875,45.88335283201104
162404578010854,40,1976,1986,10,sn,hg_conus_sp,27.19047737121582,36.05205535888672,11.75925064086914,696.4857788085938,2174.2001953125,45.88335283201104
162404578010854,40,1976,1986,10,sn,hg_conus_clim,27.241069793701172,36.05194091796875,11.770204544067383,665.8944702148438,2172.2490234375,45.88335283201104
163894923010854,51,1977,1985,8,sn,default,90.5877685546875,234.07884216308594,8.42345142364502,1798.6444091796875,1084.2220458984375,126.71118093233902
163894923010854,51,1977,1985,8,sn,calibrated,90.76598358154297,234.69180297851562,8.420713424682617,1801.87060546875,1084.310546875,126.71118093233902
163894923010854,51,1977,1985,8,sn,hg_bayes,90.63401794433594,234.0785369873047,8.425604820251465,2595.7080078125,1263.438720703125,126.71118093233902
163894923010854,51,1977,1985,8,sn,hg_organon,90.63401794433594,234.0785369873047,8.425604820251465,2595.7080078125,1263.438720703125,126.71118093233902
163894923010854,51,1977,1985,8,sn,hg_conus_sp,90.57636260986328,234.07882690429688,8.422922134399414,2333.427001953125,1179.4202880859375,126.71118093233902
163894923010854,51,1977,1985,8,sn,hg_conus_clim,90.5877685546875,234.07884216308594,8.42345142364502,1798.6444091796875,1084.2220458984375,126.71118093233902
347196124489998,5,2016,2021,5,sn,default,95.19042205810547,185.3581085205078,9.703471183776855,1904.353271484375,5189.619140625,102.04535479411085
347196124489998,5,2016,2021,5,sn,calibrated,95.21023559570312,185.41355895996094,9.703028678894043,1904.7083740234375,5190.20751953125,102.04535479411085
347196124489998,5,2016,2021,5,sn,hg_bayes,95.20408630371094,185.3581085205078,9.704170227050781,1998.7724609375,5618.4921875,102.04535479411085
347196124489998,5,2016,2021,5,sn,hg_organon,95.20408630371094,185.3581085205078,9.704170227050781,1998.7724609375,5618.4921875,102.04535479411085
347196124489998,5,2016,2021,5,sn,hg_conus_sp,95.19489288330078,185.3581085205078,9.70369815826416,1965.3336181640625,5518.29833984375,102.04535479411085
347196124489998,5,2016,2021,5,sn,hg_conus_clim,95.19042205810547,185.3581085205078,9.703471183776855,1904.353271484375,5189.619140625,102.04535479411085
