PLOT,STATE,MEASYEAR1,MEASYEAR2,PERIOD_YR,variant,config,BA_PRED,TPA_PRED,QMD_PRED,MCuFt_PRED,BdFt_PRED,BA_OBS
29395410010497,41,2008,2018,10,wc,default,232.38583374023438,139.90623474121094,17.451093673706055,7955.7890625,45715.83203125,264.84757851880437
29395410010497,41,2008,2018,10,wc,calibrated,233.06564331054688,140.62625122070312,17.431795120239258,7976.25341796875,45832.84375,264.84757851880437
29395410010497,41,2008,2018,10,wc,hg_bayes,232.38571166992188,139.90623474121094,17.45108985900879,9057.279296875,53322.15625,264.84757851880437
29395410010497,41,2008,2018,10,wc,hg_organon,232.38571166992188,139.90623474121094,17.45108985900879,9057.279296875,53322.15625,264.84757851880437
29395410010497,41,2008,2018,10,wc,hg_conus_sp,232.38583374023438,139.90623474121094,17.451093673706055,8614.08203125,50484.80078125,264.84757851880437
29395410010497,41,2008,2018,10,wc,hg_conus_clim,232.3858184814453,139.90623474121094,17.451091766357422,8593.044921875,50329.37890625,264.84757851880437
41118547010497,41,2002,2012,10,wc,default,117.4785385131836,94.97785949707031,15.059286117553711,3397.8955078125,18110.45703125,89.71130680017055
41118547010497,41,2002,2012,10,wc,calibrated,116.68817901611328,94.2927474975586,15.062970161437988,3374.177001953125,17983.390625,89.71130680017055
41118547010497,41,2002,2012,10,wc,hg_bayes,117.5041732788086,94.97783660888672,15.060928344726562,4149.48779296875,22901.462890625,89.71130680017055
41118547010497,41,2002,2012,10,wc,hg_organon,117.5041732788086,94.97783660888672,15.060928344726562,4149.48779296875,22901.462890625,89.71130680017055
41118547010497,41,2002,2012,10,wc,hg_conus_sp,117.47843933105469,94.97785949707031,15.059280395507812,3354.0439453125,17612.083984375,89.71130680017055
41118547010497,41,2002,2012,10,wc,hg_conus_clim,117.48528289794922,94.97785949707031,15.059714317321777,3434.3056640625,18350.923828125,89.71130680017055
22828631010497,41,2007,2017,10,wc,default,90.73086547851562,96.50849151611328,13.128979682922363,2351.69677734375,12208.4443359375,99.88232297563574
22828631010497,41,2007,2017,10,wc,calibrated,89.43855285644531,93.82255554199219,13.220412254333496,2323.032958984375,12075.7275390625,99.88232297563574
22828631010497,41,2007,2017,10,wc,hg_bayes,90.74028778076172,96.50890350341797,13.12963581085205,2537.89208984375,13434.41796875,99.88232297563574
22828631010497,41,2007,2017,10,wc,hg_organon,90.74028778076172,96.50890350341797,13.12963581085205,2537.89208984375,13434.41796875,99.88232297563574
22828631010497,41,2007,2017,10,wc,hg_conus_sp,90.7408218383789,96.50890350341797,13.129673957824707,2350.622802734375,12314.13671875,99.88232297563574
22828631010497,41,2007,2017,10,wc,hg_conus_clim,90.74085998535156,96.50890350341797,13.12967586517334,2366.707763671875,12347.7685546875,99.88232297563574
41119734010497,41,2005,2015,10,wc,default,70.03681182861328,173.42845153808594,8.604769706726074,1718.0340576171875,8785.5185546875,80.15024780744254
41119734010497,41,2005,2015,10,wc,calibrated,63.54560470581055,155.6374969482422,8.65211009979248,1562.8841552734375,7975.9658203125,80.15024780744254
41119734010497,41,2005,2015,10,wc,hg_bayes,70.03681182861328,173.42845153808594,8.604769706726074,1827.2508544921875,9531.9638671875,80.15024780744254
41119734010497,41,2005,2015,10,wc,hg_organon,70.03681182861328,173.42845153808594,8.604769706726074,1827.2508544921875,9531.9638671875,80.15024780744254
41119734010497,41,2005,2015,10,wc,hg_conus_sp,70.03681182861328,173.42845153808594,8.604769706726074,1718.0340576171875,8785.5185546875,80.15024780744254
41119734010497,41,2005,2015,10,wc,hg_conus_clim,70.03681182861328,173.42845153808594,8.604769706726074,1718.0340576171875,8785.5185546875,80.15024780744254
40220449010497,53,2010,2021,11,wc,default,243.92132568359375,106.90740966796875,20.453020095825195,4956.56396484375,25192.841796875,216.95361285693042
40220449010497,53,2010,2021,11,wc,calibrated,244.54409790039062,107.21141052246094,20.45004653930664,4969.0966796875,25256.072265625,216.95361285693042
40220449010497,53,2010,2021,11,wc,hg_bayes,243.92132568359375,106.90740966796875,20.453020095825195,6491.8505859375,35802.06640625,216.95361285693042
40220449010497,53,2010,2021,11,wc,hg_organon,243.92132568359375,106.90740966796875,20.453020095825195,6491.8505859375,35802.06640625,216.95361285693042
40220449010497,53,2010,2021,11,wc,hg_conus_sp,243.92132568359375,106.90740966796875,20.453020095825195,5827.2724609375,31446.916015625,216.95361285693042
40220449010497,53,2010,2021,11,wc,hg_conus_clim,243.92132568359375,106.90740966796875,20.453020095825195,5757.43359375,30945.734375,216.95361285693042
48206131010497,41,2011,2022,11,wc,default,47.906612396240234,47.57355499267578,13.587865829467773,821.0562744140625,3693.664794921875,40.47086190108595
48206131010497,41,2011,2022,11,wc,calibrated,47.806156158447266,47.462974548339844,13.589414596557617,820.1133422851562,3694.25146484375,40.47086190108595
48206131010497,41,2011,2022,11,wc,hg_bayes,47.906612396240234,47.57355499267578,13.587865829467773,902.13232421875,4014.015380859375,40.47086190108595
48206131010497,41,2011,2022,11,wc,hg_organon,47.906612396240234,47.57355499267578,13.587865829467773,902.13232421875,4014.015380859375,40.47086190108595
48206131010497,41,2011,2022,11,wc,hg_conus_sp,47.906612396240234,47.57355499267578,13.587865829467773,895.1388549804688,3924.11279296875,40.47086190108595
48206131010497,41,2011,2022,11,wc,hg_conus_clim,47.906612396240234,47.57355499267578,13.587865829467773,895.9959716796875,3930.541015625,40.47086190108595
22399222010497,53,2006,2016,10,wc,default,112.4141616821289,182.0831756591797,10.639273643493652,3435.802734375,17409.677734375,
22399222010497,53,2006,2016,10,wc,calibrated,107.17216491699219,172.66839599609375,10.667698860168457,3271.883056640625,16573.56640625,
22399222010497,53,2006,2016,10,wc,hg_bayes,112.58287048339844,182.10116577148438,10.64672565460205,3654.65234375,18814.66015625,
22399222010497,53,2006,2016,10,wc,hg_organon,112.58287048339844,182.10116577148438,10.64672565460205,3654.65234375,18814.66015625,
22399222010497,53,2006,2016,10,wc,hg_conus_sp,112.4141616821289,182.0831756591797,10.639273643493652,3461.6982421875,17598.623046875,
22399222010497,53,2006,2016,10,wc,hg_conus_clim,112.4141616821289,182.0831756591797,10.639273643493652,3445.3056640625,17501.58203125,
22932014010497,41,2008,2018,10,wc,default,93.97595977783203,103.04161071777344,12.93118667602539,2034.3045654296875,10750.3251953125,121.66991689085805
22932014010497,41,2008,2018,10,wc,calibrated,94.1400146484375,103.22501373291016,12.930968284606934,2036.9649658203125,10766.7900390625,121.66991689085805
22932014010497,41,2008,2018,10,wc,hg_bayes,93.97570037841797,103.04161071777344,12.931170463562012,2481.850830078125,13495.6162109375,121.66991689085805
22932014010497,41,2008,2018,10,wc,hg_organon,93.97570037841797,103.04161071777344,12.931170463562012,2481.850830078125,13495.6162109375,121.66991689085805
22932014010497,41,2008,2018,10,wc,hg_conus_sp,93.97611999511719,103.04161071777344,12.931198120117188,2197.972412109375,11628.40234375,121.66991689085805
22932014010497,41,2008,2018,10,wc,hg_conus_clim,93.97598266601562,103.04161071777344,12.931188583374023,2215.886474609375,11757.626953125,121.66991689085805
22399107010497,53,2006,2016,10,wc,default,142.1052703857422,216.6748046875,10.96572208404541,4440.7900390625,23900.953125,122.95832560851363
22399107010497,53,2006,2016,10,wc,calibrated,141.30259704589844,214.36526489257812,10.993454933166504,4423.4072265625,23811.111328125,122.95832560851363
22399107010497,53,2006,2016,10,wc,hg_bayes,142.11900329589844,216.6747283935547,10.966253280639648,4663.19873046875,25273.177734375,122.95832560851363
22399107010497,53,2006,2016,10,wc,hg_organon,142.11900329589844,216.6747283935547,10.966253280639648,4663.19873046875,25273.177734375,122.95832560851363
22399107010497,53,2006,2016,10,wc,hg_conus_sp,142.105224609375,216.6748046875,10.965720176696777,4466.43896484375,24158.71875,122.95832560851363
22399107010497,53,2006,2016,10,wc,hg_conus_clim,142.10528564453125,216.6748046875,10.96572208404541,4506.076171875,24322.048828125,122.95832560851363
8623431010901,53,2006,2016,10,wc,default,96.06476593017578,267.1209411621094,8.120158195495605,1425.832275390625,7171.6513671875,
8623431010901,53,2006,2016,10,wc,calibrated,95.94187927246094,266.8918762207031,8.11844253540039,1419.7841796875,7137.62451171875,
8623431010901,53,2006,2016,10,wc,hg_bayes,96.06476593017578,267.1209411621094,8.120158195495605,1838.90087890625,9667.591796875,
8623431010901,53,2006,2016,10,wc,hg_organon,96.06476593017578,267.1209411621094,8.120158195495605,1838.90087890625,9667.591796875,
8623431010901,53,2006,2016,10,wc,hg_conus_sp,96.06476593017578,267.1209411621094,8.120158195495605,1719.560546875,8963.1591796875,
8623431010901,53,2006,2016,10,wc,hg_conus_clim,96.06476593017578,267.1209411621094,8.120158195495605,1636.4228515625,8437.8056640625,
41118789010497,41,2002,2012,10,wc,default,94.70389556884766,72.57118225097656,15.468140602111816,2609.33349609375,13565.6201171875,70.69893217743387
41118789010497,41,2002,2012,10,wc,calibrated,94.38228607177734,72.25598907470703,15.475500106811523,2601.043212890625,13522.4482421875,70.69893217743387
41118789010497,41,2002,2012,10,wc,hg_bayes,94.73878479003906,72.57252502441406,15.470848083496094,2764.740478515625,14449.138671875,70.69893217743387
41118789010497,41,2002,2012,10,wc,hg_organon,94.73878479003906,72.57252502441406,15.470848083496094,2764.740478515625,14449.138671875,70.69893217743387
41118789010497,41,2002,2012,10,wc,hg_conus_sp,94.72413635253906,72.57257843017578,15.469644546508789,2713.2763671875,14179.7509765625,70.69893217743387
41118789010497,41,2002,2012,10,wc,hg_conus_clim,94.72413635253906,72.57257843017578,15.469644546508789,2709.23779296875,14169.21484375,70.69893217743387
41118390010497,41,2001,2011,10,wc,default,142.388916015625,102.87364959716797,15.930238723754883,4269.13623046875,23323.146484375,
41118390010497,41,2001,2011,10,wc,calibrated,142.74586486816406,103.29119873046875,15.917924880981445,4277.33154296875,23365.65625,
41118390010497,41,2001,2011,10,wc,hg_bayes,142.3887939453125,102.87364959716797,15.930230140686035,4650.61328125,25891.671875,
41118390010497,41,2001,2011,10,wc,hg_organon,142.3887939453125,102.87364959716797,15.930230140686035,4650.61328125,25891.671875,
41118390010497,41,2001,2011,10,wc,hg_conus_sp,142.388916015625,102.87364959716797,15.930238723754883,4296.7275390625,23459.115234375,
41118390010497,41,2001,2011,10,wc,hg_conus_clim,142.388916015625,102.87364959716797,15.930238723754883,4311.16748046875,23605.34765625,
41119464010497,41,2004,2014,10,wc,default,465.360107421875,100.92668914794922,29.075551986694336,19664.59375,136050.5625,466.1534451091422
41119464010497,41,2004,2014,10,wc,calibrated,466.9825744628906,103.08362579345703,28.819849014282227,19714.564453125,136389.0625,466.1534451091422
41119464010497,41,2004,2014,10,wc,hg_bayes,465.36004638671875,100.92667388916016,29.075550079345703,21269.37890625,148317.359375,466.1534451091422
41119464010497,41,2004,2014,10,wc,hg_organon,465.36004638671875,100.92667388916016,29.075550079345703,21269.37890625,148317.359375,466.1534451091422
41119464010497,41,2004,2014,10,wc,hg_conus_sp,465.360107421875,100.92668914794922,29.075550079345703,20151.48046875,139766.6875,466.1534451091422
41119464010497,41,2004,2014,10,wc,hg_conus_clim,465.360107421875,100.92668914794922,29.075550079345703,20305.845703125,141003.34375,466.1534451091422
24919128010900,41,2004,2014,10,wc,default,153.1632080078125,248.96673583984375,10.620450973510742,3157.02880859375,15463.3603515625,110.67956975568316
24919128010900,41,2004,2014,10,wc,calibrated,153.5946807861328,249.82720947265625,10.6170654296875,3165.57080078125,15505.7373046875,110.67956975568316
24919128010900,41,2004,2014,10,wc,hg_bayes,153.47776794433594,248.96343994140625,10.631417274475098,3983.10986328125,20390.48046875,110.67956975568316
24919128010900,41,2004,2014,10,wc,hg_organon,153.47776794433594,248.96343994140625,10.631417274475098,3983.10986328125,20390.48046875,110.67956975568316
24919128010900,41,2004,2014,10,wc,hg_conus_sp,153.4764862060547,248.9634552001953,10.63137435913086,3614.203857421875,18078.53515625,110.67956975568316
24919128010900,41,2004,2014,10,wc,hg_conus_clim,153.4778289794922,248.9634552001953,10.631417274475098,3529.821533203125,17675.865234375,110.67956975568316
8616160010901,53,2006,2016,10,wc,default,70.16008758544922,32.51399612426758,19.890527725219727,2358.398193359375,14510.115234375,83.6310562357862
8616160010901,53,2006,2016,10,wc,calibrated,70.13573455810547,32.52824783325195,19.882715225219727,2357.621826171875,14507.8505859375,83.6310562357862
8616160010901,53,2006,2016,10,wc,hg_bayes,70.1598129272461,32.51399612426758,19.890487670898438,2643.084716796875,16499.638671875,83.6310562357862
8616160010901,53,2006,2016,10,wc,hg_organon,70.1598129272461,32.51399612426758,19.890487670898438,2643.084716796875,16499.638671875,83.6310562357862
8616160010901,53,2006,2016,10,wc,hg_conus_sp,70.16000366210938,32.51399612426758,19.890514373779297,2501.677734375,15527.994140625,83.6310562357862
8616160010901,53,2006,2016,10,wc,hg_conus_clim,70.16011047363281,32.51399612426758,19.89052963256836,2507.0087890625,15638.751953125,83.6310562357862
29881615010497,41,2009,2019,10,wc,default,51.73078155517578,54.68196487426758,13.17009162902832,1228.4937744140625,6058.04248046875,41.52807651258089
29881615010497,41,2009,2019,10,wc,calibrated,51.50672912597656,54.39872741699219,13.17570686340332,1223.47509765625,6033.48681640625,41.52807651258089
29881615010497,41,2009,2019,10,wc,hg_bayes,51.737796783447266,54.6824836730957,13.170921325683594,1321.926513671875,6579.873046875,41.52807651258089
29881615010497,41,2009,2019,10,wc,hg_organon,51.737796783447266,54.6824836730957,13.170921325683594,1321.926513671875,6579.873046875,41.52807651258089
29881615010497,41,2009,2019,10,wc,hg_conus_sp,51.737796783447266,54.6824836730957,13.170921325683594,1308.047607421875,6524.84326171875,41.52807651258089
29881615010497,41,2009,2019,10,wc,hg_conus_clim,51.737796783447266,54.6824836730957,13.170921325683594,1308.047607421875,6524.84326171875,41.52807651258089
29882157010497,41,2009,2019,10,wc,default,218.3441162109375,90.26897430419922,21.05900001525879,8680.5458984375,51203.09375,
29882157010497,41,2009,2019,10,wc,calibrated,218.8801727294922,90.50342559814453,21.05750846862793,8702.0078125,51328.76953125,
29882157010497,41,2009,2019,10,wc,hg_bayes,218.34413146972656,90.26897430419922,21.05900001525879,9204.6103515625,54818.43359375,
29882157010497,41,2009,2019,10,wc,hg_organon,218.34413146972656,90.26897430419922,21.05900001525879,9204.6103515625,54818.43359375,
29882157010497,41,2009,2019,10,wc,hg_conus_sp,218.34414672851562,90.26897430419922,21.059001922607422,8761.201171875,51699.40234375,
29882157010497,41,2009,2019,10,wc,hg_conus_clim,218.34413146972656,90.26897430419922,21.05900001525879,8804.9013671875,51951.45703125,
24198975010900,53,2002,2012,10,wc,default,125.34319305419922,166.00550842285156,11.765907287597656,2910.146240234375,14255.1015625,176.31169304170916
24198975010900,53,2002,2012,10,wc,calibrated,125.04975128173828,165.23353576660156,11.77955150604248,2902.255126953125,14212.029296875,176.31169304170916
24198975010900,53,2002,2012,10,wc,hg_bayes,125.53047943115234,166.00526428222656,11.774702072143555,3841.55908203125,19980.5703125,176.31169304170916
24198975010900,53,2002,2012,10,wc,hg_organon,125.53047943115234,166.00526428222656,11.774702072143555,3841.55908203125,19980.5703125,176.31169304170916
24198975010900,53,2002,2012,10,wc,hg_conus_sp,125.52818298339844,166.00526428222656,11.7745943069458,3448.439208984375,17476.458984375,176.31169304170916
24198975010900,53,2002,2012,10,wc,hg_conus_clim,125.53099822998047,166.00526428222656,11.774725914001465,3363.999267578125,17077.802734375,176.31169304170916
40220716010497,53,2010,2022,12,wc,default,57.993186950683594,23.784727096557617,21.143444061279297,1804.4061279296875,10225.947265625,42.36254229454599
40220716010497,53,2010,2022,12,wc,calibrated,58.156307220458984,23.855966567993164,21.141517639160156,1809.4349365234375,10254.2314453125,42.36254229454599
40220716010497,53,2010,2022,12,wc,hg_bayes,57.99315643310547,23.784727096557617,21.1434383392334,2131.6318359375,12664.25390625,42.36254229454599
40220716010497,53,2010,2022,12,wc,hg_organon,57.99315643310547,23.784727096557617,21.1434383392334,2131.6318359375,12664.25390625,42.36254229454599
40220716010497,53,2010,2022,12,wc,hg_conus_sp,57.9931640625,23.784727096557617,21.1434383392334,2030.0263671875,11951.8232421875,42.36254229454599
40220716010497,53,2010,2022,12,wc,hg_conus_clim,57.993160247802734,23.784727096557617,21.1434383392334,2034.188720703125,11969.6630859375,42.36254229454599
29882838010497,53,2009,2019,10,wc,default,206.83567810058594,333.65277099609375,10.661088943481445,5277.1767578125,26830.943359375,5.008684360347493
29882838010497,53,2009,2019,10,wc,calibrated,205.84381103515625,331.9515380859375,10.662714958190918,5252.28759765625,26704.623046875,5.008684360347493
29882838010497,53,2009,2019,10,wc,hg_bayes,207.06431579589844,333.65277099609375,10.666984558105469,5688.5078125,29496.31640625,5.008684360347493
29882838010497,53,2009,2019,10,wc,hg_organon,207.06431579589844,333.65277099609375,10.666984558105469,5688.5078125,29496.31640625,5.008684360347493
29882838010497,53,2009,2019,10,wc,hg_conus_sp,206.89840698242188,333.65277099609375,10.662707328796387,5438.2685546875,27772.65234375,5.008684360347493
29882838010497,53,2009,2019,10,wc,hg_conus_clim,206.97059631347656,333.65277099609375,10.664571762084961,5534.22705078125,28345.470703125,5.008684360347493
22954073010497,41,2007,2017,10,wc,default,309.8589782714844,85.25083923339844,25.814815521240234,13452.3623046875,87262.75,297.0979767566353
22954073010497,41,2007,2017,10,wc,calibrated,310.6341552734375,85.48174285888672,25.812150955200195,13485.8515625,87477.671875,297.0979767566353
22954073010497,41,2007,2017,10,wc,hg_bayes,309.8589782714844,85.25083923339844,25.814815521240234,14355.6201171875,93875.3984375,297.0979767566353
22954073010497,41,2007,2017,10,wc,hg_organon,309.8589782714844,85.25083923339844,25.814815521240234,14355.6201171875,93875.3984375,297.0979767566353
22954073010497,41,2007,2017,10,wc,hg_conus_sp,309.8590393066406,85.25083923339844,25.814815521240234,13723.0224609375,89388.765625,297.0979767566353
22954073010497,41,2007,2017,10,wc,hg_conus_clim,309.8590087890625,85.25083923339844,25.814815521240234,13788.2607421875,89849.03125,297.0979767566353
24918381010900,41,2004,2014,10,wc,default,261.01434326171875,164.4396514892578,17.0594539642334,7519.73681640625,47025.953125,259.16056564623614
24918381010900,41,2004,2014,10,wc,calibrated,261.96630859375,165.42828369140625,17.039396286010742,7542.42333984375,47162.546875,259.16056564623614
24918381010900,41,2004,2014,10,wc,hg_bayes,261.0141296386719,164.4396514892578,17.059450149536133,8460.7265625,53694.1328125,259.16056564623614
24918381010900,41,2004,2014,10,wc,hg_organon,261.0141296386719,164.4396514892578,17.059450149536133,8460.7265625,53694.1328125,259.16056564623614
24918381010900,41,2004,2014,10,wc,hg_conus_sp,261.0142822265625,164.4396514892578,17.059450149536133,7835.078125,49307.20703125,259.16056564623614
24918381010900,41,2004,2014,10,wc,hg_conus_clim,261.0142822265625,164.4396514892578,17.059450149536133,7951.8271484375,50282.24609375,259.16056564623614
40403349010497,41,2010,2020,10,wc,default,31.517333984375,23.697107315063477,15.615767478942871,818.5929565429688,4201.68310546875,29.22958360369663
40403349010497,41,2010,2020,10,wc,calibrated,31.442914962768555,23.64719581604004,15.613773345947266,816.4913940429688,4190.8740234375,29.22958360369663
40403349010497,41,2010,2020,10,wc,hg_bayes,31.51885223388672,23.697267532348633,15.61609172821045,883.5343017578125,4568.79736328125,29.22958360369663
40403349010497,41,2010,2020,10,wc,hg_organon,31.51885223388672,23.697267532348633,15.61609172821045,883.5343017578125,4568.79736328125,29.22958360369663
40403349010497,41,2010,2020,10,wc,hg_conus_sp,31.51885223388672,23.697267532348633,15.61609172821045,877.6880493164062,4536.02783203125,29.22958360369663
40403349010497,41,2010,2020,10,wc,hg_conus_clim,31.51885223388672,23.697267532348633,15.61609172821045,878.671142578125,4540.49658203125,29.22958360369663
22931053010497,53,2008,2019,11,wc,default,227.63671875,228.48191833496094,13.515482902526855,7314.08251953125,40074.34375,131.15895019576425
22931053010497,53,2008,2019,11,wc,calibrated,227.45025634765625,228.8510284423828,13.499040603637695,7295.373046875,39968.1953125,131.15895019576425
22931053010497,53,2008,2019,11,wc,hg_bayes,227.6374969482422,228.48179626464844,13.515509605407715,8131.2919921875,45032.84375,131.15895019576425
22931053010497,53,2008,2019,11,wc,hg_organon,227.6374969482422,228.48179626464844,13.515509605407715,8131.2919921875,45032.84375,131.15895019576425
22931053010497,53,2008,2019,11,wc,hg_conus_sp,227.6381378173828,228.48178100585938,13.515527725219727,7151.9736328125,38989.484375,131.15895019576425
22931053010497,53,2008,2019,11,wc,hg_conus_clim,227.6378936767578,228.48179626464844,13.515519142150879,7438.76416015625,40963.18359375,131.15895019576425
41119346010497,41,2003,2013,10,wc,default,241.79501342773438,207.1516571044922,14.629035949707031,9346.5537109375,55204.97265625,230.2993488197137
41119346010497,41,2003,2013,10,wc,calibrated,240.87619018554688,206.55787658691406,14.622184753417969,9310.99609375,54982.71484375,230.2993488197137
41119346010497,41,2003,2013,10,wc,hg_bayes,241.79354858398438,207.1516571044922,14.628992080688477,10528.5361328125,62746.81640625,230.2993488197137
41119346010497,41,2003,2013,10,wc,hg_organon,241.79354858398438,207.1516571044922,14.628992080688477,10528.5361328125,62746.81640625,230.2993488197137
41119346010497,41,2003,2013,10,wc,hg_conus_sp,241.79519653320312,207.1516571044922,14.629042625427246,9431.6435546875,55900.0703125,230.2993488197137
41119346010497,41,2003,2013,10,wc,hg_conus_clim,241.793701171875,207.1516571044922,14.628996849060059,10378.255859375,61697.41015625,230.2993488197137
30826404020004,41,2002,2012,10,wc,default,51.20810317993164,44.134822845458984,14.585284233093262,1393.121826171875,8576.26171875,97.34828785088769
30826404020004,41,2002,2012,10,wc,calibrated,51.35771560668945,44.304805755615234,14.578531265258789,1396.6331787109375,8597.1494140625,97.34828785088769
30826404020004,41,2002,2012,10,wc,hg_bayes,51.19647216796875,44.10927963256836,14.587849617004395,1556.95263671875,9808.1279296875,97.34828785088769
30826404020004,41,2002,2012,10,wc,hg_organon,51.19647216796875,44.10927963256836,14.587849617004395,1556.95263671875,9808.1279296875,97.34828785088769
30826404020004,41,2002,2012,10,wc,hg_conus_sp,51.20133590698242,44.119930267333984,14.586780548095703,1482.913330078125,9259.4365234375,97.34828785088769
30826404020004,41,2002,2012,10,wc,hg_conus_clim,51.200618743896484,44.118385314941406,14.586936950683594,1513.24853515625,9528.0712890625,97.34828785088769
22398703010497,53,2004,2014,10,wc,default,232.0753936767578,394.4688415527344,10.385908126831055,6403.70263671875,40205.4296875,335.3705939733375
22398703010497,53,2004,2014,10,wc,calibrated,232.74746704101562,395.7982177734375,10.383455276489258,6421.02294921875,40318.0859375,335.3705939733375
22398703010497,53,2004,2014,10,wc,hg_bayes,232.07513427734375,394.4688415527344,10.385904312133789,7259.41552734375,45951.359375,335.3705939733375
22398703010497,53,2004,2014,10,wc,hg_organon,232.07513427734375,394.4688415527344,10.385904312133789,7259.41552734375,45951.359375,335.3705939733375
22398703010497,53,2004,2014,10,wc,hg_conus_sp,232.0752410888672,394.4688415527344,10.385905265808105,6538.82080078125,41259.60546875,335.3705939733375
22398703010497,53,2004,2014,10,wc,hg_conus_clim,232.07522583007812,394.4688415527344,10.385905265808105,6587.4462890625,41665.234375,335.3705939733375
8628826010901,53,2006,2016,10,wc,default,211.24935913085938,211.67161560058594,13.527042388916016,6012.07568359375,31842.751953125,206.0522259870247
8628826010901,53,2006,2016,10,wc,calibrated,212.1919708251953,215.00074768066406,13.451812744140625,6010.64990234375,31826.2421875,206.0522259870247
8628826010901,53,2006,2016,10,wc,hg_bayes,211.2648468017578,211.67153930664062,13.527539253234863,6431.25634765625,34555.8515625,206.0522259870247
8628826010901,53,2006,2016,10,wc,hg_organon,211.2648468017578,211.67153930664062,13.527539253234863,6431.25634765625,34555.8515625,206.0522259870247
8628826010901,53,2006,2016,10,wc,hg_conus_sp,211.0740509033203,211.67604064941406,13.521283149719238,5792.41357421875,30324.279296875,206.0522259870247
8628826010901,53,2006,2016,10,wc,hg_conus_clim,211.26487731933594,211.67153930664062,13.527541160583496,6017.3681640625,31990.021484375,206.0522259870247
41118932010497,41,2002,2012,10,wc,default,126.16250610351562,30.558462142944336,27.51285743713379,5533.9814453125,37989.18359375,118.83679579238118
41118932010497,41,2002,2012,10,wc,calibrated,126.45818328857422,30.62923240661621,27.51323890686035,5546.5986328125,38075.83203125,118.83679579238118
41118932010497,41,2002,2012,10,wc,hg_bayes,126.16250610351562,30.558462142944336,27.51285743713379,5660.8330078125,39269.96484375,118.83679579238118
41118932010497,41,2002,2012,10,wc,hg_organon,126.16250610351562,30.558462142944336,27.51285743713379,5660.8330078125,39269.96484375,118.83679579238118
41118932010497,41,2002,2012,10,wc,hg_conus_sp,126.16250610351562,30.558462142944336,27.51285743713379,5519.4267578125,38132.44140625,118.83679579238118
41118932010497,41,2002,2012,10,wc,hg_conus_clim,126.16250610351562,30.558462142944336,27.51285743713379,5653.51611328125,39084.84375,118.83679579238118
41120289010497,41,2005,2015,10,wc,default,44.01146697998047,47.43446731567383,13.042842864990234,732.0481567382812,3233.82958984375,39.11853989496688
41120289010497,41,2005,2015,10,wc,calibrated,43.90615463256836,47.32088088989258,13.04284954071045,730.4174194335938,3225.8701171875,39.11853989496688
41120289010497,41,2005,2015,10,wc,hg_bayes,44.14095687866211,47.44098663330078,13.061115264892578,862.1739501953125,4022.4580078125,39.11853989496688
41120289010497,41,2005,2015,10,wc,hg_organon,44.14095687866211,47.44098663330078,13.061115264892578,862.1739501953125,4022.4580078125,39.11853989496688
41120289010497,41,2005,2015,10,wc,hg_conus_sp,44.14095687866211,47.44098663330078,13.061115264892578,833.9913330078125,3880.53125,39.11853989496688
41120289010497,41,2005,2015,10,wc,hg_conus_clim,44.14095687866211,47.44098663330078,13.061115264892578,833.9913330078125,3880.53125,39.11853989496688
29881739010497,41,2009,2019,10,wc,default,153.2189483642578,117.47266387939453,15.464082717895508,5232.11376953125,28142.849609375,127.43698330042025
29881739010497,41,2009,2019,10,wc,calibrated,153.49635314941406,117.79903411865234,15.45661735534668,5241.70556640625,28194.1171875,127.43698330042025
29881739010497,41,2009,2019,10,wc,hg_bayes,153.2189483642578,117.47266387939453,15.464082717895508,4957.56103515625,26504.203125,127.43698330042025
29881739010497,41,2009,2019,10,wc,hg_organon,153.2189483642578,117.47266387939453,15.464082717895508,4957.56103515625,26504.203125,127.43698330042025
29881739010497,41,2009,2019,10,wc,hg_conus_sp,153.209716796875,117.4727783203125,15.463614463806152,4749.73095703125,25163.78515625,127.43698330042025
29881739010497,41,2009,2019,10,wc,hg_conus_clim,153.2189483642578,117.47266387939453,15.464082717895508,5243.76171875,28215.595703125,127.43698330042025
8664565010901,41,2006,2016,10,wc,default,11.819511413574219,35.7485466003418,7.785863876342773,98.15210723876953,382.5093994140625,123.42024276398895
8664565010901,41,2006,2016,10,wc,calibrated,11.845836639404297,35.828643798828125,7.785812854766846,98.37198638916016,383.36651611328125,123.42024276398895
8664565010901,41,2006,2016,10,wc,hg_bayes,11.819511413574219,35.7485466003418,7.785863876342773,205.8982696533203,1057.4422607421875,123.42024276398895
8664565010901,41,2006,2016,10,wc,hg_organon,11.819511413574219,35.7485466003418,7.785863876342773,205.8982696533203,1057.4422607421875,123.42024276398895
8664565010901,41,2006,2016,10,wc,hg_conus_sp,11.819511413574219,35.7485466003418,7.785863876342773,167.43130493164062,908.5642700195312,123.42024276398895
8664565010901,41,2006,2016,10,wc,hg_conus_clim,11.819511413574219,35.7485466003418,7.785863876342773,171.65855407714844,925.5596923828125,123.42024276398895
22398462010497,53,2003,2013,10,wc,default,321.1913146972656,440.41705322265625,11.563411712646484,10561.623046875,56370.640625,308.97394419777675
22398462010497,53,2003,2013,10,wc,calibrated,322.5887756347656,443.256591796875,11.551366806030273,10600.4892578125,56571.52734375,308.97394419777675
22398462010497,53,2003,2013,10,wc,hg_bayes,321.1913757324219,440.41705322265625,11.563411712646484,11002.060546875,59113.97265625,308.97394419777675
22398462010497,53,2003,2013,10,wc,hg_organon,321.1913757324219,440.41705322265625,11.563411712646484,11002.060546875,59113.97265625,308.97394419777675
22398462010497,53,2003,2013,10,wc,hg_conus_sp,321.0928649902344,440.4176025390625,11.561634063720703,10292.4384765625,54437.4296875,308.97394419777675
22398462010497,53,2003,2013,10,wc,hg_conus_clim,321.1865539550781,440.4171447753906,11.563325881958008,10337.9677734375,54756.70703125,308.97394419777675
22954586010497,53,2007,2017,10,wc,default,263.0482177734375,73.09391021728516,25.687002182006836,8870.9169921875,57184.91015625,261.70955767328195
22954586010497,53,2007,2017,10,wc,calibrated,264.487060546875,73.58192443847656,25.671602249145508,8912.447265625,57448.3203125,261.70955767328195
22954586010497,53,2007,2017,10,wc,hg_bayes,263.0481872558594,73.09391021728516,25.68699836730957,9401.2080078125,61000.17578125,261.70955767328195
22954586010497,53,2007,2017,10,wc,hg_organon,263.0481872558594,73.09391021728516,25.68699836730957,9401.2080078125,61000.17578125,261.70955767328195
22954586010497,53,2007,2017,10,wc,hg_conus_sp,263.0482177734375,73.09391021728516,25.687000274658203,9005.7373046875,58207.296875,261.70955767328195
22954586010497,53,2007,2017,10,wc,hg_conus_clim,263.0482177734375,73.09391021728516,25.687000274658203,9128.3310546875,59084.66796875,261.70955767328195
12977190010497,53,2005,2015,10,wc,default,209.54173278808594,195.2305450439453,14.02806568145752,5531.93505859375,28025.83203125,205.53948735673538
12977190010497,53,2005,2015,10,wc,calibrated,210.17611694335938,196.0061798095703,14.021455764770508,5548.1630859375,28108.0625,205.53948735673538
12977190010497,53,2005,2015,10,wc,hg_bayes,209.54177856445312,195.2305450439453,14.02806568145752,6447.90673828125,33445.51171875,205.53948735673538
12977190010497,53,2005,2015,10,wc,hg_organon,209.54177856445312,195.2305450439453,14.02806568145752,6447.90673828125,33445.51171875,205.53948735673538
12977190010497,53,2005,2015,10,wc,hg_conus_sp,209.54190063476562,195.2305450439453,14.028068542480469,5794.9482421875,29582.3828125,205.53948735673538
12977190010497,53,2005,2015,10,wc,hg_conus_clim,209.54183959960938,195.2305450439453,14.028066635131836,5814.2265625,29694.375,205.53948735673538
22954707010497,53,2007,2018,11,wc,default,89.90095520019531,136.17633056640625,11.001898765563965,1870.3900146484375,9043.0673828125,35.742630331404676
22954707010497,53,2007,2018,11,wc,calibrated,90.06359100341797,136.52395629882812,10.997818946838379,1872.57470703125,9053.0068359375,35.742630331404676
22954707010497,53,2007,2018,11,wc,hg_bayes,90.11212921142578,136.17578125,11.014832496643066,2285.904296875,11611.146484375,35.742630331404676
22954707010497,53,2007,2018,11,wc,hg_organon,90.11212921142578,136.17578125,11.014832496643066,2285.904296875,11611.146484375,35.742630331404676
22954707010497,53,2007,2018,11,wc,hg_conus_sp,90.09220123291016,136.17579650878906,11.013616561889648,2108.3837890625,10460.4267578125,35.742630331404676
22954707010497,53,2007,2018,11,wc,hg_conus_clim,90.10552215576172,136.17578125,11.014430046081543,2062.412109375,10087.2353515625,35.742630331404676
41117752010497,41,2006,2016,10,wc,default,124.1928939819336,194.8979034423828,10.808892250061035,3007.484130859375,14879.91015625,112.88911915630686
41117752010497,41,2006,2016,10,wc,calibrated,121.63797760009766,187.9889373779297,10.891926765441895,2943.45458984375,14536.2744140625,112.88911915630686
41117752010497,41,2006,2016,10,wc,hg_bayes,124.1928939819336,194.8979034423828,10.808892250061035,3149.08056640625,15495.7626953125,112.88911915630686
41117752010497,41,2006,2016,10,wc,hg_organon,124.1928939819336,194.8979034423828,10.808892250061035,3149.08056640625,15495.7626953125,112.88911915630686
41117752010497,41,2006,2016,10,wc,hg_conus_sp,124.1928939819336,194.8979034423828,10.808892250061035,3094.70703125,15210.76171875,112.88911915630686
41117752010497,41,2006,2016,10,wc,hg_conus_clim,124.1928939819336,194.8979034423828,10.808892250061035,3093.695068359375,15204.37109375,112.88911915630686
24474301010900,41,2003,2013,10,wc,default,257.7799377441406,47.57011413574219,31.520544052124023,9541.7373046875,62409.51171875,239.22676825659522
24474301010900,41,2003,2013,10,wc,calibrated,258.35455322265625,47.67754364013672,31.52008819580078,9563.1669921875,62549.625,239.22676825659522
24474301010900,41,2003,2013,10,wc,hg_bayes,257.7799377441406,47.57011413574219,31.520544052124023,10541.1123046875,69985.4609375,239.22676825659522
24474301010900,41,2003,2013,10,wc,hg_organon,257.7799377441406,47.57011413574219,31.520544052124023,10541.1123046875,69985.4609375,239.22676825659522
24474301010900,41,2003,2013,10,wc,hg_conus_sp,257.7799377441406,47.57011413574219,31.520544052124023,10061.9599609375,66414.140625,239.22676825659522
24474301010900,41,2003,2013,10,wc,hg_conus_clim,257.7799377441406,47.57011413574219,31.520544052124023,10148.12890625,67066.4765625,239.22676825659522
22932612010497,41,2008,2018,10,wc,default,217.4226837158203,246.2200469970703,12.72409439086914,5080.26611328125,27411.3515625,233.33414838466962
22932612010497,41,2008,2018,10,wc,calibrated,217.3814697265625,245.79383850097656,12.733916282653809,5075.44873046875,27389.884765625,233.33414838466962
22932612010497,41,2008,2018,10,wc,hg_bayes,217.4226837158203,246.2200469970703,12.72409439086914,5894.33203125,33324.01171875,233.33414838466962
22932612010497,41,2008,2018,10,wc,hg_organon,217.4226837158203,246.2200469970703,12.72409439086914,5894.33203125,33324.01171875,233.33414838466962
22932612010497,41,2008,2018,10,wc,hg_conus_sp,217.4226837158203,246.2200469970703,12.72409439086914,5499.314453125,30556.2578125,233.33414838466962
22932612010497,41,2008,2018,10,wc,hg_conus_clim,217.4226837158203,246.2200469970703,12.72409439086914,5480.39794921875,30369.359375,233.33414838466962
41119298010497,41,2003,2013,10,wc,default,130.15634155273438,98.78539276123047,15.542561531066895,3024.572265625,15774.185546875,108.01926529166055
41119298010497,41,2003,2013,10,wc,calibrated,130.3358917236328,99.09822845458984,15.528715133666992,3026.72216796875,15775.1142578125,108.01926529166055
41119298010497,41,2003,2013,10,wc,hg_bayes,130.2233428955078,98.78523254394531,15.546570777893066,3554.173583984375,19157.494140625,108.01926529166055
41119298010497,41,2003,2013,10,wc,hg_organon,130.2233428955078,98.78523254394531,15.546570777893066,3554.173583984375,19157.494140625,108.01926529166055
41119298010497,41,2003,2013,10,wc,hg_conus_sp,130.21502685546875,98.78524017333984,15.546077728271484,3218.224609375,16866.732421875,108.01926529166055
41119298010497,41,2003,2013,10,wc,hg_conus_clim,130.2210235595703,98.78523254394531,15.546436309814453,3200.71484375,16857.52734375,108.01926529166055
30852154020004,41,2012,2022,10,wc,default,72.52110290527344,78.0560302734375,13.05164623260498,1289.9013671875,5745.1611328125,58.94732062984401
30852154020004,41,2012,2022,10,wc,calibrated,72.47377014160156,77.95735168457031,13.05564022064209,1288.6455078125,5740.72998046875,58.94732062984401
30852154020004,41,2012,2022,10,wc,hg_bayes,72.52110290527344,78.0560302734375,13.05164623260498,1506.9259033203125,6967.009765625,58.94732062984401
30852154020004,41,2012,2022,10,wc,hg_organon,72.52110290527344,78.0560302734375,13.05164623260498,1506.9259033203125,6967.009765625,58.94732062984401
30852154020004,41,2012,2022,10,wc,hg_conus_sp,72.52110290527344,78.0560302734375,13.05164623260498,1424.0269775390625,6389.8349609375,58.94732062984401
30852154020004,41,2012,2022,10,wc,hg_conus_clim,72.52110290527344,78.0560302734375,13.05164623260498,1420.7572021484375,6362.2841796875,58.94732062984401
41117732010497,41,2006,2016,10,wc,default,67.81266784667969,72.08061218261719,13.133559226989746,1619.676513671875,8491.064453125,77.68914527022646
41117732010497,41,2006,2016,10,wc,calibrated,67.74752044677734,72.18363189697266,13.117876052856445,1614.838134765625,8468.1220703125,77.68914527022646
41117732010497,41,2006,2016,10,wc,hg_bayes,67.8341064453125,72.08059692382812,13.135637283325195,1769.4483642578125,9541.2109375,77.68914527022646
41117732010497,41,2006,2016,10,wc,hg_organon,67.8341064453125,72.08059692382812,13.135637283325195,1769.4483642578125,9541.2109375,77.68914527022646
41117732010497,41,2006,2016,10,wc,hg_conus_sp,67.8341064453125,72.08059692382812,13.135637283325195,1730.7945556640625,9232.7353515625,77.68914527022646
41117732010497,41,2006,2016,10,wc,hg_conus_clim,67.8341064453125,72.08059692382812,13.135637283325195,1720.5025634765625,9175.076171875,77.68914527022646
29882510010497,41,2009,2019,10,wc,default,146.3059844970703,152.69581604003906,13.254207611083984,3548.587646484375,19089.220703125,138.95935408590898
29882510010497,41,2009,2019,10,wc,calibrated,146.60243225097656,153.27084350585938,13.24272346496582,3553.891357421875,19115.498046875,138.95935408590898
29882510010497,41,2009,2019,10,wc,hg_bayes,146.3897705078125,152.6951446533203,13.258030891418457,4153.890625,23083.03125,138.95935408590898
29882510010497,41,2009,2019,10,wc,hg_organon,146.3897705078125,152.6951446533203,13.258030891418457,4153.890625,23083.03125,138.95935408590898
29882510010497,41,2009,2019,10,wc,hg_conus_sp,146.3897705078125,152.6951446533203,13.258030891418457,3892.38720703125,21234.69921875,138.95935408590898
29882510010497,41,2009,2019,10,wc,hg_conus_clim,146.3897705078125,152.6951446533203,13.258030891418457,3828.234619140625,20936.30859375,138.95935408590898
40402994010497,41,2010,2020,10,wc,default,149.31886291503906,144.72235107421875,13.753901481628418,4177.75830078125,22194.990234375,164.12760466191298
40402994010497,41,2010,2020,10,wc,calibrated,148.55760192871094,143.29562377929688,13.786921501159668,4159.3544921875,22099.458984375,164.12760466191298
40402994010497,41,2010,2020,10,wc,hg_bayes,149.31613159179688,144.72235107421875,13.753776550292969,4417.44970703125,23668.50390625,164.12760466191298
40402994010497,41,2010,2020,10,wc,hg_organon,149.31613159179688,144.72235107421875,13.753776550292969,4417.44970703125,23668.50390625,164.12760466191298
40402994010497,41,2010,2020,10,wc,hg_conus_sp,149.31886291503906,144.72235107421875,13.753901481628418,4309.447265625,22974.736328125,164.12760466191298
40402994010497,41,2010,2020,10,wc,hg_conus_clim,149.31886291503906,144.72235107421875,13.753901481628418,4302.2626953125,22932.513671875,164.12760466191298
22398516010497,53,2003,2013,10,wc,default,137.11099243164062,99.68128967285156,15.8805570602417,2795.772705078125,14056.900390625,50.76112052324946
22398516010497,53,2003,2013,10,wc,calibrated,137.322265625,99.87828826904297,15.87710189819336,2798.876953125,14068.4111328125,50.76112052324946
22398516010497,53,2003,2013,10,wc,hg_bayes,137.12228393554688,99.68125915527344,15.881209373474121,3453.95556640625,18512.984375,50.76112052324946
22398516010497,53,2003,2013,10,wc,hg_organon,137.12228393554688,99.68125915527344,15.881209373474121,3453.95556640625,18512.984375,50.76112052324946
22398516010497,53,2003,2013,10,wc,hg_conus_sp,137.12228393554688,99.68125915527344,15.881209373474121,3192.5009765625,16847.08203125,50.76112052324946
22398516010497,53,2003,2013,10,wc,hg_conus_clim,137.12228393554688,99.68125915527344,15.881209373474121,3131.99658203125,16438.935546875,50.76112052324946
41119675010497,41,2004,2014,10,wc,default,100.55055236816406,105.42716217041016,13.223676681518555,2343.204833984375,11207.759765625,101.21353969117442
41119675010497,41,2004,2014,10,wc,calibrated,100.13064575195312,104.87351989746094,13.230825424194336,2334.20458984375,11163.1552734375,101.21353969117442
41119675010497,41,2004,2014,10,wc,hg_bayes,100.9315414428711,105.44672393798828,13.247480392456055,2548.913818359375,12708.119140625,101.21353969117442
41119675010497,41,2004,2014,10,wc,hg_organon,100.9315414428711,105.44672393798828,13.247480392456055,2548.913818359375,12708.119140625,101.21353969117442
41119675010497,41,2004,2014,10,wc,hg_conus_sp,100.81006622314453,105.44306182861328,13.239731788635254,2487.26611328125,12230.3916015625,101.21353969117442
41119675010497,41,2004,2014,10,wc,hg_conus_clim,100.80977630615234,105.44303894042969,13.239712715148926,2487.001708984375,12228.4130859375,101.21353969117442
22398259010497,53,2002,2012,10,wc,default,151.4647674560547,170.01637268066406,12.780467987060547,4433.169921875,23050.662109375,151.53076568361385
22398259010497,53,2002,2012,10,wc,calibrated,151.73837280273438,170.0630645751953,12.790254592895508,4440.66943359375,23089.12109375,151.53076568361385
22398259010497,53,2002,2012,10,wc,hg_bayes,151.53660583496094,170.01611328125,12.7835054397583,4840.10009765625,25601.591796875,151.53076568361385
22398259010497,53,2002,2012,10,wc,hg_organon,151.53660583496094,170.01611328125,12.7835054397583,4840.10009765625,25601.591796875,151.53076568361385
22398259010497,53,2002,2012,10,wc,hg_conus_sp,151.52191162109375,170.01611328125,12.78288459777832,4483.30029296875,23511.333984375,151.53076568361385
22398259010497,53,2002,2012,10,wc,hg_conus_clim,151.53660583496094,170.01611328125,12.7835054397583,4485.8798828125,23414.568359375,151.53076568361385
22953951010497,41,2007,2017,10,wc,default,182.2007293701172,115.57530212402344,17.001174926757812,7259.08642578125,47685.5703125,195.28525347977404
22953951010497,41,2007,2017,10,wc,calibrated,182.9119415283203,117.13226318359375,16.92072868347168,7280.21875,47820.703125,195.28525347977404
22953951010497,41,2007,2017,10,wc,hg_bayes,182.20066833496094,115.5752944946289,17.00117301940918,7521.5419921875,49524.5078125,195.28525347977404
22953951010497,41,2007,2017,10,wc,hg_organon,182.20066833496094,115.5752944946289,17.00117301940918,7521.5419921875,49524.5078125,195.28525347977404
22953951010497,41,2007,2017,10,wc,hg_conus_sp,182.2007598876953,115.57530212402344,17.001176834106445,7218.47998046875,47364.359375,195.28525347977404
22953951010497,41,2007,2017,10,wc,hg_conus_clim,182.2007293701172,115.57530212402344,17.001174926757812,7267.318359375,47785.203125,195.28525347977404
29881831010497,41,2009,2019,10,wc,default,156.59747314453125,130.56292724609375,14.829232215881348,4918.9267578125,29323.060546875,160.855480232194
29881831010497,41,2009,2019,10,wc,calibrated,158.15013122558594,132.892578125,14.771366119384766,4954.986328125,29525.388671875,160.855480232194
29881831010497,41,2009,2019,10,wc,hg_bayes,156.59744262695312,130.56292724609375,14.829231262207031,5356.47705078125,32344.513671875,160.855480232194
29881831010497,41,2009,2019,10,wc,hg_organon,156.59744262695312,130.56292724609375,14.829231262207031,5356.47705078125,32344.513671875,160.855480232194
29881831010497,41,2009,2019,10,wc,hg_conus_sp,156.59747314453125,130.56292724609375,14.829232215881348,5086.5302734375,30685.537109375,160.855480232194
29881831010497,41,2009,2019,10,wc,hg_conus_clim,156.59747314453125,130.56292724609375,14.829232215881348,5126.7939453125,30884.498046875,160.855480232194
13031154010497,53,2005,2015,10,wc,default,168.20892333984375,306.3836669921875,10.032936096191406,4476.03466796875,22986.34375,153.28044765764946
13031154010497,53,2005,2015,10,wc,calibrated,168.94378662109375,308.1988220214844,10.02517318725586,4492.80078125,23081.7890625,153.28044765764946
13031154010497,53,2005,2015,10,wc,hg_bayes,168.20892333984375,306.3836669921875,10.032936096191406,4348.4794921875,22303.322265625,153.28044765764946
13031154010497,53,2005,2015,10,wc,hg_organon,168.20892333984375,306.3836669921875,10.032936096191406,4348.4794921875,22303.322265625,153.28044765764946
13031154010497,53,2005,2015,10,wc,hg_conus_sp,168.20892333984375,306.3836669921875,10.032936096191406,3981.888671875,20061.24609375,153.28044765764946
13031154010497,53,2005,2015,10,wc,hg_conus_clim,168.20892333984375,306.3836669921875,10.032936096191406,4515.23779296875,23310.32421875,153.28044765764946
48205559010497,41,2011,2021,10,wc,default,53.27661895751953,29.76460838317871,18.11567497253418,1093.9329833984375,5349.46142578125,47.140238319127974
48205559010497,41,2011,2021,10,wc,calibrated,53.27661895751953,29.76460838317871,18.11567497253418,1093.9329833984375,5349.46142578125,47.140238319127974
48205559010497,41,2011,2021,10,wc,hg_bayes,53.27661895751953,29.76460838317871,18.11567497253418,1093.9329833984375,5349.46142578125,47.140238319127974
48205559010497,41,2011,2021,10,wc,hg_organon,53.27661895751953,29.76460838317871,18.11567497253418,1093.9329833984375,5349.46142578125,47.140238319127974
48205559010497,41,2011,2021,10,wc,hg_conus_sp,53.27661895751953,29.76460838317871,18.11567497253418,1093.9329833984375,5349.46142578125,47.140238319127974
48205559010497,41,2011,2021,10,wc,hg_conus_clim,53.27661895751953,29.76460838317871,18.11567497253418,1093.9329833984375,5349.46142578125,47.140238319127974
22825947010497,41,2007,2017,10,wc,default,122.47370910644531,104.91809844970703,14.62960147857666,3497.513427734375,18364.353515625,110.70704828989884
22825947010497,41,2007,2017,10,wc,calibrated,121.71977996826172,103.93218231201172,14.653517723083496,3478.149658203125,18263.31640625,110.70704828989884
22825947010497,41,2007,2017,10,wc,hg_bayes,122.63908386230469,104.92882537841797,14.638729095458984,3715.398193359375,19671.802734375,110.70704828989884
22825947010497,41,2007,2017,10,wc,hg_organon,122.63908386230469,104.92882537841797,14.638729095458984,3715.398193359375,19671.802734375,110.70704828989884
22825947010497,41,2007,2017,10,wc,hg_conus_sp,122.63908386230469,104.92882537841797,14.638729095458984,3653.5703125,19293.076171875,110.70704828989884
22825947010497,41,2007,2017,10,wc,hg_conus_clim,122.63505554199219,104.92857360839844,14.638503074645996,3648.489501953125,19254.37890625,110.70704828989884
12904293010497,41,2005,2015,10,wc,default,29.18129539489746,65.53899383544922,9.035219192504883,419.9977722167969,1912.2347412109375,104.27111769789829
12904293010497,41,2005,2015,10,wc,calibrated,29.211835861206055,65.6667251586914,9.031148910522461,420.03387451171875,1912.15185546875,104.27111769789829
12904293010497,41,2005,2015,10,wc,hg_bayes,29.18129539489746,65.53899383544922,9.035219192504883,613.9635620117188,3322.931884765625,104.27111769789829
12904293010497,41,2005,2015,10,wc,hg_organon,29.18129539489746,65.53899383544922,9.035219192504883,613.9635620117188,3322.931884765625,104.27111769789829
12904293010497,41,2005,2015,10,wc,hg_conus_sp,29.18129539489746,65.53899383544922,9.035219192504883,555.6993408203125,2930.78515625,104.27111769789829
12904293010497,41,2005,2015,10,wc,hg_conus_clim,29.18129539489746,65.53899383544922,9.035219192504883,522.5961303710938,2710.57421875,104.27111769789829
29880184010497,41,2009,2019,10,wc,default,158.72418212890625,189.5297088623047,12.39136791229248,4125.8935546875,23049.634765625,218.6290179197004
29880184010497,41,2009,2019,10,wc,calibrated,159.26890563964844,190.60629272460938,12.377511024475098,4138.49072265625,23116.783203125,218.6290179197004
29880184010497,41,2009,2019,10,wc,hg_bayes,158.69305419921875,189.4723358154297,12.392029762268066,4846.39306640625,27790.4453125,218.6290179197004
29880184010497,41,2009,2019,10,wc,hg_organon,158.69305419921875,189.4723358154297,12.392029762268066,4846.39306640625,27790.4453125,218.6290179197004
29880184010497,41,2009,2019,10,wc,hg_conus_sp,158.70236206054688,189.4894561767578,12.391831398010254,4578.22607421875,25956.39453125,218.6290179197004
29880184010497,41,2009,2019,10,wc,hg_conus_clim,158.70249938964844,189.48983764648438,12.391828536987305,4557.9677734375,25885.013671875,218.6290179197004
41118801010497,41,2002,2012,10,wc,default,109.13715362548828,125.64913940429688,12.619518280029297,2749.39794921875,15320.904296875,113.20516184480323
41118801010497,41,2002,2012,10,wc,calibrated,108.89716339111328,125.5404281616211,12.61109733581543,2742.2705078125,15285.1962890625,113.20516184480323
41118801010497,41,2002,2012,10,wc,hg_bayes,109.13715362548828,125.64913940429688,12.619518280029297,2841.818359375,15929.7080078125,113.20516184480323
41118801010497,41,2002,2012,10,wc,hg_organon,109.13715362548828,125.64913940429688,12.619518280029297,2841.818359375,15929.7080078125,113.20516184480323
41118801010497,41,2002,2012,10,wc,hg_conus_sp,109.13715362548828,125.64913940429688,12.619518280029297,2810.67431640625,15728.68359375,113.20516184480323
41118801010497,41,2002,2012,10,wc,hg_conus_clim,109.13715362548828,125.64913940429688,12.619518280029297,2800.0146484375,15676.78515625,113.20516184480323
48202741010497,41,2011,2021,10,wc,default,95.44309997558594,11.784732818603516,38.53440856933594,3934.306884765625,26976.39453125,94.52522109184716
48202741010497,41,2011,2021,10,wc,calibrated,94.87318420410156,11.754935264587402,38.46784973144531,3902.05322265625,26741.533203125,94.52522109184716
48202741010497,41,2011,2021,10,wc,hg_bayes,95.44309997558594,11.784732818603516,38.53440856933594,4210.0224609375,29154.63671875,94.52522109184716
48202741010497,41,2011,2021,10,wc,hg_organon,95.44309997558594,11.784732818603516,38.53440856933594,4210.0224609375,29154.63671875,94.52522109184716
48202741010497,41,2011,2021,10,wc,hg_conus_sp,95.44309997558594,11.784732818603516,38.53440856933594,4084.055908203125,28175.771484375,94.52522109184716
48202741010497,41,2011,2021,10,wc,hg_conus_clim,95.44309997558594,11.784732818603516,38.53440856933594,4128.57470703125,28490.330078125,94.52522109184716
8664028010901,41,2006,2016,10,wc,default,85.3246078491211,83.27661895751953,13.706039428710938,2254.46728515625,11259.8798828125,
8664028010901,41,2006,2016,10,wc,calibrated,85.2153091430664,83.1576156616211,13.707053184509277,2251.8173828125,11247.2734375,
8664028010901,41,2006,2016,10,wc,hg_bayes,85.41380310058594,83.27653503417969,13.713203430175781,2471.408203125,12839.7216796875,
8664028010901,41,2006,2016,10,wc,hg_organon,85.41380310058594,83.27653503417969,13.713203430175781,2471.408203125,12839.7216796875,
8664028010901,41,2006,2016,10,wc,hg_conus_sp,85.3246078491211,83.27661895751953,13.706039428710938,2399.274169921875,12315.9931640625,
8664028010901,41,2006,2016,10,wc,hg_conus_clim,85.337890625,83.27660369873047,13.70710563659668,2401.296630859375,12348.6904296875,
41118741010497,41,2002,2012,10,wc,default,160.92771911621094,239.46902465820312,11.100110054016113,4247.03125,22128.6875,114.07647878265755
41118741010497,41,2002,2012,10,wc,calibrated,158.94638061523438,234.91786193847656,11.137904167175293,4210.0146484375,21940.365234375,114.07647878265755
41118741010497,41,2002,2012,10,wc,hg_bayes,160.97837829589844,239.47508239746094,11.101707458496094,4886.65625,26224.94921875,114.07647878265755
41118741010497,41,2002,2012,10,wc,hg_organon,160.97837829589844,239.47508239746094,11.101707458496094,4886.65625,26224.94921875,114.07647878265755
41118741010497,41,2002,2012,10,wc,hg_conus_sp,160.97940063476562,239.47506713867188,11.1017427444458,4295.26123046875,22532.91015625,114.07647878265755
41118741010497,41,2002,2012,10,wc,hg_conus_clim,160.97938537597656,239.47506713867188,11.101741790771484,4328.4150390625,22713.484375,114.07647878265755
22954661010497,53,2007,2017,10,wc,default,78.58145904541016,55.52167892456055,16.108869552612305,2420.545166015625,13818.5517578125,
22954661010497,53,2007,2017,10,wc,calibrated,78.72144317626953,55.61467742919922,16.109724044799805,2425.97119140625,13856.30859375,
22954661010497,53,2007,2017,10,wc,hg_bayes,78.72340393066406,55.521629333496094,16.12342071533203,2719.46240234375,15712.23046875,
22954661010497,53,2007,2017,10,wc,hg_organon,78.72340393066406,55.521629333496094,16.12342071533203,2719.46240234375,15712.23046875,
22954661010497,53,2007,2017,10,wc,hg_conus_sp,78.58145904541016,55.52167892456055,16.108869552612305,2420.545166015625,13818.5517578125,
22954661010497,53,2007,2017,10,wc,hg_conus_clim,78.58145904541016,55.52167892456055,16.108869552612305,2420.545166015625,13818.5517578125,
48205942010497,41,2011,2021,10,wc,default,177.2675018310547,289.862060546875,10.58900260925293,4009.244140625,20139.3203125,158.02099773160927
48205942010497,41,2011,2021,10,wc,calibrated,173.36395263671875,280.97662353515625,10.636058807373047,3908.433837890625,19627.478515625,158.02099773160927
48205942010497,41,2011,2021,10,wc,hg_bayes,177.33120727539062,289.8794250488281,10.590591430664062,4988.23779296875,26227.23828125,158.02099773160927
48205942010497,41,2011,2021,10,wc,hg_organon,177.33120727539062,289.8794250488281,10.590591430664062,4988.23779296875,26227.23828125,158.02099773160927
48205942010497,41,2011,2021,10,wc,hg_conus_sp,177.28680419921875,289.861328125,10.58959674835205,4239.83349609375,21538.583984375,158.02099773160927
48205942010497,41,2011,2021,10,wc,hg_conus_clim,177.28738403320312,289.86126708984375,10.589614868164062,4074.5498046875,20462.392578125,158.02099773160927
22953774010497,41,2007,2018,11,wc,default,108.3990478515625,147.95675659179688,11.58995532989502,1675.7669677734375,7952.34228515625,
22953774010497,41,2007,2018,11,wc,calibrated,108.18082427978516,147.6986846923828,11.588388442993164,1671.0865478515625,7930.1943359375,
22953774010497,41,2007,2018,11,wc,hg_bayes,108.59832763671875,147.96958923339844,11.600099563598633,1787.359130859375,8651.7265625,
22953774010497,41,2007,2018,11,wc,hg_organon,108.59832763671875,147.96958923339844,11.600099563598633,1787.359130859375,8651.7265625,
22953774010497,41,2007,2018,11,wc,hg_conus_sp,108.59832763671875,147.96958923339844,11.600099563598633,1768.635498046875,8496.607421875,
22953774010497,41,2007,2018,11,wc,hg_conus_clim,108.59832763671875,147.96958923339844,11.600099563598633,1768.4910888671875,8495.951171875,
22398665010497,53,2004,2014,10,wc,default,312.4966125488281,225.17620849609375,15.95136547088623,12237.21875,70779.890625,256.4924861686404
22398665010497,53,2004,2014,10,wc,calibrated,314.6080322265625,229.22193908691406,15.863282203674316,12298.341796875,71119.6328125,256.4924861686404
22398665010497,53,2004,2014,10,wc,hg_bayes,312.49658203125,225.17620849609375,15.951364517211914,13075.6748046875,76095.90625,256.4924861686404
22398665010497,53,2004,2014,10,wc,hg_organon,312.49658203125,225.17620849609375,15.951364517211914,13075.6748046875,76095.90625,256.4924861686404
22398665010497,53,2004,2014,10,wc,hg_conus_sp,312.4967041015625,225.17620849609375,15.951366424560547,12443.59375,72172.171875,256.4924861686404
22398665010497,53,2004,2014,10,wc,hg_conus_clim,312.4966735839844,225.17620849609375,15.951366424560547,12440.4169921875,72135.3984375,256.4924861686404
22398757010497,53,2004,2014,10,wc,default,74.71420288085938,111.72901153564453,11.072735786437988,1360.8482666015625,6352.310546875,63.818093832944086
22398757010497,53,2004,2014,10,wc,calibrated,74.54886627197266,111.52379608154297,11.070646286010742,1356.97509765625,6334.0830078125,63.818093832944086
22398757010497,53,2004,2014,10,wc,hg_bayes,74.83912658691406,111.72846984863281,11.082015991210938,1567.4464111328125,7661.4716796875,63.818093832944086
22398757010497,53,2004,2014,10,wc,hg_organon,74.83912658691406,111.72846984863281,11.082015991210938,1567.4464111328125,7661.4716796875,63.818093832944086
22398757010497,53,2004,2014,10,wc,hg_conus_sp,74.7847671508789,111.72867584228516,11.077977180480957,1493.3359375,7241.31103515625,63.818093832944086
22398757010497,53,2004,2014,10,wc,hg_conus_clim,74.7847671508789,111.72867584228516,11.077977180480957,1482.3040771484375,7159.24267578125,63.818093832944086
41118335010497,41,2001,2011,10,wc,default,346.3943176269531,48.30959701538086,36.258087158203125,20431.525390625,147705.46875,327.8660097343697
41118335010497,41,2001,2011,10,wc,calibrated,347.5727844238281,48.652130126953125,36.19163131713867,20494.5546875,148135.921875,327.8660097343697
41118335010497,41,2001,2011,10,wc,hg_bayes,346.3943176269531,48.30959701538086,36.258087158203125,20916.388671875,151548.984375,327.8660097343697
41118335010497,41,2001,2011,10,wc,hg_organon,346.3943176269531,48.30959701538086,36.258087158203125,20916.388671875,151548.984375,327.8660097343697
41118335010497,41,2001,2011,10,wc,hg_conus_sp,346.3943176269531,48.30959701538086,36.258087158203125,20525.501953125,148572.609375,327.8660097343697
41118335010497,41,2001,2011,10,wc,hg_conus_clim,346.3943176269531,48.30959701538086,36.258087158203125,20626.126953125,149293.125,327.8660097343697
29883030010497,41,2009,2019,10,wc,default,40.336326599121094,39.34699249267578,13.709721565246582,983.8827514648438,5485.99169921875,45.04543969506886
29883030010497,41,2009,2019,10,wc,calibrated,40.226417541503906,39.2008171081543,13.716535568237305,981.45458984375,5472.56494140625,45.04543969506886
29883030010497,41,2009,2019,10,wc,hg_bayes,40.336326599121094,39.34699249267578,13.709721565246582,1073.019775390625,5938.025390625,45.04543969506886
29883030010497,41,2009,2019,10,wc,hg_organon,40.336326599121094,39.34699249267578,13.709721565246582,1073.019775390625,5938.025390625,45.04543969506886
29883030010497,41,2009,2019,10,wc,hg_conus_sp,40.336326599121094,39.34699249267578,13.709721565246582,1051.5526123046875,5846.2314453125,45.04543969506886
29883030010497,41,2009,2019,10,wc,hg_conus_clim,40.336326599121094,39.34699249267578,13.709721565246582,1053.061279296875,5853.4892578125,45.04543969506886
8630956010901,53,2006,2017,11,wc,default,169.52247619628906,216.5847930908203,11.979423522949219,5200.4189453125,29085.74609375,168.0129749204461
8630956010901,53,2006,2017,11,wc,calibrated,169.9841766357422,218.02513122558594,11.956035614013672,5208.990234375,29128.921875,168.0129749204461
8630956010901,53,2006,2017,11,wc,hg_bayes,169.52247619628906,216.5847930908203,11.979423522949219,5847.14794921875,32932.5859375,168.0129749204461
8630956010901,53,2006,2017,11,wc,hg_organon,169.52247619628906,216.5847930908203,11.979423522949219,5847.14794921875,32932.5859375,168.0129749204461
8630956010901,53,2006,2017,11,wc,hg_conus_sp,169.52247619628906,216.5847930908203,11.979423522949219,5547.31787109375,31159.09375,168.0129749204461
8630956010901,53,2006,2017,11,wc,hg_conus_clim,169.52247619628906,216.5847930908203,11.979423522949219,5468.84619140625,30681.24609375,168.0129749204461
24890399010900,41,2004,2014,10,wc,default,156.4875030517578,28.559322357177734,31.695831298828125,6168.99755859375,40290.88671875,165.66629187273534
24890399010900,41,2004,2014,10,wc,calibrated,156.79225158691406,28.620378494262695,31.692825317382812,6180.5556640625,40364.78125,165.66629187273534
24890399010900,41,2004,2014,10,wc,hg_bayes,156.4875030517578,28.559322357177734,31.695831298828125,6122.74853515625,39975.53125,165.66629187273534
24890399010900,41,2004,2014,10,wc,hg_organon,156.4875030517578,28.559322357177734,31.695831298828125,6122.74853515625,39975.53125,165.66629187273534
24890399010900,41,2004,2014,10,wc,hg_conus_sp,156.4875030517578,28.559322357177734,31.695831298828125,5989.580078125,39085.25390625,165.66629187273534
24890399010900,41,2004,2014,10,wc,hg_conus_clim,156.4875030517578,28.559322357177734,31.695831298828125,6244.79931640625,40870.03125,165.66629187273534
22933260010497,53,2008,2018,10,wc,default,234.05690002441406,192.00828552246094,14.949854850769043,6536.53173828125,35316.51171875,
22933260010497,53,2008,2018,10,wc,calibrated,236.08766174316406,193.83596801757812,14.943621635437012,6590.546875,35598.7265625,
22933260010497,53,2008,2018,10,wc,hg_bayes,234.05674743652344,192.00828552246094,14.949850082397461,6687.0390625,36263.28125,
22933260010497,53,2008,2018,10,wc,hg_organon,234.05674743652344,192.00828552246094,14.949850082397461,6687.0390625,36263.28125,
22933260010497,53,2008,2018,10,wc,hg_conus_sp,234.0569610595703,192.00828552246094,14.949856758117676,6514.08251953125,35190.29296875,
22933260010497,53,2008,2018,10,wc,hg_conus_clim,234.04031372070312,192.00839233398438,14.949319839477539,6534.6025390625,35345.9609375,
24503122010900,53,2003,2014,11,wc,default,216.2395782470703,182.15499877929688,14.753101348876953,4929.01416015625,24794.20703125,
24503122010900,53,2003,2014,11,wc,calibrated,216.48397827148438,182.51785278320312,14.74675464630127,4933.76025390625,24819.50390625,
24503122010900,53,2003,2014,11,wc,hg_bayes,216.2721405029297,182.15487670898438,14.754215240478516,5083.82958984375,25635.8671875,
24503122010900,53,2003,2014,11,wc,hg_organon,216.2721405029297,182.15487670898438,14.754215240478516,5083.82958984375,25635.8671875,
24503122010900,53,2003,2014,11,wc,hg_conus_sp,216.2395782470703,182.15499877929688,14.753101348876953,4929.01416015625,24794.20703125,
24503122010900,53,2003,2014,11,wc,hg_conus_clim,216.2395782470703,182.15499877929688,14.753101348876953,4929.01416015625,24794.20703125,
24487694010900,53,2004,2013,9,wc,default,54.987403869628906,118.59819793701172,9.219956398010254,1442.5902099609375,7525.0244140625,44.22070937968073
24487694010900,53,2004,2013,9,wc,calibrated,54.954437255859375,118.58006286621094,9.217897415161133,1441.27685546875,7517.73681640625,44.22070937968073
24487694010900,53,2004,2013,9,wc,hg_bayes,54.987403869628906,118.59819793701172,9.219956398010254,1580.3492431640625,8474.8291015625,44.22070937968073
24487694010900,53,2004,2013,9,wc,hg_organon,54.987403869628906,118.59819793701172,9.219956398010254,1580.3492431640625,8474.8291015625,44.22070937968073
24487694010900,53,2004,2013,9,wc,hg_conus_sp,54.987403869628906,118.59819793701172,9.219956398010254,1554.2052001953125,8311.8310546875,44.22070937968073
24487694010900,53,2004,2013,9,wc,hg_conus_clim,54.987403869628906,118.59819793701172,9.219956398010254,1457.3988037109375,7667.18408203125,44.22070937968073
40220665010497,53,2010,2020,10,wc,default,147.45364379882812,160.9342041015625,12.961041450500488,3714.505615234375,20041.435546875,152.02406843656055
40220665010497,53,2010,2020,10,wc,calibrated,146.9765167236328,159.9137725830078,12.981278419494629,3700.943603515625,19966.6171875,152.02406843656055
40220665010497,53,2010,2020,10,wc,hg_bayes,147.61727905273438,160.93780517578125,12.968084335327148,4145.7451171875,22790.859375,152.02406843656055
40220665010497,53,2010,2020,10,wc,hg_organon,147.61727905273438,160.93780517578125,12.968084335327148,4145.7451171875,22790.859375,152.02406843656055
40220665010497,53,2010,2020,10,wc,hg_conus_sp,147.48785400390625,160.9331817626953,12.962586402893066,3962.646484375,21681.552734375,152.02406843656055
40220665010497,53,2010,2020,10,wc,hg_conus_clim,147.48785400390625,160.9331817626953,12.962586402893066,3906.7607421875,21354.404296875,152.02406843656055
24500127010900,53,2003,2013,10,wc,default,172.54991149902344,55.55618667602539,23.863130569458008,7153.12548828125,47224.1875,
24500127010900,53,2003,2013,10,wc,calibrated,172.812744140625,55.607398986816406,23.870304107666016,7164.47216796875,47304.01953125,
24500127010900,53,2003,2013,10,wc,hg_bayes,172.54991149902344,55.55618667602539,23.863130569458008,7553.5703125,50154.64453125,
24500127010900,53,2003,2013,10,wc,hg_organon,172.54991149902344,55.55618667602539,23.863130569458008,7553.5703125,50154.64453125,
24500127010900,53,2003,2013,10,wc,hg_conus_sp,172.54991149902344,55.55618667602539,23.863130569458008,7154.509765625,47233.0859375,
24500127010900,53,2003,2013,10,wc,hg_conus_clim,172.54991149902344,55.55618667602539,23.863130569458008,7179.13037109375,47444.7734375,
29882027010497,41,2009,2019,10,wc,default,185.5041046142578,183.97232055664062,13.596803665161133,5618.623046875,30951.021484375,103.2444659691406
29882027010497,41,2009,2019,10,wc,calibrated,184.1042938232422,181.2041473388672,13.648480415344238,5585.0048828125,30771.21484375,103.2444659691406
29882027010497,41,2009,2019,10,wc,hg_bayes,185.5041046142578,183.97232055664062,13.596803665161133,5991.25390625,33294.83203125,103.2444659691406
29882027010497,41,2009,2019,10,wc,hg_organon,185.5041046142578,183.97232055664062,13.596803665161133,5991.25390625,33294.83203125,103.2444659691406
29882027010497,41,2009,2019,10,wc,hg_conus_sp,185.5041046142578,183.97232055664062,13.596803665161133,5837.85009765625,32334.88671875,103.2444659691406
29882027010497,41,2009,2019,10,wc,hg_conus_clim,185.5041046142578,183.97232055664062,13.596803665161133,5821.98486328125,32255.640625,103.2444659691406
24168311010900,53,2002,2012,10,wc,default,163.9720001220703,130.20120239257812,15.195452690124512,4148.90087890625,21761.66015625,144.22540258610985
24168311010900,53,2002,2012,10,wc,calibrated,164.02236938476562,130.27606201171875,15.19342041015625,4147.8056640625,21752.17578125,144.22540258610985
24168311010900,53,2002,2012,10,wc,hg_bayes,163.9720001220703,130.20120239257812,15.195452690124512,4583.892578125,24591.083984375,144.22540258610985
24168311010900,53,2002,2012,10,wc,hg_organon,163.9720001220703,130.20120239257812,15.195452690124512,4583.892578125,24591.083984375,144.22540258610985
24168311010900,53,2002,2012,10,wc,hg_conus_sp,163.9720001220703,130.20120239257812,15.195452690124512,4253.544921875,22503.0234375,144.22540258610985
24168311010900,53,2002,2012,10,wc,hg_conus_clim,163.9720001220703,130.20120239257812,15.195452690124512,4265.69775390625,22589.92578125,144.22540258610985
22953922010497,41,2007,2016,9,wc,default,90.54428100585938,88.33940887451172,13.708486557006836,1805.4276123046875,8492.6240234375,121.1834396965014
22953922010497,41,2007,2016,9,wc,calibrated,90.61560821533203,88.3458480834961,13.713387489318848,1806.549560546875,8497.294921875,121.1834396965014
22953922010497,41,2007,2016,9,wc,hg_bayes,90.54428100585938,88.33940887451172,13.708486557006836,2002.135498046875,9688.119140625,121.1834396965014
22953922010497,41,2007,2016,9,wc,hg_organon,90.54428100585938,88.33940887451172,13.708486557006836,2002.135498046875,9688.119140625,121.1834396965014
22953922010497,41,2007,2016,9,wc,hg_conus_sp,90.54428100585938,88.33940887451172,13.708486557006836,1900.1717529296875,9119.7666015625,121.1834396965014
22953922010497,41,2007,2016,9,wc,hg_conus_clim,90.54428100585938,88.33940887451172,13.708486557006836,1886.9588623046875,9012.6015625,121.1834396965014
12877596010497,41,2005,2015,10,wc,default,53.29679489135742,94.52420043945312,10.167527198791504,944.977294921875,4343.91650390625,72.28634124634536
12877596010497,41,2005,2015,10,wc,calibrated,53.35222625732422,94.66922760009766,10.165018081665039,945.7171020507812,4346.9775390625,72.28634124634536
12877596010497,41,2005,2015,10,wc,hg_bayes,53.37415313720703,94.48820495605469,10.176841735839844,984.0087890625,4557.0830078125,72.28634124634536
12877596010497,41,2005,2015,10,wc,hg_organon,53.37415313720703,94.48820495605469,10.176841735839844,984.0087890625,4557.0830078125,72.28634124634536
12877596010497,41,2005,2015,10,wc,hg_conus_sp,53.37776184082031,94.49595642089844,10.176766395568848,979.30517578125,4503.74658203125,72.28634124634536
12877596010497,41,2005,2015,10,wc,hg_conus_clim,53.378082275390625,94.49665832519531,10.176759719848633,979.3109130859375,4503.7724609375,72.28634124634536
22398482010497,53,2003,2014,11,wc,default,189.6754608154297,217.95314025878906,12.631654739379883,6035.892578125,33520.984375,74.25606027912133
22398482010497,53,2003,2014,11,wc,calibrated,189.98971557617188,218.7054443359375,12.620351791381836,6040.93505859375,33545.6953125,74.25606027912133
22398482010497,53,2003,2014,11,wc,hg_bayes,189.68023681640625,217.95303344726562,12.631816864013672,7086.02294921875,40023.69921875,74.25606027912133
22398482010497,53,2003,2014,11,wc,hg_organon,189.68023681640625,217.95303344726562,12.631816864013672,7086.02294921875,40023.69921875,74.25606027912133
22398482010497,53,2003,2014,11,wc,hg_conus_sp,189.68040466308594,217.95303344726562,12.63182258605957,6451.9755859375,36144.38671875,74.25606027912133
22398482010497,53,2003,2014,11,wc,hg_conus_clim,189.6803741455078,217.95303344726562,12.63182258605957,6383.3173828125,35638.265625,74.25606027912133
41118491010497,41,2001,2011,10,wc,default,31.370731353759766,30.960445404052734,13.629975318908691,1324.29052734375,8341.869140625,50.256431359780706
41118491010497,41,2001,2011,10,wc,calibrated,31.08039665222168,29.984773635864258,13.785712242126465,1316.661865234375,8295.3994140625,50.256431359780706
41118491010497,41,2001,2011,10,wc,hg_bayes,31.370609283447266,30.960445404052734,13.629947662353516,1473.361572265625,9314.77734375,50.256431359780706
41118491010497,41,2001,2011,10,wc,hg_organon,31.370609283447266,30.960445404052734,13.629947662353516,1473.361572265625,9314.77734375,50.256431359780706
41118491010497,41,2001,2011,10,wc,hg_conus_sp,31.370742797851562,30.960445404052734,13.629976272583008,1333.4033203125,8405.3837890625,50.256431359780706
41118491010497,41,2001,2011,10,wc,hg_conus_clim,31.370563507080078,30.960445404052734,13.629937171936035,1466.692626953125,9261.484375,50.256431359780706
22953941010497,41,2007,2018,11,wc,default,158.9669647216797,42.43947982788086,26.206235885620117,7851.4638671875,51846.56640625,50.32050129405599
22953941010497,41,2007,2018,11,wc,calibrated,159.4765167236328,42.642982482910156,26.185503005981445,7874.146484375,51993.46875,50.32050129405599
22953941010497,41,2007,2018,11,wc,hg_bayes,158.9669647216797,42.43947982788086,26.206235885620117,8134.4814453125,54201.109375,50.32050129405599
22953941010497,41,2007,2018,11,wc,hg_organon,158.9669647216797,42.43947982788086,26.206235885620117,8134.4814453125,54201.109375,50.32050129405599
22953941010497,41,2007,2018,11,wc,hg_conus_sp,158.9669647216797,42.43947982788086,26.206235885620117,7892.46630859375,52135.1015625,50.32050129405599
22953941010497,41,2007,2018,11,wc,hg_conus_clim,158.9669647216797,42.43947982788086,26.206235885620117,7917.349609375,52406.72265625,50.32050129405599
8651715010901,53,2006,2016,10,wc,default,147.3737030029297,172.33470153808594,12.521599769592285,4275.37890625,21716.466796875,137.84931391041894
8651715010901,53,2006,2016,10,wc,calibrated,143.99887084960938,166.27066040039062,12.60108757019043,4163.634765625,21143.919921875,137.84931391041894
8651715010901,53,2006,2016,10,wc,hg_bayes,147.60879516601562,172.3527374267578,12.530927658081055,4910.96826171875,25765.654296875,137.84931391041894
8651715010901,53,2006,2016,10,wc,hg_organon,147.60879516601562,172.3527374267578,12.530927658081055,4910.96826171875,25765.654296875,137.84931391041894
8651715010901,53,2006,2016,10,wc,hg_conus_sp,147.48692321777344,172.33351135253906,12.526453018188477,4561.42138671875,23505.296875,137.84931391041894
8651715010901,53,2006,2016,10,wc,hg_conus_clim,147.5095672607422,172.33335876464844,12.527420997619629,4554.0419921875,23432.337890625,137.84931391041894
8634562010901,53,2006,2016,10,wc,default,102.31903839111328,104.7261734008789,13.38403034210205,2618.803955078125,13357.03125,109.80859000028322
8634562010901,53,2006,2016,10,wc,calibrated,99.78077697753906,100.39087677001953,13.499342918395996,2547.898681640625,12999.4306640625,109.80859000028322
8634562010901,53,2006,2016,10,wc,hg_bayes,102.50450134277344,104.72496795654297,13.396230697631836,2897.780029296875,15153.4755859375,109.80859000028322
8634562010901,53,2006,2016,10,wc,hg_organon,102.50450134277344,104.72496795654297,13.396230697631836,2897.780029296875,15153.4755859375,109.80859000028322
8634562010901,53,2006,2016,10,wc,hg_conus_sp,102.49818420410156,104.72496795654297,13.395819664001465,2735.6435546875,14278.119140625,109.80859000028322
8634562010901,53,2006,2016,10,wc,hg_conus_clim,102.50430297851562,104.72496795654297,13.396218299865723,2750.711669921875,14355.2197265625,109.80859000028322
24538131010900,53,2003,2013,10,wc,default,95.57305908203125,37.81917190551758,21.525243759155273,2796.570556640625,16408.03125,56.83016015088131
24538131010900,53,2003,2013,10,wc,calibrated,95.42414093017578,37.63936233520508,21.559776306152344,2791.320556640625,16376.1708984375,56.83016015088131
24538131010900,53,2003,2013,10,wc,hg_bayes,95.57305908203125,37.81917190551758,21.525243759155273,3100.7587890625,18499.890625,56.83016015088131
24538131010900,53,2003,2013,10,wc,hg_organon,95.57305908203125,37.81917190551758,21.525243759155273,3100.7587890625,18499.890625,56.83016015088131
24538131010900,53,2003,2013,10,wc,hg_conus_sp,95.57305908203125,37.81917190551758,21.525243759155273,2984.700439453125,17722.25,56.83016015088131
24538131010900,53,2003,2013,10,wc,hg_conus_clim,95.57305908203125,37.81917190551758,21.525243759155273,2990.35546875,17779.71875,56.83016015088131
40403249010497,41,2010,2020,10,wc,default,19.786537170410156,24.40958595275879,12.191045761108398,326.9043884277344,1574.961181640625,18.54935186595785
40403249010497,41,2010,2020,10,wc,calibrated,19.786537170410156,24.40958595275879,12.191045761108398,326.9043884277344,1574.961181640625,18.54935186595785
40403249010497,41,2010,2020,10,wc,hg_bayes,19.786537170410156,24.40958595275879,12.191045761108398,326.9043884277344,1574.961181640625,18.54935186595785
40403249010497,41,2010,2020,10,wc,hg_organon,19.786537170410156,24.40958595275879,12.191045761108398,326.9043884277344,1574.961181640625,18.54935186595785
40403249010497,41,2010,2020,10,wc,hg_conus_sp,19.786537170410156,24.40958595275879,12.191045761108398,326.9043884277344,1574.961181640625,18.54935186595785
40403249010497,41,2010,2020,10,wc,hg_conus_clim,19.786537170410156,24.40958595275879,12.191045761108398,326.9043884277344,1574.961181640625,18.54935186595785
12815407010497,41,2005,2015,10,wc,default,8.077269554138184,17.8572940826416,9.106695175170898,108.7674560546875,517.9122924804688,25.926433912280697
12815407010497,41,2005,2015,10,wc,calibrated,8.077269554138184,17.8572940826416,9.106695175170898,108.7674560546875,517.9122924804688,25.926433912280697
12815407010497,41,2005,2015,10,wc,hg_bayes,8.077269554138184,17.8572940826416,9.106695175170898,108.7674560546875,517.9122924804688,25.926433912280697
12815407010497,41,2005,2015,10,wc,hg_organon,8.077269554138184,17.8572940826416,9.106695175170898,108.7674560546875,517.9122924804688,25.926433912280697
12815407010497,41,2005,2015,10,wc,hg_conus_sp,8.077269554138184,17.8572940826416,9.106695175170898,108.7674560546875,517.9122924804688,25.926433912280697
12815407010497,41,2005,2015,10,wc,hg_conus_clim,8.077269554138184,17.8572940826416,9.106695175170898,108.7674560546875,517.9122924804688,25.926433912280697
24484927010900,53,2003,2013,10,wc,default,48.45535659790039,83.3916244506836,10.321577072143555,818.9859008789062,3721.543701171875,76.07386464588897
24484927010900,53,2003,2013,10,wc,calibrated,48.61647033691406,83.6294174194336,10.32401180267334,821.6768188476562,3733.374267578125,76.07386464588897
24484927010900,53,2003,2013,10,wc,hg_bayes,48.57982635498047,83.39161682128906,10.334823608398438,1034.9219970703125,5129.828125,76.07386464588897
24484927010900,53,2003,2013,10,wc,hg_organon,48.57982635498047,83.39161682128906,10.334823608398438,1034.9219970703125,5129.828125,76.07386464588897
24484927010900,53,2003,2013,10,wc,hg_conus_sp,48.57986831665039,83.39161682128906,10.33482837677002,978.408203125,4717.05126953125,76.07386464588897
24484927010900,53,2003,2013,10,wc,hg_conus_clim,48.57984161376953,83.39161682128906,10.334826469421387,970.1010131835938,4676.74462890625,76.07386464588897
22954802010497,53,2007,2017,10,wc,default,144.90478515625,253.50047302246094,10.237367630004883,4288.00634765625,21987.4609375,71.8248191434255
22954802010497,53,2007,2017,10,wc,calibrated,142.0329132080078,245.42556762695312,10.300798416137695,4207.9853515625,21547.423828125,71.8248191434255
22954802010497,53,2007,2017,10,wc,hg_bayes,145.06446838378906,253.4979705810547,10.24305534362793,4580.4677734375,23702.392578125,71.8248191434255
22954802010497,53,2007,2017,10,wc,hg_organon,145.06446838378906,253.4979705810547,10.24305534362793,4580.4677734375,23702.392578125,71.8248191434255
22954802010497,53,2007,2017,10,wc,hg_conus_sp,144.90478515625,253.50047302246094,10.237367630004883,4442.50244140625,22873.328125,71.8248191434255
22954802010497,53,2007,2017,10,wc,hg_conus_clim,144.90478515625,253.50047302246094,10.237367630004883,4323.37939453125,22181.873046875,71.8248191434255
48204211010497,53,2011,2021,10,wc,default,113.22450256347656,107.81085968017578,13.876348495483398,3692.66650390625,19814.54296875,61.70092590557052
48204211010497,53,2011,2021,10,wc,calibrated,112.10545349121094,106.25211334228516,13.908519744873047,3657.041748046875,19621.55078125,61.70092590557052
48204211010497,53,2011,2021,10,wc,hg_bayes,113.20048522949219,107.80928039550781,13.874979019165039,3646.639892578125,19631.142578125,61.70092590557052
48204211010497,53,2011,2021,10,wc,hg_organon,113.20048522949219,107.80928039550781,13.874979019165039,3646.639892578125,19631.142578125,61.70092590557052
48204211010497,53,2011,2021,10,wc,hg_conus_sp,113.1485366821289,107.8061294555664,13.871997833251953,3591.2509765625,19278.12890625,61.70092590557052
48204211010497,53,2011,2021,10,wc,hg_conus_clim,113.1485366821289,107.8061294555664,13.871997833251953,3585.096435546875,19237.005859375,61.70092590557052
24118813010900,41,2002,2012,10,wc,default,16.909269332885742,23.770742416381836,11.420294761657715,266.0204162597656,1156.86328125,
24118813010900,41,2002,2012,10,wc,calibrated,16.909269332885742,23.770742416381836,11.420294761657715,266.0204162597656,1156.86328125,
24118813010900,41,2002,2012,10,wc,hg_bayes,16.909269332885742,23.770742416381836,11.420294761657715,266.0204162597656,1156.86328125,
24118813010900,41,2002,2012,10,wc,hg_organon,16.909269332885742,23.770742416381836,11.420294761657715,266.0204162597656,1156.86328125,
24118813010900,41,2002,2012,10,wc,hg_conus_sp,16.909269332885742,23.770742416381836,11.420294761657715,266.0204162597656,1156.86328125,
24118813010900,41,2002,2012,10,wc,hg_conus_clim,16.909269332885742,23.770742416381836,11.420294761657715,266.0204162597656,1156.86328125,
24375333010900,41,2003,2013,10,wc,default,124.28983306884766,154.53933715820312,12.14323902130127,2620.046875,12580.2822265625,129.14839275185346
24375333010900,41,2003,2013,10,wc,calibrated,124.58829498291016,154.9676513671875,12.141000747680664,2626.45654296875,12611.255859375,129.14839275185346
24375333010900,41,2003,2013,10,wc,hg_bayes,124.29387664794922,154.539306640625,12.143440246582031,3317.0205078125,16572.115234375,129.14839275185346
24375333010900,41,2003,2013,10,wc,hg_organon,124.29387664794922,154.539306640625,12.143440246582031,3317.0205078125,16572.115234375,129.14839275185346
24375333010900,41,2003,2013,10,wc,hg_conus_sp,124.29387664794922,154.539306640625,12.143440246582031,2950.621337890625,14376.7568359375,129.14839275185346
24375333010900,41,2003,2013,10,wc,hg_conus_clim,124.29387664794922,154.539306640625,12.143440246582031,2945.656005859375,14351.4638671875,129.14839275185346
48202540010497,53,2011,2022,11,wc,default,133.95594787597656,152.8694610595703,12.675260543823242,3367.965087890625,17799.228515625,112.1889005795031
48202540010497,53,2011,2022,11,wc,calibrated,133.95460510253906,152.81173706054688,12.677593231201172,3367.069580078125,17796.720703125,112.1889005795031
48202540010497,53,2011,2022,11,wc,hg_bayes,134.03482055664062,152.8685760498047,12.679028511047363,3888.83642578125,21092.3203125,112.1889005795031
48202540010497,53,2011,2022,11,wc,hg_organon,134.03482055664062,152.8685760498047,12.679028511047363,3888.83642578125,21092.3203125,112.1889005795031
48202540010497,53,2011,2022,11,wc,hg_conus_sp,134.0350799560547,152.8685760498047,12.679040908813477,3476.106689453125,18586.59765625,112.1889005795031
48202540010497,53,2011,2022,11,wc,hg_conus_clim,134.0349578857422,152.8685760498047,12.679036140441895,3541.20361328125,18987.025390625,112.1889005795031
23933855010900,41,2001,2011,10,wc,default,87.9867172241211,113.29060363769531,11.932952880859375,1566.3453369140625,7406.24755859375,67.97367745108235
23933855010900,41,2001,2011,10,wc,calibrated,88.0271987915039,113.28204345703125,11.936149597167969,1566.5201416015625,7406.142578125,67.97367745108235
23933855010900,41,2001,2011,10,wc,hg_bayes,88.30362701416016,113.28961181640625,11.954476356506348,1826.4227294921875,9024.873046875,67.97367745108235
23933855010900,41,2001,2011,10,wc,hg_organon,88.30362701416016,113.28961181640625,11.954476356506348,1826.4227294921875,9024.873046875,67.97367745108235
23933855010900,41,2001,2011,10,wc,hg_conus_sp,88.29446411132812,113.28962707519531,11.953853607177734,1736.8507080078125,8506.650390625,67.97367745108235
23933855010900,41,2001,2011,10,wc,hg_conus_clim,88.30025482177734,113.28961181640625,11.95424747467041,1726.78466796875,8468.8271484375,67.97367745108235
24453619010900,41,2003,2013,10,wc,default,142.84866333007812,207.69134521484375,11.22962474822998,2861.45849609375,13268.4609375,159.51950996160846
24453619010900,41,2003,2013,10,wc,calibrated,143.237060546875,208.3428955078125,11.227280616760254,2869.340576171875,13305.2265625,159.51950996160846
24453619010900,41,2003,2013,10,wc,hg_bayes,142.84866333007812,207.69134521484375,11.22962474822998,3679.23876953125,18304.572265625,159.51950996160846
24453619010900,41,2003,2013,10,wc,hg_organon,142.84866333007812,207.69134521484375,11.22962474822998,3679.23876953125,18304.572265625,159.51950996160846
24453619010900,41,2003,2013,10,wc,hg_conus_sp,142.84866333007812,207.69134521484375,11.22962474822998,3207.512451171875,15473.44140625,159.51950996160846
24453619010900,41,2003,2013,10,wc,hg_conus_clim,142.84866333007812,207.69134521484375,11.22962474822998,3159.057861328125,15181.0234375,159.51950996160846
22931103010497,53,2008,2018,10,wc,default,235.1339111328125,181.1123504638672,15.428362846374512,7810.2421875,42041.7578125,3.213735434476024
22931103010497,53,2008,2018,10,wc,calibrated,236.16302490234375,182.2415771484375,15.414114952087402,7844.69482421875,42223.09375,3.213735434476024
22931103010497,53,2008,2018,10,wc,hg_bayes,235.13845825195312,181.11221313476562,15.428518295288086,8304.0107421875,45365.16796875,3.213735434476024
22931103010497,53,2008,2018,10,wc,hg_organon,235.13845825195312,181.11221313476562,15.428518295288086,8304.0107421875,45365.16796875,3.213735434476024
22931103010497,53,2008,2018,10,wc,hg_conus_sp,235.1339569091797,181.1123504638672,15.428362846374512,7731.443359375,41624.3125,3.213735434476024
22931103010497,53,2008,2018,10,wc,hg_conus_clim,235.1339569091797,181.1123504638672,15.428362846374512,7772.60205078125,41975.34375,3.213735434476024
40219276010497,41,2010,2021,11,wc,default,142.3036651611328,259.283203125,10.031302452087402,3884.51953125,20680.833984375,136.71994245451555
40219276010497,41,2010,2021,11,wc,calibrated,135.74961853027344,241.21168518066406,10.157958030700684,3740.540283203125,19924.517578125,136.71994245451555
40219276010497,41,2010,2021,11,wc,hg_bayes,142.36134338378906,259.2816162109375,10.03335952758789,4427.04833984375,24148.162109375,136.71994245451555
40219276010497,41,2010,2021,11,wc,hg_organon,142.36134338378906,259.2816162109375,10.03335952758789,4427.04833984375,24148.162109375,136.71994245451555
40219276010497,41,2010,2021,11,wc,hg_conus_sp,142.3036651611328,259.283203125,10.031303405761719,3889.587646484375,20709.14453125,136.71994245451555
40219276010497,41,2010,2021,11,wc,hg_conus_clim,142.36138916015625,259.2816162109375,10.033361434936523,4166.87890625,22523.544921875,136.71994245451555
29881428010497,41,2009,2019,10,wc,default,53.14678955078125,47.91733932495117,14.260293960571289,1194.735107421875,6032.36767578125,49.79579298361599
29881428010497,41,2009,2019,10,wc,calibrated,53.043949127197266,47.79267883300781,14.265058517456055,1192.1334228515625,6019.8232421875,49.79579298361599
29881428010497,41,2009,2019,10,wc,hg_bayes,53.18118667602539,47.917266845703125,14.264918327331543,1335.69140625,6894.4892578125,49.79579298361599
29881428010497,41,2009,2019,10,wc,hg_organon,53.18118667602539,47.917266845703125,14.264918327331543,1335.69140625,6894.4892578125,49.79579298361599
29881428010497,41,2009,2019,10,wc,hg_conus_sp,53.18118667602539,47.917266845703125,14.264918327331543,1275.543701171875,6507.38720703125,49.79579298361599
29881428010497,41,2009,2019,10,wc,hg_conus_clim,53.18118667602539,47.917266845703125,14.264918327331543,1274.1590576171875,6517.3095703125,49.79579298361599
40220397010497,53,2010,2022,12,wc,default,211.86398315429688,310.1070861816406,11.192035675048828,5298.63232421875,26302.646484375,203.77102777211212
40220397010497,53,2010,2022,12,wc,calibrated,213.16139221191406,313.5472412109375,11.164490699768066,5323.365234375,26428.826171875,203.77102777211212
40220397010497,53,2010,2022,12,wc,hg_bayes,211.8640594482422,310.1070861816406,11.19204044342041,6287.2353515625,32036.974609375,203.77102777211212
40220397010497,53,2010,2022,12,wc,hg_organon,211.8640594482422,310.1070861816406,11.19204044342041,6287.2353515625,32036.974609375,203.77102777211212
40220397010497,53,2010,2022,12,wc,hg_conus_sp,211.8642120361328,310.1070861816406,11.192044258117676,5381.59912109375,26738.19140625,203.77102777211212
40220397010497,53,2010,2022,12,wc,hg_conus_clim,211.86383056640625,310.1071472167969,11.192032814025879,5417.361328125,26963.39453125,203.77102777211212
24065771010900,41,2002,2012,10,wc,default,183.1151580810547,272.8318176269531,11.093050003051758,4531.77880859375,22514.4453125,176.6992457120587
24065771010900,41,2002,2012,10,wc,calibrated,179.45787048339844,265.5045471191406,11.132214546203613,4449.94384765625,22120.384765625,176.6992457120587
24065771010900,41,2002,2012,10,wc,hg_bayes,183.1133575439453,272.83184814453125,11.092995643615723,5191.28759765625,26754.41796875,176.6992457120587
24065771010900,41,2002,2012,10,wc,hg_organon,183.1133575439453,272.83184814453125,11.092995643615723,5191.28759765625,26754.41796875,176.6992457120587
24065771010900,41,2002,2012,10,wc,hg_conus_sp,183.1149139404297,272.83184814453125,11.093042373657227,4604.41259765625,22965.08203125,176.6992457120587
24065771010900,41,2002,2012,10,wc,hg_conus_clim,183.11520385742188,272.8318176269531,11.09305191040039,4562.04443359375,22679.1953125,176.6992457120587
29881992010497,41,2009,2019,10,wc,default,208.1396026611328,269.7100830078125,11.89501667022705,7223.841796875,38571.80078125,172.23888618955013
29881992010497,41,2009,2019,10,wc,calibrated,209.3422393798828,272.26300048828125,11.873271942138672,7259.41259765625,38765.6953125,172.23888618955013
29881992010497,41,2009,2019,10,wc,hg_bayes,208.33067321777344,269.70556640625,11.900575637817383,7815.28466796875,42137.5546875,172.23888618955013
29881992010497,41,2009,2019,10,wc,hg_organon,208.33067321777344,269.70556640625,11.900575637817383,7815.28466796875,42137.5546875,172.23888618955013
29881992010497,41,2009,2019,10,wc,hg_conus_sp,208.17837524414062,269.7081604003906,11.896166801452637,7350.6806640625,39274.24609375,172.23888618955013
29881992010497,41,2009,2019,10,wc,hg_conus_clim,208.31954956054688,269.70611572265625,11.90024471282959,7464.4443359375,39961.59765625,172.23888618955013
48206580010497,41,2011,2021,10,wc,default,107.93517303466797,157.02056884765625,11.226373672485352,3151.2724609375,16724.37890625,136.05755131494968
48206580010497,41,2011,2021,10,wc,calibrated,102.98200225830078,146.85647583007812,11.338887214660645,3005.21728515625,15968.810546875,136.05755131494968
48206580010497,41,2011,2021,10,wc,hg_bayes,107.93517303466797,157.02056884765625,11.226373672485352,3487.13134765625,18753.748046875,136.05755131494968
48206580010497,41,2011,2021,10,wc,hg_organon,107.93517303466797,157.02056884765625,11.226373672485352,3487.13134765625,18753.748046875,136.05755131494968
48206580010497,41,2011,2021,10,wc,hg_conus_sp,107.93517303466797,157.02056884765625,11.226373672485352,3212.56201171875,17196.861328125,136.05755131494968
48206580010497,41,2011,2021,10,wc,hg_conus_clim,107.93517303466797,157.02056884765625,11.226373672485352,3160.482421875,16820.41015625,136.05755131494968
29882463010497,41,2009,2019,10,wc,default,65.6751480102539,191.26480102539062,7.934497356414795,1513.7197265625,8060.49755859375,57.47614511231202
29882463010497,41,2009,2019,10,wc,calibrated,61.63026428222656,178.0752410888672,7.965839862823486,1422.7587890625,7559.5966796875,57.47614511231202
29882463010497,41,2009,2019,10,wc,hg_bayes,65.6802749633789,191.2650909423828,7.9347991943359375,1673.6895751953125,9058.3369140625,57.47614511231202
29882463010497,41,2009,2019,10,wc,hg_organon,65.6802749633789,191.2650909423828,7.9347991943359375,1673.6895751953125,9058.3369140625,57.47614511231202
29882463010497,41,2009,2019,10,wc,hg_conus_sp,65.6751480102539,191.26480102539062,7.934497356414795,1513.7197265625,8060.49755859375,57.47614511231202
29882463010497,41,2009,2019,10,wc,hg_conus_clim,65.6751480102539,191.26480102539062,7.934497356414795,1513.7197265625,8060.49755859375,57.47614511231202
29883473010497,53,2009,2019,10,wc,default,220.144775390625,229.37657165527344,13.265263557434082,7060.54296875,37137.9609375,204.09649140085048
29883473010497,53,2009,2019,10,wc,calibrated,219.84210205078125,229.5542755126953,13.251009941101074,7029.45849609375,36948.9453125,204.09649140085048
29883473010497,53,2009,2019,10,wc,hg_bayes,220.14447021484375,229.37657165527344,13.265254020690918,7393.00830078125,39222.58984375,204.09649140085048
29883473010497,53,2009,2019,10,wc,hg_organon,220.14447021484375,229.37657165527344,13.265254020690918,7393.00830078125,39222.58984375,204.09649140085048
29883473010497,53,2009,2019,10,wc,hg_conus_sp,220.1417236328125,229.37657165527344,13.265170097351074,6933.9111328125,36371.4375,204.09649140085048
29883473010497,53,2009,2019,10,wc,hg_conus_clim,220.14491271972656,229.37657165527344,13.265265464782715,6983.9091796875,36703.0234375,204.09649140085048
22954712010497,53,2007,2017,10,wc,default,86.33073425292969,58.83917236328125,16.401578903198242,2488.700927734375,13395.93359375,80.00167586566626
22954712010497,53,2007,2017,10,wc,calibrated,86.37528991699219,58.81572723388672,16.409086227416992,2489.56982421875,13398.2392578125,80.00167586566626
22954712010497,53,2007,2017,10,wc,hg_bayes,86.38784790039062,58.839149475097656,16.40700912475586,2760.458740234375,15193.896484375,80.00167586566626
22954712010497,53,2007,2017,10,wc,hg_organon,86.38784790039062,58.839149475097656,16.40700912475586,2760.458740234375,15193.896484375,80.00167586566626
22954712010497,53,2007,2017,10,wc,hg_conus_sp,86.38784790039062,58.839149475097656,16.40700912475586,2574.156005859375,13844.7392578125,80.00167586566626
22954712010497,53,2007,2017,10,wc,hg_conus_clim,86.38784790039062,58.839149475097656,16.40700912475586,2570.6826171875,13823.2509765625,80.00167586566626
30852450020004,53,2012,2022,10,wc,default,197.32867431640625,317.3011474609375,10.678138732910156,4460.52783203125,22377.296875,186.65006589135436
30852450020004,53,2012,2022,10,wc,calibrated,197.81529235839844,318.6927490234375,10.66793155670166,4467.8427734375,22416.73828125,186.65006589135436
30852450020004,53,2012,2022,10,wc,hg_bayes,197.38302612304688,317.3001708984375,10.67962646484375,5322.505859375,27815.248046875,186.65006589135436
30852450020004,53,2012,2022,10,wc,hg_organon,197.38302612304688,317.3001708984375,10.67962646484375,5322.505859375,27815.248046875,186.65006589135436
30852450020004,53,2012,2022,10,wc,hg_conus_sp,197.38302612304688,317.3001708984375,10.67962646484375,4797.62451171875,24615.693359375,186.65006589135436
30852450020004,53,2012,2022,10,wc,hg_conus_clim,197.38302612304688,317.3001708984375,10.67962646484375,4691.21240234375,23866.11328125,186.65006589135436
41118896010497,41,2003,2012,9,wc,default,98.28813171386719,162.8466339111328,10.519554138183594,2171.217529296875,11807.2724609375,144.53363172808963
41118896010497,41,2003,2012,9,wc,calibrated,98.99992370605469,164.7786407470703,10.495504379272461,2183.46435546875,11871.1689453125,144.53363172808963
41118896010497,41,2003,2012,9,wc,hg_bayes,98.2595443725586,162.74063110351562,10.521449089050293,2362.4306640625,13111.765625,144.53363172808963
41118896010497,41,2003,2012,9,wc,hg_organon,98.2595443725586,162.74063110351562,10.521449089050293,2362.4306640625,13111.765625,144.53363172808963
41118896010497,41,2003,2012,9,wc,hg_conus_sp,98.26094055175781,162.7709197998047,10.520546913146973,2300.5634765625,12650.1064453125,144.53363172808963
41118896010497,41,2003,2012,9,wc,hg_conus_clim,98.2572250366211,162.7606964111328,10.520679473876953,2315.8720703125,12749.080078125,144.53363172808963
25115282010900,41,2004,2014,10,wc,default,58.36432647705078,110.0348892211914,9.861543655395508,1365.7366943359375,6711.66162109375,48.94125551514139
25115282010900,41,2004,2014,10,wc,calibrated,56.7679557800293,105.89297485351562,9.914125442504883,1329.138671875,6523.533203125,48.94125551514139
25115282010900,41,2004,2014,10,wc,hg_bayes,58.380496978759766,110.03584289550781,9.862865447998047,1546.35205078125,7684.32568359375,48.94125551514139
25115282010900,41,2004,2014,10,wc,hg_organon,58.380496978759766,110.03584289550781,9.862865447998047,1546.35205078125,7684.32568359375,48.94125551514139
25115282010900,41,2004,2014,10,wc,hg_conus_sp,58.36432647705078,110.0348892211914,9.861543655395508,1375.584716796875,6741.212890625,48.94125551514139
25115282010900,41,2004,2014,10,wc,hg_conus_clim,58.36432647705078,110.0348892211914,9.861543655395508,1375.584716796875,6741.212890625,48.94125551514139
29395038010497,41,2008,2018,10,wc,default,129.44711303710938,128.8636474609375,13.571170806884766,3025.789794921875,16213.4228515625,123.73605418904717
29395038010497,41,2008,2018,10,wc,calibrated,128.57286071777344,127.8437271118164,13.579107284545898,3006.575927734375,16116.7490234375,123.73605418904717
29395038010497,41,2008,2018,10,wc,hg_bayes,129.46336364746094,128.86361694335938,13.57202434539795,4047.118408203125,22851.23828125,123.73605418904717
29395038010497,41,2008,2018,10,wc,hg_organon,129.46336364746094,128.86361694335938,13.57202434539795,4047.118408203125,22851.23828125,123.73605418904717
29395038010497,41,2008,2018,10,wc,hg_conus_sp,129.45413208007812,128.8636474609375,13.571538925170898,3281.5224609375,17877.83203125,123.73605418904717
29395038010497,41,2008,2018,10,wc,hg_conus_clim,129.4580078125,128.8636474609375,13.57174301147461,3100.66259765625,16731.259765625,123.73605418904717
24840602010900,53,2004,2014,10,wc,default,174.62255859375,94.21783447265625,18.43401336669922,6117.203125,36075.09375,114.5108112044484
24840602010900,53,2004,2014,10,wc,calibrated,174.9500732421875,94.44044494628906,18.429540634155273,6127.87109375,36140.0703125,114.5108112044484
24840602010900,53,2004,2014,10,wc,hg_bayes,174.62255859375,94.21783447265625,18.43401336669922,6613.05126953125,39566.40625,114.5108112044484
24840602010900,53,2004,2014,10,wc,hg_organon,174.62255859375,94.21783447265625,18.43401336669922,6613.05126953125,39566.40625,114.5108112044484
24840602010900,53,2004,2014,10,wc,hg_conus_sp,174.62257385253906,94.21783447265625,18.43401336669922,6083.763671875,35818.96875,114.5108112044484
24840602010900,53,2004,2014,10,wc,hg_conus_clim,174.62255859375,94.21783447265625,18.434011459350586,6120.82080078125,36152.43359375,114.5108112044484
22953775010497,41,2007,2017,10,wc,default,132.77003479003906,85.6014404296875,16.863422393798828,4599.287109375,26208.119140625,115.63733274489547
22953775010497,41,2007,2017,10,wc,calibrated,132.2559814453125,85.08541870117188,16.88170623779297,4584.45263671875,26123.4609375,115.63733274489547
22953775010497,41,2007,2017,10,wc,hg_bayes,132.7696533203125,85.6014404296875,16.8633975982666,5085.1748046875,29535.25390625,115.63733274489547
22953775010497,41,2007,2017,10,wc,hg_organon,132.7696533203125,85.6014404296875,16.8633975982666,5085.1748046875,29535.25390625,115.63733274489547
22953775010497,41,2007,2017,10,wc,hg_conus_sp,132.77011108398438,85.6014404296875,16.863428115844727,4659.93115234375,26684.46484375,115.63733274489547
22953775010497,41,2007,2017,10,wc,hg_conus_clim,132.76963806152344,85.6014404296875,16.8633975982666,5001.6494140625,28987.705078125,115.63733274489547
30852231020004,41,2012,2022,10,wc,default,108.01432037353516,68.09774017333984,17.05338478088379,3223.186279296875,18080.779296875,96.04553036779637
30852231020004,41,2012,2022,10,wc,calibrated,108.08922576904297,68.13318634033203,17.05486297607422,3224.519287109375,18084.638671875,96.04553036779637
30852231020004,41,2012,2022,10,wc,hg_bayes,108.05889129638672,68.09767150878906,17.05691146850586,3692.15869140625,21217.837890625,96.04553036779637
30852231020004,41,2012,2022,10,wc,hg_organon,108.05889129638672,68.09767150878906,17.05691146850586,3692.15869140625,21217.837890625,96.04553036779637
30852231020004,41,2012,2022,10,wc,hg_conus_sp,108.05889129638672,68.09767150878906,17.05691146850586,3493.6787109375,19891.5078125,96.04553036779637
30852231020004,41,2012,2022,10,wc,hg_conus_clim,108.05889129638672,68.09767150878906,17.05691146850586,3502.747314453125,19919.05078125,96.04553036779637
22398511010497,53,2003,2013,10,wc,default,134.4749298095703,193.4886474609375,11.288315773010254,3202.057861328125,15875.1181640625,16.061201315990466
22398511010497,53,2003,2013,10,wc,calibrated,133.2004852294922,190.14236450195312,11.333128929138184,3173.630615234375,15733.474609375,16.061201315990466
22398511010497,53,2003,2013,10,wc,hg_bayes,134.8267364501953,193.48666381835938,11.303136825561523,3658.015625,18725.5703125,16.061201315990466
22398511010497,53,2003,2013,10,wc,hg_organon,134.8267364501953,193.48666381835938,11.303136825561523,3658.015625,18725.5703125,16.061201315990466
22398511010497,53,2003,2013,10,wc,hg_conus_sp,134.71673583984375,193.4871826171875,11.298503875732422,3474.978759765625,17681.125,16.061201315990466
22398511010497,53,2003,2013,10,wc,hg_conus_clim,134.6979522705078,193.48731994628906,11.297711372375488,3458.1064453125,17557.841796875,16.061201315990466
8616710010901,53,2006,2016,10,wc,default,6.032309532165527,11.910365104675293,9.6364164352417,99.60298156738281,478.39593505859375,73.70745753642817
8616710010901,53,2006,2016,10,wc,calibrated,6.044523239135742,11.932308197021484,9.637293815612793,99.78518676757812,479.21954345703125,73.70745753642817
8616710010901,53,2006,2016,10,wc,hg_bayes,6.032309532165527,11.910365104675293,9.6364164352417,113.95757293701172,547.8535766601562,73.70745753642817
8616710010901,53,2006,2016,10,wc,hg_organon,6.032309532165527,11.910365104675293,9.6364164352417,113.95757293701172,547.8535766601562,73.70745753642817
8616710010901,53,2006,2016,10,wc,hg_conus_sp,6.032309532165527,11.910365104675293,9.6364164352417,97.63179779052734,452.52520751953125,73.70745753642817
8616710010901,53,2006,2016,10,wc,hg_conus_clim,6.032309532165527,11.910365104675293,9.6364164352417,106.7457275390625,507.7107238769531,73.70745753642817
12980723010497,53,2005,2015,10,wc,default,114.24340057373047,48.626548767089844,20.754636764526367,4251.07666015625,25605.33203125,111.72718347279721
12980723010497,53,2005,2015,10,wc,calibrated,114.00685119628906,48.5280647277832,20.754165649414062,4240.3154296875,25537.626953125,111.72718347279721
12980723010497,53,2005,2015,10,wc,hg_bayes,114.2513198852539,48.62652587890625,20.75536346435547,4544.2353515625,27640.32421875,111.72718347279721
12980723010497,53,2005,2015,10,wc,hg_organon,114.2513198852539,48.62652587890625,20.75536346435547,4544.2353515625,27640.32421875,111.72718347279721
12980723010497,53,2005,2015,10,wc,hg_conus_sp,114.24340057373047,48.626548767089844,20.754636764526367,4418.396484375,26763.677734375,111.72718347279721
12980723010497,53,2005,2015,10,wc,hg_conus_clim,114.24514770507812,48.62654495239258,20.754796981811523,4432.93017578125,26861.841796875,111.72718347279721
22932352010497,41,2008,2018,10,wc,default,220.86785888671875,79.10315704345703,22.625883102416992,7944.27294921875,49432.44140625,213.58169131983118
22932352010497,41,2008,2018,10,wc,calibrated,221.48484802246094,79.49459075927734,22.60161781311035,7964.79052734375,49556.89453125,213.58169131983118
22932352010497,41,2008,2018,10,wc,hg_bayes,220.86785888671875,79.10315704345703,22.625883102416992,8597.0380859375,54537.30078125,213.58169131983118
22932352010497,41,2008,2018,10,wc,hg_organon,220.86785888671875,79.10315704345703,22.625883102416992,8597.0380859375,54537.30078125,213.58169131983118
22932352010497,41,2008,2018,10,wc,hg_conus_sp,220.86785888671875,79.10315704345703,22.625883102416992,8146.3720703125,51071.6875,213.58169131983118
22932352010497,41,2008,2018,10,wc,hg_conus_clim,220.86785888671875,79.10315704345703,22.625883102416992,8145.87109375,51129.546875,213.58169131983118
22954447010497,53,2007,2017,10,wc,default,125.39730072021484,185.7560272216797,11.125228881835938,2427.87255859375,11847.08203125,145.43383133807296
22954447010497,53,2007,2017,10,wc,calibrated,124.92113494873047,185.35934448242188,11.115959167480469,2416.583984375,11786.6015625,145.43383133807296
22954447010497,53,2007,2017,10,wc,hg_bayes,125.5138168334961,185.75575256347656,11.130406379699707,3434.08642578125,18258.029296875,145.43383133807296
22954447010497,53,2007,2017,10,wc,hg_organon,125.5138168334961,185.75575256347656,11.130406379699707,3434.08642578125,18258.029296875,145.43383133807296
22954447010497,53,2007,2017,10,wc,hg_conus_sp,125.46894836425781,185.7557830810547,11.128413200378418,2540.907470703125,12700.4931640625,145.43383133807296
22954447010497,53,2007,2017,10,wc,hg_conus_clim,125.4690170288086,185.7557830810547,11.128416061401367,2546.23193359375,12628.107421875,145.43383133807296
41119523010497,41,2004,2014,10,wc,default,141.8319091796875,187.3448944091797,11.781546592712402,3572.794189453125,18698.3984375,127.60611481805293
41119523010497,41,2004,2014,10,wc,calibrated,140.7694091796875,185.0442352294922,11.810076713562012,3554.43408203125,18609.447265625,127.60611481805293
41119523010497,41,2004,2014,10,wc,hg_bayes,142.28732299804688,187.3719024658203,11.799595832824707,3783.106689453125,20179.6484375,127.60611481805293
41119523010497,41,2004,2014,10,wc,hg_organon,142.28732299804688,187.3719024658203,11.799595832824707,3783.106689453125,20179.6484375,127.60611481805293
41119523010497,41,2004,2014,10,wc,hg_conus_sp,141.96340942382812,187.35430908203125,11.78670883178711,3673.025634765625,19354.306640625,127.60611481805293
41119523010497,41,2004,2014,10,wc,hg_conus_clim,142.01063537597656,187.3526153564453,11.788724899291992,3682.627197265625,19436.8359375,127.60611481805293
22826974010497,53,2008,2017,9,wc,default,196.80442810058594,161.28158569335938,14.957578659057617,5855.02294921875,31083.36328125,187.04224013549612
22826974010497,53,2008,2017,9,wc,calibrated,195.4940643310547,159.0392608642578,15.012425422668457,5816.86865234375,30885.302734375,187.04224013549612
22826974010497,53,2008,2017,9,wc,hg_bayes,196.80442810058594,161.28158569335938,14.957578659057617,6390.95361328125,34744.421875,187.04224013549612
22826974010497,53,2008,2017,9,wc,hg_organon,196.80442810058594,161.28158569335938,14.957578659057617,6390.95361328125,34744.421875,187.04224013549612
22826974010497,53,2008,2017,9,wc,hg_conus_sp,196.80442810058594,161.28158569335938,14.957578659057617,6140.4853515625,33061.04296875,187.04224013549612
22826974010497,53,2008,2017,9,wc,hg_conus_clim,196.80442810058594,161.28158569335938,14.957578659057617,6144.216796875,33089.9453125,187.04224013549612
