PLOT,STATE,MEASYEAR1,MEASYEAR2,PERIOD_YR,variant,config,BA_PRED,TPA_PRED,QMD_PRED,MCuFt_PRED,BdFt_PRED,BA_OBS
29395410010497,41,2008,2018,10,pn,default,245.64517211914062,139.65371704101562,17.9582576751709,8547.48046875,49994.921875,264.84757851880437
29395410010497,41,2008,2018,10,pn,calibrated,245.1945037841797,139.55616760253906,17.94804573059082,8529.974609375,49893.07421875,264.84757851880437
29395410010497,41,2008,2018,10,pn,hg_bayes,245.64517211914062,139.65371704101562,17.9582576751709,9512.5185546875,56514.125,264.84757851880437
29395410010497,41,2008,2018,10,pn,hg_organon,245.64517211914062,139.65371704101562,17.9582576751709,9512.5185546875,56514.125,264.84757851880437
29395410010497,41,2008,2018,10,pn,hg_conus_sp,245.64517211914062,139.65371704101562,17.9582576751709,9025.4306640625,53414.46484375,264.84757851880437
29395410010497,41,2008,2018,10,pn,hg_conus_clim,245.64517211914062,139.65371704101562,17.9582576751709,9023.6181640625,53351.875,264.84757851880437
41118547010497,41,2002,2012,10,pn,default,118.44013977050781,94.60939025878906,15.150213241577148,4368.619140625,24512.791015625,89.71130680017055
41118547010497,41,2002,2012,10,pn,calibrated,117.93511962890625,94.08208465576172,15.160181999206543,4350.75927734375,24413.666015625,89.71130680017055
41118547010497,41,2002,2012,10,pn,hg_bayes,118.51608276367188,94.60926818847656,15.155077934265137,4830.0927734375,27449.916015625,89.71130680017055
41118547010497,41,2002,2012,10,pn,hg_organon,118.51608276367188,94.60926818847656,15.155077934265137,4830.0927734375,27449.916015625,89.71130680017055
41118547010497,41,2002,2012,10,pn,hg_conus_sp,118.44004821777344,94.60938262939453,15.150205612182617,4303.22216796875,24044.728515625,89.71130680017055
41118547010497,41,2002,2012,10,pn,hg_conus_clim,118.46012878417969,94.6093521118164,15.151491165161133,4366.92138671875,24507.048828125,89.71130680017055
22828631010497,41,2007,2017,10,pn,default,90.50405883789062,96.1875,13.134424209594727,3175.98974609375,17822.537109375,99.88232297563574
22828631010497,41,2007,2017,10,pn,calibrated,89.46419525146484,94.18424224853516,13.196895599365234,3143.376953125,17662.005859375,99.88232297563574
22828631010497,41,2007,2017,10,pn,hg_bayes,90.52008056640625,96.18833923339844,13.135528564453125,3401.337158203125,19177.3046875,99.88232297563574
22828631010497,41,2007,2017,10,pn,hg_organon,90.52008056640625,96.18833923339844,13.135528564453125,3401.337158203125,19177.3046875,99.88232297563574
22828631010497,41,2007,2017,10,pn,hg_conus_sp,90.5206298828125,96.18833923339844,13.135568618774414,3175.01416015625,17766.078125,99.88232297563574
22828631010497,41,2007,2017,10,pn,hg_conus_clim,90.52066040039062,96.18833923339844,13.13556957244873,3184.46484375,17860.982421875,99.88232297563574
41119734010497,41,2005,2015,10,pn,default,69.55070495605469,172.12417602539062,8.607282638549805,2378.062255859375,12054.328125,80.15024780744254
41119734010497,41,2005,2015,10,pn,calibrated,65.38691711425781,160.68104553222656,8.637724876403809,2239.337890625,11336.8115234375,80.15024780744254
41119734010497,41,2005,2015,10,pn,hg_bayes,69.55070495605469,172.12417602539062,8.607282638549805,2543.1630859375,13065.453125,80.15024780744254
41119734010497,41,2005,2015,10,pn,hg_organon,69.55070495605469,172.12417602539062,8.607282638549805,2543.1630859375,13065.453125,80.15024780744254
41119734010497,41,2005,2015,10,pn,hg_conus_sp,69.55070495605469,172.12417602539062,8.607282638549805,2378.062255859375,12054.328125,80.15024780744254
41119734010497,41,2005,2015,10,pn,hg_conus_clim,69.55070495605469,172.12417602539062,8.607282638549805,2378.062255859375,12054.328125,80.15024780744254
40220449010497,53,2010,2021,11,pn,default,262.9162902832031,106.50464630126953,21.274572372436523,5498.89208984375,28231.69140625,216.95361285693042
40220449010497,53,2010,2021,11,pn,calibrated,262.02349853515625,106.04127502441406,21.28476905822754,5480.97265625,28141.763671875,216.95361285693042
40220449010497,53,2010,2021,11,pn,hg_bayes,262.9162902832031,106.50464630126953,21.274572372436523,6919.96826171875,38083.49609375,216.95361285693042
40220449010497,53,2010,2021,11,pn,hg_organon,262.9162902832031,106.50464630126953,21.274572372436523,6919.96826171875,38083.49609375,216.95361285693042
40220449010497,53,2010,2021,11,pn,hg_conus_sp,262.9162902832031,106.50464630126953,21.274572372436523,6189.97509765625,33367.9453125,216.95361285693042
40220449010497,53,2010,2021,11,pn,hg_conus_clim,262.9162902832031,106.50464630126953,21.274572372436523,6094.96337890625,32757.833984375,216.95361285693042
48206131010497,41,2011,2022,11,pn,default,47.89488220214844,47.552181243896484,13.589253425598145,962.5847778320312,4390.12646484375,40.47086190108595
48206131010497,41,2011,2022,11,pn,calibrated,47.91424560546875,47.57364273071289,13.588934898376465,963.0035400390625,4392.0498046875,40.47086190108595
48206131010497,41,2011,2022,11,pn,hg_bayes,47.89488220214844,47.552181243896484,13.589253425598145,1027.9638671875,4721.11572265625,40.47086190108595
48206131010497,41,2011,2022,11,pn,hg_organon,47.89488220214844,47.552181243896484,13.589253425598145,1027.9638671875,4721.11572265625,40.47086190108595
48206131010497,41,2011,2022,11,pn,hg_conus_sp,47.89488220214844,47.552181243896484,13.589253425598145,1010.6636962890625,4604.0810546875,40.47086190108595
48206131010497,41,2011,2022,11,pn,hg_conus_clim,47.89488220214844,47.552181243896484,13.589253425598145,1010.39599609375,4600.06591796875,40.47086190108595
22399222010497,53,2006,2016,10,pn,default,112.1015625,181.52194213867188,10.640877723693848,4640.123046875,24949.541015625,
22399222010497,53,2006,2016,10,pn,calibrated,108.46034240722656,174.6168212890625,10.671578407287598,4487.8193359375,24153.80859375,
22399222010497,53,2006,2016,10,pn,hg_bayes,112.2601318359375,181.54129028320312,10.647833824157715,4977.16748046875,26893.326171875,
22399222010497,53,2006,2016,10,pn,hg_organon,112.2601318359375,181.54129028320312,10.647833824157715,4977.16748046875,26893.326171875,
22399222010497,53,2006,2016,10,pn,hg_conus_sp,112.1015625,181.52194213867188,10.640877723693848,4679.06787109375,25193.73828125,
22399222010497,53,2006,2016,10,pn,hg_conus_clim,112.1015625,181.52194213867188,10.640877723693848,4659.18896484375,25068.701171875,
22932014010497,41,2008,2018,10,pn,default,130.08251953125,101.55139923095703,15.325085639953613,2952.150146484375,15135.8427734375,121.66991689085805
22932014010497,41,2008,2018,10,pn,calibrated,129.35760498046875,100.82251739501953,15.33746337890625,2936.7197265625,15059.619140625,121.66991689085805
22932014010497,41,2008,2018,10,pn,hg_bayes,130.0821075439453,101.55144500732422,15.325057983398438,3202.311767578125,16515.259765625,121.66991689085805
22932014010497,41,2008,2018,10,pn,hg_organon,130.0821075439453,101.55144500732422,15.325057983398438,3202.311767578125,16515.259765625,121.66991689085805
22932014010497,41,2008,2018,10,pn,hg_conus_sp,130.0824737548828,101.55139923095703,15.32508373260498,2847.663818359375,14361.3837890625,121.66991689085805
22932014010497,41,2008,2018,10,pn,hg_conus_clim,130.0823974609375,101.55144500732422,15.32507610321045,2869.91845703125,14546.146484375,121.66991689085805
22399107010497,53,2006,2016,10,pn,default,142.6730499267578,215.4288787841797,11.019329071044922,5827.5546875,32493.34765625,122.95832560851363
22399107010497,53,2006,2016,10,pn,calibrated,138.08200073242188,205.8102264404297,11.09101676940918,5647.35888671875,31522.658203125,122.95832560851363
22399107010497,53,2006,2016,10,pn,hg_bayes,142.68748474121094,215.42881774902344,11.019890785217285,6119.11669921875,34300.8359375,122.95832560851363
22399107010497,53,2006,2016,10,pn,hg_organon,142.68748474121094,215.42881774902344,11.019890785217285,6119.11669921875,34300.8359375,122.95832560851363
22399107010497,53,2006,2016,10,pn,hg_conus_sp,142.67300415039062,215.4288787841797,11.019327163696289,5839.94091796875,32641.3515625,122.95832560851363
22399107010497,53,2006,2016,10,pn,hg_conus_clim,142.6730499267578,215.4288787841797,11.019329071044922,5902.7197265625,32977.82421875,122.95832560851363
8623431010901,53,2006,2016,10,pn,default,112.33052825927734,265.8706359863281,8.801365852355957,1975.936767578125,9696.0791015625,
8623431010901,53,2006,2016,10,pn,calibrated,111.73941040039062,264.24420166015625,8.80514907836914,1964.6072998046875,9637.193359375,
8623431010901,53,2006,2016,10,pn,hg_bayes,112.33052825927734,265.8706359863281,8.801365852355957,2410.136474609375,12459.15625,
8623431010901,53,2006,2016,10,pn,hg_organon,112.33052825927734,265.8706359863281,8.801365852355957,2410.136474609375,12459.15625,
8623431010901,53,2006,2016,10,pn,hg_conus_sp,112.33052825927734,265.8706359863281,8.801365852355957,2194.725341796875,11136.4638671875,
8623431010901,53,2006,2016,10,pn,hg_conus_clim,112.33052825927734,265.8706359863281,8.801365852355957,2127.4658203125,10698.640625,
41118789010497,41,2002,2012,10,pn,default,94.5971450805664,72.43675231933594,15.47375774383545,2959.249267578125,15830.0673828125,70.69893217743387
41118789010497,41,2002,2012,10,pn,calibrated,94.66168212890625,72.50065612792969,15.472212791442871,2961.325439453125,15840.8798828125,70.69893217743387
41118789010497,41,2002,2012,10,pn,hg_bayes,94.65084838867188,72.43919372558594,15.477892875671387,3144.326904296875,16920.4453125,70.69893217743387
41118789010497,41,2002,2012,10,pn,hg_organon,94.65084838867188,72.43919372558594,15.477892875671387,3144.326904296875,16920.4453125,70.69893217743387
41118789010497,41,2002,2012,10,pn,hg_conus_sp,94.63163757324219,72.43928527832031,15.476309776306152,3092.428955078125,16582.251953125,70.69893217743387
41118789010497,41,2002,2012,10,pn,hg_conus_clim,94.63163757324219,72.43928527832031,15.476309776306152,3085.248779296875,16542.76953125,70.69893217743387
41118390010497,41,2001,2011,10,pn,default,153.53311157226562,98.51725769042969,16.90367889404297,5371.11962890625,30774.873046875,
41118390010497,41,2001,2011,10,pn,calibrated,152.37210083007812,96.81688690185547,16.98687171936035,5342.54833984375,30635.916015625,
41118390010497,41,2001,2011,10,pn,hg_bayes,153.50048828125,98.51801300048828,16.901811599731445,5329.439453125,30404.990234375,
41118390010497,41,2001,2011,10,pn,hg_organon,153.50048828125,98.51801300048828,16.901811599731445,5329.439453125,30404.990234375,
41118390010497,41,2001,2011,10,pn,hg_conus_sp,153.50062561035156,98.51802062988281,16.901819229125977,5051.47412109375,28631.212890625,
41118390010497,41,2001,2011,10,pn,hg_conus_clim,153.5006103515625,98.51802062988281,16.901819229125977,5032.4423828125,28525.802734375,
41119464010497,41,2004,2014,10,pn,default,474.8283386230469,100.08389282226562,29.493236541748047,20114.1484375,139045.96875,466.1534451091422
41119464010497,41,2004,2014,10,pn,calibrated,473.43017578125,100.39186096191406,29.40457534790039,20049.9609375,138609.703125,466.1534451091422
41119464010497,41,2004,2014,10,pn,hg_bayes,474.8283386230469,100.08389282226562,29.493236541748047,21639.328125,150832.296875,466.1534451091422
41119464010497,41,2004,2014,10,pn,hg_organon,474.8283386230469,100.08389282226562,29.493236541748047,21639.328125,150832.296875,466.1534451091422
41119464010497,41,2004,2014,10,pn,hg_conus_sp,474.8283386230469,100.08389282226562,29.493236541748047,20492.853515625,142070.3125,466.1534451091422
41119464010497,41,2004,2014,10,pn,hg_conus_clim,474.8283386230469,100.08389282226562,29.493236541748047,20612.98828125,143043.765625,466.1534451091422
24919128010900,41,2004,2014,10,pn,default,186.52813720703125,245.4983673095703,11.802774429321289,4263.9658203125,20830.8359375,110.67956975568316
24919128010900,41,2004,2014,10,pn,calibrated,185.58074951171875,243.7035369873047,11.81603717803955,4244.4951171875,20729.32421875,110.67956975568316
24919128010900,41,2004,2014,10,pn,hg_bayes,186.58299255371094,245.4971923828125,11.804535865783691,4911.89501953125,24791.232421875,110.67956975568316
24919128010900,41,2004,2014,10,pn,hg_organon,186.58299255371094,245.4971923828125,11.804535865783691,4911.89501953125,24791.232421875,110.67956975568316
24919128010900,41,2004,2014,10,pn,hg_conus_sp,186.58299255371094,245.4971923828125,11.804535865783691,4376.6943359375,21488.98828125,110.67956975568316
24919128010900,41,2004,2014,10,pn,hg_conus_clim,186.58299255371094,245.4971923828125,11.804535865783691,4282.439453125,21073.833984375,110.67956975568316
8616160010901,53,2006,2016,10,pn,default,75.09001922607422,32.500362396240234,20.581798553466797,2655.875,16543.23828125,83.6310562357862
8616160010901,53,2006,2016,10,pn,calibrated,74.98199462890625,32.50469207763672,20.56562042236328,2652.428466796875,16520.9296875,83.6310562357862
8616160010901,53,2006,2016,10,pn,hg_bayes,75.08973693847656,32.500362396240234,20.58176040649414,2945.0986328125,18705.03515625,83.6310562357862
8616160010901,53,2006,2016,10,pn,hg_organon,75.08973693847656,32.500362396240234,20.58176040649414,2945.0986328125,18705.03515625,83.6310562357862
8616160010901,53,2006,2016,10,pn,hg_conus_sp,75.08993530273438,32.500362396240234,20.581787109375,2831.062255859375,17887.7109375,83.6310562357862
8616160010901,53,2006,2016,10,pn,hg_conus_clim,75.09003448486328,32.500362396240234,20.58180046081543,2849.72021484375,18057.583984375,83.6310562357862
29881615010497,41,2009,2019,10,pn,default,51.647212982177734,54.56463623046875,13.173589706420898,1389.8426513671875,7311.04443359375,41.52807651258089
29881615010497,41,2009,2019,10,pn,calibrated,51.692501068115234,54.62194061279297,13.172449111938477,1390.970458984375,7316.9921875,41.52807651258089
29881615010497,41,2009,2019,10,pn,hg_bayes,51.656944274902344,54.56541442871094,13.174736022949219,1536.199951171875,8133.12158203125,41.52807651258089
29881615010497,41,2009,2019,10,pn,hg_organon,51.656944274902344,54.56541442871094,13.174736022949219,1536.199951171875,8133.12158203125,41.52807651258089
29881615010497,41,2009,2019,10,pn,hg_conus_sp,51.656944274902344,54.56541442871094,13.174736022949219,1489.9930419921875,7873.6875,41.52807651258089
29881615010497,41,2009,2019,10,pn,hg_conus_clim,51.656944274902344,54.56541442871094,13.174736022949219,1488.3917236328125,7851.06298828125,41.52807651258089
29882157010497,41,2009,2019,10,pn,default,231.78321838378906,89.67088317871094,21.769655227661133,9535.138671875,57023.2890625,
29882157010497,41,2009,2019,10,pn,calibrated,230.9651336669922,89.29624938964844,21.776742935180664,9499.80078125,56814.13671875,
29882157010497,41,2009,2019,10,pn,hg_bayes,231.78321838378906,89.67088317871094,21.769655227661133,9654.259765625,57884.96875,
29882157010497,41,2009,2019,10,pn,hg_organon,231.78321838378906,89.67088317871094,21.769655227661133,9654.259765625,57884.96875,
29882157010497,41,2009,2019,10,pn,hg_conus_sp,231.78321838378906,89.67088317871094,21.769655227661133,9210.0615234375,54774.078125,
29882157010497,41,2009,2019,10,pn,hg_conus_clim,231.78321838378906,89.67088317871094,21.769655227661133,9259.669921875,55016.19921875,
24198975010900,53,2002,2012,10,pn,default,134.16673278808594,165.94918823242188,12.175060272216797,3413.502685546875,16917.400390625,176.31169304170916
24198975010900,53,2002,2012,10,pn,calibrated,133.3204803466797,164.00244140625,12.208425521850586,3390.3154296875,16802.990234375,176.31169304170916
24198975010900,53,2002,2012,10,pn,hg_bayes,134.5648193359375,165.94850158691406,12.193136215209961,4393.9052734375,23116.427734375,176.31169304170916
24198975010900,53,2002,2012,10,pn,hg_organon,134.5648193359375,165.94850158691406,12.193136215209961,4393.9052734375,23116.427734375,176.31169304170916
24198975010900,53,2002,2012,10,pn,hg_conus_sp,134.55941772460938,165.94850158691406,12.192889213562012,4025.787841796875,20789.462890625,176.31169304170916
24198975010900,53,2002,2012,10,pn,hg_conus_clim,134.5653839111328,165.94850158691406,12.193161010742188,3925.267822265625,20156.28515625,176.31169304170916
40220716010497,53,2010,2022,12,pn,default,64.6053237915039,23.784727096557617,22.316255569458008,1939.2418212890625,11090.001953125,42.36254229454599
40220716010497,53,2010,2022,12,pn,calibrated,64.43141174316406,23.73397445678711,22.310014724731445,1933.7584228515625,11057.7109375,42.36254229454599
40220716010497,53,2010,2022,12,pn,hg_bayes,64.6053237915039,23.784727096557617,22.316255569458008,2320.763427734375,14010.3193359375,42.36254229454599
40220716010497,53,2010,2022,12,pn,hg_organon,64.6053237915039,23.784727096557617,22.316255569458008,2320.763427734375,14010.3193359375,42.36254229454599
40220716010497,53,2010,2022,12,pn,hg_conus_sp,64.6053237915039,23.784727096557617,22.316255569458008,2224.7177734375,13392.0654296875,42.36254229454599
40220716010497,53,2010,2022,12,pn,hg_conus_clim,64.6053237915039,23.784727096557617,22.316255569458008,2235.2646484375,13445.28515625,42.36254229454599
29882838010497,53,2009,2019,10,pn,default,206.85227966308594,333.65277099609375,10.661517143249512,6985.7802734375,37897.29296875,5.008684360347493
29882838010497,53,2009,2019,10,pn,calibrated,198.983154296875,320.09967041015625,10.675835609436035,6721.57861328125,36469.8671875,5.008684360347493
29882838010497,53,2009,2019,10,pn,hg_bayes,207.0877227783203,333.65277099609375,10.667585372924805,7619.537109375,41878.4921875,5.008684360347493
29882838010497,53,2009,2019,10,pn,hg_organon,207.0877227783203,333.65277099609375,10.667585372924805,7619.537109375,41878.4921875,5.008684360347493
29882838010497,53,2009,2019,10,pn,hg_conus_sp,206.91632080078125,333.65277099609375,10.663169860839844,7280.9189453125,39861.62890625,5.008684360347493
29882838010497,53,2009,2019,10,pn,hg_conus_clim,206.990234375,333.65277099609375,10.665075302124023,7445.8759765625,40852.71484375,5.008684360347493
22954073010497,41,2007,2017,10,pn,default,323.8268737792969,84.72589111328125,26.471866607666016,14365.796875,94071.4609375,297.0979767566353
22954073010497,41,2007,2017,10,pn,calibrated,322.86895751953125,84.41160583496094,26.48185157775879,14325.505859375,93815.953125,297.0979767566353
22954073010497,41,2007,2017,10,pn,hg_bayes,323.8268737792969,84.72589111328125,26.471866607666016,15071.5888671875,99228.4453125,297.0979767566353
22954073010497,41,2007,2017,10,pn,hg_organon,323.8268737792969,84.72589111328125,26.471866607666016,15071.5888671875,99228.4453125,297.0979767566353
22954073010497,41,2007,2017,10,pn,hg_conus_sp,323.8268737792969,84.72589111328125,26.471866607666016,14287.15625,93485.0390625,297.0979767566353
22954073010497,41,2007,2017,10,pn,hg_conus_clim,323.8268737792969,84.72589111328125,26.471866607666016,14408.1806640625,94318.296875,297.0979767566353
24918381010900,41,2004,2014,10,pn,default,268.7686462402344,164.32521057128906,17.317035675048828,8206.7421875,51511.2421875,259.16056564623614
24918381010900,41,2004,2014,10,pn,calibrated,268.7557067871094,164.5565185546875,17.3044376373291,8199.9619140625,51455.6484375,259.16056564623614
24918381010900,41,2004,2014,10,pn,hg_bayes,268.7686462402344,164.32521057128906,17.317035675048828,9153.755859375,58195.91015625,259.16056564623614
24918381010900,41,2004,2014,10,pn,hg_organon,268.7686462402344,164.32521057128906,17.317035675048828,9153.755859375,58195.91015625,259.16056564623614
24918381010900,41,2004,2014,10,pn,hg_conus_sp,268.7686462402344,164.32521057128906,17.317035675048828,8477.548828125,53328.859375,259.16056564623614
24918381010900,41,2004,2014,10,pn,hg_conus_clim,268.7686462402344,164.32521057128906,17.317035675048828,8560.4189453125,54050.05859375,259.16056564623614
40403349010497,41,2010,2020,10,pn,default,31.494976043701172,23.673364639282227,15.61805248260498,931.9711303710938,5075.29296875,29.22958360369663
40403349010497,41,2010,2020,10,pn,calibrated,31.509607315063477,23.683246612548828,15.618422508239746,932.4411010742188,5077.822265625,29.22958360369663
40403349010497,41,2010,2020,10,pn,hg_bayes,31.496509552001953,23.673540115356445,15.618377685546875,1028.0325927734375,5582.923828125,29.22958360369663
40403349010497,41,2010,2020,10,pn,hg_organon,31.496509552001953,23.673540115356445,15.618377685546875,1028.0325927734375,5582.923828125,29.22958360369663
40403349010497,41,2010,2020,10,pn,hg_conus_sp,31.496509552001953,23.673540115356445,15.618377685546875,1013.5975341796875,5484.67626953125,29.22958360369663
40403349010497,41,2010,2020,10,pn,hg_conus_clim,31.496509552001953,23.673540115356445,15.618377685546875,1013.5975341796875,5484.67626953125,29.22958360369663
22931053010497,53,2008,2019,11,pn,default,237.41915893554688,215.46812438964844,14.213554382324219,8358.349609375,46323.34375,131.15895019576425
22931053010497,53,2008,2019,11,pn,calibrated,234.62789916992188,210.36883544921875,14.299980163574219,8276.6376953125,45883.09375,131.15895019576425
22931053010497,53,2008,2019,11,pn,hg_bayes,237.41859436035156,215.46817016601562,14.21353816986084,8637.0927734375,47952.58984375,131.15895019576425
22931053010497,53,2008,2019,11,pn,hg_organon,237.41859436035156,215.46817016601562,14.21353816986084,8637.0927734375,47952.58984375,131.15895019576425
22931053010497,53,2008,2019,11,pn,hg_conus_sp,237.41921997070312,215.46812438964844,14.213556289672852,7899.1240234375,43393.1171875,131.15895019576425
22931053010497,53,2008,2019,11,pn,hg_conus_clim,237.41896057128906,215.4681396484375,14.213547706604004,8031.7109375,44207.07421875,131.15895019576425
41119346010497,41,2003,2013,10,pn,default,241.371337890625,206.54026794433594,14.63783073425293,10100.123046875,60911.875,230.2993488197137
41119346010497,41,2003,2013,10,pn,calibrated,241.48394775390625,206.5594940185547,14.640565872192383,10105.193359375,60946.28515625,230.2993488197137
41119346010497,41,2003,2013,10,pn,hg_bayes,241.36985778808594,206.54026794433594,14.637787818908691,11328.6376953125,68842.484375,230.2993488197137
41119346010497,41,2003,2013,10,pn,hg_organon,241.36985778808594,206.54026794433594,14.637787818908691,11328.6376953125,68842.484375,230.2993488197137
41119346010497,41,2003,2013,10,pn,hg_conus_sp,241.37144470214844,206.54026794433594,14.637835502624512,10227.3173828125,61990.9375,230.2993488197137
41119346010497,41,2003,2013,10,pn,hg_conus_clim,241.37001037597656,206.54026794433594,14.637794494628906,11186.259765625,67957.3359375,230.2993488197137
30826404020004,41,2002,2012,10,pn,default,58.33821487426758,44.0279655456543,15.58650016784668,1523.462890625,9197.578125,97.34828785088769
30826404020004,41,2002,2012,10,pn,calibrated,58.26417541503906,44.070228576660156,15.569132804870605,1520.7335205078125,9179.47265625,97.34828785088769
30826404020004,41,2002,2012,10,pn,hg_bayes,58.329742431640625,44.00916290283203,15.58869743347168,1675.65966796875,10331.2607421875,97.34828785088769
30826404020004,41,2002,2012,10,pn,hg_organon,58.329742431640625,44.00916290283203,15.58869743347168,1675.65966796875,10331.2607421875,97.34828785088769
30826404020004,41,2002,2012,10,pn,hg_conus_sp,58.3347053527832,44.020206451416016,15.587407112121582,1597.7196044921875,9792.8662109375,97.34828785088769
30826404020004,41,2002,2012,10,pn,hg_conus_clim,58.333988189697266,44.018611907958984,15.587592124938965,1618.5032958984375,9937.3544921875,97.34828785088769
22398703010497,53,2004,2014,10,pn,default,231.79714965820312,394.3774108886719,10.380888938903809,7327.8564453125,45941.5,335.3705939733375
22398703010497,53,2004,2014,10,pn,calibrated,231.4273681640625,393.34356689453125,10.386223793029785,7318.3369140625,45894.05078125,335.3705939733375
22398703010497,53,2004,2014,10,pn,hg_bayes,231.79714965820312,394.3774108886719,10.380888938903809,8465.62109375,53072.2421875,335.3705939733375
22398703010497,53,2004,2014,10,pn,hg_organon,231.79714965820312,394.3774108886719,10.380888938903809,8465.62109375,53072.2421875,335.3705939733375
22398703010497,53,2004,2014,10,pn,hg_conus_sp,231.79714965820312,394.3774108886719,10.380888938903809,7459.40380859375,47022.4375,335.3705939733375
22398703010497,53,2004,2014,10,pn,hg_conus_clim,231.79714965820312,394.3774108886719,10.380888938903809,7512.81689453125,47454.8125,335.3705939733375
8628826010901,53,2006,2016,10,pn,default,226.60536193847656,202.04112243652344,14.340076446533203,7219.595703125,39127.2421875,206.0522259870247
8628826010901,53,2006,2016,10,pn,calibrated,226.32994079589844,202.85284423828125,14.302652359008789,7194.919921875,38989.50390625,206.0522259870247
8628826010901,53,2006,2016,10,pn,hg_bayes,226.60508728027344,202.0411376953125,14.340067863464355,7138.54736328125,38567.31640625,206.0522259870247
8628826010901,53,2006,2016,10,pn,hg_organon,226.60508728027344,202.0411376953125,14.340067863464355,7138.54736328125,38567.31640625,206.0522259870247
8628826010901,53,2006,2016,10,pn,hg_conus_sp,226.4629669189453,202.04861450195312,14.335308074951172,6804.275390625,36469.453125,206.0522259870247
8628826010901,53,2006,2016,10,pn,hg_conus_clim,226.6051483154297,202.0411376953125,14.340069770812988,6742.2236328125,36132.953125,206.0522259870247
41118932010497,41,2002,2012,10,pn,default,129.09939575195312,30.359207153320312,27.92242431640625,5706.38671875,39100.49609375,118.83679579238118
41118932010497,41,2002,2012,10,pn,calibrated,128.7012939453125,30.12293815612793,27.988462448120117,5688.40478515625,38984.6796875,118.83679579238118
41118932010497,41,2002,2012,10,pn,hg_bayes,129.09939575195312,30.359207153320312,27.92242431640625,5856.2509765625,40499.24609375,118.83679579238118
41118932010497,41,2002,2012,10,pn,hg_organon,129.09939575195312,30.359207153320312,27.92242431640625,5856.2509765625,40499.24609375,118.83679579238118
41118932010497,41,2002,2012,10,pn,hg_conus_sp,129.09939575195312,30.359207153320312,27.92242431640625,5642.81884765625,38875.19921875,118.83679579238118
41118932010497,41,2002,2012,10,pn,hg_conus_clim,129.09939575195312,30.359207153320312,27.92242431640625,5812.67333984375,40060.20703125,118.83679579238118
41120289010497,41,2005,2015,10,pn,default,43.98190689086914,47.41202163696289,13.041545867919922,811.2055053710938,3804.25537109375,39.11853989496688
41120289010497,41,2005,2015,10,pn,calibrated,44.0023193359375,47.434051513671875,13.041543006896973,811.6105346679688,3806.12109375,39.11853989496688
41120289010497,41,2005,2015,10,pn,hg_bayes,44.113563537597656,47.42002487182617,13.059951782226562,981.7403564453125,4788.599609375,39.11853989496688
41120289010497,41,2005,2015,10,pn,hg_organon,44.113563537597656,47.42002487182617,13.059951782226562,981.7403564453125,4788.599609375,39.11853989496688
41120289010497,41,2005,2015,10,pn,hg_conus_sp,44.113563537597656,47.42002487182617,13.059951782226562,955.5885620117188,4723.27294921875,39.11853989496688
41120289010497,41,2005,2015,10,pn,hg_conus_clim,44.113563537597656,47.42002487182617,13.059951782226562,955.5087280273438,4722.47509765625,39.11853989496688
29881739010497,41,2009,2019,10,pn,default,174.2692108154297,114.54725646972656,16.701457977294922,6859.4013671875,38712.63671875,127.43698330042025
29881739010497,41,2009,2019,10,pn,calibrated,172.51333618164062,112.68399810791016,16.753921508789062,6793.48486328125,38373.8515625,127.43698330042025
29881739010497,41,2009,2019,10,pn,hg_bayes,174.2692108154297,114.54725646972656,16.701457977294922,6342.9228515625,35487.0703125,127.43698330042025
29881739010497,41,2009,2019,10,pn,hg_organon,174.2692108154297,114.54725646972656,16.701457977294922,6342.9228515625,35487.0703125,127.43698330042025
29881739010497,41,2009,2019,10,pn,hg_conus_sp,174.2692108154297,114.54725646972656,16.701457977294922,6121.205078125,34092.3984375,127.43698330042025
29881739010497,41,2009,2019,10,pn,hg_conus_clim,174.2692108154297,114.54725646972656,16.701457977294922,6775.31591796875,38205.9296875,127.43698330042025
8664565010901,41,2006,2016,10,pn,default,32.23019790649414,35.7485466003418,12.85696792602539,293.4434814453125,895.0546875,123.42024276398895
8664565010901,41,2006,2016,10,pn,calibrated,32.14961624145508,35.65301513671875,12.858078956604004,292.6592712402344,892.6621704101562,123.42024276398895
8664565010901,41,2006,2016,10,pn,hg_bayes,32.23019790649414,35.7485466003418,12.85696792602539,513.569580078125,2146.343017578125,123.42024276398895
8664565010901,41,2006,2016,10,pn,hg_organon,32.23019790649414,35.7485466003418,12.85696792602539,513.569580078125,2146.343017578125,123.42024276398895
8664565010901,41,2006,2016,10,pn,hg_conus_sp,32.23019790649414,35.7485466003418,12.85696792602539,427.9845886230469,1485.1282958984375,123.42024276398895
8664565010901,41,2006,2016,10,pn,hg_conus_clim,32.23019790649414,35.7485466003418,12.85696792602539,439.1053466796875,1577.046875,123.42024276398895
22398462010497,53,2003,2013,10,pn,default,329.5609130859375,422.2209777832031,11.962841033935547,13740.658203125,75921.203125,308.97394419777675
22398462010497,53,2003,2013,10,pn,calibrated,325.8013916015625,414.2147521972656,12.008811950683594,13603.23046875,75178.703125,308.97394419777675
22398462010497,53,2003,2013,10,pn,hg_bayes,329.5609130859375,422.2209777832031,11.962841033935547,14157.1279296875,78453.9140625,308.97394419777675
22398462010497,53,2003,2013,10,pn,hg_organon,329.5609130859375,422.2209777832031,11.962841033935547,14157.1279296875,78453.9140625,308.97394419777675
22398462010497,53,2003,2013,10,pn,hg_conus_sp,329.5609130859375,422.2209777832031,11.962841033935547,13297.46875,72595.8515625,308.97394419777675
22398462010497,53,2003,2013,10,pn,hg_conus_clim,329.5609130859375,422.2209777832031,11.962841033935547,13367.720703125,73216.84375,308.97394419777675
22954586010497,53,2007,2017,10,pn,default,265.4450988769531,73.10271453857422,25.80220603942871,9475.7919921875,61962.6171875,261.70955767328195
22954586010497,53,2007,2017,10,pn,calibrated,266.5587463378906,73.38951110839844,25.80569839477539,9507.6142578125,62176.46484375,261.70955767328195
22954586010497,53,2007,2017,10,pn,hg_bayes,265.4450988769531,73.10271453857422,25.80220603942871,10035.7275390625,65900.0390625,261.70955767328195
22954586010497,53,2007,2017,10,pn,hg_organon,265.4450988769531,73.10271453857422,25.80220603942871,10035.7275390625,65900.0390625,261.70955767328195
22954586010497,53,2007,2017,10,pn,hg_conus_sp,265.4450988769531,73.10271453857422,25.80220603942871,9593.78515625,62857.1171875,261.70955767328195
22954586010497,53,2007,2017,10,pn,hg_conus_clim,265.4450988769531,73.10271453857422,25.80220603942871,9699.859375,63657.85546875,261.70955767328195
12977190010497,53,2005,2015,10,pn,default,234.98233032226562,191.90765380859375,14.983309745788574,6613.599609375,33810.63671875,205.53948735673538
12977190010497,53,2005,2015,10,pn,calibrated,233.89608764648438,190.3934783935547,15.007963180541992,6587.580078125,33683.06640625,205.53948735673538
12977190010497,53,2005,2015,10,pn,hg_bayes,234.98233032226562,191.90765380859375,14.983309745788574,7165.90966796875,37231.20703125,205.53948735673538
12977190010497,53,2005,2015,10,pn,hg_organon,234.98233032226562,191.90765380859375,14.983309745788574,7165.90966796875,37231.20703125,205.53948735673538
12977190010497,53,2005,2015,10,pn,hg_conus_sp,234.98233032226562,191.90765380859375,14.983309745788574,6430.6005859375,32692.251953125,205.53948735673538
12977190010497,53,2005,2015,10,pn,hg_conus_clim,234.98233032226562,191.90765380859375,14.983309745788574,6391.025390625,32374.62890625,205.53948735673538
22954707010497,53,2007,2018,11,pn,default,111.85175323486328,134.4731903076172,12.349226951599121,2614.46240234375,12923.1083984375,35.742630331404676
22954707010497,53,2007,2018,11,pn,calibrated,111.34385681152344,133.57655334472656,12.362444877624512,2603.418212890625,12867.732421875,35.742630331404676
22954707010497,53,2007,2018,11,pn,hg_bayes,111.96127319335938,134.4723358154297,12.355313301086426,2817.4482421875,14113.751953125,35.742630331404676
22954707010497,53,2007,2018,11,pn,hg_organon,111.96127319335938,134.4723358154297,12.355313301086426,2817.4482421875,14113.751953125,35.742630331404676
22954707010497,53,2007,2018,11,pn,hg_conus_sp,111.89678192138672,134.47279357910156,12.351733207702637,2606.123046875,12825.6298828125,35.742630331404676
22954707010497,53,2007,2018,11,pn,hg_conus_clim,111.89678192138672,134.47279357910156,12.351733207702637,2544.272705078125,12469.921875,35.742630331404676
41117752010497,41,2006,2016,10,pn,default,122.91001892089844,193.81564331054688,10.78289794921875,3767.415283203125,19261.451171875,112.88911915630686
41117752010497,41,2006,2016,10,pn,calibrated,121.47362518310547,189.77085876464844,10.833341598510742,3714.001708984375,18979.083984375,112.88911915630686
41117752010497,41,2006,2016,10,pn,hg_bayes,122.91001892089844,193.81564331054688,10.78289794921875,3943.7998046875,20178.310546875,112.88911915630686
41117752010497,41,2006,2016,10,pn,hg_organon,122.91001892089844,193.81564331054688,10.78289794921875,3943.7998046875,20178.310546875,112.88911915630686
41117752010497,41,2006,2016,10,pn,hg_conus_sp,122.91001892089844,193.81564331054688,10.78289794921875,3858.020751953125,19637.6875,112.88911915630686
41117752010497,41,2006,2016,10,pn,hg_conus_clim,122.91001892089844,193.81564331054688,10.78289794921875,3847.83740234375,19569.611328125,112.88911915630686
24474301010900,41,2003,2013,10,pn,default,272.2201843261719,47.50718688964844,32.412811279296875,10030.767578125,65881.046875,239.22676825659522
24474301010900,41,2003,2013,10,pn,calibrated,271.4725341796875,47.36292266845703,32.41753005981445,10002.9609375,65699.5078125,239.22676825659522
24474301010900,41,2003,2013,10,pn,hg_bayes,272.2201843261719,47.50718688964844,32.412811279296875,11067.08203125,73863.421875,239.22676825659522
24474301010900,41,2003,2013,10,pn,hg_organon,272.2201843261719,47.50718688964844,32.412811279296875,11067.08203125,73863.421875,239.22676825659522
24474301010900,41,2003,2013,10,pn,hg_conus_sp,272.2201843261719,47.50718688964844,32.412811279296875,10495.962890625,69259.6328125,239.22676825659522
24474301010900,41,2003,2013,10,pn,hg_conus_clim,272.2201843261719,47.50718688964844,32.412811279296875,10583.25,69994.875,239.22676825659522
22932612010497,41,2008,2018,10,pn,default,226.6240692138672,246.07858276367188,12.994287490844727,6038.50390625,33173.12109375,233.33414838466962
22932612010497,41,2008,2018,10,pn,calibrated,225.72703552246094,244.7345428466797,13.00410270690918,6011.43408203125,33032.5390625,233.33414838466962
22932612010497,41,2008,2018,10,pn,hg_bayes,226.6240692138672,246.07858276367188,12.994287490844727,7058.10205078125,40135.94921875,233.33414838466962
22932612010497,41,2008,2018,10,pn,hg_organon,226.6240692138672,246.07858276367188,12.994287490844727,7058.10205078125,40135.94921875,233.33414838466962
22932612010497,41,2008,2018,10,pn,hg_conus_sp,226.6240692138672,246.07858276367188,12.994287490844727,6511.71923828125,36701.109375,233.33414838466962
22932612010497,41,2008,2018,10,pn,hg_conus_clim,226.6240692138672,246.07858276367188,12.994287490844727,6487.587890625,36536.59765625,233.33414838466962
41119298010497,41,2003,2013,10,pn,default,150.7161865234375,97.28215789794922,16.853872299194336,3997.8857421875,21628.923828125,108.01926529166055
41119298010497,41,2003,2013,10,pn,calibrated,150.07977294921875,96.59737396240234,16.877758026123047,3984.486083984375,21563.943359375,108.01926529166055
41119298010497,41,2003,2013,10,pn,hg_bayes,150.71591186523438,97.28215026855469,16.853857040405273,4196.8525390625,22977.185546875,108.01926529166055
41119298010497,41,2003,2013,10,pn,hg_organon,150.71591186523438,97.28215026855469,16.853857040405273,4196.8525390625,22977.185546875,108.01926529166055
41119298010497,41,2003,2013,10,pn,hg_conus_sp,150.69386291503906,97.2822036743164,16.852617263793945,3808.599853515625,20308.859375,108.01926529166055
41119298010497,41,2003,2013,10,pn,hg_conus_clim,150.70924377441406,97.28216552734375,16.85348129272461,3829.7685546875,20491.93359375,108.01926529166055
30852154020004,41,2012,2022,10,pn,default,87.0958023071289,77.89720153808594,14.317727088928223,1677.4371337890625,7621.3037109375,58.94732062984401
30852154020004,41,2012,2022,10,pn,calibrated,86.99297332763672,77.84880065917969,14.313718795776367,1675.5345458984375,7612.80029296875,58.94732062984401
30852154020004,41,2012,2022,10,pn,hg_bayes,87.0958023071289,77.89720153808594,14.317727088928223,1833.980712890625,8675.3583984375,58.94732062984401
30852154020004,41,2012,2022,10,pn,hg_organon,87.0958023071289,77.89720153808594,14.317727088928223,1833.980712890625,8675.3583984375,58.94732062984401
30852154020004,41,2012,2022,10,pn,hg_conus_sp,87.0958023071289,77.89720153808594,14.317727088928223,1729.917236328125,7943.8271484375,58.94732062984401
30852154020004,41,2012,2022,10,pn,hg_conus_clim,87.0958023071289,77.89720153808594,14.317727088928223,1734.0404052734375,7977.04248046875,58.94732062984401
41117732010497,41,2006,2016,10,pn,default,74.23617553710938,71.90238189697266,13.758543014526367,2077.700439453125,11328.361328125,77.68914527022646
41117732010497,41,2006,2016,10,pn,calibrated,74.13700103759766,71.8721923828125,13.752238273620605,2073.56396484375,11307.66015625,77.68914527022646
41117732010497,41,2006,2016,10,pn,hg_bayes,74.23617553710938,71.90238189697266,13.758543014526367,2184.92333984375,11977.119140625,77.68914527022646
41117732010497,41,2006,2016,10,pn,hg_organon,74.23617553710938,71.90238189697266,13.758543014526367,2184.92333984375,11977.119140625,77.68914527022646
41117732010497,41,2006,2016,10,pn,hg_conus_sp,74.23617553710938,71.90238189697266,13.758543014526367,2108.70458984375,11507.01171875,77.68914527022646
41117732010497,41,2006,2016,10,pn,hg_conus_clim,74.23617553710938,71.90238189697266,13.758543014526367,2109.51611328125,11519.1884765625,77.68914527022646
29882510010497,41,2009,2019,10,pn,default,160.09359741210938,149.8273162841797,13.996771812438965,4242.62109375,23270.26953125,138.95935408590898
29882510010497,41,2009,2019,10,pn,calibrated,159.29501342773438,148.41403198242188,14.02813720703125,4226.275390625,23188.84375,138.95935408590898
29882510010497,41,2009,2019,10,pn,hg_bayes,160.09359741210938,149.8273162841797,13.996771812438965,4605.05908203125,25718.916015625,138.95935408590898
29882510010497,41,2009,2019,10,pn,hg_organon,160.09359741210938,149.8273162841797,13.996771812438965,4605.05908203125,25718.916015625,138.95935408590898
29882510010497,41,2009,2019,10,pn,hg_conus_sp,160.09359741210938,149.8273162841797,13.996771812438965,4277.47802734375,23607.318359375,138.95935408590898
29882510010497,41,2009,2019,10,pn,hg_conus_clim,160.09359741210938,149.8273162841797,13.996771812438965,4219.201171875,23221.599609375,138.95935408590898
40402994010497,41,2010,2020,10,pn,default,149.09799194335938,143.96359252929688,13.779897689819336,4789.9169921875,26504.19140625,164.12760466191298
40402994010497,41,2010,2020,10,pn,calibrated,149.2528076171875,144.25836181640625,13.77294921875,4794.28271484375,26527.21875,164.12760466191298
40402994010497,41,2010,2020,10,pn,hg_bayes,149.1035614013672,143.96327209472656,13.780165672302246,5110.08642578125,28594.251953125,164.12760466191298
40402994010497,41,2010,2020,10,pn,hg_organon,149.1035614013672,143.96327209472656,13.780165672302246,5110.08642578125,28594.251953125,164.12760466191298
40402994010497,41,2010,2020,10,pn,hg_conus_sp,149.09799194335938,143.96359252929688,13.779897689819336,5011.5380859375,28037.205078125,164.12760466191298
40402994010497,41,2010,2020,10,pn,hg_conus_clim,149.09799194335938,143.96359252929688,13.779897689819336,4998.43359375,27913.310546875,164.12760466191298
22398516010497,53,2003,2013,10,pn,default,158.5836944580078,98.77406311035156,17.15711212158203,3489.50048828125,17864.724609375,50.76112052324946
22398516010497,53,2003,2013,10,pn,calibrated,158.05911254882812,98.25668334960938,17.173744201660156,3478.8427734375,17813.625,50.76112052324946
22398516010497,53,2003,2013,10,pn,hg_bayes,158.5836944580078,98.77406311035156,17.15711212158203,3928.888427734375,20751.703125,50.76112052324946
22398516010497,53,2003,2013,10,pn,hg_organon,158.5836944580078,98.77406311035156,17.15711212158203,3928.888427734375,20751.703125,50.76112052324946
22398516010497,53,2003,2013,10,pn,hg_conus_sp,158.5836944580078,98.77406311035156,17.15711212158203,3619.934326171875,18843.0078125,50.76112052324946
22398516010497,53,2003,2013,10,pn,hg_conus_clim,158.5836944580078,98.77406311035156,17.15711212158203,3574.925048828125,18518.00390625,50.76112052324946
41119675010497,41,2004,2014,10,pn,default,100.40276336669922,105.19880676269531,13.228291511535645,2676.36865234375,13559.490234375,101.21353969117442
41119675010497,41,2004,2014,10,pn,calibrated,100.48754119873047,105.31078338623047,13.226837158203125,2678.578857421875,13570.3681640625,101.21353969117442
41119675010497,41,2004,2014,10,pn,hg_bayes,100.79927825927734,105.22184753417969,13.25293254852295,2916.90380859375,15061.43359375,101.21353969117442
41119675010497,41,2004,2014,10,pn,hg_organon,100.79927825927734,105.22184753417969,13.25293254852295,2916.90380859375,15061.43359375,101.21353969117442
41119675010497,41,2004,2014,10,pn,hg_conus_sp,100.66966247558594,105.21639251708984,13.244754791259766,2827.6787109375,14508.22265625,101.21353969117442
41119675010497,41,2004,2014,10,pn,hg_conus_clim,100.66935729980469,105.21636199951172,13.244735717773438,2816.26220703125,14450.50390625,101.21353969117442
22398259010497,53,2002,2012,10,pn,default,170.02789306640625,163.30921936035156,13.816277503967285,5418.54296875,28728.400390625,151.53076568361385
22398259010497,53,2002,2012,10,pn,calibrated,168.3817138671875,160.68991088867188,13.860835075378418,5370.6923828125,28478.47265625,151.53076568361385
22398259010497,53,2002,2012,10,pn,hg_bayes,170.02789306640625,163.30921936035156,13.816277503967285,5367.63037109375,28190.556640625,151.53076568361385
22398259010497,53,2002,2012,10,pn,hg_organon,170.02789306640625,163.30921936035156,13.816277503967285,5367.63037109375,28190.556640625,151.53076568361385
22398259010497,53,2002,2012,10,pn,hg_conus_sp,169.9975128173828,163.3093719482422,13.81503677368164,4916.572265625,25354.912109375,151.53076568361385
22398259010497,53,2002,2012,10,pn,hg_conus_clim,170.02789306640625,163.30921936035156,13.816277503967285,4923.86962890625,25379.654296875,151.53076568361385
22953951010497,41,2007,2017,10,pn,default,186.29222106933594,102.1011734008789,18.290193557739258,7847.31591796875,52070.0625,195.28525347977404
22953951010497,41,2007,2017,10,pn,calibrated,183.2717742919922,96.09622192382812,18.69953727722168,7752.47900390625,51534.0625,195.28525347977404
22953951010497,41,2007,2017,10,pn,hg_bayes,186.2921600341797,102.1011734008789,18.290189743041992,7724.66796875,50939.48046875,195.28525347977404
22953951010497,41,2007,2017,10,pn,hg_organon,186.2921600341797,102.1011734008789,18.290189743041992,7724.66796875,50939.48046875,195.28525347977404
22953951010497,41,2007,2017,10,pn,hg_conus_sp,186.292236328125,102.1011734008789,18.290193557739258,7438.2841796875,48882.14453125,195.28525347977404
22953951010497,41,2007,2017,10,pn,hg_conus_clim,186.29222106933594,102.1011734008789,18.290193557739258,7505.865234375,49374.41796875,195.28525347977404
29881831010497,41,2009,2019,10,pn,default,165.54052734375,129.1754608154297,15.32845687866211,5817.57568359375,34777.5625,160.855480232194
29881831010497,41,2009,2019,10,pn,calibrated,164.99827575683594,128.4284210205078,15.347777366638184,5800.13232421875,34675.10546875,160.855480232194
29881831010497,41,2009,2019,10,pn,hg_bayes,165.54049682617188,129.1754608154297,15.328455924987793,6138.59619140625,36976.1171875,160.855480232194
29881831010497,41,2009,2019,10,pn,hg_organon,165.54049682617188,129.1754608154297,15.328455924987793,6138.59619140625,36976.1171875,160.855480232194
29881831010497,41,2009,2019,10,pn,hg_conus_sp,165.54052734375,129.1754608154297,15.32845687866211,5849.40234375,35086.26171875,160.855480232194
29881831010497,41,2009,2019,10,pn,hg_conus_clim,165.54052734375,129.1754608154297,15.32845687866211,5873.74658203125,35290.00390625,160.855480232194
13031154010497,53,2005,2015,10,pn,default,183.0100860595703,294.1954650878906,10.679619789123535,5392.63818359375,26741.349609375,153.28044765764946
13031154010497,53,2005,2015,10,pn,calibrated,179.89732360839844,286.7707214355469,10.724600791931152,5306.80078125,26312.95703125,153.28044765764946
13031154010497,53,2005,2015,10,pn,hg_bayes,183.0100860595703,294.1954650878906,10.679619789123535,4833.16796875,23693.43359375,153.28044765764946
13031154010497,53,2005,2015,10,pn,hg_organon,183.0100860595703,294.1954650878906,10.679619789123535,4833.16796875,23693.43359375,153.28044765764946
13031154010497,53,2005,2015,10,pn,hg_conus_sp,183.0100860595703,294.1954650878906,10.679619789123535,4350.28515625,21035.068359375,153.28044765764946
13031154010497,53,2005,2015,10,pn,hg_conus_clim,183.0100860595703,294.1954650878906,10.679619789123535,5126.8662109375,25296.982421875,153.28044765764946
48205559010497,41,2011,2021,10,pn,default,53.275020599365234,29.761571884155273,18.1163272857666,1093.9080810546875,5349.35546875,47.140238319127974
48205559010497,41,2011,2021,10,pn,calibrated,53.275020599365234,29.761571884155273,18.1163272857666,1093.9080810546875,5349.35546875,47.140238319127974
48205559010497,41,2011,2021,10,pn,hg_bayes,53.275020599365234,29.761571884155273,18.1163272857666,1093.9080810546875,5349.35546875,47.140238319127974
48205559010497,41,2011,2021,10,pn,hg_organon,53.275020599365234,29.761571884155273,18.1163272857666,1093.9080810546875,5349.35546875,47.140238319127974
48205559010497,41,2011,2021,10,pn,hg_conus_sp,53.275020599365234,29.761571884155273,18.1163272857666,1093.9080810546875,5349.35546875,47.140238319127974
48205559010497,41,2011,2021,10,pn,hg_conus_clim,53.275020599365234,29.761571884155273,18.1163272857666,1093.9080810546875,5349.35546875,47.140238319127974
22825947010497,41,2007,2017,10,pn,default,122.18701934814453,104.46490478515625,14.644128799438477,4000.6923828125,22009.228515625,110.70704828989884
22825947010497,41,2007,2017,10,pn,calibrated,122.34091186523438,104.66634368896484,14.639243125915527,4006.302978515625,22036.84765625,110.70704828989884
22825947010497,41,2007,2017,10,pn,hg_bayes,122.36209869384766,104.47723388671875,14.653753280639648,4245.30126953125,23498.14453125,110.70704828989884
22825947010497,41,2007,2017,10,pn,hg_organon,122.36209869384766,104.47723388671875,14.653753280639648,4245.30126953125,23498.14453125,110.70704828989884
22825947010497,41,2007,2017,10,pn,hg_conus_sp,122.35765075683594,104.47711944580078,14.653493881225586,4164.25244140625,22971.126953125,110.70704828989884
22825947010497,41,2007,2017,10,pn,hg_conus_clim,122.34835052490234,104.47642517089844,14.65298843383789,4159.03515625,22925.341796875,110.70704828989884
12904293010497,41,2005,2015,10,pn,default,54.056026458740234,65.53899383544922,12.29726505279541,833.2392578125,4068.036376953125,104.27111769789829
12904293010497,41,2005,2015,10,pn,calibrated,53.9066047668457,65.35895538330078,12.297157287597656,830.5962524414062,4054.81591796875,104.27111769789829
12904293010497,41,2005,2015,10,pn,hg_bayes,54.056026458740234,65.53899383544922,12.29726505279541,1103.0899658203125,5505.57568359375,104.27111769789829
12904293010497,41,2005,2015,10,pn,hg_organon,54.056026458740234,65.53899383544922,12.29726505279541,1103.0899658203125,5505.57568359375,104.27111769789829
12904293010497,41,2005,2015,10,pn,hg_conus_sp,54.056026458740234,65.53899383544922,12.29726505279541,1011.98486328125,4940.8818359375,104.27111769789829
12904293010497,41,2005,2015,10,pn,hg_conus_clim,54.056026458740234,65.53899383544922,12.29726505279541,1020.4423828125,4968.720703125,104.27111769789829
29880184010497,41,2009,2019,10,pn,default,173.57138061523438,188.481201171875,12.993956565856934,4464.51220703125,24615.15625,218.6290179197004
29880184010497,41,2009,2019,10,pn,calibrated,173.16656494140625,187.8914794921875,12.999146461486816,4455.115234375,24560.578125,218.6290179197004
29880184010497,41,2009,2019,10,pn,hg_bayes,173.54148864746094,188.42520141601562,12.99476146697998,5259.58154296875,30067.65625,218.6290179197004
29880184010497,41,2009,2019,10,pn,hg_organon,173.54148864746094,188.42520141601562,12.99476146697998,5259.58154296875,30067.65625,218.6290179197004
29880184010497,41,2009,2019,10,pn,hg_conus_sp,173.55126953125,188.4434814453125,12.994501113891602,4963.5224609375,28041.8515625,218.6290179197004
29880184010497,41,2009,2019,10,pn,hg_conus_clim,173.5516815185547,188.44422912597656,12.994490623474121,4935.6552734375,27914.55859375,218.6290179197004
41118801010497,41,2002,2012,10,pn,default,108.51786041259766,124.435791015625,12.644865036010742,3044.277099609375,17750.1171875,113.20516184480323
41118801010497,41,2002,2012,10,pn,calibrated,108.56725311279297,124.45808410644531,12.646611213684082,3046.324462890625,17763.76171875,113.20516184480323
41118801010497,41,2002,2012,10,pn,hg_bayes,108.51786041259766,124.435791015625,12.644865036010742,3124.111328125,18378.48828125,113.20516184480323
41118801010497,41,2002,2012,10,pn,hg_organon,108.51786041259766,124.435791015625,12.644865036010742,3124.111328125,18378.48828125,113.20516184480323
41118801010497,41,2002,2012,10,pn,hg_conus_sp,108.51786041259766,124.435791015625,12.644865036010742,3102.82861328125,18152.892578125,113.20516184480323
41118801010497,41,2002,2012,10,pn,hg_conus_clim,108.51786041259766,124.435791015625,12.644865036010742,3103.575927734375,18158.94921875,113.20516184480323
48202741010497,41,2011,2021,10,pn,default,100.26263427734375,11.777847290039062,39.50689697265625,4075.360107421875,27877.224609375,94.52522109184716
48202741010497,41,2011,2021,10,pn,calibrated,100.02932739257812,11.748717308044434,39.50979232788086,4066.26171875,27815.7265625,94.52522109184716
48202741010497,41,2011,2021,10,pn,hg_bayes,100.26263427734375,11.777847290039062,39.50689697265625,4374.04443359375,30305.591796875,94.52522109184716
48202741010497,41,2011,2021,10,pn,hg_organon,100.26263427734375,11.777847290039062,39.50689697265625,4374.04443359375,30305.591796875,94.52522109184716
48202741010497,41,2011,2021,10,pn,hg_conus_sp,100.26263427734375,11.777847290039062,39.50689697265625,4240.29638671875,29153.248046875,94.52522109184716
48202741010497,41,2011,2021,10,pn,hg_conus_clim,100.26263427734375,11.777847290039062,39.50689697265625,4289.98681640625,29618.2734375,94.52522109184716
8664028010901,41,2006,2016,10,pn,default,92.99189758300781,83.1205825805664,14.322029113769531,2383.823486328125,11938.689453125,
8664028010901,41,2006,2016,10,pn,calibrated,92.87454223632812,83.01725769042969,14.32189655303955,2380.609619140625,11922.1318359375,
8664028010901,41,2006,2016,10,pn,hg_bayes,93.40068817138672,83.11973571777344,14.353547096252441,2640.357177734375,13721.728515625,
8664028010901,41,2006,2016,10,pn,hg_organon,93.40068817138672,83.11973571777344,14.353547096252441,2640.357177734375,13721.728515625,
8664028010901,41,2006,2016,10,pn,hg_conus_sp,93.04743194580078,83.1204605102539,14.326315879821777,2506.69189453125,12887.3447265625,
8664028010901,41,2006,2016,10,pn,hg_conus_clim,93.10614013671875,83.1203384399414,14.330843925476074,2532.750732421875,12982.5439453125,
41118741010497,41,2002,2012,10,pn,default,161.2624969482422,237.52101135253906,11.157113075256348,5095.939453125,27611.521484375,114.07647878265755
41118741010497,41,2002,2012,10,pn,calibrated,161.30233764648438,237.90045166015625,11.149591445922852,5094.642578125,27602.626953125,114.07647878265755
41118741010497,41,2002,2012,10,pn,hg_bayes,161.3132781982422,237.52781677246094,11.158711433410645,5587.12451171875,30577.955078125,114.07647878265755
41118741010497,41,2002,2012,10,pn,hg_organon,161.3132781982422,237.52781677246094,11.158711433410645,5587.12451171875,30577.955078125,114.07647878265755
41118741010497,41,2002,2012,10,pn,hg_conus_sp,161.31427001953125,237.5277557373047,11.158745765686035,5160.97412109375,28059.935546875,114.07647878265755
41118741010497,41,2002,2012,10,pn,hg_conus_clim,161.3142547607422,237.5277557373047,11.158744812011719,5186.47900390625,28161.330078125,114.07647878265755
22954661010497,53,2007,2017,10,pn,default,78.1579818725586,55.43095779418945,16.07854652404785,3417.27587890625,21302.322265625,
22954661010497,53,2007,2017,10,pn,calibrated,77.83385467529297,55.18466567993164,16.08094024658203,3403.173583984375,21214.4453125,
22954661010497,53,2007,2017,10,pn,hg_bayes,78.29570007324219,55.430908203125,16.09271240234375,3865.138916015625,24303.52734375,
22954661010497,53,2007,2017,10,pn,hg_organon,78.29570007324219,55.430908203125,16.09271240234375,3865.138916015625,24303.52734375,
22954661010497,53,2007,2017,10,pn,hg_conus_sp,78.1579818725586,55.43095779418945,16.07854652404785,3417.27587890625,21302.322265625,
22954661010497,53,2007,2017,10,pn,hg_conus_clim,78.1579818725586,55.43095779418945,16.07854652404785,3417.27587890625,21302.322265625,
48205942010497,41,2011,2021,10,pn,default,178.58546447753906,289.2773742675781,10.639034271240234,5748.80419921875,30310.93359375,158.02099773160927
48205942010497,41,2011,2021,10,pn,calibrated,175.4324951171875,282.11126708984375,10.67778491973877,5640.29052734375,29763.26171875,158.02099773160927
48205942010497,41,2011,2021,10,pn,hg_bayes,178.63363647460938,289.2887878417969,10.640257835388184,6604.677734375,35580.62109375,158.02099773160927
48205942010497,41,2011,2021,10,pn,hg_organon,178.63363647460938,289.2887878417969,10.640257835388184,6604.677734375,35580.62109375,158.02099773160927
48205942010497,41,2011,2021,10,pn,hg_conus_sp,178.60594177246094,289.27642822265625,10.639659881591797,5944.30224609375,31543.158203125,158.02099773160927
48205942010497,41,2011,2021,10,pn,hg_conus_clim,178.60650634765625,289.27642822265625,10.639676094055176,5823.49755859375,30809.697265625,158.02099773160927
22953774010497,41,2007,2018,11,pn,default,108.33502960205078,147.66375732421875,11.598017692565918,1842.443359375,9205.669921875,
22953774010497,41,2007,2018,11,pn,calibrated,108.37812042236328,147.714599609375,11.59832763671875,1843.525634765625,9211.1923828125,
22953774010497,41,2007,2018,11,pn,hg_bayes,108.5697021484375,147.6820526123047,11.609854698181152,1983.6666259765625,9972.537109375,
22953774010497,41,2007,2018,11,pn,hg_organon,108.5697021484375,147.6820526123047,11.609854698181152,1983.6666259765625,9972.537109375,
22953774010497,41,2007,2018,11,pn,hg_conus_sp,108.5697021484375,147.6820526123047,11.609854698181152,1959.807373046875,9809.208984375,
22953774010497,41,2007,2018,11,pn,hg_conus_clim,108.5697021484375,147.6820526123047,11.609854698181152,1959.3038330078125,9801.65625,
22398665010497,53,2004,2014,10,pn,default,328.6466064453125,213.7089080810547,16.791500091552734,13437.763671875,78641.90625,256.4924861686404
22398665010497,53,2004,2014,10,pn,calibrated,326.31817626953125,210.91094970703125,16.842527389526367,13347.103515625,78131.0625,256.4924861686404
22398665010497,53,2004,2014,10,pn,hg_bayes,328.6466064453125,213.7089080810547,16.791500091552734,13760.0087890625,80642.265625,256.4924861686404
22398665010497,53,2004,2014,10,pn,hg_organon,328.6466064453125,213.7089080810547,16.791500091552734,13760.0087890625,80642.265625,256.4924861686404
22398665010497,53,2004,2014,10,pn,hg_conus_sp,328.6466064453125,213.7089080810547,16.791500091552734,13121.724609375,76578.3125,256.4924861686404
22398665010497,53,2004,2014,10,pn,hg_conus_clim,328.6466064453125,213.7089080810547,16.791500091552734,13106.0419921875,76555.6484375,256.4924861686404
22398757010497,53,2004,2014,10,pn,default,86.4150390625,111.17058563232422,11.938121795654297,1781.82861328125,8772.869140625,63.818093832944086
22398757010497,53,2004,2014,10,pn,calibrated,86.31005096435547,110.9773178100586,11.941254615783691,1780.7635498046875,8769.4443359375,63.818093832944086
22398757010497,53,2004,2014,10,pn,hg_bayes,86.53093719482422,111.16989135742188,11.946162223815918,1919.14892578125,9445.6259765625,63.818093832944086
22398757010497,53,2004,2014,10,pn,hg_organon,86.53093719482422,111.16989135742188,11.946162223815918,1919.14892578125,9445.6259765625,63.818093832944086
22398757010497,53,2004,2014,10,pn,hg_conus_sp,86.47852325439453,111.17017364501953,11.942529678344727,1814.1466064453125,8900.6962890625,63.818093832944086
22398757010497,53,2004,2014,10,pn,hg_conus_clim,86.47852325439453,111.17017364501953,11.942529678344727,1796.9722900390625,8815.66015625,63.818093832944086
41118335010497,41,2001,2011,10,pn,default,351.074951171875,46.51513671875,37.19967269897461,20924.146484375,151505.421875,327.8660097343697
41118335010497,41,2001,2011,10,pn,calibrated,348.1226806640625,45.31007385253906,37.53228759765625,20775.66015625,150550.234375,327.8660097343697
41118335010497,41,2001,2011,10,pn,hg_bayes,351.074951171875,46.51513671875,37.19967269897461,21021.94921875,152312.703125,327.8660097343697
41118335010497,41,2001,2011,10,pn,hg_organon,351.074951171875,46.51513671875,37.19967269897461,21021.94921875,152312.703125,327.8660097343697
41118335010497,41,2001,2011,10,pn,hg_conus_sp,351.074951171875,46.51513671875,37.19967269897461,20597.318359375,149004.71875,327.8660097343697
41118335010497,41,2001,2011,10,pn,hg_conus_clim,351.074951171875,46.51513671875,37.19967269897461,20703.1484375,149758.5625,327.8660097343697
29883030010497,41,2009,2019,10,pn,default,40.30161666870117,39.2848014831543,13.714665412902832,1114.777099609375,6608.59814453125,45.04543969506886
29883030010497,41,2009,2019,10,pn,calibrated,40.323917388916016,39.314414978027344,13.713293075561523,1115.3406982421875,6611.75634765625,45.04543969506886
29883030010497,41,2009,2019,10,pn,hg_bayes,40.30161666870117,39.2848014831543,13.714665412902832,1229.9912109375,7197.7607421875,45.04543969506886
29883030010497,41,2009,2019,10,pn,hg_organon,40.30161666870117,39.2848014831543,13.714665412902832,1229.9912109375,7197.7607421875,45.04543969506886
29883030010497,41,2009,2019,10,pn,hg_conus_sp,40.30161666870117,39.2848014831543,13.714665412902832,1221.2381591796875,7143.3857421875,45.04543969506886
29883030010497,41,2009,2019,10,pn,hg_conus_clim,40.30161666870117,39.2848014831543,13.714665412902832,1221.4532470703125,7145.16650390625,45.04543969506886
8630956010901,53,2006,2017,11,pn,default,186.4095001220703,207.97801208496094,12.819220542907715,6063.94921875,34194.48046875,168.0129749204461
8630956010901,53,2006,2017,11,pn,calibrated,184.68423461914062,204.2094268798828,12.876956939697266,6020.796875,33962.55078125,168.0129749204461
8630956010901,53,2006,2017,11,pn,hg_bayes,186.4095001220703,207.97801208496094,12.819220542907715,6518.109375,36808.44921875,168.0129749204461
8630956010901,53,2006,2017,11,pn,hg_organon,186.4095001220703,207.97801208496094,12.819220542907715,6518.109375,36808.44921875,168.0129749204461
8630956010901,53,2006,2017,11,pn,hg_conus_sp,186.4095001220703,207.97801208496094,12.819220542907715,6122.3505859375,34371.13671875,168.0129749204461
8630956010901,53,2006,2017,11,pn,hg_conus_clim,186.4095001220703,207.97801208496094,12.819220542907715,6027.5458984375,33829.6875,168.0129749204461
24890399010900,41,2004,2014,10,pn,default,157.95904541015625,28.29220199584961,31.994483947753906,6844.455078125,45622.3046875,165.66629187273534
24890399010900,41,2004,2014,10,pn,calibrated,156.89752197265625,28.022815704345703,32.039703369140625,6801.39208984375,45352.4296875,165.66629187273534
24890399010900,41,2004,2014,10,pn,hg_bayes,157.95904541015625,28.29220199584961,31.994483947753906,6643.64892578125,44145.078125,165.66629187273534
24890399010900,41,2004,2014,10,pn,hg_organon,157.95904541015625,28.29220199584961,31.994483947753906,6643.64892578125,44145.078125,165.66629187273534
24890399010900,41,2004,2014,10,pn,hg_conus_sp,157.95904541015625,28.29220199584961,31.994483947753906,6481.083984375,43051.671875,165.66629187273534
24890399010900,41,2004,2014,10,pn,hg_conus_clim,157.95904541015625,28.29220199584961,31.994483947753906,6864.3388671875,45771.6796875,165.66629187273534
22933260010497,53,2008,2018,10,pn,default,241.99215698242188,190.77267456054688,15.250313758850098,8118.12548828125,46183.12109375,
22933260010497,53,2008,2018,10,pn,calibrated,243.72946166992188,191.88987731933594,15.260346412658691,8180.08203125,46541.2890625,
22933260010497,53,2008,2018,10,pn,hg_bayes,241.99176025390625,190.77267456054688,15.250301361083984,8095.93798828125,46071.46875,
22933260010497,53,2008,2018,10,pn,hg_organon,241.99176025390625,190.77267456054688,15.250301361083984,8095.93798828125,46071.46875,
22933260010497,53,2008,2018,10,pn,hg_conus_sp,241.9921875,190.77267456054688,15.250314712524414,8043.5078125,45662.890625,
22933260010497,53,2008,2018,10,pn,hg_conus_clim,241.9918975830078,190.77267456054688,15.250306129455566,7972.45849609375,45265.40234375,
24503122010900,53,2003,2014,11,pn,default,216.1869659423828,182.15505981445312,14.751303672790527,6284.9091796875,34074.5859375,
24503122010900,53,2003,2014,11,pn,calibrated,216.02125549316406,181.92239379882812,14.75507640838623,6280.4541015625,34050.71875,
24503122010900,53,2003,2014,11,pn,hg_bayes,216.22047424316406,182.15499877929688,14.752450942993164,6598.841796875,35990.84765625,
24503122010900,53,2003,2014,11,pn,hg_organon,216.22047424316406,182.15499877929688,14.752450942993164,6598.841796875,35990.84765625,
24503122010900,53,2003,2014,11,pn,hg_conus_sp,216.1869659423828,182.15505981445312,14.751303672790527,6284.9091796875,34074.5859375,
24503122010900,53,2003,2014,11,pn,hg_conus_clim,216.1869659423828,182.15505981445312,14.751303672790527,6284.9091796875,34074.5859375,
24487694010900,53,2004,2013,9,pn,default,55.03246307373047,118.41477966308594,9.23087215423584,1506.164794921875,8027.0,44.22070937968073
24487694010900,53,2004,2013,9,pn,calibrated,55.038856506347656,118.41832733154297,9.231271743774414,1506.4556884765625,8028.70654296875,44.22070937968073
24487694010900,53,2004,2013,9,pn,hg_bayes,55.03246307373047,118.41477966308594,9.23087215423584,1661.766357421875,8988.037109375,44.22070937968073
24487694010900,53,2004,2013,9,pn,hg_organon,55.03246307373047,118.41477966308594,9.23087215423584,1661.766357421875,8988.037109375,44.22070937968073
24487694010900,53,2004,2013,9,pn,hg_conus_sp,55.03246307373047,118.41477966308594,9.23087215423584,1627.9444580078125,8814.685546875,44.22070937968073
24487694010900,53,2004,2013,9,pn,hg_conus_clim,55.03246307373047,118.41477966308594,9.23087215423584,1522.7408447265625,8121.720703125,44.22070937968073
40220665010497,53,2010,2020,10,pn,default,160.33981323242188,157.2876739501953,13.671298027038574,4456.201171875,24747.095703125,152.02406843656055
40220665010497,53,2010,2020,10,pn,calibrated,159.9641571044922,156.61790466308594,13.68443775177002,4451.65283203125,24727.99609375,152.02406843656055
40220665010497,53,2010,2020,10,pn,hg_bayes,160.48890686035156,157.29049682617188,13.677530288696289,4846.43310546875,27343.947265625,152.02406843656055
40220665010497,53,2010,2020,10,pn,hg_organon,160.48890686035156,157.29049682617188,13.677530288696289,4846.43310546875,27343.947265625,152.02406843656055
40220665010497,53,2010,2020,10,pn,hg_conus_sp,160.33981323242188,157.2876739501953,13.671298027038574,4574.87841796875,25613.5,152.02406843656055
40220665010497,53,2010,2020,10,pn,hg_conus_clim,160.33981323242188,157.2876739501953,13.671298027038574,4521.8046875,25282.37890625,152.02406843656055
24500127010900,53,2003,2013,10,pn,default,174.0880584716797,55.531944274902344,23.9744815826416,9534.6611328125,66499.5390625,
24500127010900,53,2003,2013,10,pn,calibrated,173.1532440185547,55.10475540161133,24.00252914428711,9484.515625,66165.2578125,
24500127010900,53,2003,2013,10,pn,hg_bayes,174.0880584716797,55.531944274902344,23.9744815826416,10120.3212890625,71031.5390625,
24500127010900,53,2003,2013,10,pn,hg_organon,174.0880584716797,55.531944274902344,23.9744815826416,10120.3212890625,71031.5390625,
24500127010900,53,2003,2013,10,pn,hg_conus_sp,174.0880584716797,55.531944274902344,23.9744815826416,9539.076171875,66556.046875,
24500127010900,53,2003,2013,10,pn,hg_conus_clim,174.0880584716797,55.531944274902344,23.9744815826416,9574.0458984375,66823.2109375,
29882027010497,41,2009,2019,10,pn,default,184.7709503173828,182.4612274169922,13.625982284545898,6445.00732421875,36845.47265625,103.2444659691406
29882027010497,41,2009,2019,10,pn,calibrated,185.0601348876953,183.03492736816406,13.615253448486328,6453.11865234375,36883.09375,103.2444659691406
29882027010497,41,2009,2019,10,pn,hg_bayes,184.7709503173828,182.4612274169922,13.625982284545898,6846.72509765625,39293.00390625,103.2444659691406
29882027010497,41,2009,2019,10,pn,hg_organon,184.7709503173828,182.4612274169922,13.625982284545898,6846.72509765625,39293.00390625,103.2444659691406
29882027010497,41,2009,2019,10,pn,hg_conus_sp,184.7709503173828,182.4612274169922,13.625982284545898,6703.20751953125,38375.59375,103.2444659691406
29882027010497,41,2009,2019,10,pn,hg_conus_clim,184.7709503173828,182.4612274169922,13.625982284545898,6681.1435546875,38250.6484375,103.2444659691406
24168311010900,53,2002,2012,10,pn,default,186.45533752441406,127.73841857910156,16.35923194885254,5155.72705078125,27817.62109375,144.22540258610985
24168311010900,53,2002,2012,10,pn,calibrated,185.71054077148438,126.99934387207031,16.37396240234375,5142.29052734375,27773.869140625,144.22540258610985
24168311010900,53,2002,2012,10,pn,hg_bayes,186.45533752441406,127.73841857910156,16.35923194885254,5360.72509765625,29100.755859375,144.22540258610985
24168311010900,53,2002,2012,10,pn,hg_organon,186.45533752441406,127.73841857910156,16.35923194885254,5360.72509765625,29100.755859375,144.22540258610985
24168311010900,53,2002,2012,10,pn,hg_conus_sp,186.45533752441406,127.73841857910156,16.35923194885254,4950.93017578125,26420.619140625,144.22540258610985
24168311010900,53,2002,2012,10,pn,hg_conus_clim,186.45533752441406,127.73841857910156,16.35923194885254,4949.88916015625,26500.791015625,144.22540258610985
22953922010497,41,2007,2016,9,pn,default,101.01334381103516,87.49586486816406,14.548959732055664,2255.70751953125,11005.822265625,121.1834396965014
22953922010497,41,2007,2016,9,pn,calibrated,100.69261932373047,87.20153045654297,14.550339698791504,2247.81787109375,10966.509765625,121.1834396965014
22953922010497,41,2007,2016,9,pn,hg_bayes,101.01334381103516,87.49586486816406,14.548959732055664,2234.3173828125,10917.7724609375,121.1834396965014
22953922010497,41,2007,2016,9,pn,hg_organon,101.01334381103516,87.49586486816406,14.548959732055664,2234.3173828125,10917.7724609375,121.1834396965014
22953922010497,41,2007,2016,9,pn,hg_conus_sp,101.01334381103516,87.49586486816406,14.548959732055664,2103.878662109375,10137.060546875,121.1834396965014
22953922010497,41,2007,2016,9,pn,hg_conus_clim,101.01334381103516,87.49586486816406,14.548959732055664,2094.246337890625,10103.763671875,121.1834396965014
12877596010497,41,2005,2015,10,pn,default,55.526573181152344,94.48099517822266,10.380406379699707,949.3231811523438,4225.28076171875,72.28634124634536
12877596010497,41,2005,2015,10,pn,calibrated,55.565067291259766,94.60855102539062,10.377006530761719,949.9889526367188,4228.47998046875,72.28634124634536
12877596010497,41,2005,2015,10,pn,hg_bayes,55.588985443115234,94.45243072509766,10.387812614440918,988.4154052734375,4444.677734375,72.28634124634536
12877596010497,41,2005,2015,10,pn,hg_organon,55.588985443115234,94.45243072509766,10.387812614440918,988.4154052734375,4444.677734375,72.28634124634536
12877596010497,41,2005,2015,10,pn,hg_conus_sp,55.59260559082031,94.4603042602539,10.387716293334961,984.5764770507812,4404.30419921875,72.28634124634536
12877596010497,41,2005,2015,10,pn,hg_conus_clim,55.592952728271484,94.46102142333984,10.387709617614746,983.7183227539062,4391.37158203125,72.28634124634536
22398482010497,53,2003,2014,11,pn,default,210.8222198486328,214.32252502441406,13.429525375366211,7509.79345703125,42828.8515625,74.25606027912133
22398482010497,53,2003,2014,11,pn,calibrated,209.65936279296875,212.2771453857422,13.45679759979248,7478.49169921875,42657.06640625,74.25606027912133
22398482010497,53,2003,2014,11,pn,hg_bayes,210.82211303710938,214.32252502441406,13.429521560668945,8420.537109375,48698.453125,74.25606027912133
22398482010497,53,2003,2014,11,pn,hg_organon,210.82211303710938,214.32252502441406,13.429521560668945,8420.537109375,48698.453125,74.25606027912133
22398482010497,53,2003,2014,11,pn,hg_conus_sp,210.82225036621094,214.32252502441406,13.429525375366211,7694.1923828125,43959.9609375,74.25606027912133
22398482010497,53,2003,2014,11,pn,hg_conus_clim,210.82223510742188,214.32252502441406,13.429525375366211,7650.88037109375,43702.3671875,74.25606027912133
41118491010497,41,2001,2011,10,pn,default,31.34882354736328,30.885269165039062,13.6417875289917,1423.716796875,9161.359375,50.256431359780706
41118491010497,41,2001,2011,10,pn,calibrated,31.209623336791992,30.29092788696289,13.744351387023926,1419.393798828125,9135.5576171875,50.256431359780706
41118491010497,41,2001,2011,10,pn,hg_bayes,31.348697662353516,30.885269165039062,13.641759872436523,1570.65234375,10117.1044921875,50.256431359780706
41118491010497,41,2001,2011,10,pn,hg_organon,31.348697662353516,30.885269165039062,13.641759872436523,1570.65234375,10117.1044921875,50.256431359780706
41118491010497,41,2001,2011,10,pn,hg_conus_sp,31.348827362060547,30.885269165039062,13.641788482666016,1431.1226806640625,9217.6435546875,50.256431359780706
41118491010497,41,2001,2011,10,pn,hg_conus_clim,31.34864616394043,30.885269165039062,13.641748428344727,1561.1314697265625,10045.5224609375,50.256431359780706
22953941010497,41,2007,2018,11,pn,default,164.6760711669922,42.24082565307617,26.73531723022461,8369.4228515625,55767.2578125,50.32050129405599
22953941010497,41,2007,2018,11,pn,calibrated,164.28941345214844,42.24236297607422,26.703428268432617,8346.55859375,55609.29296875,50.32050129405599
22953941010497,41,2007,2018,11,pn,hg_bayes,164.6760711669922,42.24082565307617,26.73531723022461,8407.7607421875,56115.28515625,50.32050129405599
22953941010497,41,2007,2018,11,pn,hg_organon,164.6760711669922,42.24082565307617,26.73531723022461,8407.7607421875,56115.28515625,50.32050129405599
22953941010497,41,2007,2018,11,pn,hg_conus_sp,164.6760711669922,42.24082565307617,26.73531723022461,8260.7060546875,54931.02734375,50.32050129405599
22953941010497,41,2007,2018,11,pn,hg_conus_clim,164.6760711669922,42.24082565307617,26.73531723022461,8263.271484375,54960.33984375,50.32050129405599
8651715010901,53,2006,2016,10,pn,default,160.8565673828125,171.29217529296875,13.121601104736328,5487.24560546875,28768.759765625,137.84931391041894
8651715010901,53,2006,2016,10,pn,calibrated,157.75025939941406,166.029052734375,13.19864273071289,5348.916015625,28021.0390625,137.84931391041894
8651715010901,53,2006,2016,10,pn,hg_bayes,161.21859741210938,171.2948455810547,13.136259078979492,6061.72265625,32274.63671875,137.84931391041894
8651715010901,53,2006,2016,10,pn,hg_organon,161.21859741210938,171.2948455810547,13.136259078979492,6061.72265625,32274.63671875,137.84931391041894
8651715010901,53,2006,2016,10,pn,hg_conus_sp,161.1486053466797,171.28843688964844,13.133651733398438,5696.03759765625,29896.44140625,137.84931391041894
8651715010901,53,2006,2016,10,pn,hg_conus_clim,161.17251586914062,171.28834533691406,13.134629249572754,5683.73388671875,29799.341796875,137.84931391041894
8634562010901,53,2006,2016,10,pn,default,107.85382080078125,104.30768585205078,13.768794059753418,3478.563720703125,19064.16796875,109.80859000028322
8634562010901,53,2006,2016,10,pn,calibrated,105.65655517578125,100.71326446533203,13.868875503540039,3399.10986328125,18640.6796875,109.80859000028322
8634562010901,53,2006,2016,10,pn,hg_bayes,108.47882080078125,104.30331420898438,13.80892276763916,3795.758056640625,21010.31640625,109.80859000028322
8634562010901,53,2006,2016,10,pn,hg_organon,108.47882080078125,104.30331420898438,13.80892276763916,3795.758056640625,21010.31640625,109.80859000028322
8634562010901,53,2006,2016,10,pn,hg_conus_sp,108.46556854248047,104.30331420898438,13.80807876586914,3566.301025390625,19694.962890625,109.80859000028322
8634562010901,53,2006,2016,10,pn,hg_conus_clim,108.47882080078125,104.30331420898438,13.80892276763916,3567.6005859375,19689.537109375,109.80859000028322
24538131010900,53,2003,2013,10,pn,default,102.38175201416016,37.68973922729492,22.31700897216797,3256.1220703125,19754.416015625,56.83016015088131
24538131010900,53,2003,2013,10,pn,calibrated,102.3072738647461,37.69703674316406,22.306730270385742,3254.97314453125,19749.25390625,56.83016015088131
24538131010900,53,2003,2013,10,pn,hg_bayes,102.38175201416016,37.68973922729492,22.31700897216797,3533.36181640625,21816.70703125,56.83016015088131
24538131010900,53,2003,2013,10,pn,hg_organon,102.38175201416016,37.68973922729492,22.31700897216797,3533.36181640625,21816.70703125,56.83016015088131
24538131010900,53,2003,2013,10,pn,hg_conus_sp,102.38175201416016,37.68973922729492,22.31700897216797,3388.30224609375,20704.8984375,56.83016015088131
24538131010900,53,2003,2013,10,pn,hg_conus_clim,102.38175201416016,37.68973922729492,22.31700897216797,3400.974365234375,20807.66015625,56.83016015088131
40403249010497,41,2010,2020,10,pn,default,19.77945327758789,24.388107299804688,12.194229125976562,326.8388977050781,1574.267578125,18.54935186595785
40403249010497,41,2010,2020,10,pn,calibrated,19.77945327758789,24.388107299804688,12.194229125976562,326.8388977050781,1574.267578125,18.54935186595785
40403249010497,41,2010,2020,10,pn,hg_bayes,19.77945327758789,24.388107299804688,12.194229125976562,326.8388977050781,1574.267578125,18.54935186595785
40403249010497,41,2010,2020,10,pn,hg_organon,19.77945327758789,24.388107299804688,12.194229125976562,326.8388977050781,1574.267578125,18.54935186595785
40403249010497,41,2010,2020,10,pn,hg_conus_sp,19.77945327758789,24.388107299804688,12.194229125976562,326.8388977050781,1574.267578125,18.54935186595785
40403249010497,41,2010,2020,10,pn,hg_conus_clim,19.77945327758789,24.388107299804688,12.194229125976562,326.8388977050781,1574.267578125,18.54935186595785
12815407010497,41,2005,2015,10,pn,default,8.0751314163208,17.852144241333008,9.10680103302002,108.74077606201172,517.7759399414062,25.926433912280697
12815407010497,41,2005,2015,10,pn,calibrated,8.0751314163208,17.852144241333008,9.10680103302002,108.74077606201172,517.7759399414062,25.926433912280697
12815407010497,41,2005,2015,10,pn,hg_bayes,8.0751314163208,17.852144241333008,9.10680103302002,108.74077606201172,517.7759399414062,25.926433912280697
12815407010497,41,2005,2015,10,pn,hg_organon,8.0751314163208,17.852144241333008,9.10680103302002,108.74077606201172,517.7759399414062,25.926433912280697
12815407010497,41,2005,2015,10,pn,hg_conus_sp,8.0751314163208,17.852144241333008,9.10680103302002,108.74077606201172,517.7759399414062,25.926433912280697
12815407010497,41,2005,2015,10,pn,hg_conus_clim,8.0751314163208,17.852144241333008,9.10680103302002,108.74077606201172,517.7759399414062,25.926433912280697
24484927010900,53,2003,2013,10,pn,default,57.89414596557617,83.39382934570312,11.282015800476074,1024.014892578125,4561.84033203125,76.07386464588897
24484927010900,53,2003,2013,10,pn,calibrated,57.89691162109375,83.32111358642578,11.287206649780273,1024.213623046875,4562.5029296875,76.07386464588897
24484927010900,53,2003,2013,10,pn,hg_bayes,58.39829635620117,83.39380645751953,11.331033706665039,1379.6640625,6630.72607421875,76.07386464588897
24484927010900,53,2003,2013,10,pn,hg_organon,58.39829635620117,83.39380645751953,11.331033706665039,1379.6640625,6630.72607421875,76.07386464588897
24484927010900,53,2003,2013,10,pn,hg_conus_sp,58.39829635620117,83.39380645751953,11.331033706665039,1274.58837890625,6038.4443359375,76.07386464588897
24484927010900,53,2003,2013,10,pn,hg_conus_clim,58.39829635620117,83.39380645751953,11.331033706665039,1246.265380859375,5892.05419921875,76.07386464588897
22954802010497,53,2007,2017,10,pn,default,144.70249938964844,252.92372131347656,10.241874694824219,5549.73828125,29169.71875,71.8248191434255
22954802010497,53,2007,2017,10,pn,calibrated,142.2114715576172,246.86924743652344,10.277088165283203,5451.41943359375,28637.54296875,71.8248191434255
22954802010497,53,2007,2017,10,pn,hg_bayes,144.8598175048828,252.9210662841797,10.247491836547852,5972.4716796875,31921.037109375,71.8248191434255
22954802010497,53,2007,2017,10,pn,hg_organon,144.8598175048828,252.9210662841797,10.247491836547852,5972.4716796875,31921.037109375,71.8248191434255
22954802010497,53,2007,2017,10,pn,hg_conus_sp,144.70249938964844,252.92372131347656,10.241874694824219,5727.810546875,30374.837890625,71.8248191434255
22954802010497,53,2007,2017,10,pn,hg_conus_clim,144.70249938964844,252.92372131347656,10.241874694824219,5614.08056640625,29556.96484375,71.8248191434255
48204211010497,53,2011,2021,10,pn,default,112.39801788330078,106.64629364013672,13.900895118713379,4190.7802734375,23235.8828125,61.70092590557052
48204211010497,53,2011,2021,10,pn,calibrated,112.6357650756836,106.97920227050781,13.893919944763184,4199.564453125,23284.15625,61.70092590557052
48204211010497,53,2011,2021,10,pn,hg_bayes,112.37140655517578,106.64442443847656,13.899369239807129,4135.29638671875,22898.275390625,61.70092590557052
48204211010497,53,2011,2021,10,pn,hg_organon,112.37140655517578,106.64442443847656,13.899369239807129,4135.29638671875,22898.275390625,61.70092590557052
48204211010497,53,2011,2021,10,pn,hg_conus_sp,112.29869842529297,106.63968658447266,13.895181655883789,4028.348388671875,22304.044921875,61.70092590557052
48204211010497,53,2011,2021,10,pn,hg_conus_clim,112.29869842529297,106.63968658447266,13.895181655883789,4025.10888671875,22272.87890625,61.70092590557052
24118813010900,41,2002,2012,10,pn,default,16.905364990234375,23.762189865112305,11.421031951904297,265.9664611816406,1156.6114501953125,
24118813010900,41,2002,2012,10,pn,calibrated,16.905364990234375,23.762189865112305,11.421031951904297,265.9664611816406,1156.6114501953125,
24118813010900,41,2002,2012,10,pn,hg_bayes,16.905364990234375,23.762189865112305,11.421031951904297,265.9664611816406,1156.6114501953125,
24118813010900,41,2002,2012,10,pn,hg_organon,16.905364990234375,23.762189865112305,11.421031951904297,265.9664611816406,1156.6114501953125,
24118813010900,41,2002,2012,10,pn,hg_conus_sp,16.905364990234375,23.762189865112305,11.421031951904297,265.9664611816406,1156.6114501953125,
24118813010900,41,2002,2012,10,pn,hg_conus_clim,16.905364990234375,23.762189865112305,11.421031951904297,265.9664611816406,1156.6114501953125,
24375333010900,41,2003,2013,10,pn,default,162.36338806152344,152.6824188232422,13.963225364685059,3778.82666015625,18348.615234375,129.14839275185346
24375333010900,41,2003,2013,10,pn,calibrated,161.57879638671875,151.69906616210938,13.974523544311523,3760.634765625,18260.830078125,129.14839275185346
24375333010900,41,2003,2013,10,pn,hg_bayes,162.44406127929688,152.68133544921875,13.966748237609863,4171.255859375,20870.013671875,129.14839275185346
24375333010900,41,2003,2013,10,pn,hg_organon,162.44406127929688,152.68133544921875,13.966748237609863,4171.255859375,20870.013671875,129.14839275185346
24375333010900,41,2003,2013,10,pn,hg_conus_sp,162.36338806152344,152.6824188232422,13.963225364685059,3702.9541015625,17828.2890625,129.14839275185346
24375333010900,41,2003,2013,10,pn,hg_conus_clim,162.36338806152344,152.6824188232422,13.963225364685059,3696.2041015625,17831.298828125,129.14839275185346
48202540010497,53,2011,2022,11,pn,default,147.56639099121094,148.8971710205078,13.479907035827637,4143.2744140625,22286.93359375,112.1889005795031
48202540010497,53,2011,2022,11,pn,calibrated,146.49951171875,146.97093200683594,13.518816947937012,4117.57958984375,22153.646484375,112.1889005795031
48202540010497,53,2011,2022,11,pn,hg_bayes,147.566162109375,148.8971710205078,13.479897499084473,4354.06396484375,23533.18359375,112.1889005795031
48202540010497,53,2011,2022,11,pn,hg_organon,147.566162109375,148.8971710205078,13.479897499084473,4354.06396484375,23533.18359375,112.1889005795031
48202540010497,53,2011,2022,11,pn,hg_conus_sp,147.55471801757812,148.89739990234375,13.47935962677002,3968.504150390625,21092.68359375,112.1889005795031
48202540010497,53,2011,2022,11,pn,hg_conus_clim,147.55703735351562,148.8973388671875,13.479466438293457,4001.072509765625,21444.681640625,112.1889005795031
23933855010900,41,2001,2011,10,pn,default,100.80828094482422,112.7994155883789,12.800621032714844,1848.776611328125,8830.57421875,67.97367745108235
23933855010900,41,2001,2011,10,pn,calibrated,100.66343688964844,112.69274139404297,12.797471046447754,1846.445068359375,8818.73828125,67.97367745108235
23933855010900,41,2001,2011,10,pn,hg_bayes,101.03316497802734,112.79854583740234,12.814935684204102,2079.89990234375,10224.7568359375,67.97367745108235
23933855010900,41,2001,2011,10,pn,hg_organon,101.03316497802734,112.79854583740234,12.814935684204102,2079.89990234375,10224.7568359375,67.97367745108235
23933855010900,41,2001,2011,10,pn,hg_conus_sp,101.00298309326172,112.79861450195312,12.813019752502441,1977.8330078125,9533.0654296875,67.97367745108235
23933855010900,41,2001,2011,10,pn,hg_conus_clim,101.02204895019531,112.79856872558594,12.814231872558594,1962.4915771484375,9458.70703125,67.97367745108235
24453619010900,41,2003,2013,10,pn,default,180.99237060546875,203.93307495117188,12.756237030029297,4113.62744140625,19856.99609375,159.51950996160846
24453619010900,41,2003,2013,10,pn,calibrated,179.7747039794922,202.20892333984375,12.767341613769531,4087.04638671875,19721.859375,159.51950996160846
24453619010900,41,2003,2013,10,pn,hg_bayes,180.99237060546875,203.93307495117188,12.756237030029297,4515.4755859375,22033.560546875,159.51950996160846
24453619010900,41,2003,2013,10,pn,hg_organon,180.99237060546875,203.93307495117188,12.756237030029297,4515.4755859375,22033.560546875,159.51950996160846
24453619010900,41,2003,2013,10,pn,hg_conus_sp,180.99237060546875,203.93307495117188,12.756237030029297,3908.578369140625,18548.66015625,159.51950996160846
24453619010900,41,2003,2013,10,pn,hg_conus_clim,180.99237060546875,203.93307495117188,12.756237030029297,3864.703369140625,18262.79296875,159.51950996160846
22931103010497,53,2008,2018,10,pn,default,253.96807861328125,170.8489990234375,16.508960723876953,9170.1435546875,50713.6875,3.213735434476024
22931103010497,53,2008,2018,10,pn,calibrated,250.4442901611328,167.10250854492188,16.5767879486084,9044.4306640625,50035.87109375,3.213735434476024
22931103010497,53,2008,2018,10,pn,hg_bayes,253.96807861328125,170.8489990234375,16.508960723876953,8922.34765625,48937.20703125,3.213735434476024
22931103010497,53,2008,2018,10,pn,hg_organon,253.96807861328125,170.8489990234375,16.508960723876953,8922.34765625,48937.20703125,3.213735434476024
22931103010497,53,2008,2018,10,pn,hg_conus_sp,253.94981384277344,170.85108947753906,16.50826072692871,8245.5234375,44670.25390625,3.213735434476024
22931103010497,53,2008,2018,10,pn,hg_conus_clim,253.94981384277344,170.85108947753906,16.50826072692871,8324.091796875,45209.0546875,3.213735434476024
40219276010497,41,2010,2021,11,pn,default,141.43701171875,257.2778015136719,10.039605140686035,4588.14599609375,24608.712890625,136.71994245451555
40219276010497,41,2010,2021,11,pn,calibrated,137.31521606445312,245.59466552734375,10.124794960021973,4463.62060546875,23964.15234375,136.71994245451555
40219276010497,41,2010,2021,11,pn,hg_bayes,141.49574279785156,257.27593994140625,10.041728019714355,5239.052734375,28569.15625,136.71994245451555
40219276010497,41,2010,2021,11,pn,hg_organon,141.49574279785156,257.27593994140625,10.041728019714355,5239.052734375,28569.15625,136.71994245451555
40219276010497,41,2010,2021,11,pn,hg_conus_sp,141.43701171875,257.2778015136719,10.039606094360352,4592.55224609375,24642.98046875,136.71994245451555
40219276010497,41,2010,2021,11,pn,hg_conus_clim,141.4958038330078,257.27593994140625,10.041728973388672,4881.17333984375,26510.43359375,136.71994245451555
29881428010497,41,2009,2019,10,pn,default,59.52302169799805,47.74983596801758,15.117947578430176,1473.1693115234375,7585.19970703125,49.79579298361599
29881428010497,41,2009,2019,10,pn,calibrated,59.471519470214844,47.70569610595703,15.11839485168457,1472.5224609375,7581.314453125,49.79579298361599
29881428010497,41,2009,2019,10,pn,hg_bayes,59.52302169799805,47.74983596801758,15.117947578430176,1576.2530517578125,8259.642578125,49.79579298361599
29881428010497,41,2009,2019,10,pn,hg_organon,59.52302169799805,47.74983596801758,15.117947578430176,1576.2530517578125,8259.642578125,49.79579298361599
29881428010497,41,2009,2019,10,pn,hg_conus_sp,59.52302169799805,47.74983596801758,15.117947578430176,1508.3695068359375,7882.44140625,49.79579298361599
29881428010497,41,2009,2019,10,pn,hg_conus_clim,59.52302169799805,47.74983596801758,15.117947578430176,1504.0218505859375,7856.00439453125,49.79579298361599
40220397010497,53,2010,2022,12,pn,default,234.86465454101562,308.2680358886719,11.819002151489258,6499.384765625,32772.2109375,203.77102777211212
40220397010497,53,2010,2022,12,pn,calibrated,234.7375030517578,309.09222412109375,11.800041198730469,6484.78466796875,32699.529296875,203.77102777211212
40220397010497,53,2010,2022,12,pn,hg_bayes,234.86465454101562,308.2680358886719,11.819002151489258,7555.62353515625,39074.953125,203.77102777211212
40220397010497,53,2010,2022,12,pn,hg_organon,234.86465454101562,308.2680358886719,11.819002151489258,7555.62353515625,39074.953125,203.77102777211212
40220397010497,53,2010,2022,12,pn,hg_conus_sp,234.86465454101562,308.2680358886719,11.819002151489258,6411.7490234375,32158.70703125,203.77102777211212
40220397010497,53,2010,2022,12,pn,hg_conus_clim,234.86465454101562,308.2680358886719,11.819002151489258,6405.79052734375,32142.732421875,203.77102777211212
24065771010900,41,2002,2012,10,pn,default,247.78468322753906,270.50604248046875,12.95939826965332,7436.392578125,38702.6171875,176.6992457120587
24065771010900,41,2002,2012,10,pn,calibrated,245.32252502441406,265.1124267578125,13.025368690490723,7356.677734375,38291.64453125,176.6992457120587
24065771010900,41,2002,2012,10,pn,hg_bayes,247.7820281982422,270.50604248046875,12.959330558776855,8031.5966796875,42119.8203125,176.6992457120587
24065771010900,41,2002,2012,10,pn,hg_organon,247.7820281982422,270.50604248046875,12.959330558776855,8031.5966796875,42119.8203125,176.6992457120587
24065771010900,41,2002,2012,10,pn,hg_conus_sp,247.78379821777344,270.50604248046875,12.959375381469727,7502.12158203125,39102.98828125,176.6992457120587
24065771010900,41,2002,2012,10,pn,hg_conus_clim,247.7847137451172,270.50604248046875,12.959400177001953,7461.63525390625,38869.89453125,176.6992457120587
29881992010497,41,2009,2019,10,pn,default,215.0976104736328,251.1480255126953,12.53110122680664,8117.18701171875,43474.3046875,172.23888618955013
29881992010497,41,2009,2019,10,pn,calibrated,211.1287078857422,243.82269287109375,12.600068092346191,7979.96142578125,42745.6015625,172.23888618955013
29881992010497,41,2009,2019,10,pn,hg_bayes,215.12606811523438,251.14352416992188,12.532042503356934,8413.673828125,45392.75390625,172.23888618955013
29881992010497,41,2009,2019,10,pn,hg_organon,215.12606811523438,251.14352416992188,12.532042503356934,8413.673828125,45392.75390625,172.23888618955013
29881992010497,41,2009,2019,10,pn,hg_conus_sp,215.0074920654297,251.15313720703125,12.528346061706543,7930.10693359375,42322.01953125,172.23888618955013
29881992010497,41,2009,2019,10,pn,hg_conus_clim,215.07887268066406,251.14691162109375,12.530577659606934,8059.4521484375,43159.62109375,172.23888618955013
48206580010497,41,2011,2021,10,pn,default,107.66404724121094,156.45785522460938,11.232412338256836,4168.43896484375,23200.939453125,136.05755131494968
48206580010497,41,2011,2021,10,pn,calibrated,104.2313232421875,149.3132781982422,11.313220977783203,4027.402099609375,22470.447265625,136.05755131494968
48206580010497,41,2011,2021,10,pn,hg_bayes,107.66404724121094,156.45785522460938,11.232412338256836,4640.40380859375,26133.650390625,136.05755131494968
48206580010497,41,2011,2021,10,pn,hg_organon,107.66404724121094,156.45785522460938,11.232412338256836,4640.40380859375,26133.650390625,136.05755131494968
48206580010497,41,2011,2021,10,pn,hg_conus_sp,107.66404724121094,156.45785522460938,11.232412338256836,4264.88818359375,23865.494140625,136.05755131494968
48206580010497,41,2011,2021,10,pn,hg_conus_clim,107.66404724121094,156.45785522460938,11.232412338256836,4196.515625,23348.197265625,136.05755131494968
29882463010497,41,2009,2019,10,pn,default,65.36493682861328,190.41746520996094,7.933328628540039,2074.771240234375,10741.1201171875,57.47614511231202
29882463010497,41,2009,2019,10,pn,calibrated,62.808284759521484,182.04444885253906,7.953457355499268,1994.9644775390625,10321.052734375,57.47614511231202
29882463010497,41,2009,2019,10,pn,hg_bayes,65.37474822998047,190.418212890625,7.9339094161987305,2292.027099609375,12030.978515625,57.47614511231202
29882463010497,41,2009,2019,10,pn,hg_organon,65.37474822998047,190.418212890625,7.9339094161987305,2292.027099609375,12030.978515625,57.47614511231202
29882463010497,41,2009,2019,10,pn,hg_conus_sp,65.36493682861328,190.41746520996094,7.933328628540039,2074.771240234375,10741.1201171875,57.47614511231202
29882463010497,41,2009,2019,10,pn,hg_conus_clim,65.36493682861328,190.41746520996094,7.933328628540039,2074.771240234375,10741.1201171875,57.47614511231202
29883473010497,53,2009,2019,10,pn,default,231.55224609375,226.19631958007812,13.699917793273926,9509.45703125,53435.55078125,204.09649140085048
29883473010497,53,2009,2019,10,pn,calibrated,230.24278259277344,224.73129272460938,13.70557975769043,9428.5380859375,52994.95703125,204.09649140085048
29883473010497,53,2009,2019,10,pn,hg_bayes,231.55191040039062,226.19631958007812,13.699909210205078,9611.1279296875,53871.62109375,204.09649140085048
29883473010497,53,2009,2019,10,pn,hg_organon,231.55191040039062,226.19631958007812,13.699909210205078,9611.1279296875,53871.62109375,204.09649140085048
29883473010497,53,2009,2019,10,pn,hg_conus_sp,231.5538330078125,226.19631958007812,13.699965476989746,9275.640625,51906.890625,204.09649140085048
29883473010497,53,2009,2019,10,pn,hg_conus_clim,231.55221557617188,226.19631958007812,13.69991683959961,9224.193359375,51548.45703125,204.09649140085048
22954712010497,53,2007,2017,10,pn,default,102.34900665283203,58.3350715637207,17.935487747192383,3234.678955078125,17956.732421875,80.00167586566626
22954712010497,53,2007,2017,10,pn,calibrated,102.06246185302734,58.1273307800293,17.94234275817871,3227.193603515625,17920.326171875,80.00167586566626
22954712010497,53,2007,2017,10,pn,hg_bayes,102.34900665283203,58.3350715637207,17.935487747192383,3252.581298828125,18011.568359375,80.00167586566626
22954712010497,53,2007,2017,10,pn,hg_organon,102.34900665283203,58.3350715637207,17.935487747192383,3252.581298828125,18011.568359375,80.00167586566626
22954712010497,53,2007,2017,10,pn,hg_conus_sp,102.34900665283203,58.3350715637207,17.935487747192383,3049.643798828125,16639.169921875,80.00167586566626
22954712010497,53,2007,2017,10,pn,hg_conus_clim,102.34900665283203,58.3350715637207,17.935487747192383,3053.45947265625,16658.345703125,80.00167586566626
30852450020004,53,2012,2022,10,pn,default,215.95216369628906,306.8458557128906,11.359392166137695,5520.43359375,28042.10546875,186.65006589135436
30852450020004,53,2012,2022,10,pn,calibrated,214.08004760742188,302.485595703125,11.391267776489258,5479.205078125,27828.630859375,186.65006589135436
30852450020004,53,2012,2022,10,pn,hg_bayes,215.95216369628906,306.8458557128906,11.359392166137695,6029.06689453125,31268.953125,186.65006589135436
30852450020004,53,2012,2022,10,pn,hg_organon,215.95216369628906,306.8458557128906,11.359392166137695,6029.06689453125,31268.953125,186.65006589135436
30852450020004,53,2012,2022,10,pn,hg_conus_sp,215.95216369628906,306.8458557128906,11.359392166137695,5437.392578125,27607.611328125,186.65006589135436
30852450020004,53,2012,2022,10,pn,hg_conus_clim,215.95216369628906,306.8458557128906,11.359392166137695,5304.359375,26848.6953125,186.65006589135436
41118896010497,41,2003,2012,9,pn,default,102.31938171386719,162.744384765625,10.736485481262207,2209.794189453125,12031.53515625,144.53363172808963
41118896010497,41,2003,2012,9,pn,calibrated,102.525146484375,163.5908966064453,10.719436645507812,2212.244384765625,12041.607421875,144.53363172808963
41118896010497,41,2003,2012,9,pn,hg_bayes,102.30958557128906,162.63629150390625,10.73953914642334,2445.823486328125,13716.8564453125,144.53363172808963
41118896010497,41,2003,2012,9,pn,hg_organon,102.30958557128906,162.63629150390625,10.73953914642334,2445.823486328125,13716.8564453125,144.53363172808963
41118896010497,41,2003,2012,9,pn,hg_conus_sp,102.2919921875,162.66773986816406,10.737579345703125,2382.699462890625,13197.880859375,144.53363172808963
41118896010497,41,2003,2012,9,pn,hg_conus_clim,102.28828430175781,162.6573944091797,10.737723350524902,2398.828369140625,13333.6923828125,144.53363172808963
25115282010900,41,2004,2014,10,pn,default,58.2244873046875,109.7607192993164,9.862013816833496,1851.5374755859375,9569.1953125,48.94125551514139
25115282010900,41,2004,2014,10,pn,calibrated,57.22126770019531,107.14505004882812,9.895298957824707,1820.1890869140625,9400.41796875,48.94125551514139
25115282010900,41,2004,2014,10,pn,hg_bayes,58.241180419921875,109.76221466064453,9.863361358642578,2099.555908203125,10914.1142578125,48.94125551514139
25115282010900,41,2004,2014,10,pn,hg_organon,58.241180419921875,109.76221466064453,9.863361358642578,2099.555908203125,10914.1142578125,48.94125551514139
25115282010900,41,2004,2014,10,pn,hg_conus_sp,58.2244873046875,109.7607192993164,9.862013816833496,1861.5714111328125,9598.7080078125,48.94125551514139
25115282010900,41,2004,2014,10,pn,hg_conus_clim,58.2244873046875,109.7607192993164,9.862013816833496,1861.5714111328125,9598.7080078125,48.94125551514139
29395038010497,41,2008,2018,10,pn,default,130.7579345703125,128.82716369628906,13.641640663146973,4087.873779296875,23209.01171875,123.73605418904717
29395038010497,41,2008,2018,10,pn,calibrated,130.24720764160156,128.19602966308594,13.64844799041748,4072.885009765625,23128.4140625,123.73605418904717
29395038010497,41,2008,2018,10,pn,hg_bayes,130.86456298828125,128.82704162597656,13.647207260131836,4894.7919921875,28434.080078125,123.73605418904717
29395038010497,41,2008,2018,10,pn,hg_organon,130.86456298828125,128.82704162597656,13.647207260131836,4894.7919921875,28434.080078125,123.73605418904717
29395038010497,41,2008,2018,10,pn,hg_conus_sp,130.78160095214844,128.82711791992188,13.642877578735352,4323.6494140625,24792.08203125,123.73605418904717
29395038010497,41,2008,2018,10,pn,hg_conus_clim,130.79843139648438,128.82708740234375,13.643756866455078,4183.591796875,23859.900390625,123.73605418904717
24840602010900,53,2004,2014,10,pn,default,180.47732543945312,94.1083984375,18.751388549804688,7949.80859375,49852.78125,114.5108112044484
24840602010900,53,2004,2014,10,pn,calibrated,179.88815307617188,93.8203125,18.74947738647461,7918.421875,49649.10546875,114.5108112044484
24840602010900,53,2004,2014,10,pn,hg_bayes,180.47732543945312,94.1083984375,18.751388549804688,8691.0419921875,55141.3046875,114.5108112044484
24840602010900,53,2004,2014,10,pn,hg_organon,180.47732543945312,94.1083984375,18.751388549804688,8691.0419921875,55141.3046875,114.5108112044484
24840602010900,53,2004,2014,10,pn,hg_conus_sp,180.47732543945312,94.1083984375,18.751388549804688,7899.55859375,49487.64453125,114.5108112044484
24840602010900,53,2004,2014,10,pn,hg_conus_clim,180.47732543945312,94.1083984375,18.751388549804688,7928.4384765625,49725.19140625,114.5108112044484
22953775010497,41,2007,2017,10,pn,default,132.59817504882812,85.41483306884766,16.87091064453125,5006.5751953125,29520.826171875,115.63733274489547
22953775010497,41,2007,2017,10,pn,calibrated,132.67056274414062,85.49142456054688,16.867950439453125,5008.869140625,29534.291015625,115.63733274489547
22953775010497,41,2007,2017,10,pn,hg_bayes,132.59779357910156,85.41483306884766,16.870885848999023,5499.8642578125,32869.35546875,115.63733274489547
22953775010497,41,2007,2017,10,pn,hg_organon,132.59779357910156,85.41483306884766,16.870885848999023,5499.8642578125,32869.35546875,115.63733274489547
22953775010497,41,2007,2017,10,pn,hg_conus_sp,132.59823608398438,85.41483306884766,16.870914459228516,5085.1943359375,30170.58984375,115.63733274489547
22953775010497,41,2007,2017,10,pn,hg_conus_clim,132.59779357910156,85.41483306884766,16.870885848999023,5441.86083984375,32561.4140625,115.63733274489547
30852231020004,41,2012,2022,10,pn,default,123.49849700927734,67.88545227050781,18.263280868530273,3913.208251953125,22321.0546875,96.04553036779637
30852231020004,41,2012,2022,10,pn,calibrated,123.245849609375,67.71463775634766,18.26758575439453,3906.267822265625,22284.73828125,96.04553036779637
30852231020004,41,2012,2022,10,pn,hg_bayes,123.63114166259766,67.88522338867188,18.273115158081055,4255.623046875,24782.236328125,96.04553036779637
30852231020004,41,2012,2022,10,pn,hg_organon,123.63114166259766,67.88522338867188,18.273115158081055,4255.623046875,24782.236328125,96.04553036779637
30852231020004,41,2012,2022,10,pn,hg_conus_sp,123.63114166259766,67.88522338867188,18.273115158081055,4016.704345703125,23122.18359375,96.04553036779637
30852231020004,41,2012,2022,10,pn,hg_conus_clim,123.63114166259766,67.88522338867188,18.273115158081055,4018.8916015625,23176.232421875,96.04553036779637
22398511010497,53,2003,2013,10,pn,default,144.268310546875,193.09088134765625,11.704177856445312,4223.6220703125,21578.185546875,16.061201315990466
22398511010497,53,2003,2013,10,pn,calibrated,141.46929931640625,186.98483276367188,11.777799606323242,4134.71826171875,21110.81640625,16.061201315990466
22398511010497,53,2003,2013,10,pn,hg_bayes,145.1731414794922,193.0848846435547,11.74100399017334,4682.01025390625,24435.177734375,16.061201315990466
22398511010497,53,2003,2013,10,pn,hg_organon,145.1731414794922,193.0848846435547,11.74100399017334,4682.01025390625,24435.177734375,16.061201315990466
22398511010497,53,2003,2013,10,pn,hg_conus_sp,144.9169921875,193.08653259277344,11.730594635009766,4436.45166015625,22870.62109375,16.061201315990466
22398511010497,53,2003,2013,10,pn,hg_conus_clim,144.961669921875,193.08621215820312,11.73241138458252,4417.8974609375,22715.849609375,16.061201315990466
8616710010901,53,2006,2016,10,pn,default,8.465301513671875,11.858508110046387,11.440433502197266,143.33221435546875,651.9872436523438,73.70745753642817
8616710010901,53,2006,2016,10,pn,calibrated,8.424150466918945,11.805583953857422,11.43814468383789,142.66688537597656,649.0394287109375,73.70745753642817
8616710010901,53,2006,2016,10,pn,hg_bayes,8.465301513671875,11.858508110046387,11.440433502197266,142.58645629882812,662.6346435546875,73.70745753642817
8616710010901,53,2006,2016,10,pn,hg_organon,8.465301513671875,11.858508110046387,11.440433502197266,142.58645629882812,662.6346435546875,73.70745753642817
8616710010901,53,2006,2016,10,pn,hg_conus_sp,8.465301513671875,11.858508110046387,11.440433502197266,122.0960693359375,476.86181640625,73.70745753642817
8616710010901,53,2006,2016,10,pn,hg_conus_clim,8.465301513671875,11.858508110046387,11.440433502197266,142.1521453857422,640.1864624023438,73.70745753642817
12980723010497,53,2005,2015,10,pn,default,118.29598999023438,48.57291030883789,21.13120460510254,4818.9482421875,29751.931640625,111.72718347279721
12980723010497,53,2005,2015,10,pn,calibrated,118.31449127197266,48.62165069580078,21.12225914001465,4820.89453125,29763.080078125,111.72718347279721
12980723010497,53,2005,2015,10,pn,hg_bayes,118.38409423828125,48.57270431518555,21.13911247253418,5189.5458984375,32593.361328125,111.72718347279721
12980723010497,53,2005,2015,10,pn,hg_organon,118.38409423828125,48.57270431518555,21.13911247253418,5189.5458984375,32593.361328125,111.72718347279721
12980723010497,53,2005,2015,10,pn,hg_conus_sp,118.29598999023438,48.57291030883789,21.13120460510254,5062.24951171875,31668.544921875,111.72718347279721
12980723010497,53,2005,2015,10,pn,hg_conus_clim,118.32279968261719,48.57283020019531,21.133615493774414,5090.951171875,31878.77734375,111.72718347279721
22932352010497,41,2008,2018,10,pn,default,230.50274658203125,76.94522857666016,23.43600082397461,8637.9560546875,54605.140625,213.58169131983118
22932352010497,41,2008,2018,10,pn,calibrated,229.2117462158203,75.80885314941406,23.544788360595703,8597.28515625,54368.796875,213.58169131983118
22932352010497,41,2008,2018,10,pn,hg_bayes,230.50274658203125,76.94522857666016,23.43600082397461,8882.650390625,56218.9453125,213.58169131983118
22932352010497,41,2008,2018,10,pn,hg_organon,230.50274658203125,76.94522857666016,23.43600082397461,8882.650390625,56218.9453125,213.58169131983118
22932352010497,41,2008,2018,10,pn,hg_conus_sp,230.50274658203125,76.94522857666016,23.43600082397461,8429.86328125,53055.02734375,213.58169131983118
22932352010497,41,2008,2018,10,pn,hg_conus_clim,230.50274658203125,76.94522857666016,23.43600082397461,8424.4033203125,53081.19921875,213.58169131983118
22954447010497,53,2007,2017,10,pn,default,135.65171813964844,185.53306579589844,11.578129768371582,3469.14453125,17805.712890625,145.43383133807296
22954447010497,53,2007,2017,10,pn,calibrated,135.13343811035156,184.96177673339844,11.57381820678711,3453.6552734375,17725.416015625,145.43383133807296
22954447010497,53,2007,2017,10,pn,hg_bayes,135.69497680664062,185.5328826904297,11.579978942871094,4197.11669921875,22293.947265625,145.43383133807296
22954447010497,53,2007,2017,10,pn,hg_organon,135.69497680664062,185.5328826904297,11.579978942871094,4197.11669921875,22293.947265625,145.43383133807296
22954447010497,53,2007,2017,10,pn,hg_conus_sp,135.65194702148438,185.53306579589844,11.578137397766113,3520.18896484375,18161.900390625,145.43383133807296
22954447010497,53,2007,2017,10,pn,hg_conus_clim,135.65199279785156,185.53306579589844,11.578139305114746,3526.138427734375,18189.125,145.43383133807296
41119523010497,41,2004,2014,10,pn,default,143.14663696289062,184.7525177001953,11.91877555847168,4133.1494140625,22363.3125,127.60611481805293
41119523010497,41,2004,2014,10,pn,calibrated,143.31341552734375,185.21360778808594,11.910865783691406,4136.39111328125,22378.375,127.60611481805293
41119523010497,41,2004,2014,10,pn,hg_bayes,143.75030517578125,184.78103637695312,11.942959785461426,4327.81396484375,23721.0234375,127.60611481805293
41119523010497,41,2004,2014,10,pn,hg_organon,143.75030517578125,184.78103637695312,11.942959785461426,4327.81396484375,23721.0234375,127.60611481805293
41119523010497,41,2004,2014,10,pn,hg_conus_sp,143.24899291992188,184.7639617919922,11.922667503356934,4178.5927734375,22748.740234375,127.60611481805293
41119523010497,41,2004,2014,10,pn,hg_conus_clim,143.36898803710938,184.75962829589844,11.927803039550781,4195.021484375,22846.10546875,127.60611481805293
22826974010497,53,2008,2017,9,pn,default,206.10406494140625,159.3826141357422,15.397814750671387,6821.42724609375,37887.359375,187.04224013549612
22826974010497,53,2008,2017,9,pn,calibrated,206.1710662841797,159.6255340576172,15.388593673706055,6826.24658203125,37912.5,187.04224013549612
22826974010497,53,2008,2017,9,pn,hg_bayes,206.10406494140625,159.3826141357422,15.397814750671387,7279.56201171875,40793.05859375,187.04224013549612
22826974010497,53,2008,2017,9,pn,hg_organon,206.10406494140625,159.3826141357422,15.397814750671387,7279.56201171875,40793.05859375,187.04224013549612
22826974010497,53,2008,2017,9,pn,hg_conus_sp,206.10406494140625,159.3826141357422,15.397814750671387,7055.10595703125,39297.921875,187.04224013549612
22826974010497,53,2008,2017,9,pn,hg_conus_clim,206.10406494140625,159.3826141357422,15.397814750671387,7048.15234375,39260.3046875,187.04224013549612
