PLOT,STATE,MEASYEAR1,MEASYEAR2,PERIOD_YR,variant,config,BA_PRED,TPA_PRED,QMD_PRED,MCuFt_PRED,BdFt_PRED,BA_OBS
158718482010854,13,1971,1982,11,sn,default,50.82819747924805,73.51667785644531,11.258895874023438,1132.2740478515625,3774.47412109375,105.36674475629852
158718482010854,13,1971,1982,11,sn,calibrated,50.56207275390625,72.9067153930664,11.27625846862793,1127.6759033203125,3762.4609375,105.36674475629852
158718482010854,13,1971,1982,11,sn,hg_bayes,50.77409744262695,73.51652526855469,11.252909660339355,1444.72509765625,4652.65771484375,105.36674475629852
158718482010854,13,1971,1982,11,sn,hg_organon,50.77409744262695,73.51652526855469,11.252909660339355,1444.72509765625,4652.65771484375,105.36674475629852
158718482010854,13,1971,1982,11,sn,hg_conus_sp,50.791259765625,73.51657104492188,11.25480842590332,1345.3267822265625,4440.333984375,105.36674475629852
158718482010854,13,1971,1982,11,sn,hg_conus_clim,50.82819747924805,73.51667785644531,11.258895874023438,1132.2740478515625,3774.47412109375,105.36674475629852
216219273020004,13,2014,2019,5,sn,default,13.69765567779541,23.603273391723633,10.315096855163574,263.15435791015625,508.68804931640625,13.52509423220522
216219273020004,13,2014,2019,5,sn,calibrated,13.425333023071289,23.07107162475586,10.329158782958984,257.9454650878906,504.658447265625,13.52509423220522
216219273020004,13,2014,2019,5,sn,hg_bayes,13.699308395385742,23.603269577026367,10.315719604492188,368.3886413574219,745.460205078125,13.52509423220522
216219273020004,13,2014,2019,5,sn,hg_organon,13.699308395385742,23.603269577026367,10.315719604492188,368.3886413574219,745.460205078125,13.52509423220522
216219273020004,13,2014,2019,5,sn,hg_conus_sp,13.699311256408691,23.603273391723633,10.315719604492188,351.522705078125,716.8206176757812,13.52509423220522
216219273020004,13,2014,2019,5,sn,hg_conus_clim,13.699313163757324,23.603269577026367,10.31572151184082,358.423583984375,724.8922729492188,13.52509423220522
61357366010478,13,2004,2009,5,sn,default,18.525413513183594,23.61347007751465,11.993346214294434,463.4493408203125,1687.409912109375,
61357366010478,13,2004,2009,5,sn,calibrated,18.232074737548828,23.151582717895508,12.016112327575684,456.43572998046875,1667.394775390625,
61357366010478,13,2004,2009,5,sn,hg_bayes,18.530166625976562,23.613468170166016,11.99488639831543,567.9439086914062,2061.400390625,
61357366010478,13,2004,2009,5,sn,hg_organon,18.530166625976562,23.613468170166016,11.99488639831543,567.9439086914062,2061.400390625,
61357366010478,13,2004,2009,5,sn,hg_conus_sp,18.52945327758789,23.61347007751465,11.994651794433594,538.5132446289062,1966.8192138671875,
61357366010478,13,2004,2009,5,sn,hg_conus_clim,18.524160385131836,23.61347770690918,11.992937088012695,542.936767578125,2035.475341796875,
22300805010478,1,2001,2006,5,sn,default,121.18643951416016,194.3504638671875,10.692285537719727,2882.83544921875,7980.03369140625,125.27244746014607
22300805010478,1,2001,2006,5,sn,calibrated,120.09546661376953,191.73223876953125,10.716476440429688,2858.970458984375,7945.0908203125,125.27244746014607
22300805010478,1,2001,2006,5,sn,hg_bayes,121.19145202636719,194.3444366455078,10.692670822143555,3283.7509765625,9070.4560546875,125.27244746014607
22300805010478,1,2001,2006,5,sn,hg_organon,121.19145202636719,194.3444366455078,10.692670822143555,3283.7509765625,9070.4560546875,125.27244746014607
22300805010478,1,2001,2006,5,sn,hg_conus_sp,121.16886901855469,194.3724822998047,10.69090461730957,3074.3037109375,8711.1025390625,125.27244746014607
22300805010478,1,2001,2006,5,sn,hg_conus_clim,121.16614532470703,194.3719940185547,10.690796852111816,2914.031005859375,8086.546875,125.27244746014607
216219421020004,13,2014,2020,6,sn,default,139.03407287597656,163.5279998779297,12.485357284545898,4016.468017578125,17189.25390625,153.02770733095477
216219421020004,13,2014,2020,6,sn,calibrated,138.40074157714844,162.2723846435547,12.504983901977539,4000.999267578125,17151.75,153.02770733095477
216219421020004,13,2014,2020,6,sn,hg_bayes,139.0394287109375,163.5228271484375,12.485791206359863,4550.6728515625,19575.171875,153.02770733095477
216219421020004,13,2014,2020,6,sn,hg_organon,139.0394287109375,163.5228271484375,12.485791206359863,4550.6728515625,19575.171875,153.02770733095477
216219421020004,13,2014,2020,6,sn,hg_conus_sp,139.02610778808594,163.53538513183594,12.48471450805664,4211.923828125,17893.73046875,153.02770733095477
216219421020004,13,2014,2020,6,sn,hg_conus_clim,139.03419494628906,163.5279083251953,12.485365867614746,4030.510498046875,17189.251953125,153.02770733095477
100597968010478,28,2007,2014,7,sn,default,33.07107162475586,59.282875061035156,10.11336898803711,573.7123413085938,1411.6173095703125,0.9220078920360295
100597968010478,28,2007,2014,7,sn,calibrated,32.98835754394531,59.09667205810547,10.11661148071289,572.5193481445312,1409.47314453125,0.9220078920360295
100597968010478,28,2007,2014,7,sn,hg_bayes,33.10273742675781,59.28276443481445,10.118218421936035,691.9115600585938,1870.84716796875,0.9220078920360295
100597968010478,28,2007,2014,7,sn,hg_organon,33.10273742675781,59.28276443481445,10.118218421936035,691.9115600585938,1870.84716796875,0.9220078920360295
100597968010478,28,2007,2014,7,sn,hg_conus_sp,33.0801887512207,59.282814025878906,10.114768028259277,670.0548706054688,1844.201171875,0.9220078920360295
100597968010478,28,2007,2014,7,sn,hg_conus_clim,33.07107162475586,59.282875061035156,10.11336898803711,573.7123413085938,1411.6173095703125,0.9220078920360295
158722965010854,13,1981,1988,7,sn,default,98.59626770019531,126.0084457397461,11.977516174316406,2377.915771484375,7421.19921875,130.40447783587132
158722965010854,13,1981,1988,7,sn,calibrated,96.94935607910156,123.2903823852539,12.007266998291016,2340.481201171875,7342.37060546875,130.40447783587132
158722965010854,13,1981,1988,7,sn,hg_bayes,98.63451385498047,126.00837707519531,11.979838371276855,3156.842041015625,10250.6416015625,130.40447783587132
158722965010854,13,1981,1988,7,sn,hg_organon,98.63451385498047,126.00837707519531,11.979838371276855,3156.842041015625,10250.6416015625,130.40447783587132
158722965010854,13,1981,1988,7,sn,hg_conus_sp,98.61788177490234,126.00843048095703,11.978826522827148,3184.48291015625,10754.6396484375,130.40447783587132
158722965010854,13,1981,1988,7,sn,hg_conus_clim,98.59626770019531,126.0084457397461,11.977516174316406,2377.915771484375,7421.19921875,130.40447783587132
160399080010854,28,1977,1987,10,sn,default,59.735626220703125,139.99827575683594,8.844874382019043,1175.221435546875,1337.236328125,83.96817425650404
160399080010854,28,1977,1987,10,sn,calibrated,59.24063491821289,138.6064910888672,8.852264404296875,1165.9273681640625,1334.750732421875,83.96817425650404
160399080010854,28,1977,1987,10,sn,hg_bayes,59.77225875854492,139.99807739257812,8.847591400146484,1602.373046875,1609.008544921875,83.96817425650404
160399080010854,28,1977,1987,10,sn,hg_organon,59.77225875854492,139.99807739257812,8.847591400146484,1602.373046875,1609.008544921875,83.96817425650404
160399080010854,28,1977,1987,10,sn,hg_conus_sp,59.766849517822266,139.9980926513672,8.847190856933594,1425.4324951171875,1520.4017333984375,83.96817425650404
160399080010854,28,1977,1987,10,sn,hg_conus_clim,59.735626220703125,139.99827575683594,8.844874382019043,1175.221435546875,1337.236328125,83.96817425650404
158715511010854,13,1971,1981,10,sn,default,177.4371337890625,260.6126708984375,11.172771453857422,4872.02783203125,17937.5859375,107.02635295976506
158715511010854,13,1971,1981,10,sn,calibrated,161.91192626953125,227.9081573486328,11.41289234161377,4485.29150390625,16921.16015625,107.02635295976506
158715511010854,13,1971,1981,10,sn,hg_bayes,177.3960418701172,260.66107177734375,11.170440673828125,6265.07470703125,23095.166015625,107.02635295976506
158715511010854,13,1971,1981,10,sn,hg_organon,177.3960418701172,260.66107177734375,11.170440673828125,6265.07470703125,23095.166015625,107.02635295976506
158715511010854,13,1971,1981,10,sn,hg_conus_sp,177.39662170410156,260.6593017578125,11.170493125915527,5722.125,21222.34765625,107.02635295976506
158715511010854,13,1971,1981,10,sn,hg_conus_clim,177.3624725341797,260.69586181640625,11.168633460998535,5783.91552734375,21584.548828125,107.02635295976506
282502672489998,13,2015,2021,6,sn,default,58.60070037841797,88.256591796875,11.033520698547363,1078.02099609375,3122.74169921875,65.28203191141114
282502672489998,13,2015,2021,6,sn,calibrated,58.33808898925781,87.6022720336914,11.049809455871582,1073.825927734375,3119.4169921875,65.28203191141114
282502672489998,13,2015,2021,6,sn,hg_bayes,58.62397766113281,88.25653076171875,11.035714149475098,1503.175048828125,4288.5634765625,65.28203191141114
282502672489998,13,2015,2021,6,sn,hg_organon,58.62397766113281,88.25653076171875,11.035714149475098,1503.175048828125,4288.5634765625,65.28203191141114
282502672489998,13,2015,2021,6,sn,hg_conus_sp,58.617774963378906,88.25654602050781,11.03513240814209,1375.7474365234375,3969.919921875,65.28203191141114
282502672489998,13,2015,2021,6,sn,hg_conus_clim,58.60070037841797,88.256591796875,11.033520698547363,1078.02099609375,3122.74169921875,65.28203191141114
162419313010854,45,1978,1986,8,sn,default,134.0113983154297,301.87921142578125,9.021744728088379,3173.31201171875,7328.30615234375,92.76402592744324
162419313010854,45,1978,1986,8,sn,calibrated,131.28982543945312,292.9387512207031,9.06490707397461,3118.89599609375,7288.5244140625,92.76402592744324
162419313010854,45,1978,1986,8,sn,hg_bayes,134.17575073242188,301.61834716796875,9.03117561340332,4118.33056640625,9164.5771484375,92.76402592744324
162419313010854,45,1978,1986,8,sn,hg_organon,134.17575073242188,301.61834716796875,9.03117561340332,4118.33056640625,9164.5771484375,92.76402592744324
162419313010854,45,1978,1986,8,sn,hg_conus_sp,134.0460968017578,301.82464599609375,9.02372932434082,3710.593505859375,8723.087890625,92.76402592744324
162419313010854,45,1978,1986,8,sn,hg_conus_clim,133.98703002929688,301.9169921875,9.02035903930664,3328.065185546875,7974.021484375,92.76402592744324
162414396010854,45,1966,1977,11,sn,default,136.62120056152344,208.51239013671875,10.960477828979492,3208.279296875,11998.91015625,146.91198279296557
162414396010854,45,1966,1977,11,sn,calibrated,131.1912841796875,195.0646514892578,11.104509353637695,3104.65966796875,11761.3115234375,146.91198279296557
162414396010854,45,1966,1977,11,sn,hg_bayes,136.7522735595703,208.5118865966797,10.965743064880371,4607.5537109375,16467.5703125,146.91198279296557
162414396010854,45,1966,1977,11,sn,hg_organon,136.7522735595703,208.5118865966797,10.965743064880371,4607.5537109375,16467.5703125,146.91198279296557
162414396010854,45,1966,1977,11,sn,hg_conus_sp,136.667724609375,208.51217651367188,10.962347984313965,4067.028564453125,14729.8984375,146.91198279296557
162414396010854,45,1966,1977,11,sn,hg_conus_clim,136.60824584960938,208.51243591308594,10.959956169128418,3365.472900390625,12079.080078125,146.91198279296557
162415882010854,45,1978,1986,8,sn,default,36.41184997558594,75.76821899414062,9.386726379394531,759.8373413085938,1757.2261962890625,57.63850586454937
162415882010854,45,1978,1986,8,sn,calibrated,36.197505950927734,75.11861419677734,9.399436950683594,755.6841430664062,1753.5269775390625,57.63850586454937
162415882010854,45,1978,1986,8,sn,hg_bayes,36.510494232177734,75.76815032958984,9.399436950683594,961.3143310546875,2218.611572265625,57.63850586454937
162415882010854,45,1978,1986,8,sn,hg_organon,36.510494232177734,75.76815032958984,9.399436950683594,961.3143310546875,2218.611572265625,57.63850586454937
162415882010854,45,1978,1986,8,sn,hg_conus_sp,36.514892578125,75.76815032958984,9.400002479553223,945.9901733398438,2136.40283203125,57.63850586454937
162415882010854,45,1978,1986,8,sn,hg_conus_clim,36.41184997558594,75.76821899414062,9.386726379394531,759.8373413085938,1757.2261962890625,57.63850586454937
198390889020004,28,2014,2020,6,sn,default,49.21015548706055,75.40022277832031,10.938993453979492,1195.7431640625,2553.515869140625,11.947042810369314
198390889020004,28,2014,2020,6,sn,calibrated,49.39480972290039,75.81534576416016,10.929452896118164,1199.7210693359375,2556.41552734375,11.947042810369314
198390889020004,28,2014,2020,6,sn,hg_bayes,49.223575592041016,75.40021514892578,10.940484046936035,1354.52099609375,2775.561767578125,11.947042810369314
198390889020004,28,2014,2020,6,sn,hg_organon,49.223575592041016,75.40021514892578,10.940484046936035,1354.52099609375,2775.561767578125,11.947042810369314
198390889020004,28,2014,2020,6,sn,hg_conus_sp,49.21973419189453,75.40021514892578,10.940057754516602,1271.5584716796875,2712.986083984375,11.947042810369314
198390889020004,28,2014,2020,6,sn,hg_conus_clim,49.21306610107422,75.40023803710938,10.939314842224121,1231.528076171875,2675.510009765625,11.947042810369314
162418183010854,45,1978,1986,8,sn,default,114.66588592529297,249.67361450195312,9.176288604736328,2552.52490234375,5977.00048828125,178.77556907737528
162418183010854,45,1978,1986,8,sn,calibrated,110.60684204101562,237.34860229492188,9.243446350097656,2472.481201171875,5904.94970703125,178.77556907737528
162418183010854,45,1978,1986,8,sn,hg_bayes,114.72891998291016,249.6734619140625,9.178812026977539,3487.975830078125,8080.3212890625,178.77556907737528
162418183010854,45,1978,1986,8,sn,hg_organon,114.72891998291016,249.6734619140625,9.178812026977539,3487.975830078125,8080.3212890625,178.77556907737528
162418183010854,45,1978,1986,8,sn,hg_conus_sp,114.6366195678711,249.67372131347656,9.175116539001465,3204.959716796875,7628.0478515625,178.77556907737528
162418183010854,45,1978,1986,8,sn,hg_conus_clim,114.48680877685547,249.6740264892578,9.169113159179688,3000.21826171875,7537.36279296875,178.77556907737528
158727466010854,13,1982,1988,6,sn,default,9.015917778015137,17.63466453552246,9.68183422088623,183.77166748046875,233.13827514648438,
158727466010854,13,1982,1988,6,sn,calibrated,8.791788101196289,17.160526275634766,9.691914558410645,179.2372283935547,232.08682250976562,
158727466010854,13,1982,1988,6,sn,hg_bayes,9.015909194946289,17.63466453552246,9.681829452514648,258.6384582519531,335.08837890625,
158727466010854,13,1982,1988,6,sn,hg_organon,9.015909194946289,17.63466453552246,9.681829452514648,258.6384582519531,335.08837890625,
158727466010854,13,1982,1988,6,sn,hg_conus_sp,9.015907287597656,17.63466453552246,9.681830406188965,246.48171997070312,307.3244934082031,
158727466010854,13,1982,1988,6,sn,hg_conus_clim,9.015909194946289,17.63466453552246,9.681830406188965,251.2950897216797,323.16656494140625,
43549010010478,1,1997,2004,7,sn,default,108.01887512207031,246.27342224121094,8.967622756958008,2479.562255859375,3159.607666015625,
43549010010478,1,1997,2004,7,sn,calibrated,106.13553619384766,240.59669494628906,8.993359565734863,2440.95068359375,3144.664794921875,
43549010010478,1,1997,2004,7,sn,hg_bayes,108.09334564208984,246.2733917236328,8.97071361541748,2937.78466796875,3532.751708984375,
43549010010478,1,1997,2004,7,sn,hg_organon,108.09334564208984,246.2733917236328,8.97071361541748,2937.78466796875,3532.751708984375,
43549010010478,1,1997,2004,7,sn,hg_conus_sp,108.0294189453125,246.27345275878906,8.968059539794922,2762.84375,3414.560302734375,
43549010010478,1,1997,2004,7,sn,hg_conus_clim,107.98875427246094,246.2735595703125,8.96636962890625,2548.9033203125,3230.207275390625,
548083451126144,28,2019,2024,5,sn,default,85.6927719116211,159.6481170654297,9.920336723327637,2373.556640625,3747.5458984375,91.51897612740301
548083451126144,28,2019,2024,5,sn,calibrated,85.49490356445312,159.12998962402344,9.924996376037598,2368.5517578125,3745.921142578125,91.51897612740301
548083451126144,28,2019,2024,5,sn,hg_bayes,85.68966674804688,159.6481170654297,9.920161247253418,2586.558349609375,3916.80859375,91.51897612740301
548083451126144,28,2019,2024,5,sn,hg_organon,85.68966674804688,159.6481170654297,9.920161247253418,2586.558349609375,3916.80859375,91.51897612740301
548083451126144,28,2019,2024,5,sn,hg_conus_sp,85.67769622802734,159.6481170654297,9.919466972351074,2469.19921875,3837.09375,91.51897612740301
548083451126144,28,2019,2024,5,sn,hg_conus_clim,85.68687438964844,159.6481170654297,9.91999626159668,2380.439208984375,3768.52001953125,91.51897612740301
157528848010854,1,1981,1990,9,sn,default,151.4700927734375,230.78237915039062,10.9697904586792,4508.87939453125,15545.9755859375,155.92113007529107
157528848010854,1,1981,1990,9,sn,calibrated,135.63388061523438,201.27589416503906,11.11538314819336,4037.2646484375,14381.41015625,155.92113007529107
157528848010854,1,1981,1990,9,sn,hg_bayes,151.4989013671875,230.75299072265625,10.971534729003906,5276.40283203125,18201.044921875,155.92113007529107
157528848010854,1,1981,1990,9,sn,hg_organon,151.4989013671875,230.75299072265625,10.971534729003906,5276.40283203125,18201.044921875,155.92113007529107
157528848010854,1,1981,1990,9,sn,hg_conus_sp,151.49411010742188,230.75401306152344,10.971339225769043,4958.77294921875,17248.96484375,155.92113007529107
157528848010854,1,1981,1990,9,sn,hg_conus_clim,151.43185424804688,230.81655883789062,10.967596054077148,4565.0615234375,15874.6640625,155.92113007529107
236616728010854,1,2010,2017,7,sn,default,83.73806762695312,198.7018280029297,8.790160179138184,1945.9039306640625,2881.584228515625,52.18441351906978
236616728010854,1,2010,2017,7,sn,calibrated,83.2780532836914,197.1020050048828,8.801488876342773,1937.1280517578125,2878.828369140625,52.18441351906978
236616728010854,1,2010,2017,7,sn,hg_bayes,83.77558135986328,198.70175170898438,8.792129516601562,2180.34375,3208.37646484375,52.18441351906978
236616728010854,1,2010,2017,7,sn,hg_organon,83.77558135986328,198.70175170898438,8.792129516601562,2180.34375,3208.37646484375,52.18441351906978
236616728010854,1,2010,2017,7,sn,hg_conus_sp,83.72528076171875,198.7018585205078,8.78948974609375,2025.835693359375,2995.643798828125,52.18441351906978
236616728010854,1,2010,2017,7,sn,hg_conus_clim,83.71216583251953,198.7018585205078,8.788801193237305,1997.490966796875,2923.587890625,52.18441351906978
236617690010854,1,2010,2017,7,sn,default,6.295701026916504,23.430635452270508,7.018855571746826,61.08153533935547,0.0,96.51509028331873
236617690010854,1,2010,2017,7,sn,calibrated,6.1148481369018555,22.70824432373047,7.026472568511963,59.38837432861328,0.0,96.51509028331873
236617690010854,1,2010,2017,7,sn,hg_bayes,6.295649528503418,23.430635452270508,7.018826484680176,145.1329803466797,0.0,96.51509028331873
236617690010854,1,2010,2017,7,sn,hg_organon,6.295649528503418,23.430635452270508,7.018826484680176,145.1329803466797,0.0,96.51509028331873
236617690010854,1,2010,2017,7,sn,hg_conus_sp,6.295661926269531,23.430635452270508,7.018833637237549,134.75831604003906,0.0,96.51509028331873
236617690010854,1,2010,2017,7,sn,hg_conus_clim,6.295653820037842,23.430635452270508,7.018830299377441,137.88255310058594,0.0,96.51509028331873
236495425010854,13,2011,2017,6,sn,default,101.44202423095703,146.01736450195312,11.286079406738281,3028.859619140625,8791.37109375,89.27705904550297
236495425010854,13,2011,2017,6,sn,calibrated,101.60176849365234,146.3746795654297,11.281166076660156,3033.12158203125,8795.0244140625,89.27705904550297
236495425010854,13,2011,2017,6,sn,hg_bayes,101.47950744628906,146.01731872558594,11.288162231445312,3182.057861328125,9176.9658203125,89.27705904550297
236495425010854,13,2011,2017,6,sn,hg_organon,101.47950744628906,146.01731872558594,11.288162231445312,3182.057861328125,9176.9658203125,89.27705904550297
236495425010854,13,2011,2017,6,sn,hg_conus_sp,101.44457244873047,146.01736450195312,11.286218643188477,3063.84765625,8959.4169921875,89.27705904550297
236495425010854,13,2011,2017,6,sn,hg_conus_clim,101.44113159179688,146.0173797607422,11.286029815673828,3023.048828125,8791.37109375,89.27705904550297
22304323010478,1,2001,2006,5,sn,default,72.63477325439453,100.41484069824219,11.516213417053223,2172.71484375,8195.5302734375,64.46630956888622
22304323010478,1,2001,2006,5,sn,calibrated,72.2806625366211,99.69247436523438,11.529647827148438,2163.828369140625,8179.8154296875,64.46630956888622
22304323010478,1,2001,2006,5,sn,hg_bayes,72.61180114746094,100.41484832763672,11.514391899108887,2319.01611328125,8802.35546875,64.46630956888622
22304323010478,1,2001,2006,5,sn,hg_organon,72.61180114746094,100.41484832763672,11.514391899108887,2319.01611328125,8802.35546875,64.46630956888622
22304323010478,1,2001,2006,5,sn,hg_conus_sp,72.61336517333984,100.41484069824219,11.51451301574707,2245.644775390625,8511.17578125,64.46630956888622
22304323010478,1,2001,2006,5,sn,hg_conus_clim,72.61152648925781,100.41484069824219,11.514371871948242,2225.351318359375,8422.7822265625,64.46630956888622
158714446010854,13,1971,1981,10,sn,default,71.58112335205078,181.3773651123047,8.506363868713379,1399.804443359375,1355.3255615234375,119.36551099825721
158714446010854,13,1971,1981,10,sn,calibrated,71.86602020263672,182.33680725097656,8.500823020935059,1404.890380859375,1355.532470703125,119.36551099825721
158714446010854,13,1971,1981,10,sn,hg_bayes,71.62503051757812,181.3770751953125,8.508979797363281,2066.831787109375,1833.1304931640625,119.36551099825721
158714446010854,13,1971,1981,10,sn,hg_organon,71.62503051757812,181.3770751953125,8.508979797363281,2066.831787109375,1833.1304931640625,119.36551099825721
158714446010854,13,1971,1981,10,sn,hg_conus_sp,71.60260009765625,181.37713623046875,8.507646560668945,1796.9237060546875,1698.21435546875,119.36551099825721
158714446010854,13,1971,1981,10,sn,hg_conus_clim,71.58112335205078,181.3773651123047,8.506363868713379,1399.804443359375,1355.3255615234375,119.36551099825721
635664036126144,13,2019,2024,5,sn,default,98.9430160522461,129.01864624023438,11.857760429382324,3467.840576171875,15530.7900390625,105.1287609420839
635664036126144,13,2019,2024,5,sn,calibrated,99.01477813720703,129.15948486328125,11.855589866638184,3470.13623046875,15538.126953125,105.1287609420839
635664036126144,13,2019,2024,5,sn,hg_bayes,98.94896697998047,129.01864624023438,11.858116149902344,3700.977294921875,16747.75390625,105.1287609420839
635664036126144,13,2019,2024,5,sn,hg_organon,98.94896697998047,129.01864624023438,11.858116149902344,3700.977294921875,16747.75390625,105.1287609420839
635664036126144,13,2019,2024,5,sn,hg_conus_sp,98.94416809082031,129.01864624023438,11.857827186584473,3581.503662109375,16191.0712890625,105.1287609420839
635664036126144,13,2019,2024,5,sn,hg_conus_clim,98.9430160522461,129.01864624023438,11.857760429382324,3467.840576171875,15530.7900390625,105.1287609420839
189296052020004,1,2014,2021,7,sn,default,22.170604705810547,64.61968231201172,7.931268215179443,371.87841796875,0.0,88.4066888022845
189296052020004,1,2014,2021,7,sn,calibrated,21.98863410949707,64.01008605957031,7.936174392700195,368.934814453125,0.0,88.4066888022845
189296052020004,1,2014,2021,7,sn,hg_bayes,22.089496612548828,64.61990356445312,7.9167351722717285,554.60498046875,0.0,88.4066888022845
189296052020004,1,2014,2021,7,sn,hg_organon,22.089496612548828,64.61990356445312,7.9167351722717285,554.60498046875,0.0,88.4066888022845
189296052020004,1,2014,2021,7,sn,hg_conus_sp,22.092145919799805,64.61990356445312,7.917209148406982,514.6527099609375,0.0,88.4066888022845
189296052020004,1,2014,2021,7,sn,hg_conus_clim,22.061819076538086,64.6199722290039,7.91176700592041,452.68267822265625,0.0,88.4066888022845
162418630010854,45,1978,1986,8,sn,default,26.330060958862305,22.732406616210938,14.572683334350586,630.4442749023438,2126.250732421875,35.5839059923026
162418630010854,45,1978,1986,8,sn,calibrated,26.703857421875,23.116296768188477,14.553390502929688,638.8641357421875,2150.234619140625,35.5839059923026
162418630010854,45,1978,1986,8,sn,hg_bayes,26.335113525390625,22.732402801513672,14.574082374572754,844.6625366210938,3311.8388671875,35.5839059923026
162418630010854,45,1978,1986,8,sn,hg_organon,26.335113525390625,22.732402801513672,14.574082374572754,844.6625366210938,3311.8388671875,35.5839059923026
162418630010854,45,1978,1986,8,sn,hg_conus_sp,26.334716796875,22.73240089416504,14.573974609375,776.3187255859375,2888.896240234375,35.5839059923026
162418630010854,45,1978,1986,8,sn,hg_conus_clim,26.330060958862305,22.732406616210938,14.572683334350586,630.4442749023438,2126.250732421875,35.5839059923026
259082515010854,13,2012,2018,6,sn,default,87.0483169555664,164.2916717529297,9.856184005737305,2154.492919921875,5242.79443359375,119.51935187652685
259082515010854,13,2012,2018,6,sn,calibrated,87.10554504394531,164.45399475097656,9.854555130004883,2155.835693359375,5244.09130859375,119.51935187652685
259082515010854,13,2012,2018,6,sn,hg_bayes,87.08984375,164.29161071777344,9.858537673950195,2517.562255859375,6222.07470703125,119.51935187652685
259082515010854,13,2012,2018,6,sn,hg_organon,87.08984375,164.29161071777344,9.858537673950195,2517.562255859375,6222.07470703125,119.51935187652685
259082515010854,13,2012,2018,6,sn,hg_conus_sp,87.0615463256836,164.2916259765625,9.856931686401367,2361.66064453125,5874.7734375,119.51935187652685
259082515010854,13,2012,2018,6,sn,hg_conus_clim,87.0483169555664,164.2916717529297,9.856184005737305,2154.492919921875,5242.79443359375,119.51935187652685
61089209010478,13,1999,2009,10,sn,default,77.9822769165039,132.22779846191406,10.398550987243652,2484.364990234375,8099.982421875,67.95286787349627
61089209010478,13,1999,2009,10,sn,calibrated,77.3414535522461,130.55970764160156,10.421684265136719,2466.833251953125,8071.65234375,67.95286787349627
61089209010478,13,1999,2009,10,sn,hg_bayes,78.05083465576172,132.2275390625,10.403130531311035,2766.327880859375,9260.1787109375,67.95286787349627
61089209010478,13,1999,2009,10,sn,hg_organon,78.05083465576172,132.2275390625,10.403130531311035,2766.327880859375,9260.1787109375,67.95286787349627
61089209010478,13,1999,2009,10,sn,hg_conus_sp,77.98573303222656,132.22767639160156,10.398787498474121,2546.06103515625,8516.7001953125,67.95286787349627
61089209010478,13,1999,2009,10,sn,hg_conus_clim,77.9822769165039,132.22779846191406,10.398550987243652,2484.364990234375,8099.982421875,67.95286787349627
197125854010854,28,2010,2016,6,sn,default,26.06057357788086,82.37152862548828,7.616223335266113,475.0472717285156,0.0,71.61059990432963
197125854010854,28,2010,2016,6,sn,calibrated,25.773914337158203,81.28963470458984,7.624456405639648,470.2796630859375,0.0,71.61059990432963
197125854010854,28,2010,2016,6,sn,hg_bayes,26.05042266845703,82.37157440185547,7.614739894866943,626.6864624023438,0.0,71.61059990432963
197125854010854,28,2010,2016,6,sn,hg_organon,26.05042266845703,82.37157440185547,7.614739894866943,626.6864624023438,0.0,71.61059990432963
197125854010854,28,2010,2016,6,sn,hg_conus_sp,26.04890251159668,82.3715591430664,7.6145172119140625,591.74072265625,0.0,71.61059990432963
197125854010854,28,2010,2016,6,sn,hg_conus_clim,26.02497100830078,82.37161254882812,7.611016273498535,553.7476806640625,0.0,71.61059990432963
24020808010478,45,2002,2007,5,sn,default,134.30148315429688,503.4195556640625,6.993774890899658,1620.091796875,0.0,85.90923920270862
24020808010478,45,2002,2007,5,sn,calibrated,133.83990478515625,500.9601135253906,6.998862266540527,1616.01025390625,0.0,85.90923920270862
24020808010478,45,2002,2007,5,sn,hg_bayes,134.30393981933594,503.4152526855469,6.993866443634033,2782.98193359375,0.0,85.90923920270862
24020808010478,45,2002,2007,5,sn,hg_organon,134.30393981933594,503.4152526855469,6.993866443634033,2782.98193359375,0.0,85.90923920270862
24020808010478,45,2002,2007,5,sn,hg_conus_sp,134.30145263671875,503.4192199707031,6.993776798248291,2592.595703125,0.0,85.90923920270862
24020808010478,45,2002,2007,5,sn,hg_conus_clim,134.30101013183594,503.4205322265625,6.993755340576172,2542.760986328125,0.0,85.90923920270862
158712944010854,13,1971,1980,9,sn,default,63.520164489746094,89.2382583618164,11.423957824707031,1245.4127197265625,4388.228515625,62.92706567754514
158712944010854,13,1971,1980,9,sn,calibrated,61.60478210449219,85.4251937866211,11.498747825622559,1211.4415283203125,4297.9150390625,62.92706567754514
158712944010854,13,1971,1980,9,sn,hg_bayes,63.54751205444336,89.2382583618164,11.426417350769043,1936.8931884765625,6969.91796875,62.92706567754514
158712944010854,13,1971,1980,9,sn,hg_organon,63.54751205444336,89.2382583618164,11.426417350769043,1936.8931884765625,6969.91796875,62.92706567754514
158712944010854,13,1971,1980,9,sn,hg_conus_sp,63.55329513549805,89.23822021484375,11.426936149597168,2119.4609375,7523.1708984375,62.92706567754514
158712944010854,13,1971,1980,9,sn,hg_conus_clim,63.520164489746094,89.2382583618164,11.423957824707031,1245.4127197265625,4388.228515625,62.92706567754514
175742586010854,1,2010,2017,7,sn,default,116.81727600097656,181.56011962890625,10.86124324798584,2935.872314453125,9089.9921875,143.45222686106416
175742586010854,1,2010,2017,7,sn,calibrated,114.17375946044922,175.82708740234375,10.911304473876953,2873.938232421875,8978.5771484375,143.45222686106416
175742586010854,1,2010,2017,7,sn,hg_bayes,116.82902526855469,181.5601043701172,10.861791610717773,3689.505859375,11526.8349609375,143.45222686106416
175742586010854,1,2010,2017,7,sn,hg_organon,116.82902526855469,181.5601043701172,10.861791610717773,3689.505859375,11526.8349609375,143.45222686106416
175742586010854,1,2010,2017,7,sn,hg_conus_sp,116.81524658203125,181.56011962890625,10.861152648925781,3443.815185546875,10753.537109375,143.45222686106416
175742586010854,1,2010,2017,7,sn,hg_conus_clim,116.80718231201172,181.56015014648438,10.860776901245117,3500.19189453125,10979.947265625,143.45222686106416
22347825010478,1,2004,2012,8,sn,default,113.67900085449219,127.68611145019531,12.776287078857422,3778.724609375,17536.04296875,153.00094547028397
22347825010478,1,2004,2012,8,sn,calibrated,112.85149383544922,126.13678741455078,12.807638168334961,3754.78759765625,17459.4921875,153.00094547028397
22347825010478,1,2004,2012,8,sn,hg_bayes,113.7747802734375,127.68592071533203,12.781675338745117,4408.7607421875,19506.47265625,153.00094547028397
22347825010478,1,2004,2012,8,sn,hg_organon,113.7747802734375,127.68592071533203,12.781675338745117,4408.7607421875,19506.47265625,153.00094547028397
22347825010478,1,2004,2012,8,sn,hg_conus_sp,113.72187042236328,127.68598937988281,12.778698921203613,4095.83349609375,18674.779296875,153.00094547028397
22347825010478,1,2004,2012,8,sn,hg_conus_clim,113.66486358642578,127.6861343383789,12.77548885345459,3828.575439453125,17685.7734375,153.00094547028397
43571186010478,1,1997,2002,5,sn,default,104.30622863769531,188.4979705810547,10.072518348693848,2370.954833984375,2721.205322265625,80.94515679177998
43571186010478,1,1997,2002,5,sn,calibrated,104.27452850341797,188.42747497558594,10.072872161865234,2370.23828125,2721.063232421875,80.94515679177998
43571186010478,1,1997,2002,5,sn,hg_bayes,104.35189056396484,188.49786376953125,10.074726104736328,2728.780029296875,3257.733154296875,80.94515679177998
43571186010478,1,1997,2002,5,sn,hg_organon,104.35189056396484,188.49786376953125,10.074726104736328,2728.780029296875,3257.733154296875,80.94515679177998
43571186010478,1,1997,2002,5,sn,hg_conus_sp,104.30467987060547,188.4979248046875,10.07244873046875,2548.1484375,3159.290771484375,80.94515679177998
43571186010478,1,1997,2002,5,sn,hg_conus_clim,104.30587005615234,188.4979705810547,10.072500228881836,2369.06787109375,2721.205322265625,80.94515679177998
198390888020004,28,2014,2020,6,sn,default,125.39136505126953,205.98138427734375,10.564677238464355,3041.671630859375,10590.5576171875,
198390888020004,28,2014,2020,6,sn,calibrated,123.40992736816406,200.43820190429688,10.624809265136719,3000.612060546875,10528.111328125,
198390888020004,28,2014,2020,6,sn,hg_bayes,125.34579467773438,205.98153686523438,10.56275463104248,3571.140625,12384.4501953125,
198390888020004,28,2014,2020,6,sn,hg_organon,125.34579467773438,205.98153686523438,10.56275463104248,3571.140625,12384.4501953125,
198390888020004,28,2014,2020,6,sn,hg_conus_sp,125.33013916015625,205.98150634765625,10.562089920043945,3366.95166015625,11598.189453125,
198390888020004,28,2014,2020,6,sn,hg_conus_clim,125.31417846679688,205.98150634765625,10.561419486999512,3219.561767578125,10950.2685546875,
76358540010478,13,2005,2010,5,sn,default,109.86690521240234,236.52635192871094,9.228477478027344,2832.95654296875,7172.08056640625,135.58408370621686
76358540010478,13,2005,2010,5,sn,calibrated,108.85576629638672,233.2561798095703,9.250078201293945,2809.966552734375,7147.939453125,135.58408370621686
76358540010478,13,2005,2010,5,sn,hg_bayes,109.86705780029297,236.52630615234375,9.228480339050293,3173.089599609375,7961.4853515625,135.58408370621686
76358540010478,13,2005,2010,5,sn,hg_organon,109.86705780029297,236.52630615234375,9.228480339050293,3173.089599609375,7961.4853515625,135.58408370621686
76358540010478,13,2005,2010,5,sn,hg_conus_sp,109.84698486328125,236.52638244628906,9.227635383605957,2954.1845703125,7580.94970703125,135.58408370621686
76358540010478,13,2005,2010,5,sn,hg_conus_clim,109.85273742675781,236.5263671875,9.22787857055664,2905.432373046875,7377.87548828125,135.58408370621686
157528221010854,1,1982,1990,8,sn,default,83.87437438964844,202.5830841064453,8.712631225585938,1834.1207275390625,2189.482177734375,121.15616463822735
157528221010854,1,1982,1990,8,sn,calibrated,83.91313934326172,202.7010955810547,8.712108612060547,1834.887939453125,2189.596923828125,121.15616463822735
157528221010854,1,1982,1990,8,sn,hg_bayes,83.90819549560547,202.5829315185547,8.71438980102539,2340.607177734375,2665.469482421875,121.15616463822735
157528221010854,1,1982,1990,8,sn,hg_organon,83.90819549560547,202.5829315185547,8.71438980102539,2340.607177734375,2665.469482421875,121.15616463822735
157528221010854,1,1982,1990,8,sn,hg_conus_sp,83.85926055908203,202.5830841064453,8.711846351623535,2124.995849609375,2509.260498046875,121.15616463822735
157528221010854,1,1982,1990,8,sn,hg_conus_clim,83.85984802246094,202.58311462402344,8.711875915527344,1890.09228515625,2169.82421875,121.15616463822735
158725519010854,13,1981,1988,7,sn,default,138.4719696044922,393.3008117675781,8.034427642822266,2759.04736328125,4510.990234375,157.74220957383298
158725519010854,13,1981,1988,7,sn,calibrated,136.89907836914062,387.11029052734375,8.052288055419922,2732.653564453125,4504.07666015625,157.74220957383298
158725519010854,13,1981,1988,7,sn,hg_bayes,138.55227661132812,393.1824645996094,8.0379638671875,4051.28759765625,5850.751953125,157.74220957383298
158725519010854,13,1981,1988,7,sn,hg_organon,138.55227661132812,393.1824645996094,8.0379638671875,4051.28759765625,5850.751953125,157.74220957383298
158725519010854,13,1981,1988,7,sn,hg_conus_sp,138.5657501220703,393.16204833984375,8.03856372833252,4337.26513671875,6297.87158203125,157.74220957383298
158725519010854,13,1981,1988,7,sn,hg_conus_clim,138.4719696044922,393.3008117675781,8.034427642822266,2759.04736328125,4510.990234375,157.74220957383298
158716544010854,13,1972,1982,10,sn,default,84.5840072631836,168.12594604492188,9.604243278503418,1811.471435546875,3563.689453125,128.2823603798072
158716544010854,13,1972,1982,10,sn,calibrated,83.61311340332031,165.707763671875,9.61838150024414,1790.62890625,3545.68408203125,128.2823603798072
158716544010854,13,1972,1982,10,sn,hg_bayes,84.6584701538086,168.1259307861328,9.608468055725098,2483.33740234375,4866.55712890625,128.2823603798072
158716544010854,13,1972,1982,10,sn,hg_organon,84.6584701538086,168.1259307861328,9.608468055725098,2483.33740234375,4866.55712890625,128.2823603798072
158716544010854,13,1972,1982,10,sn,hg_conus_sp,84.62076568603516,168.1259765625,9.60632610321045,2252.419921875,4470.69775390625,128.2823603798072
158716544010854,13,1972,1982,10,sn,hg_conus_clim,84.59831237792969,168.1259002685547,9.60505199432373,1815.7078857421875,3563.690185546875,128.2823603798072
106286383010478,1,2007,2013,6,sn,default,92.35214233398438,87.69178009033203,13.895699501037598,3126.511474609375,14737.3359375,63.90869847339345
106286383010478,1,2007,2013,6,sn,calibrated,92.22232055664062,87.5103530883789,13.900314331054688,3122.734619140625,14726.78125,63.90869847339345
106286383010478,1,2007,2013,6,sn,hg_bayes,92.37743377685547,87.69172668457031,13.897605895996094,3298.539306640625,15747.390625,63.90869847339345
106286383010478,1,2007,2013,6,sn,hg_organon,92.37743377685547,87.69172668457031,13.897605895996094,3298.539306640625,15747.390625,63.90869847339345
106286383010478,1,2007,2013,6,sn,hg_conus_sp,92.35540008544922,87.6917724609375,13.895941734313965,3160.338623046875,14902.00390625,63.90869847339345
106286383010478,1,2007,2013,6,sn,hg_conus_clim,92.3806381225586,87.6917495727539,13.897845268249512,3211.092529296875,15288.5458984375,63.90869847339345
160401302010854,28,1986,1993,7,sn,default,89.35258483886719,114.95795440673828,11.937692642211914,2510.5205078125,9699.314453125,94.59511002833662
160401302010854,28,1986,1993,7,sn,calibrated,88.58409881591797,113.58393859863281,11.95792007446289,2489.7734375,9639.05859375,94.59511002833662
160401302010854,28,1986,1993,7,sn,hg_bayes,89.37528228759766,114.95787811279297,11.939214706420898,3014.853515625,11793.068359375,94.59511002833662
160401302010854,28,1986,1993,7,sn,hg_organon,89.37528228759766,114.95787811279297,11.939214706420898,3014.853515625,11793.068359375,94.59511002833662
160401302010854,28,1986,1993,7,sn,hg_conus_sp,89.35972595214844,114.95793151855469,11.938167572021484,2804.859130859375,10864.3310546875,94.59511002833662
160401302010854,28,1986,1993,7,sn,hg_conus_clim,89.29415130615234,114.9580307006836,11.933782577514648,2729.95703125,10750.8828125,94.59511002833662
162412626010854,45,1968,1978,10,sn,default,199.96728515625,340.2791748046875,10.380017280578613,4927.93896484375,13483.126953125,104.70877443953304
162412626010854,45,1968,1978,10,sn,calibrated,178.6671905517578,284.8463439941406,10.723913192749023,4474.9873046875,12842.853515625,104.70877443953304
162412626010854,45,1968,1978,10,sn,hg_bayes,199.9729461669922,339.64862060546875,10.389796257019043,6550.58056640625,17407.953125,104.70877443953304
162412626010854,45,1968,1978,10,sn,hg_organon,199.9729461669922,339.64862060546875,10.389796257019043,6550.58056640625,17407.953125,104.70877443953304
162412626010854,45,1968,1978,10,sn,hg_conus_sp,199.96994018554688,340.2843933105469,10.380006790161133,5720.25,15882.45703125,104.70877443953304
162412626010854,45,1968,1978,10,sn,hg_conus_clim,199.96725463867188,340.2740478515625,10.380095481872559,4939.20263671875,13544.619140625,104.70877443953304
451407629489998,28,2017,2024,7,sn,default,31.602807998657227,17.485319137573242,18.203811645507812,1166.4266357421875,5882.91748046875,77.67685068514027
451407629489998,28,2017,2024,7,sn,calibrated,31.32588005065918,17.29590606689453,18.222848892211914,1156.4091796875,5836.05419921875,77.67685068514027
451407629489998,28,2017,2024,7,sn,hg_bayes,31.58253288269043,17.485347747802734,18.197956085205078,1249.04248046875,6326.8662109375,77.67685068514027
451407629489998,28,2017,2024,7,sn,hg_organon,31.58253288269043,17.485347747802734,18.197956085205078,1249.04248046875,6326.8662109375,77.67685068514027
451407629489998,28,2017,2024,7,sn,hg_conus_sp,31.593748092651367,17.485328674316406,18.20119857788086,1204.40771484375,6147.2197265625,77.67685068514027
451407629489998,28,2017,2024,7,sn,hg_conus_clim,31.602807998657227,17.485319137573242,18.203811645507812,1166.4266357421875,5882.91748046875,77.67685068514027
158727064010854,13,1982,1989,7,sn,default,78.2129898071289,120.44002532958984,10.911645889282227,1577.9869384765625,2379.7255859375,51.980193840014586
158727064010854,13,1982,1989,7,sn,calibrated,77.99636840820312,120.05826568603516,10.913838386535645,1573.768798828125,2377.639892578125,51.980193840014586
158727064010854,13,1982,1989,7,sn,hg_bayes,78.30197143554688,120.43992614746094,10.917856216430664,1670.7855224609375,2379.736083984375,51.980193840014586
158727064010854,13,1982,1989,7,sn,hg_organon,78.30197143554688,120.43992614746094,10.917856216430664,1670.7855224609375,2379.736083984375,51.980193840014586
158727064010854,13,1982,1989,7,sn,hg_conus_sp,78.24882507324219,120.44000244140625,10.914148330688477,1623.0531005859375,2379.732177734375,51.980193840014586
158727064010854,13,1982,1989,7,sn,hg_conus_clim,78.2129898071289,120.44002532958984,10.911645889282227,1577.9869384765625,2379.7255859375,51.980193840014586
158714338010854,13,1970,1980,10,sn,default,37.99756622314453,71.20256042480469,9.89159870147705,809.3045654296875,2543.05029296875,86.92120456147921
158714338010854,13,1970,1980,10,sn,calibrated,37.819522857666016,70.70580291748047,9.903000831604004,805.9556884765625,2536.445556640625,86.92120456147921
158714338010854,13,1970,1980,10,sn,hg_bayes,38.08232498168945,71.20248413085938,9.902627944946289,1095.4981689453125,3431.35009765625,86.92120456147921
158714338010854,13,1970,1980,10,sn,hg_organon,38.08232498168945,71.20248413085938,9.902627944946289,1095.4981689453125,3431.35009765625,86.92120456147921
158714338010854,13,1970,1980,10,sn,hg_conus_sp,38.09443664550781,71.20246124267578,9.904204368591309,1084.9249267578125,3416.336669921875,86.92120456147921
158714338010854,13,1970,1980,10,sn,hg_conus_clim,37.99756622314453,71.20256042480469,9.89159870147705,809.3045654296875,2543.05029296875,86.92120456147921
106287071010478,1,2007,2014,7,sn,default,75.9347915649414,146.40855407714844,9.751548767089844,1649.5655517578125,2193.44482421875,89.93190360291892
106287071010478,1,2007,2014,7,sn,calibrated,75.53839111328125,145.30491638183594,9.762927055358887,1642.162353515625,2191.196044921875,89.93190360291892
106287071010478,1,2007,2014,7,sn,hg_bayes,75.93110656738281,146.40853881835938,9.75130844116211,2007.09375,2751.595947265625,89.93190360291892
106287071010478,1,2007,2014,7,sn,hg_organon,75.93110656738281,146.40853881835938,9.75130844116211,2007.09375,2751.595947265625,89.93190360291892
106287071010478,1,2007,2014,7,sn,hg_conus_sp,75.89564514160156,146.40863037109375,9.749030113220215,1856.7239990234375,2628.228515625,89.93190360291892
106287071010478,1,2007,2014,7,sn,hg_conus_clim,75.88170623779297,146.4086456298828,9.748130798339844,1716.2821044921875,2335.14794921875,89.93190360291892
85239084010478,28,2006,2011,5,sn,default,243.07469177246094,111.85933685302734,19.960439682006836,7844.19287109375,43272.03125,102.63730146247713
85239084010478,28,2006,2011,5,sn,calibrated,243.07469177246094,111.85933685302734,19.960439682006836,7844.19287109375,43272.03125,102.63730146247713
85239084010478,28,2006,2011,5,sn,hg_bayes,243.0894775390625,111.85250854492188,19.961650848388672,8594.93359375,47806.9921875,102.63730146247713
85239084010478,28,2006,2011,5,sn,hg_organon,243.0894775390625,111.85250854492188,19.961650848388672,8594.93359375,47806.9921875,102.63730146247713
85239084010478,28,2006,2011,5,sn,hg_conus_sp,243.079345703125,111.85751342773438,19.960792541503906,8150.37890625,45070.28125,102.63730146247713
85239084010478,28,2006,2011,5,sn,hg_conus_clim,243.07469177246094,111.85933685302734,19.960439682006836,7844.19287109375,43272.03125,102.63730146247713
158712558010854,13,1970,1981,11,sn,default,114.21002960205078,290.91351318359375,8.484113693237305,1899.38330078125,1417.4769287109375,
158712558010854,13,1970,1981,11,sn,calibrated,107.00092315673828,266.5075988769531,8.57976245880127,1795.0660400390625,1412.2130126953125,
158712558010854,13,1970,1981,11,sn,hg_bayes,114.35802459716797,290.7021179199219,8.492697715759277,3590.34521484375,2587.314453125,
158712558010854,13,1970,1981,11,sn,hg_organon,114.35802459716797,290.7021179199219,8.492697715759277,3590.34521484375,2587.314453125,
158712558010854,13,1970,1981,11,sn,hg_conus_sp,114.2792739868164,290.7358703613281,8.489278793334961,3811.3955078125,2835.875,
158712558010854,13,1970,1981,11,sn,hg_conus_clim,114.21002960205078,290.91351318359375,8.484113693237305,1899.38330078125,1417.4769287109375,
488022715489998,45,2019,2024,5,sn,default,164.5557861328125,105.71569061279297,16.893634796142578,5646.20263671875,30404.9921875,191.9738587343752
488022715489998,45,2019,2024,5,sn,calibrated,146.71871948242188,88.01657104492188,17.482229232788086,5094.8779296875,27978.34765625,191.9738587343752
488022715489998,45,2019,2024,5,sn,hg_bayes,164.55531311035156,105.71575164794922,16.89361000061035,6112.9912109375,33312.0703125,191.9738587343752
488022715489998,45,2019,2024,5,sn,hg_organon,164.55531311035156,105.71575164794922,16.89361000061035,6112.9912109375,33312.0703125,191.9738587343752
488022715489998,45,2019,2024,5,sn,hg_conus_sp,164.5533905029297,105.71763610839844,16.893360137939453,5898.9482421875,31892.52734375,191.9738587343752
488022715489998,45,2019,2024,5,sn,hg_conus_clim,164.5558624267578,105.71566009521484,16.89364242553711,5661.03759765625,30473.576171875,191.9738587343752
76937671010478,13,2006,2011,5,sn,default,22.996219635009766,76.54435729980469,7.42177677154541,333.1407775878906,0.0,99.63721833538669
76937671010478,13,2006,2011,5,sn,calibrated,22.987966537475586,76.5134048461914,7.4219465255737305,333.0357971191406,0.0,99.63721833538669
76937671010478,13,2006,2011,5,sn,hg_bayes,22.999351501464844,76.5443344116211,7.422283172607422,448.9520568847656,0.0,99.63721833538669
76937671010478,13,2006,2011,5,sn,hg_organon,22.999351501464844,76.5443344116211,7.422283172607422,448.9520568847656,0.0,99.63721833538669
76937671010478,13,2006,2011,5,sn,hg_conus_sp,22.99778175354004,76.54434204101562,7.422029495239258,414.3406066894531,0.0,99.63721833538669
76937671010478,13,2006,2011,5,sn,hg_conus_clim,22.977272033691406,76.54436492919922,7.418718338012695,359.7613830566406,0.0,99.63721833538669
249675685010854,28,2011,2018,7,sn,default,88.39237976074219,187.32630920410156,9.301311492919922,2001.2471923828125,4922.91943359375,115.95556702776987
249675685010854,28,2011,2018,7,sn,calibrated,87.93236541748047,185.8594512939453,9.313615798950195,1992.986083984375,4915.6484375,115.95556702776987
249675685010854,28,2011,2018,7,sn,hg_bayes,88.3714828491211,187.3262939453125,9.300214767456055,2369.505126953125,5387.03076171875,115.95556702776987
249675685010854,28,2011,2018,7,sn,hg_organon,88.3714828491211,187.3262939453125,9.300214767456055,2369.505126953125,5387.03076171875,115.95556702776987
249675685010854,28,2011,2018,7,sn,hg_conus_sp,88.33123016357422,187.32644653320312,9.298091888427734,2202.013671875,5240.6259765625,115.95556702776987
249675685010854,28,2011,2018,7,sn,hg_conus_clim,88.3347396850586,187.32638549804688,9.298279762268066,2037.4954833984375,5101.13818359375,115.95556702776987
635664828126144,13,2019,2024,5,sn,default,39.49699020385742,70.64220428466797,10.124791145324707,944.5877685546875,991.5838012695312,86.30065872719976
635664828126144,13,2019,2024,5,sn,calibrated,39.51032257080078,70.67235565185547,10.124340057373047,944.885498046875,991.6267700195312,86.30065872719976
635664828126144,13,2019,2024,5,sn,hg_bayes,39.50516128540039,70.6422119140625,10.125840187072754,1086.6104736328125,1092.21875,86.30065872719976
635664828126144,13,2019,2024,5,sn,hg_organon,39.50516128540039,70.6422119140625,10.125840187072754,1086.6104736328125,1092.21875,86.30065872719976
635664828126144,13,2019,2024,5,sn,hg_conus_sp,39.49781799316406,70.6422119140625,10.124897956848145,1019.9393310546875,1029.694580078125,86.30065872719976
635664828126144,13,2019,2024,5,sn,hg_conus_clim,39.49699020385742,70.64220428466797,10.124791145324707,944.5877685546875,991.5838012695312,86.30065872719976
44593411010478,45,1999,2004,5,sn,default,155.64056396484375,194.3417510986328,12.117544174194336,4339.103515625,14962.68359375,111.21812228369852
44593411010478,45,1999,2004,5,sn,calibrated,150.79254150390625,185.91824340820312,12.194534301757812,4217.4560546875,14753.5908203125,111.21812228369852
44593411010478,45,1999,2004,5,sn,hg_bayes,155.64845275878906,194.330810546875,12.118193626403809,4880.27294921875,16985.49609375,111.21812228369852
44593411010478,45,1999,2004,5,sn,hg_organon,155.64845275878906,194.330810546875,12.118193626403809,4880.27294921875,16985.49609375,111.21812228369852
44593411010478,45,1999,2004,5,sn,hg_conus_sp,155.6243896484375,194.3526611328125,12.116575241088867,4526.06689453125,15561.9296875,111.21812228369852
44593411010478,45,1999,2004,5,sn,hg_conus_clim,155.64056396484375,194.3417510986328,12.117544174194336,4339.103515625,14962.68359375,111.21812228369852
335445502489998,1,2016,2022,6,sn,default,79.86434173583984,234.9333953857422,7.894787311553955,1656.180908203125,2011.2784423828125,
335445502489998,1,2016,2022,6,sn,calibrated,79.29167175292969,232.67144775390625,7.904575347900391,1645.5875244140625,2008.7652587890625,
335445502489998,1,2016,2022,6,sn,hg_bayes,79.84723663330078,234.93338012695312,7.893942832946777,2024.3929443359375,2591.41357421875,
335445502489998,1,2016,2022,6,sn,hg_organon,79.84723663330078,234.93338012695312,7.893942832946777,2024.3929443359375,2591.41357421875,
335445502489998,1,2016,2022,6,sn,hg_conus_sp,79.79656219482422,234.93350219726562,7.891436576843262,1876.4962158203125,2472.78955078125,
335445502489998,1,2016,2022,6,sn,hg_conus_clim,79.7369613647461,234.93362426757812,7.888485431671143,1783.25537109375,2489.990966796875,
100565376010478,28,2007,2012,5,sn,default,42.75710678100586,35.23176574707031,14.916715621948242,1464.399169921875,7586.4931640625,51.5570760230584
100565376010478,28,2007,2012,5,sn,calibrated,42.32969284057617,34.78232192993164,14.937555313110352,1451.13720703125,7527.63330078125,51.5570760230584
100565376010478,28,2007,2012,5,sn,hg_bayes,42.731048583984375,35.231788635253906,14.912166595458984,1530.7281494140625,7857.73876953125,51.5570760230584
100565376010478,28,2007,2012,5,sn,hg_organon,42.731048583984375,35.231788635253906,14.912166595458984,1530.7281494140625,7857.73876953125,51.5570760230584
100565376010478,28,2007,2012,5,sn,hg_conus_sp,42.742828369140625,35.231781005859375,14.914222717285156,1502.9622802734375,7744.2177734375,51.5570760230584
100565376010478,28,2007,2012,5,sn,hg_conus_clim,42.73975372314453,35.231781005859375,14.913683891296387,1512.02490234375,7755.86181640625,51.5570760230584
158719257010854,13,1970,1980,10,sn,default,55.10261917114258,108.50106048583984,9.649513244628906,1062.4805908203125,1913.0042724609375,67.8210019839872
158719257010854,13,1970,1980,10,sn,calibrated,54.798248291015625,107.74339294433594,9.656601905822754,1056.7716064453125,1909.6064453125,67.8210019839872
158719257010854,13,1970,1980,10,sn,hg_bayes,55.18718719482422,108.5009765625,9.6569185256958,1517.8790283203125,2810.194580078125,67.8210019839872
158719257010854,13,1970,1980,10,sn,hg_organon,55.18718719482422,108.5009765625,9.6569185256958,1517.8790283203125,2810.194580078125,67.8210019839872
158719257010854,13,1970,1980,10,sn,hg_conus_sp,55.167633056640625,108.50098419189453,9.655207633972168,1516.87744140625,2840.62353515625,67.8210019839872
158719257010854,13,1970,1980,10,sn,hg_conus_clim,55.10261917114258,108.50106048583984,9.649513244628906,1062.4805908203125,1913.0042724609375,67.8210019839872
158728714010854,13,1982,1988,6,sn,default,18.4246768951416,52.30736541748047,8.036274909973145,361.44183349609375,0.0,113.74880481105039
158728714010854,13,1982,1988,6,sn,calibrated,18.343833923339844,52.05732345581055,8.037859916687012,359.7664794921875,0.0,113.74880481105039
158728714010854,13,1982,1988,6,sn,hg_bayes,18.42469596862793,52.30736541748047,8.036279678344727,457.6072998046875,0.0,113.74880481105039
158728714010854,13,1982,1988,6,sn,hg_organon,18.42469596862793,52.30736541748047,8.036279678344727,457.6072998046875,0.0,113.74880481105039
158728714010854,13,1982,1988,6,sn,hg_conus_sp,18.429763793945312,52.30735778808594,8.037385940551758,450.4231262207031,0.0,113.74880481105039
158728714010854,13,1982,1988,6,sn,hg_conus_clim,18.4246768951416,52.30736541748047,8.036274909973145,361.44183349609375,0.0,113.74880481105039
61234200010478,13,1998,2007,9,sn,default,80.47325134277344,209.2303924560547,8.397493362426758,1396.40283203125,1023.1534423828125,110.5558813970215
61234200010478,13,1998,2007,9,sn,calibrated,78.05393981933594,201.1370086669922,8.435051918029785,1357.4697265625,1000.6641235351562,110.5558813970215
61234200010478,13,1998,2007,9,sn,hg_bayes,80.48778533935547,209.23031616210938,8.398255348205566,2365.81005859375,1862.984619140625,110.5558813970215
61234200010478,13,1998,2007,9,sn,hg_organon,80.48778533935547,209.23031616210938,8.398255348205566,2365.81005859375,1862.984619140625,110.5558813970215
61234200010478,13,1998,2007,9,sn,hg_conus_sp,80.48660278320312,209.23031616210938,8.398189544677734,2290.25048828125,1799.625,110.5558813970215
61234200010478,13,1998,2007,9,sn,hg_conus_clim,80.48361206054688,209.23031616210938,8.398036003112793,2189.663330078125,1754.611572265625,110.5558813970215
162413360010854,45,1968,1978,10,sn,default,31.308366775512695,55.15790939331055,10.201465606689453,646.4115600585938,1551.6773681640625,34.17375435048524
162413360010854,45,1968,1978,10,sn,calibrated,31.191593170166016,54.872650146484375,10.208858489990234,644.0555419921875,1549.035888671875,34.17375435048524
162413360010854,45,1968,1978,10,sn,hg_bayes,31.29006576538086,55.158042907714844,10.19847297668457,799.3101196289062,1972.6219482421875,34.17375435048524
162413360010854,45,1968,1978,10,sn,hg_organon,31.29006576538086,55.158042907714844,10.19847297668457,799.3101196289062,1972.6219482421875,34.17375435048524
162413360010854,45,1968,1978,10,sn,hg_conus_sp,31.289941787719727,55.15803909301758,10.19845199584961,791.4332275390625,1962.599365234375,34.17375435048524
162413360010854,45,1968,1978,10,sn,hg_conus_clim,31.308366775512695,55.15790939331055,10.201465606689453,646.4115600585938,1551.6773681640625,34.17375435048524
158713114010854,13,1971,1981,10,sn,default,91.653076171875,190.3700714111328,9.395296096801758,1944.39501953125,3154.0341796875,186.05267146169294
158713114010854,13,1971,1981,10,sn,calibrated,91.19143676757812,189.04345703125,9.404430389404297,1935.5384521484375,3150.713134765625,186.05267146169294
158713114010854,13,1971,1981,10,sn,hg_bayes,91.70584869384766,190.3699493408203,9.398002624511719,2870.518798828125,4238.38671875,186.05267146169294
158713114010854,13,1971,1981,10,sn,hg_organon,91.70584869384766,190.3699493408203,9.398002624511719,2870.518798828125,4238.38671875,186.05267146169294
158713114010854,13,1971,1981,10,sn,hg_conus_sp,91.70318603515625,190.37002563476562,9.397866249084473,2637.372314453125,4195.75244140625,186.05267146169294
158713114010854,13,1971,1981,10,sn,hg_conus_clim,91.65771484375,190.37005615234375,9.395533561706543,2013.9571533203125,3154.0341796875,186.05267146169294
282502332489998,13,2016,2021,5,sn,default,34.31591033935547,46.98557662963867,11.571823120117188,787.3218994140625,2663.119140625,45.59227602752233
282502332489998,13,2016,2021,5,sn,calibrated,34.25764083862305,46.85800552368164,11.57772159576416,786.1641235351562,2660.77880859375,45.59227602752233
282502332489998,13,2016,2021,5,sn,hg_bayes,34.30983352661133,46.98558044433594,11.570798873901367,952.1926879882812,3391.46337890625,45.59227602752233
282502332489998,13,2016,2021,5,sn,hg_organon,34.30983352661133,46.98558044433594,11.570798873901367,952.1926879882812,3391.46337890625,45.59227602752233
282502332489998,13,2016,2021,5,sn,hg_conus_sp,34.31089401245117,46.98558044433594,11.570977210998535,928.547607421875,3296.28857421875,45.59227602752233
282502332489998,13,2016,2021,5,sn,hg_conus_clim,34.31591033935547,46.98557662963867,11.571823120117188,787.3218994140625,2663.119140625,45.59227602752233
176549474010854,13,2010,2015,5,sn,default,54.8891487121582,123.93590545654297,9.0111665725708,747.7571411132812,1354.984130859375,90.70505082084698
176549474010854,13,2010,2015,5,sn,calibrated,54.0019645690918,121.16254425048828,9.03976058959961,736.3856811523438,1347.674560546875,90.70505082084698
176549474010854,13,2010,2015,5,sn,hg_bayes,54.89079284667969,123.9358901977539,9.011300086975098,1277.134765625,2438.446044921875,90.70505082084698
176549474010854,13,2010,2015,5,sn,hg_organon,54.89079284667969,123.9358901977539,9.011300086975098,1277.134765625,2438.446044921875,90.70505082084698
176549474010854,13,2010,2015,5,sn,hg_conus_sp,54.89052963256836,123.93589782714844,9.011279106140137,1186.90185546875,2275.802734375,90.70505082084698
176549474010854,13,2010,2015,5,sn,hg_conus_clim,54.89009094238281,123.93589782714844,9.011244773864746,1216.9305419921875,2364.421875,90.70505082084698
22341571010478,1,2002,2007,5,sn,default,115.53571319580078,194.72335815429688,10.43002700805664,3063.609130859375,7953.919921875,96.96517231862212
22341571010478,1,2002,2007,5,sn,calibrated,112.40140533447266,188.0921630859375,10.467348098754883,2982.01953125,7833.02685546875,96.96517231862212
22341571010478,1,2002,2007,5,sn,hg_bayes,115.53666687011719,194.7233428955078,10.430068969726562,3511.78271484375,9178.1298828125,96.96517231862212
22341571010478,1,2002,2007,5,sn,hg_organon,115.53666687011719,194.7233428955078,10.430068969726562,3511.78271484375,9178.1298828125,96.96517231862212
22341571010478,1,2002,2007,5,sn,hg_conus_sp,115.53594970703125,194.7233428955078,10.430038452148438,3335.349365234375,8668.130859375,96.96517231862212
22341571010478,1,2002,2007,5,sn,hg_conus_clim,115.5357437133789,194.72335815429688,10.430025100708008,3385.393310546875,8907.8232421875,96.96517231862212
335445583489998,1,2016,2023,7,sn,default,97.3366928100586,163.99990844726562,10.431646347045898,2484.244384765625,8159.8935546875,166.17488016541103
335445583489998,1,2016,2023,7,sn,calibrated,96.13301849365234,160.65110778808594,10.47443675994873,2458.3583984375,8126.97705078125,166.17488016541103
335445583489998,1,2016,2023,7,sn,hg_bayes,97.32656860351562,163.9999542236328,10.431098937988281,2946.67822265625,9486.19921875,166.17488016541103
335445583489998,1,2016,2023,7,sn,hg_organon,97.32656860351562,163.9999542236328,10.431098937988281,2946.67822265625,9486.19921875,166.17488016541103
335445583489998,1,2016,2023,7,sn,hg_conus_sp,97.3030776977539,163.99998474121094,10.429841041564941,2767.38818359375,9042.9443359375,166.17488016541103
335445583489998,1,2016,2023,7,sn,hg_conus_clim,97.28495025634766,164.00001525878906,10.428868293762207,2670.728271484375,8545.578125,166.17488016541103
158714264010854,13,1970,1980,10,sn,default,132.92539978027344,267.8163757324219,9.539413452148438,2690.857177734375,6905.1982421875,156.7060725258539
158714264010854,13,1970,1980,10,sn,calibrated,131.11158752441406,262.1900634765625,9.57522201538086,2660.1650390625,6878.9833984375,156.7060725258539
158714264010854,13,1970,1980,10,sn,hg_bayes,132.9582061767578,267.74810791015625,9.541807174682617,4436.49755859375,11123.919921875,156.7060725258539
158714264010854,13,1970,1980,10,sn,hg_organon,132.9582061767578,267.74810791015625,9.541807174682617,4436.49755859375,11123.919921875,156.7060725258539
158714264010854,13,1970,1980,10,sn,hg_conus_sp,132.97068786621094,267.73443603515625,9.542499542236328,4741.21630859375,11997.01953125,156.7060725258539
158714264010854,13,1970,1980,10,sn,hg_conus_clim,132.92539978027344,267.8163757324219,9.539413452148438,2690.857177734375,6905.1982421875,156.7060725258539
158712756010854,13,1972,1982,10,sn,default,81.98529052734375,118.53140258789062,11.261274337768555,1905.7550048828125,5245.9716796875,62.569876264623964
158712756010854,13,1972,1982,10,sn,calibrated,82.07193756103516,118.72004699707031,11.258269309997559,1907.347900390625,5247.48291015625,62.569876264623964
158712756010854,13,1972,1982,10,sn,hg_bayes,82.14856719970703,118.53079223632812,11.272512435913086,2338.927978515625,6081.556640625,62.569876264623964
158712756010854,13,1972,1982,10,sn,hg_organon,82.14856719970703,118.53079223632812,11.272512435913086,2338.927978515625,6081.556640625,62.569876264623964
158712756010854,13,1972,1982,10,sn,hg_conus_sp,82.03876495361328,118.53118133544922,11.264955520629883,2155.379150390625,5741.37841796875,62.569876264623964
158712756010854,13,1972,1982,10,sn,hg_conus_clim,82.00656127929688,118.53137969970703,11.262736320495605,1924.4674072265625,5245.9755859375,62.569876264623964
61145397010478,13,1999,2007,8,sn,default,34.87764358520508,46.51611328125,11.724871635437012,1261.348876953125,5094.09521484375,35.00514396265082
61145397010478,13,1999,2007,8,sn,calibrated,34.87981414794922,46.52142333984375,11.724569320678711,1261.4171142578125,5094.23046875,35.00514396265082
61145397010478,13,1999,2007,8,sn,hg_bayes,34.859344482421875,46.516117095947266,11.721796989440918,1319.0494384765625,5383.27783203125,35.00514396265082
61145397010478,13,1999,2007,8,sn,hg_organon,34.859344482421875,46.516117095947266,11.721796989440918,1319.0494384765625,5383.27783203125,35.00514396265082
61145397010478,13,1999,2007,8,sn,hg_conus_sp,34.8762321472168,46.516117095947266,11.724635124206543,1270.820068359375,5165.3505859375,35.00514396265082
61145397010478,13,1999,2007,8,sn,hg_conus_clim,34.87764358520508,46.51611328125,11.724871635437012,1261.348876953125,5094.09521484375,35.00514396265082
158731097010854,13,1982,1988,6,sn,default,173.73558044433594,83.96875762939453,19.47698974609375,5333.8046875,28029.9296875,117.35330097933654
158731097010854,13,1982,1988,6,sn,calibrated,157.81491088867188,71.01300048828125,20.18558692932129,4864.72998046875,26182.541015625,117.35330097933654
158731097010854,13,1982,1988,6,sn,hg_bayes,173.74021911621094,83.94908142089844,19.47953224182129,5948.9736328125,31110.91015625,117.35330097933654
158731097010854,13,1982,1988,6,sn,hg_organon,173.74021911621094,83.94908142089844,19.47953224182129,5948.9736328125,31110.91015625,117.35330097933654
158731097010854,13,1982,1988,6,sn,hg_conus_sp,173.73703002929688,83.95006561279297,19.47923469543457,5617.1455078125,29439.486328125,117.35330097933654
158731097010854,13,1982,1988,6,sn,hg_conus_clim,173.73558044433594,83.96875762939453,19.47698974609375,5333.8046875,28029.9296875,117.35330097933654
22304130010478,1,2001,2006,5,sn,default,4.459556579589844,17.646076202392578,6.807036399841309,70.2304916381836,0.0,114.60308071569791
22304130010478,1,2001,2006,5,sn,calibrated,4.427624702453613,17.5095272064209,6.809018611907959,69.687255859375,0.0,114.60308071569791
22304130010478,1,2001,2006,5,sn,hg_bayes,4.458031177520752,17.64607810974121,6.805872440338135,93.74945068359375,0.0,114.60308071569791
22304130010478,1,2001,2006,5,sn,hg_organon,4.458031177520752,17.64607810974121,6.805872440338135,93.74945068359375,0.0,114.60308071569791
22304130010478,1,2001,2006,5,sn,hg_conus_sp,4.455775737762451,17.646080017089844,6.804149150848389,88.6649169921875,0.0,114.60308071569791
22304130010478,1,2001,2006,5,sn,hg_conus_clim,4.453375339508057,17.64607810974121,6.802317142486572,81.19001770019531,0.0,114.60308071569791
162423886010854,45,1986,1992,6,sn,default,130.35562133789062,201.94686889648438,10.878841400146484,3189.678466796875,9900.390625,104.5495167424747
162423886010854,45,1986,1992,6,sn,calibrated,125.56121063232422,190.8270263671875,10.983583450317383,3085.515869140625,9730.341796875,104.5495167424747
162423886010854,45,1986,1992,6,sn,hg_bayes,130.2801055908203,202.045166015625,10.873042106628418,3619.126220703125,11595.177734375,104.5495167424747
162423886010854,45,1986,1992,6,sn,hg_organon,130.2801055908203,202.045166015625,10.873042106628418,3619.126220703125,11595.177734375,104.5495167424747
162423886010854,45,1986,1992,6,sn,hg_conus_sp,130.2635040283203,202.07296752929688,10.871603012084961,3421.409423828125,10960.77734375,104.5495167424747
162423886010854,45,1986,1992,6,sn,hg_conus_clim,130.25125122070312,202.0850830078125,10.870768547058105,3417.1298828125,11015.6611328125,104.5495167424747
158727712010854,13,1982,1989,7,sn,default,2.086188793182373,5.856464862823486,8.081562042236328,43.27677917480469,0.0,57.09971045345711
158727712010854,13,1982,1989,7,sn,calibrated,2.072878360748291,5.818698406219482,8.081840515136719,43.00022888183594,0.0,57.09971045345711
158727712010854,13,1982,1989,7,sn,hg_bayes,2.086981773376465,5.856464385986328,8.083098411560059,55.91001892089844,0.0,57.09971045345711
158727712010854,13,1982,1989,7,sn,hg_organon,2.086981773376465,5.856464385986328,8.083098411560059,55.91001892089844,0.0,57.09971045345711
158727712010854,13,1982,1989,7,sn,hg_conus_sp,2.086982011795044,5.856464385986328,8.083098411560059,54.65773010253906,0.0,57.09971045345711
158727712010854,13,1982,1989,7,sn,hg_conus_clim,2.086188793182373,5.856464862823486,8.081562042236328,43.27677917480469,0.0,57.09971045345711
158720093010854,13,1980,1987,7,sn,default,81.18299865722656,102.44745635986328,12.053642272949219,1962.88037109375,8985.5537109375,
158720093010854,13,1980,1987,7,sn,calibrated,80.72212219238281,101.62075805664062,12.068168640136719,1952.7685546875,8944.9833984375,
158720093010854,13,1980,1987,7,sn,hg_bayes,81.10321807861328,102.44766998291016,12.047703742980957,2350.64697265625,10914.8564453125,
158720093010854,13,1980,1987,7,sn,hg_organon,81.10321807861328,102.44766998291016,12.047703742980957,2350.64697265625,10914.8564453125,
158720093010854,13,1980,1987,7,sn,hg_conus_sp,81.08132934570312,102.44770812988281,12.046075820922852,2369.17041015625,11000.0693359375,
158720093010854,13,1980,1987,7,sn,hg_conus_clim,81.18299865722656,102.44745635986328,12.053642272949219,1962.88037109375,8985.5537109375,
218220913020004,45,2014,2020,6,sn,default,127.6901626586914,187.9858856201172,11.159699440002441,3377.77099609375,10380.3779296875,160.5909746946008
218220913020004,45,2014,2020,6,sn,calibrated,125.34563446044922,183.16244506835938,11.201409339904785,3318.10986328125,10272.0537109375,160.5909746946008
218220913020004,45,2014,2020,6,sn,hg_bayes,127.691162109375,187.9858856201172,11.15973949432373,4055.0791015625,12582.0078125,160.5909746946008
218220913020004,45,2014,2020,6,sn,hg_organon,127.691162109375,187.9858856201172,11.15973949432373,4055.0791015625,12582.0078125,160.5909746946008
218220913020004,45,2014,2020,6,sn,hg_conus_sp,127.6901626586914,187.98590087890625,11.159695625305176,3800.45166015625,11604.373046875,160.5909746946008
218220913020004,45,2014,2020,6,sn,hg_conus_clim,127.68931579589844,187.98590087890625,11.15965747833252,3901.81201171875,12086.3427734375,160.5909746946008
258656981489998,28,2015,2020,5,sn,default,90.40406799316406,171.130859375,9.8416109085083,2304.4599609375,4817.64697265625,72.93524008409639
258656981489998,28,2015,2020,5,sn,calibrated,88.74954223632812,167.2802734375,9.862726211547852,2262.74560546875,4876.490234375,72.93524008409639
258656981489998,28,2015,2020,5,sn,hg_bayes,90.40478515625,171.130859375,9.841650009155273,2751.902099609375,5807.3154296875,72.93524008409639
258656981489998,28,2015,2020,5,sn,hg_organon,90.40478515625,171.130859375,9.841650009155273,2751.902099609375,5807.3154296875,72.93524008409639
258656981489998,28,2015,2020,5,sn,hg_conus_sp,90.40449523925781,171.130859375,9.841631889343262,2642.933837890625,5561.4619140625,72.93524008409639
258656981489998,28,2015,2020,5,sn,hg_conus_clim,90.40413665771484,171.130859375,9.841612815856934,2653.054931640625,5606.9296875,72.93524008409639
158721414010854,13,1981,1988,7,sn,default,103.11092376708984,256.8601989746094,8.579069137573242,1713.19873046875,2927.968505859375,203.26902932754376
158721414010854,13,1981,1988,7,sn,calibrated,103.78485870361328,259.3428955078125,8.565763473510742,1722.6343994140625,2931.704833984375,203.26902932754376
158721414010854,13,1981,1988,7,sn,hg_bayes,103.05766296386719,256.8602600097656,8.57685375213623,2564.173828125,4270.81982421875,203.26902932754376
158721414010854,13,1981,1988,7,sn,hg_organon,103.05766296386719,256.8602600097656,8.57685375213623,2564.173828125,4270.81982421875,203.26902932754376
158721414010854,13,1981,1988,7,sn,hg_conus_sp,103.0809555053711,256.8601989746094,8.577823638916016,2069.066162109375,3783.042236328125,203.26902932754376
158721414010854,13,1981,1988,7,sn,hg_conus_clim,103.11092376708984,256.8601989746094,8.579069137573242,1713.19873046875,2927.968505859375,203.26902932754376
451407854489998,28,2018,2023,5,sn,default,73.11795043945312,105.56256866455078,11.269206047058105,1957.9560546875,6514.24560546875,92.83045150319529
451407854489998,28,2018,2023,5,sn,calibrated,73.09736633300781,105.52505493164062,11.269624710083008,1957.46533203125,6513.35693359375,92.83045150319529
451407854489998,28,2018,2023,5,sn,hg_bayes,73.10356903076172,105.56256866455078,11.268097877502441,2223.677978515625,7659.91943359375,92.83045150319529
451407854489998,28,2018,2023,5,sn,hg_organon,73.10356903076172,105.56256866455078,11.268097877502441,2223.677978515625,7659.91943359375,92.83045150319529
451407854489998,28,2018,2023,5,sn,hg_conus_sp,73.11543273925781,105.56258392333984,11.269012451171875,2128.24609375,7222.86962890625,92.83045150319529
451407854489998,28,2018,2023,5,sn,hg_conus_clim,73.11857604980469,105.56256866455078,11.269253730773926,1962.3349609375,6514.24560546875,92.83045150319529
157502105010854,1,1971,1981,10,sn,default,64.41650390625,163.2083282470703,8.506750106811523,1424.655029296875,2762.910400390625,143.18819643198978
157502105010854,1,1971,1981,10,sn,calibrated,64.07730102539062,162.00660705566406,8.515731811523438,1417.983154296875,2760.822021484375,143.18819643198978
157502105010854,1,1971,1981,10,sn,hg_bayes,64.43296813964844,163.2083282470703,8.507838249206543,1945.6800537109375,3688.798828125,143.18819643198978
157502105010854,1,1971,1981,10,sn,hg_organon,64.43296813964844,163.2083282470703,8.507838249206543,1945.6800537109375,3688.798828125,143.18819643198978
157502105010854,1,1971,1981,10,sn,hg_conus_sp,64.40225982666016,163.20838928222656,8.505809783935547,1819.187255859375,3482.9306640625,143.18819643198978
157502105010854,1,1971,1981,10,sn,hg_conus_clim,64.41650390625,163.2083282470703,8.506750106811523,1424.655029296875,2762.910400390625,143.18819643198978
259083333010854,13,2012,2018,6,sn,default,40.66431427001953,58.31897735595703,11.306756973266602,898.6578979492188,2983.371337890625,27.055208220897033
259083333010854,13,2012,2018,6,sn,calibrated,40.191307067871094,57.4078254699707,11.329656600952148,888.8170166015625,2960.71435546875,27.055208220897033
259083333010854,13,2012,2018,6,sn,hg_bayes,40.65244674682617,58.31898880004883,11.305105209350586,1056.9293212890625,3643.982421875,27.055208220897033
259083333010854,13,2012,2018,6,sn,hg_organon,40.65244674682617,58.31898880004883,11.305105209350586,1056.9293212890625,3643.982421875,27.055208220897033
259083333010854,13,2012,2018,6,sn,hg_conus_sp,40.65065002441406,58.3189811706543,11.304855346679688,979.4351196289062,3414.029296875,27.055208220897033
259083333010854,13,2012,2018,6,sn,hg_conus_clim,40.649349212646484,58.3189811706543,11.304673194885254,999.5106811523438,3554.27783203125,27.055208220897033
162412461010854,45,1966,1977,11,sn,default,129.52774047851562,150.76235961914062,12.550795555114746,3381.241943359375,12495.5986328125,103.09454776473355
162412461010854,45,1966,1977,11,sn,calibrated,129.70217895507812,151.08035278320312,12.546019554138184,3385.133056640625,12505.38671875,103.09454776473355
162412461010854,45,1966,1977,11,sn,hg_bayes,129.53707885742188,150.75689697265625,12.551474571228027,3729.26806640625,13804.6552734375,103.09454776473355
162412461010854,45,1966,1977,11,sn,hg_organon,129.53707885742188,150.75689697265625,12.551474571228027,3729.26806640625,13804.6552734375,103.09454776473355
162412461010854,45,1966,1977,11,sn,hg_conus_sp,129.53311157226562,150.7603302001953,12.551138877868652,3601.5185546875,13433.013671875,103.09454776473355
162412461010854,45,1966,1977,11,sn,hg_conus_clim,129.52774047851562,150.76235961914062,12.550795555114746,3381.241943359375,12495.5986328125,103.09454776473355
175742824010854,1,2010,2017,7,sn,default,134.7633514404297,425.4446105957031,7.620799541473389,2730.264404296875,229.17965698242188,119.8493032304094
175742824010854,1,2010,2017,7,sn,calibrated,128.81898498535156,400.8234558105469,7.6762614250183105,2619.372314453125,263.9866943359375,119.8493032304094
175742824010854,1,2010,2017,7,sn,hg_bayes,134.7734375,425.4248352050781,7.621261119842529,3620.36865234375,293.18853759765625,119.8493032304094
175742824010854,1,2010,2017,7,sn,hg_organon,134.7734375,425.4248352050781,7.621261119842529,3620.36865234375,293.18853759765625,119.8493032304094
175742824010854,1,2010,2017,7,sn,hg_conus_sp,134.7659149169922,425.44091796875,7.620903491973877,3327.947021484375,262.093505859375,119.8493032304094
175742824010854,1,2010,2017,7,sn,hg_conus_clim,134.7626495361328,425.4478759765625,7.620752334594727,3342.61376953125,283.8708190917969,119.8493032304094
162423342010854,45,1986,1992,6,sn,default,68.33474731445312,86.77896118164062,12.015719413757324,1820.093017578125,3959.071533203125,75.77511959921851
162423342010854,45,1986,1992,6,sn,calibrated,68.61400604248047,87.18928527832031,12.011884689331055,1827.283935546875,3970.838623046875,75.77511959921851
162423342010854,45,1986,1992,6,sn,hg_bayes,68.31839752197266,86.77896881103516,12.014286041259766,1980.4466552734375,4640.85791015625,75.77511959921851
162423342010854,45,1986,1992,6,sn,hg_organon,68.31839752197266,86.77896881103516,12.014286041259766,1980.4466552734375,4640.85791015625,75.77511959921851
162423342010854,45,1986,1992,6,sn,hg_conus_sp,68.30596923828125,86.77897644042969,12.013190269470215,1856.870849609375,4257.16259765625,75.77511959921851
162423342010854,45,1986,1992,6,sn,hg_conus_clim,68.33474731445312,86.77896118164062,12.015719413757324,1820.093017578125,3959.071533203125,75.77511959921851
533665125126144,13,2019,2024,5,sn,default,172.30792236328125,152.99319458007812,14.369868278503418,5911.8798828125,23809.453125,158.24409694766396
533665125126144,13,2019,2024,5,sn,calibrated,171.59335327148438,152.0547332763672,14.38422966003418,5888.4892578125,23747.626953125,158.24409694766396
533665125126144,13,2019,2024,5,sn,hg_bayes,172.29844665527344,152.99319458007812,14.369477272033691,6327.98193359375,25941.935546875,158.24409694766396
533665125126144,13,2019,2024,5,sn,hg_organon,172.29844665527344,152.99319458007812,14.369477272033691,6327.98193359375,25941.935546875,158.24409694766396
533665125126144,13,2019,2024,5,sn,hg_conus_sp,172.29673767089844,152.99319458007812,14.369401931762695,6014.3720703125,24456.509765625,158.24409694766396
533665125126144,13,2019,2024,5,sn,hg_conus_clim,172.30792236328125,152.99319458007812,14.369868278503418,5911.8798828125,23809.453125,158.24409694766396
162423500010854,45,1986,1993,7,sn,default,222.54852294921875,145.70297241210938,16.734561920166016,7502.046875,39888.890625,
162423500010854,45,1986,1993,7,sn,calibrated,180.02687072753906,102.12470245361328,17.977922439575195,6140.8662109375,33804.14453125,
162423500010854,45,1986,1993,7,sn,hg_bayes,222.54833984375,145.70156860351562,16.734638214111328,8302.1708984375,43924.01953125,
162423500010854,45,1986,1993,7,sn,hg_organon,222.54833984375,145.70156860351562,16.734638214111328,8302.1708984375,43924.01953125,
162423500010854,45,1986,1993,7,sn,hg_conus_sp,222.54847717285156,145.7024383544922,16.734590530395508,7732.09716796875,41013.74609375,
162423500010854,45,1986,1993,7,sn,hg_conus_clim,222.54852294921875,145.70257568359375,16.73458480834961,8030.54541015625,42576.23828125,
197125324010854,28,2010,2016,6,sn,default,18.64179229736328,70.56019592285156,6.9598565101623535,230.31971740722656,0.0,24.661664971119038
197125324010854,28,2010,2016,6,sn,calibrated,18.199495315551758,68.62139892578125,6.973266124725342,225.22335815429688,0.0,24.661664971119038
197125324010854,28,2010,2016,6,sn,hg_bayes,18.637939453125,70.56021118164062,6.959136009216309,366.6246032714844,0.0,24.661664971119038
197125324010854,28,2010,2016,6,sn,hg_organon,18.637939453125,70.56021118164062,6.959136009216309,366.6246032714844,0.0,24.661664971119038
197125324010854,28,2010,2016,6,sn,hg_conus_sp,18.63272476196289,70.56021881103516,6.958162784576416,478.2230529785156,0.0,24.661664971119038
197125324010854,28,2010,2016,6,sn,hg_conus_clim,18.64179229736328,70.56019592285156,6.9598565101623535,230.31971740722656,0.0,24.661664971119038
635664569126144,13,2019,2025,6,sn,default,22.28020668029785,29.384489059448242,11.79062557220459,574.0337524414062,2287.870361328125,39.58515693923172
635664569126144,13,2019,2025,6,sn,calibrated,21.815401077270508,28.549579620361328,11.836355209350586,563.3114013671875,2251.3310546875,39.58515693923172
635664569126144,13,2019,2025,6,sn,hg_bayes,22.275527954101562,29.384489059448242,11.789385795593262,686.699951171875,2736.14111328125,39.58515693923172
635664569126144,13,2019,2025,6,sn,hg_organon,22.275527954101562,29.384489059448242,11.789385795593262,686.699951171875,2736.14111328125,39.58515693923172
635664569126144,13,2019,2025,6,sn,hg_conus_sp,22.280176162719727,29.38448715209961,11.79061508178711,692.3313598632812,2726.95751953125,39.58515693923172
635664569126144,13,2019,2025,6,sn,hg_conus_clim,22.273189544677734,29.384490966796875,11.78876781463623,642.1258544921875,2575.1298828125,39.58515693923172
144519175010478,13,2007,2013,6,sn,default,129.4447479248047,308.44244384765625,8.771854400634766,3362.484130859375,6152.76318359375,169.62452947064705
144519175010478,13,2007,2013,6,sn,calibrated,127.96952056884766,303.39453125,8.793981552124023,3328.169677734375,6138.009765625,169.62452947064705
144519175010478,13,2007,2013,6,sn,hg_bayes,129.46185302734375,308.41656494140625,8.772802352905273,3798.007568359375,6879.9775390625,169.62452947064705
144519175010478,13,2007,2013,6,sn,hg_organon,129.46185302734375,308.41656494140625,8.772802352905273,3798.007568359375,6879.9775390625,169.62452947064705
144519175010478,13,2007,2013,6,sn,hg_conus_sp,129.45730590820312,308.4242858886719,8.772539138793945,4080.57177734375,7424.13623046875,169.62452947064705
144519175010478,13,2007,2013,6,sn,hg_conus_clim,129.4447479248047,308.44244384765625,8.771854400634766,3362.484130859375,6152.76318359375,169.62452947064705
176548747010854,13,2009,2016,7,sn,default,67.20203399658203,205.0782012939453,7.7511773109436035,1280.8643798828125,252.10633850097656,34.63182221953993
176548747010854,13,2009,2016,7,sn,calibrated,66.2578125,201.44528198242188,7.765624046325684,1264.08251953125,252.0238037109375,34.63182221953993
176548747010854,13,2009,2016,7,sn,hg_bayes,67.26009368896484,205.07818603515625,7.754528045654297,1669.204345703125,294.73712158203125,34.63182221953993
176548747010854,13,2009,2016,7,sn,hg_organon,67.26009368896484,205.07818603515625,7.754528045654297,1669.204345703125,294.73712158203125,34.63182221953993
176548747010854,13,2009,2016,7,sn,hg_conus_sp,67.33129119873047,205.0781707763672,7.758627891540527,1760.10205078125,260.8704528808594,34.63182221953993
176548747010854,13,2009,2016,7,sn,hg_conus_clim,67.20203399658203,205.0782012939453,7.7511773109436035,1280.8643798828125,252.10633850097656,34.63182221953993
162423167010854,45,1986,1992,6,sn,default,62.426185607910156,106.74181365966797,10.35505485534668,1284.085205078125,3669.744140625,57.3901921595662
162423167010854,45,1986,1992,6,sn,calibrated,62.23052215576172,106.29207611083984,10.360663414001465,1280.4080810546875,3664.150390625,57.3901921595662
162423167010854,45,1986,1992,6,sn,hg_bayes,62.47159957885742,106.74179077148438,10.358821868896484,1585.8603515625,4666.8837890625,57.3901921595662
162423167010854,45,1986,1992,6,sn,hg_organon,62.47159957885742,106.74179077148438,10.358821868896484,1585.8603515625,4666.8837890625,57.3901921595662
162423167010854,45,1986,1992,6,sn,hg_conus_sp,62.47122573852539,106.7417984008789,10.358790397644043,1589.010498046875,4633.86962890625,57.3901921595662
162423167010854,45,1986,1992,6,sn,hg_conus_clim,62.426185607910156,106.74181365966797,10.35505485534668,1284.085205078125,3669.744140625,57.3901921595662
158714388010854,13,1970,1980,10,sn,default,52.11711120605469,100.90302276611328,9.731378555297852,868.5177001953125,1111.413818359375,80.10542683970667
158714388010854,13,1970,1980,10,sn,calibrated,52.35629653930664,101.56281280517578,9.721951484680176,872.1681518554688,1111.90576171875,80.10542683970667
158714388010854,13,1970,1980,10,sn,hg_bayes,52.04545974731445,100.9033203125,9.724672317504883,1163.1082763671875,1676.30126953125,80.10542683970667
158714388010854,13,1970,1980,10,sn,hg_organon,52.04545974731445,100.9033203125,9.724672317504883,1163.1082763671875,1676.30126953125,80.10542683970667
158714388010854,13,1970,1980,10,sn,hg_conus_sp,52.03018569946289,100.90338897705078,9.72324275970459,1023.5562133789062,1513.851806640625,80.10542683970667
158714388010854,13,1970,1980,10,sn,hg_conus_clim,52.11711120605469,100.90302276611328,9.731378555297852,868.5177001953125,1111.413818359375,80.10542683970667
249675649010854,28,2011,2017,6,sn,default,104.32958221435547,93.72647857666016,14.285941123962402,2723.426513671875,11034.2998046875,116.71973617196153
249675649010854,28,2011,2017,6,sn,calibrated,103.97236633300781,93.25149536132812,14.297734260559082,2715.442138671875,11014.021484375,116.71973617196153
249675649010854,28,2011,2017,6,sn,hg_bayes,104.3723373413086,93.72647857666016,14.28886890411377,2907.548828125,11675.4033203125,116.71973617196153
249675649010854,28,2011,2017,6,sn,hg_organon,104.3723373413086,93.72647857666016,14.28886890411377,2907.548828125,11675.4033203125,116.71973617196153
249675649010854,28,2011,2017,6,sn,hg_conus_sp,104.3385238647461,93.72647857666016,14.286555290222168,2782.82373046875,11335.650390625,116.71973617196153
249675649010854,28,2011,2017,6,sn,hg_conus_clim,104.32958221435547,93.72647857666016,14.285941123962402,2723.426513671875,11034.2998046875,116.71973617196153
259082439010854,13,2011,2018,7,sn,default,18.14331817626953,23.46200942993164,11.907264709472656,517.8190307617188,2062.11669921875,24.690352032851024
259082439010854,13,2011,2018,7,sn,calibrated,18.190208435058594,23.559986114501953,11.897826194763184,519.0091552734375,2065.47998046875,24.690352032851024
259082439010854,13,2011,2018,7,sn,hg_bayes,18.18435287475586,23.46194076538086,11.920741081237793,612.44189453125,2424.3154296875,24.690352032851024
259082439010854,13,2011,2018,7,sn,hg_organon,18.18435287475586,23.46194076538086,11.920741081237793,612.44189453125,2424.3154296875,24.690352032851024
259082439010854,13,2011,2018,7,sn,hg_conus_sp,18.186832427978516,23.461942672729492,11.921553611755371,566.7603759765625,2235.181640625,24.690352032851024
259082439010854,13,2011,2018,7,sn,hg_conus_clim,18.14331817626953,23.46200942993164,11.907264709472656,517.8190307617188,2062.11669921875,24.690352032851024
158723980010854,13,1982,1989,7,sn,default,107.60731506347656,189.8837890625,10.19326114654541,2355.573974609375,5021.515625,137.226256092211
158723980010854,13,1982,1989,7,sn,calibrated,106.24608612060547,186.6175079345703,10.216839790344238,2327.678955078125,5002.287109375,137.226256092211
158723980010854,13,1982,1989,7,sn,hg_bayes,107.59966278076172,189.8837432861328,10.192902565002441,3183.66796875,6903.98779296875,137.226256092211
158723980010854,13,1982,1989,7,sn,hg_organon,107.59966278076172,189.8837432861328,10.192902565002441,3183.66796875,6903.98779296875,137.226256092211
158723980010854,13,1982,1989,7,sn,hg_conus_sp,107.59983825683594,189.8837432861328,10.192912101745605,2980.1103515625,6475.3544921875,137.226256092211
158723980010854,13,1982,1989,7,sn,hg_conus_clim,107.57951354980469,189.8837432861328,10.191948890686035,2756.69384765625,6534.67626953125,137.226256092211
158720494010854,13,1981,1988,7,sn,default,88.68783569335938,189.1050567626953,9.272924423217773,1558.1451416015625,1689.2685546875,122.23963811118517
158720494010854,13,1981,1988,7,sn,calibrated,87.4682388305664,185.70533752441406,9.292858123779297,1538.173828125,1690.5321044921875,122.23963811118517
158720494010854,13,1981,1988,7,sn,hg_bayes,88.86897277832031,189.10479736328125,9.282395362854004,2229.443359375,2364.135009765625,122.23963811118517
158720494010854,13,1981,1988,7,sn,hg_organon,88.86897277832031,189.10479736328125,9.282395362854004,2229.443359375,2364.135009765625,122.23963811118517
158720494010854,13,1981,1988,7,sn,hg_conus_sp,88.8377914428711,189.10504150390625,9.28076171875,2206.516845703125,2451.20458984375,122.23963811118517
158720494010854,13,1981,1988,7,sn,hg_conus_clim,88.68783569335938,189.1050567626953,9.272924423217773,1558.1451416015625,1689.2685546875,122.23963811118517
259082244010854,13,2011,2018,7,sn,default,38.84144592285156,28.792673110961914,15.726895332336426,906.9147338867188,4563.2763671875,43.397391757046506
259082244010854,13,2011,2018,7,sn,calibrated,38.76234436035156,28.698081970214844,15.73674488067627,905.1798706054688,4556.3623046875,43.397391757046506
259082244010854,13,2011,2018,7,sn,hg_bayes,38.83502197265625,28.792675018310547,15.725594520568848,1095.5372314453125,5580.80224609375,43.397391757046506
259082244010854,13,2011,2018,7,sn,hg_organon,38.83502197265625,28.792675018310547,15.725594520568848,1095.5372314453125,5580.80224609375,43.397391757046506
259082244010854,13,2011,2018,7,sn,hg_conus_sp,38.86539077758789,28.79265594482422,15.7317476272583,1021.5563354492188,5255.79736328125,43.397391757046506
259082244010854,13,2011,2018,7,sn,hg_conus_clim,38.84144592285156,28.792673110961914,15.726895332336426,906.9147338867188,4563.2763671875,43.397391757046506
157499843010854,1,1972,1982,10,sn,default,70.12164306640625,71.97809600830078,13.364789962768555,1787.2149658203125,7568.666015625,102.34117907848247
157499843010854,1,1972,1982,10,sn,calibrated,69.6200942993164,71.16323852539062,13.392934799194336,1775.321533203125,7531.68408203125,102.34117907848247
157499843010854,1,1972,1982,10,sn,hg_bayes,70.14573669433594,71.97816467285156,13.367080688476562,2119.17431640625,9191.150390625,102.34117907848247
157499843010854,1,1972,1982,10,sn,hg_organon,70.14573669433594,71.97816467285156,13.367080688476562,2119.17431640625,9191.150390625,102.34117907848247
157499843010854,1,1972,1982,10,sn,hg_conus_sp,70.15821075439453,71.97811126708984,13.368277549743652,2016.309326171875,8701.93359375,102.34117907848247
157499843010854,1,1972,1982,10,sn,hg_conus_clim,70.11112213134766,71.97814178466797,13.363784790039062,1803.5040283203125,7666.138671875,102.34117907848247
162416408010854,45,1978,1986,8,sn,default,205.68087768554688,206.65908813476562,13.508463859558105,5649.623046875,25146.791015625,175.330038035564
162416408010854,45,1978,1986,8,sn,calibrated,169.2166748046875,149.05703735351562,14.42718505859375,4788.83740234375,22405.556640625,175.330038035564
162416408010854,45,1978,1986,8,sn,hg_bayes,205.75669860839844,206.60418701171875,13.512751579284668,7042.7138671875,31402.919921875,175.330038035564
162416408010854,45,1978,1986,8,sn,hg_organon,205.75669860839844,206.60418701171875,13.512751579284668,7042.7138671875,31402.919921875,175.330038035564
162416408010854,45,1978,1986,8,sn,hg_conus_sp,205.70973205566406,206.64004516601562,13.510031700134277,6352.0859375,28554.685546875,175.330038035564
162416408010854,45,1978,1986,8,sn,hg_conus_clim,205.66827392578125,206.6673583984375,13.507782936096191,5715.8583984375,25605.17578125,175.330038035564
158729969010854,13,1982,1988,6,sn,default,119.17424011230469,150.2363739013672,12.059795379638672,2964.18896484375,10519.306640625,16.326549404748594
158729969010854,13,1982,1988,6,sn,calibrated,116.88863372802734,146.59230041503906,12.091131210327148,2910.080322265625,10394.1435546875,16.326549404748594
158729969010854,13,1982,1988,6,sn,hg_bayes,119.1780776977539,150.23635864257812,12.059988021850586,3786.373046875,13938.041015625,16.326549404748594
158729969010854,13,1982,1988,6,sn,hg_organon,119.1780776977539,150.23635864257812,12.059988021850586,3786.373046875,13938.041015625,16.326549404748594
158729969010854,13,1982,1988,6,sn,hg_conus_sp,119.1745834350586,150.2363739013672,12.059813499450684,3576.701904296875,13135.03515625,16.326549404748594
158729969010854,13,1982,1988,6,sn,hg_conus_clim,119.17073822021484,150.2363739013672,12.05962085723877,3627.350830078125,13419.4501953125,16.326549404748594
162413008010854,45,1967,1978,11,sn,default,70.95694732666016,161.32608032226562,8.980107307434082,1283.1783447265625,1689.0848388671875,21.909532231996792
162413008010854,45,1967,1978,11,sn,calibrated,68.79743957519531,154.96038818359375,9.022192001342773,1246.7086181640625,1675.7008056640625,21.909532231996792
162413008010854,45,1967,1978,11,sn,hg_bayes,70.97850799560547,161.3259735107422,8.981473922729492,2234.894775390625,3246.181640625,21.909532231996792
162413008010854,45,1967,1978,11,sn,hg_organon,70.97850799560547,161.3259735107422,8.981473922729492,2234.894775390625,3246.181640625,21.909532231996792
162413008010854,45,1967,1978,11,sn,hg_conus_sp,70.92164611816406,161.32626342773438,8.977866172790527,2052.335693359375,2904.194580078125,21.909532231996792
162413008010854,45,1967,1978,11,sn,hg_conus_clim,70.82296752929688,161.32675170898438,8.971603393554688,1960.6861572265625,2793.218994140625,21.909532231996792
162418004010854,45,1977,1985,8,sn,default,55.291080474853516,173.99143981933594,7.633081436157227,934.7333984375,956.191162109375,57.719866614613196
162418004010854,45,1977,1985,8,sn,calibrated,54.861122131347656,172.43031311035156,7.637685775756836,928.01953125,955.3373413085938,57.719866614613196
162418004010854,45,1977,1985,8,sn,hg_bayes,55.33221435546875,173.99142456054688,7.635920524597168,1330.7830810546875,1396.4730224609375,57.719866614613196
162418004010854,45,1977,1985,8,sn,hg_organon,55.33221435546875,173.99142456054688,7.635920524597168,1330.7830810546875,1396.4730224609375,57.719866614613196
162418004010854,45,1977,1985,8,sn,hg_conus_sp,55.31607437133789,173.99139404296875,7.634807109832764,1240.42626953125,1358.7508544921875,57.719866614613196
162418004010854,45,1977,1985,8,sn,hg_conus_clim,55.291080474853516,173.99143981933594,7.633081436157227,934.7333984375,956.191162109375,57.719866614613196
87095301020004,45,2013,2018,5,sn,default,121.73114776611328,165.2216033935547,11.622610092163086,3576.6845703125,13229.462890625,170.0163174702557
87095301020004,45,2013,2018,5,sn,calibrated,119.3093032836914,160.62313842773438,11.66995906829834,3510.421630859375,13063.775390625,170.0163174702557
87095301020004,45,2013,2018,5,sn,hg_bayes,121.74301147460938,165.22158813476562,11.623176574707031,3993.49755859375,15076.716796875,170.0163174702557
87095301020004,45,2013,2018,5,sn,hg_organon,121.74301147460938,165.22158813476562,11.623176574707031,3993.49755859375,15076.716796875,170.0163174702557
87095301020004,45,2013,2018,5,sn,hg_conus_sp,121.73367309570312,165.22161865234375,11.622734069824219,3813.1787109375,14327.123046875,170.0163174702557
87095301020004,45,2013,2018,5,sn,hg_conus_clim,121.72640228271484,165.22161865234375,11.622384071350098,3868.156005859375,14646.650390625,170.0163174702557
533665108126144,13,2019,2024,5,sn,default,172.17872619628906,181.6295623779297,13.183565139770508,5287.779296875,26649.5859375,211.0298117385395
533665108126144,13,2019,2024,5,sn,calibrated,167.30349731445312,170.4832305908203,13.413681030273438,5175.1044921875,26347.171875,211.0298117385395
533665108126144,13,2019,2024,5,sn,hg_bayes,172.20529174804688,181.5998077392578,13.185659408569336,5885.16064453125,29666.28515625,211.0298117385395
533665108126144,13,2019,2024,5,sn,hg_organon,172.20529174804688,181.5998077392578,13.185659408569336,5885.16064453125,29666.28515625,211.0298117385395
533665108126144,13,2019,2024,5,sn,hg_conus_sp,172.18984985351562,181.6191864013672,13.184364318847656,5557.20068359375,28072.21484375,211.0298117385395
533665108126144,13,2019,2024,5,sn,hg_conus_clim,172.1712188720703,181.63497924804688,13.183077812194824,5326.123046875,26872.7734375,211.0298117385395
43069328010478,1,1999,2005,6,sn,default,138.78131103515625,172.12631225585938,12.15844440460205,3578.04248046875,12630.978515625,105.69453094123368
43069328010478,1,1999,2005,6,sn,calibrated,136.60975646972656,167.50241088867188,12.228317260742188,3530.213134765625,12562.9609375,105.69453094123368
43069328010478,1,1999,2005,6,sn,hg_bayes,138.78509521484375,172.1192169189453,12.158860206604004,3949.33447265625,13682.6083984375,105.69453094123368
43069328010478,1,1999,2005,6,sn,hg_organon,138.78509521484375,172.1192169189453,12.158860206604004,3949.33447265625,13682.6083984375,105.69453094123368
43069328010478,1,1999,2005,6,sn,hg_conus_sp,138.7766876220703,172.12789916992188,12.158188819885254,3707.65087890625,13031.876953125,105.69453094123368
43069328010478,1,1999,2005,6,sn,hg_conus_clim,138.78131103515625,172.12631225585938,12.15844440460205,3578.04248046875,12630.978515625,105.69453094123368
22331242010478,1,2003,2009,6,sn,default,72.94518280029297,146.86083984375,9.542927742004395,1755.1761474609375,4086.69140625,73.22027350836586
22331242010478,1,2003,2009,6,sn,calibrated,72.31366729736328,145.08119201660156,9.559626579284668,1741.1678466796875,4075.857666015625,73.22027350836586
22331242010478,1,2003,2009,6,sn,hg_bayes,72.9636459350586,146.86083984375,9.544134140014648,1979.5958251953125,4605.86474609375,73.22027350836586
22331242010478,1,2003,2009,6,sn,hg_organon,72.9636459350586,146.86083984375,9.544134140014648,1979.5958251953125,4605.86474609375,73.22027350836586
22331242010478,1,2003,2009,6,sn,hg_conus_sp,72.94817352294922,146.86085510253906,9.543121337890625,1890.1551513671875,4452.658203125,73.22027350836586
22331242010478,1,2003,2009,6,sn,hg_conus_clim,72.9236068725586,146.86087036132812,9.54151439666748,1786.3514404296875,4163.19189453125,73.22027350836586
87095254020004,45,2013,2018,5,sn,default,207.0343475341797,211.83973693847656,13.386090278625488,7558.79248046875,38032.765625,230.49835849119154
87095254020004,45,2013,2018,5,sn,calibrated,172.52395629882812,163.49017333984375,13.909615516662598,6384.3359375,33105.828125,230.49835849119154
87095254020004,45,2013,2018,5,sn,hg_bayes,207.0431365966797,211.82989501953125,13.386687278747559,8131.27880859375,40569.2421875,230.49835849119154
87095254020004,45,2013,2018,5,sn,hg_organon,207.0431365966797,211.82989501953125,13.386687278747559,8131.27880859375,40569.2421875,230.49835849119154
87095254020004,45,2013,2018,5,sn,hg_conus_sp,207.03038024902344,211.84475708007812,13.385809898376465,7791.46923828125,39431.953125,230.49835849119154
87095254020004,45,2013,2018,5,sn,hg_conus_clim,207.03021240234375,211.8445587158203,13.385807991027832,7951.017578125,40025.15625,230.49835849119154
162413630010854,45,1967,1977,10,sn,default,88.88604736328125,187.23814392089844,9.329447746276855,1724.2113037109375,3587.125,87.18071512446176
162413630010854,45,1967,1977,10,sn,calibrated,88.2564926147461,185.28758239746094,9.34515380859375,1713.1541748046875,3582.563720703125,87.18071512446176
162413630010854,45,1967,1977,10,sn,hg_bayes,88.91612243652344,187.23797607421875,9.33103084564209,2506.5244140625,5121.84375,87.18071512446176
162413630010854,45,1967,1977,10,sn,hg_organon,88.91612243652344,187.23797607421875,9.33103084564209,2506.5244140625,5121.84375,87.18071512446176
162413630010854,45,1967,1977,10,sn,hg_conus_sp,88.79779815673828,187.23846435546875,9.324807167053223,2229.74755859375,4605.56396484375,87.18071512446176
162413630010854,45,1967,1977,10,sn,hg_conus_clim,88.7198257446289,187.23867797851562,9.320706367492676,1833.971435546875,3810.4482421875,87.18071512446176
38861716010478,1,2004,2011,7,sn,default,115.82344818115234,86.95222473144531,15.627669334411621,3869.229736328125,20416.6796875,99.09756133027805
38861716010478,1,2004,2011,7,sn,calibrated,115.73418426513672,86.83934783935547,15.631793975830078,3866.57958984375,20406.169921875,99.09756133027805
38861716010478,1,2004,2011,7,sn,hg_bayes,115.71627807617188,86.95235443115234,15.620424270629883,4203.6826171875,22305.306640625,99.09756133027805
38861716010478,1,2004,2011,7,sn,hg_organon,115.71627807617188,86.95235443115234,15.620424270629883,4203.6826171875,22305.306640625,99.09756133027805
38861716010478,1,2004,2011,7,sn,hg_conus_sp,115.73735809326172,86.95230865478516,15.621849060058594,4008.992919921875,21346.716796875,99.09756133027805
38861716010478,1,2004,2011,7,sn,hg_conus_clim,115.8223648071289,86.95222473144531,15.62759780883789,3864.06982421875,20416.6796875,99.09756133027805
162418397010854,45,1978,1986,8,sn,default,101.5068588256836,179.50526428222656,10.18228816986084,2260.7275390625,7057.5830078125,123.31241134153704
162418397010854,45,1978,1986,8,sn,calibrated,100.38980865478516,176.5326690673828,10.211006164550781,2238.2763671875,7019.66455078125,123.31241134153704
162418397010854,45,1978,1986,8,sn,hg_bayes,101.55230712890625,179.50503540039062,10.184574127197266,3047.16943359375,9070.2548828125,123.31241134153704
162418397010854,45,1978,1986,8,sn,hg_organon,101.55230712890625,179.50503540039062,10.184574127197266,3047.16943359375,9070.2548828125,123.31241134153704
162418397010854,45,1978,1986,8,sn,hg_conus_sp,101.5141372680664,179.5052032470703,10.182655334472656,2830.7763671875,8700.7255859375,123.31241134153704
162418397010854,45,1978,1986,8,sn,hg_conus_clim,101.47537994384766,179.5052490234375,10.18071174621582,2623.4501953125,8074.669921875,123.31241134153704
198391185020004,28,2014,2019,5,sn,default,40.7521858215332,111.34574890136719,8.191719055175781,648.1844482421875,0.0,64.66557120678905
198391185020004,28,2014,2019,5,sn,calibrated,40.59365463256836,110.7907485961914,8.196221351623535,645.896484375,0.0,64.66557120678905
198391185020004,28,2014,2019,5,sn,hg_bayes,40.74642562866211,111.34574127197266,8.191139221191406,679.1192016601562,0.0,64.66557120678905
198391185020004,28,2014,2019,5,sn,hg_organon,40.74642562866211,111.34574127197266,8.191139221191406,679.1192016601562,0.0,64.66557120678905
198391185020004,28,2014,2019,5,sn,hg_conus_sp,40.7521858215332,111.34574890136719,8.191719055175781,648.1844482421875,0.0,64.66557120678905
198391185020004,28,2014,2019,5,sn,hg_conus_clim,40.7521858215332,111.34574890136719,8.191719055175781,648.1844482421875,0.0,64.66557120678905
162424047010854,45,1986,1993,7,sn,default,117.784912109375,107.2017822265625,14.193196296691895,3589.9970703125,16408.55078125,75.12909189096493
162424047010854,45,1986,1993,7,sn,calibrated,113.37275695800781,102.4756088256836,14.242313385009766,3457.295654296875,15833.7109375,75.12909189096493
162424047010854,45,1986,1993,7,sn,hg_bayes,117.80635833740234,107.18402862548828,14.195660591125488,3906.75390625,18009.701171875,75.12909189096493
162424047010854,45,1986,1993,7,sn,hg_organon,117.80635833740234,107.18402862548828,14.195660591125488,3906.75390625,18009.701171875,75.12909189096493
162424047010854,45,1986,1993,7,sn,hg_conus_sp,117.79991149902344,107.18933868408203,14.194920539855957,3819.832275390625,17619.681640625,75.12909189096493
162424047010854,45,1986,1993,7,sn,hg_conus_clim,117.784912109375,107.2017822265625,14.193196296691895,3589.9970703125,16408.55078125,75.12909189096493
162413995010854,45,1966,1977,11,sn,default,74.83171844482422,178.4168701171875,8.769224166870117,1420.967041015625,2538.56787109375,84.67944782281654
162413995010854,45,1966,1977,11,sn,calibrated,74.26886749267578,176.607177734375,8.780829429626465,1411.9893798828125,2532.411865234375,84.67944782281654
162413995010854,45,1966,1977,11,sn,hg_bayes,74.85054016113281,178.41680908203125,8.770328521728516,2147.066162109375,4010.955078125,84.67944782281654
162413995010854,45,1966,1977,11,sn,hg_organon,74.85054016113281,178.41680908203125,8.770328521728516,2147.066162109375,4010.955078125,84.67944782281654
162413995010854,45,1966,1977,11,sn,hg_conus_sp,74.84493255615234,178.41680908203125,8.770000457763672,2026.268798828125,3821.99560546875,84.67944782281654
162413995010854,45,1966,1977,11,sn,hg_conus_clim,74.83171844482422,178.4168701171875,8.769224166870117,1420.967041015625,2538.56787109375,84.67944782281654
153846850010854,13,2009,2014,5,sn,default,71.09000396728516,141.59378051757812,9.594411849975586,1463.7125244140625,3545.899169921875,104.24516525189797
153846850010854,13,2009,2014,5,sn,calibrated,70.3896255493164,139.6177520751953,9.614356994628906,1451.9266357421875,3533.6083984375,104.24516525189797
153846850010854,13,2009,2014,5,sn,hg_bayes,71.07511901855469,141.59376525878906,9.59341049194336,1889.2889404296875,4552.0322265625,104.24516525189797
153846850010854,13,2009,2014,5,sn,hg_organon,71.07511901855469,141.59376525878906,9.59341049194336,1889.2889404296875,4552.0322265625,104.24516525189797
153846850010854,13,2009,2014,5,sn,hg_conus_sp,71.06778717041016,141.5937957763672,9.592914581298828,1791.25537109375,4413.912109375,104.24516525189797
153846850010854,13,2009,2014,5,sn,hg_conus_clim,71.03489685058594,141.5938262939453,9.590692520141602,1775.1075439453125,4377.431640625,104.24516525189797
162416446010854,45,1978,1986,8,sn,default,43.207542419433594,94.0000228881836,9.180197715759277,627.790771484375,741.3983154296875,22.448399974225
162416446010854,45,1978,1986,8,sn,calibrated,41.83277130126953,90.34480285644531,9.213889122009277,608.3911743164062,736.7091064453125,22.448399974225
162416446010854,45,1978,1986,8,sn,hg_bayes,43.22201919555664,94.0,9.18173885345459,1184.0352783203125,1564.484130859375,22.448399974225
162416446010854,45,1978,1986,8,sn,hg_organon,43.22201919555664,94.0,9.18173885345459,1184.0352783203125,1564.484130859375,22.448399974225
162416446010854,45,1978,1986,8,sn,hg_conus_sp,43.222476959228516,94.00000762939453,9.18178653717041,1284.001708984375,1718.4747314453125,22.448399974225
162416446010854,45,1978,1986,8,sn,hg_conus_clim,43.213809967041016,94.00000762939453,9.180865287780762,699.8247680664062,741.3983154296875,22.448399974225
385729424489998,13,2017,2022,5,sn,default,179.41302490234375,467.6532287597656,8.386898040771484,4140.2978515625,3690.717529296875,185.3628993833432
385729424489998,13,2017,2022,5,sn,calibrated,170.93370056152344,439.0740661621094,8.448527336120605,3955.88427734375,3669.9931640625,185.3628993833432
385729424489998,13,2017,2022,5,sn,hg_bayes,179.4152069091797,467.6507263183594,8.386971473693848,5009.5869140625,4459.65771484375,185.3628993833432
385729424489998,13,2017,2022,5,sn,hg_organon,179.4152069091797,467.6507263183594,8.386971473693848,5009.5869140625,4459.65771484375,185.3628993833432
385729424489998,13,2017,2022,5,sn,hg_conus_sp,179.412841796875,467.6536865234375,8.38688850402832,4734.07568359375,4267.43115234375,185.3628993833432
385729424489998,13,2017,2022,5,sn,hg_conus_clim,179.41152954101562,467.65533447265625,8.386845588684082,4707.14453125,4320.1962890625,185.3628993833432
44516912010478,45,2000,2006,6,sn,default,20.210206985473633,41.00516128540039,9.506101608276367,314.0781555175781,215.60401916503906,110.39587849606593
44516912010478,45,2000,2006,6,sn,calibrated,19.95862579345703,40.37321853637695,9.520394325256348,310.7279052734375,213.26988220214844,110.39587849606593
44516912010478,45,2000,2006,6,sn,hg_bayes,20.163742065429688,41.00520324707031,9.495162963867188,478.7674865722656,361.0016174316406,110.39587849606593
44516912010478,45,2000,2006,6,sn,hg_organon,20.163742065429688,41.00520324707031,9.495162963867188,478.7674865722656,361.0016174316406,110.39587849606593
44516912010478,45,2000,2006,6,sn,hg_conus_sp,20.16311264038086,41.00520324707031,9.495013236999512,443.44952392578125,339.6465148925781,110.39587849606593
44516912010478,45,2000,2006,6,sn,hg_conus_clim,20.098360061645508,41.00522994995117,9.47974967956543,413.6858825683594,346.16552734375,110.39587849606593
43375645010478,1,2000,2005,5,sn,default,52.79249954223633,58.80952453613281,12.829170227050781,1739.5640869140625,8108.646484375,38.555493433725644
43375645010478,1,2000,2005,5,sn,calibrated,52.04544448852539,57.831756591796875,12.845305442810059,1715.2481689453125,8004.005859375,38.555493433725644
43375645010478,1,2000,2005,5,sn,hg_bayes,52.792057037353516,58.809513092041016,12.829117774963379,1856.5018310546875,8878.6220703125,38.555493433725644
43375645010478,1,2000,2005,5,sn,hg_organon,52.792057037353516,58.809513092041016,12.829117774963379,1856.5018310546875,8878.6220703125,38.555493433725644
43375645010478,1,2000,2005,5,sn,hg_conus_sp,52.78925704956055,58.80951690673828,12.828777313232422,1802.691650390625,8479.185546875,38.555493433725644
43375645010478,1,2000,2005,5,sn,hg_conus_clim,52.784820556640625,58.80951690673828,12.82823657989502,1822.816650390625,8709.6640625,38.555493433725644
61370101010478,13,2004,2009,5,sn,default,1.1227140426635742,5.903192520141602,5.905102729797363,0.0,0.0,16.513042733637977
61370101010478,13,2004,2009,5,sn,calibrated,1.1362627744674683,5.974809646606445,5.904914855957031,0.0,0.0,16.513042733637977
61370101010478,13,2004,2009,5,sn,hg_bayes,1.1227140426635742,5.903192520141602,5.905101776123047,0.0,0.0,16.513042733637977
61370101010478,13,2004,2009,5,sn,hg_organon,1.1227140426635742,5.903192520141602,5.905101776123047,0.0,0.0,16.513042733637977
61370101010478,13,2004,2009,5,sn,hg_conus_sp,1.1227141618728638,5.903192520141602,5.905101776123047,0.0,0.0,16.513042733637977
61370101010478,13,2004,2009,5,sn,hg_conus_clim,1.1227140426635742,5.903192520141602,5.905102729797363,0.0,0.0,16.513042733637977
488023030489998,45,2018,2023,5,sn,default,101.77734375,245.62750244140625,8.716121673583984,2088.43701171875,1890.9798583984375,120.79625769634815
488023030489998,45,2018,2023,5,sn,calibrated,99.12126159667969,237.4060516357422,8.749307632446289,2037.87744140625,1920.792236328125,120.79625769634815
488023030489998,45,2018,2023,5,sn,hg_bayes,101.8315200805664,245.53826904296875,8.720026016235352,2547.828857421875,2338.240478515625,120.79625769634815
488023030489998,45,2018,2023,5,sn,hg_organon,101.8315200805664,245.53826904296875,8.720026016235352,2547.828857421875,2338.240478515625,120.79625769634815
488023030489998,45,2018,2023,5,sn,hg_conus_sp,101.83305358886719,245.53675842285156,8.720123291015625,2538.233642578125,2281.57763671875,120.79625769634815
488023030489998,45,2018,2023,5,sn,hg_conus_clim,101.74126434326172,245.68116760253906,8.713626861572266,2140.209716796875,2053.096923828125,120.79625769634815
158717093010854,13,1972,1982,10,sn,default,60.5984001159668,174.76219177246094,7.973392963409424,998.12744140625,800.2678833007812,85.85241329606177
158717093010854,13,1972,1982,10,sn,calibrated,59.08302307128906,169.0557403564453,8.004839897155762,973.5530395507812,798.9896850585938,85.85241329606177
158717093010854,13,1972,1982,10,sn,hg_bayes,60.59939956665039,174.76214599609375,7.973458766937256,1739.408935546875,1383.7789306640625,85.85241329606177
158717093010854,13,1972,1982,10,sn,hg_organon,60.59939956665039,174.76214599609375,7.973458766937256,1739.408935546875,1383.7789306640625,85.85241329606177
158717093010854,13,1972,1982,10,sn,hg_conus_sp,60.59543228149414,174.76217651367188,7.973196506500244,1614.1756591796875,1224.8421630859375,85.85241329606177
158717093010854,13,1972,1982,10,sn,hg_conus_clim,60.54871368408203,174.76242065429688,7.97011661529541,1451.7354736328125,1110.190185546875,85.85241329606177
259083167010854,13,2012,2018,6,sn,default,40.741798400878906,141.26129150390625,7.271848678588867,590.4798583984375,0.0,37.46406978529364
259083167010854,13,2012,2018,6,sn,calibrated,40.04615020751953,138.36529541015625,7.284554481506348,581.7713623046875,0.0,37.46406978529364
259083167010854,13,2012,2018,6,sn,hg_bayes,40.754669189453125,141.26126098632812,7.272997856140137,861.5810546875,0.0,37.46406978529364
259083167010854,13,2012,2018,6,sn,hg_organon,40.754669189453125,141.26126098632812,7.272997856140137,861.5810546875,0.0,37.46406978529364
259083167010854,13,2012,2018,6,sn,hg_conus_sp,40.76862335205078,141.2613067626953,7.274240493774414,975.5349731445312,0.0,37.46406978529364
259083167010854,13,2012,2018,6,sn,hg_conus_clim,40.741798400878906,141.26129150390625,7.271848678588867,590.4798583984375,0.0,37.46406978529364
162421513010854,45,1986,1993,7,sn,default,170.34136962890625,241.86363220214844,11.363469123840332,4570.763671875,18258.765625,115.60235885339887
162421513010854,45,1986,1993,7,sn,calibrated,166.73814392089844,232.90948486328125,11.456714630126953,4497.2861328125,18080.95703125,115.60235885339887
162421513010854,45,1986,1993,7,sn,hg_bayes,170.4146270751953,241.76622009277344,11.368206024169922,5051.9970703125,19698.900390625,115.60235885339887
162421513010854,45,1986,1993,7,sn,hg_organon,170.4146270751953,241.76622009277344,11.368206024169922,5051.9970703125,19698.900390625,115.60235885339887
162421513010854,45,1986,1993,7,sn,hg_conus_sp,170.3267822265625,241.87460327148438,11.362730979919434,4616.1875,18407.482421875,115.60235885339887
162421513010854,45,1986,1993,7,sn,hg_conus_clim,170.34136962890625,241.86363220214844,11.363469123840332,4570.763671875,18258.765625,115.60235885339887
259082924010854,13,2012,2018,6,sn,default,124.40486145019531,123.33504486083984,13.599149703979492,4572.3388671875,19482.7421875,
259082924010854,13,2012,2018,6,sn,calibrated,121.3764877319336,119.00038146972656,13.675066947937012,4463.65625,19108.763671875,
259082924010854,13,2012,2018,6,sn,hg_bayes,124.42168426513672,123.33500671386719,13.600069046020508,4977.94775390625,21494.396484375,
259082924010854,13,2012,2018,6,sn,hg_organon,124.42168426513672,123.33500671386719,13.600069046020508,4977.94775390625,21494.396484375,
259082924010854,13,2012,2018,6,sn,hg_conus_sp,124.40743255615234,123.33506774902344,13.59929084777832,4771.77734375,20681.171875,
259082924010854,13,2012,2018,6,sn,hg_conus_clim,124.37031555175781,123.33509063720703,13.597254753112793,4704.21240234375,20280.818359375,
162410554010854,45,1966,1977,11,sn,default,48.44582748413086,108.6968994140625,9.039739608764648,810.2720947265625,1434.34912109375,124.03715994159462
162410554010854,45,1966,1977,11,sn,calibrated,48.14783477783203,107.788818359375,9.049776077270508,805.6378784179688,1432.421630859375,124.03715994159462
162410554010854,45,1966,1977,11,sn,hg_bayes,48.425907135009766,108.69685363769531,9.037882804870605,1190.0401611328125,2174.5380859375,124.03715994159462
162410554010854,45,1966,1977,11,sn,hg_organon,48.425907135009766,108.69685363769531,9.037882804870605,1190.0401611328125,2174.5380859375,124.03715994159462
162410554010854,45,1966,1977,11,sn,hg_conus_sp,48.40985870361328,108.6968994140625,9.036383628845215,1128.0638427734375,2026.344482421875,124.03715994159462
162410554010854,45,1966,1977,11,sn,hg_conus_clim,48.44582748413086,108.6968994140625,9.039739608764648,810.2720947265625,1434.34912109375,124.03715994159462
157528736010854,1,1982,1989,7,sn,default,77.54438781738281,124.22077178955078,10.698291778564453,1655.169677734375,3499.140380859375,42.97145271528386
157528736010854,1,1982,1989,7,sn,calibrated,77.35025787353516,123.77955627441406,10.70391845703125,1651.3026123046875,3495.255126953125,42.97145271528386
157528736010854,1,1982,1989,7,sn,hg_bayes,77.5439682006836,124.22080993652344,10.698259353637695,1998.7896728515625,4389.23583984375,42.97145271528386
157528736010854,1,1982,1989,7,sn,hg_organon,77.5439682006836,124.22080993652344,10.698259353637695,1998.7896728515625,4389.23583984375,42.97145271528386
157528736010854,1,1982,1989,7,sn,hg_conus_sp,77.478759765625,124.22087860107422,10.693757057189941,1837.60400390625,4217.00732421875,42.97145271528386
157528736010854,1,1982,1989,7,sn,hg_conus_clim,77.54438781738281,124.22077178955078,10.698291778564453,1655.169677734375,3499.140380859375,42.97145271528386
139994300010854,1,2009,2016,7,sn,default,80.96879577636719,116.78636932373047,11.27454662322998,2337.22705078125,9496.4052734375,81.46390841446956
139994300010854,1,2009,2016,7,sn,calibrated,80.63282775878906,116.10066986083984,11.284306526184082,2328.79150390625,9473.3564453125,81.46390841446956
139994300010854,1,2009,2016,7,sn,hg_bayes,80.96186065673828,116.78633117675781,11.274065971374512,2612.14990234375,10622.994140625,81.46390841446956
139994300010854,1,2009,2016,7,sn,hg_organon,80.96186065673828,116.78633117675781,11.274065971374512,2612.14990234375,10622.994140625,81.46390841446956
139994300010854,1,2009,2016,7,sn,hg_conus_sp,80.96687316894531,116.78633117675781,11.2744140625,2484.168701171875,10057.1728515625,81.46390841446956
139994300010854,1,2009,2016,7,sn,hg_conus_clim,80.96879577636719,116.78636932373047,11.27454662322998,2337.22705078125,9496.4052734375,81.46390841446956
36099540020004,1,2012,2019,7,sn,default,40.78179168701172,93.95308685302734,8.92100715637207,778.7903442382812,1980.2420654296875,46.870686563674646
36099540020004,1,2012,2019,7,sn,calibrated,40.419586181640625,92.69415283203125,8.94140911102295,773.3675537109375,1976.70458984375,46.870686563674646
36099540020004,1,2012,2019,7,sn,hg_bayes,40.813865661621094,93.95298767089844,8.924519538879395,1098.10400390625,2709.552734375,46.870686563674646
36099540020004,1,2012,2019,7,sn,hg_organon,40.813865661621094,93.95298767089844,8.924519538879395,1098.10400390625,2709.552734375,46.870686563674646
36099540020004,1,2012,2019,7,sn,hg_conus_sp,40.79023742675781,93.9530258178711,8.921935081481934,1011.94384765625,2614.51953125,46.870686563674646
36099540020004,1,2012,2019,7,sn,hg_conus_clim,40.73493957519531,93.95320129394531,8.915877342224121,899.5597534179688,2669.740478515625,46.870686563674646
533664520126144,13,2018,2024,6,sn,default,49.12477493286133,52.876380920410156,13.051359176635742,1207.4739990234375,4717.13818359375,71.97896682167554
533664520126144,13,2018,2024,6,sn,calibrated,49.130245208740234,52.886756896972656,13.050806045532227,1207.588134765625,4717.390625,71.97896682167554
533664520126144,13,2018,2024,6,sn,hg_bayes,49.14153289794922,52.876399993896484,13.053584098815918,1512.4208984375,5847.18408203125,71.97896682167554
533664520126144,13,2018,2024,6,sn,hg_organon,49.14153289794922,52.876399993896484,13.053584098815918,1512.4208984375,5847.18408203125,71.97896682167554
533664520126144,13,2018,2024,6,sn,hg_conus_sp,49.10933303833008,52.87639617919922,13.04930591583252,1414.0126953125,5513.390625,71.97896682167554
533664520126144,13,2018,2024,6,sn,hg_conus_clim,49.126041412353516,52.87638854980469,13.051526069641113,1233.14111328125,4717.13818359375,71.97896682167554
61057437010478,13,2000,2008,8,sn,default,98.71556091308594,198.66224670410156,9.544901847839355,2195.064453125,4431.0556640625,105.34891526829868
61057437010478,13,2000,2008,8,sn,calibrated,97.15917205810547,194.10189819335938,9.579949378967285,2165.9775390625,4412.822265625,105.34891526829868
61057437010478,13,2000,2008,8,sn,hg_bayes,98.7587890625,198.66207885742188,9.546998023986816,2974.045654296875,5762.8427734375,105.34891526829868
61057437010478,13,2000,2008,8,sn,hg_organon,98.7587890625,198.66207885742188,9.546998023986816,2974.045654296875,5762.8427734375,105.34891526829868
61057437010478,13,2000,2008,8,sn,hg_conus_sp,98.72101593017578,198.6622314453125,9.545166015625,2748.031982421875,5413.65087890625,105.34891526829868
61057437010478,13,2000,2008,8,sn,hg_conus_clim,98.62006378173828,198.66246032714844,9.540279388427734,2612.270751953125,5359.326171875,105.34891526829868
158715474010854,13,1972,1982,10,sn,default,30.835769653320312,66.17721557617188,9.242925643920898,613.5216674804688,803.6670532226562,
158715474010854,13,1972,1982,10,sn,calibrated,30.6131591796875,65.5655517578125,9.252360343933105,609.2920532226562,802.8076171875,
158715474010854,13,1972,1982,10,sn,hg_bayes,30.835166931152344,66.17721557617188,9.242834091186523,875.354736328125,1251.40625,
158715474010854,13,1972,1982,10,sn,hg_organon,30.835166931152344,66.17721557617188,9.242834091186523,875.354736328125,1251.40625,
158715474010854,13,1972,1982,10,sn,hg_conus_sp,30.83456039428711,66.17720794677734,9.242746353149414,845.2830200195312,1179.6412353515625,
158715474010854,13,1972,1982,10,sn,hg_conus_clim,30.835769653320312,66.17721557617188,9.242925643920898,613.5216674804688,803.6670532226562,
160405579010854,28,1987,1994,7,sn,default,10.077284812927246,15.54584789276123,10.90186595916748,194.45582580566406,452.24713134765625,9.381243826643875
160405579010854,28,1987,1994,7,sn,calibrated,9.800978660583496,15.05650520324707,10.92468547821045,188.7546844482422,444.43939208984375,9.381243826643875
160405579010854,28,1987,1994,7,sn,hg_bayes,10.077350616455078,15.545846939086914,10.901902198791504,293.9147033691406,748.4454345703125,9.381243826643875
160405579010854,28,1987,1994,7,sn,hg_organon,10.077350616455078,15.545846939086914,10.901902198791504,293.9147033691406,748.4454345703125,9.381243826643875
160405579010854,28,1987,1994,7,sn,hg_conus_sp,10.077374458312988,15.545846939086914,10.901915550231934,278.30078125,713.090087890625,9.381243826643875
160405579010854,28,1987,1994,7,sn,hg_conus_clim,10.077332496643066,15.545845985412598,10.90189266204834,284.97576904296875,721.1029052734375,9.381243826643875
259118797010854,28,2012,2018,6,sn,default,93.02932739257812,141.05364990234375,10.996492385864258,2617.11962890625,8125.439453125,125.53440398894082
259118797010854,28,2012,2018,6,sn,calibrated,91.04743194580078,137.2339324951172,11.029081344604492,2562.25146484375,8017.26220703125,125.53440398894082
259118797010854,28,2012,2018,6,sn,hg_bayes,93.03008270263672,141.05364990234375,10.996537208557129,2993.6796875,9332.4287109375,125.53440398894082
259118797010854,28,2012,2018,6,sn,hg_organon,93.03008270263672,141.05364990234375,10.996537208557129,2993.6796875,9332.4287109375,125.53440398894082
259118797010854,28,2012,2018,6,sn,hg_conus_sp,93.02983093261719,141.05364990234375,10.996522903442383,2900.020263671875,9021.861328125,125.53440398894082
259118797010854,28,2012,2018,6,sn,hg_conus_clim,93.02935791015625,141.05364990234375,10.996492385864258,2869.83349609375,8947.794921875,125.53440398894082
162413515010854,45,1967,1978,11,sn,default,64.57088470458984,134.9920196533203,9.364846229553223,1137.50146484375,1992.501953125,93.70769288520512
162413515010854,45,1967,1978,11,sn,calibrated,64.62429809570312,135.16612243652344,9.362682342529297,1138.3299560546875,1993.0784912109375,93.70769288520512
162413515010854,45,1967,1978,11,sn,hg_bayes,64.71589660644531,134.99118041992188,9.375383377075195,1790.4769287109375,3405.063720703125,93.70769288520512
162413515010854,45,1967,1978,11,sn,hg_organon,64.71589660644531,134.99118041992188,9.375383377075195,1790.4769287109375,3405.063720703125,93.70769288520512
162413515010854,45,1967,1978,11,sn,hg_conus_sp,64.55233764648438,134.99166870117188,9.363512992858887,1556.192626953125,3055.39453125,93.70769288520512
162413515010854,45,1967,1978,11,sn,hg_conus_clim,64.394775390625,134.9923553466797,9.352054595947266,1232.8289794921875,2478.1650390625,93.70769288520512
56703221010478,13,1997,2002,5,sn,default,172.89625549316406,195.66603088378906,12.728324890136719,4418.77978515625,17535.626953125,139.6832551985741
56703221010478,13,1997,2002,5,sn,calibrated,162.3543243408203,177.52914428710938,12.948915481567383,4164.763671875,16944.2578125,139.6832551985741
56703221010478,13,1997,2002,5,sn,hg_bayes,172.89578247070312,195.6628875732422,12.728414535522461,5174.39013671875,20831.2890625,139.6832551985741
56703221010478,13,1997,2002,5,sn,hg_organon,172.89578247070312,195.6628875732422,12.728414535522461,5174.39013671875,20831.2890625,139.6832551985741
56703221010478,13,1997,2002,5,sn,hg_conus_sp,172.88914489746094,195.67222595214844,12.727864265441895,4834.65478515625,19689.271484375,139.6832551985741
56703221010478,13,1997,2002,5,sn,hg_conus_clim,172.8814697265625,195.677490234375,12.727412223815918,4459.6494140625,17746.693359375,139.6832551985741
162417543010854,45,1977,1986,9,sn,default,55.292789459228516,178.7842254638672,7.5301899909973145,1097.3533935546875,0.0,77.70360355452912
162417543010854,45,1977,1986,9,sn,calibrated,54.84803009033203,176.93934631347656,7.538841247558594,1089.1676025390625,0.0,77.70360355452912
162417543010854,45,1977,1986,9,sn,hg_bayes,55.42171859741211,178.7838592529297,7.538971900939941,1479.1531982421875,0.0,77.70360355452912
162417543010854,45,1977,1986,9,sn,hg_organon,55.42171859741211,178.7838592529297,7.538971900939941,1479.1531982421875,0.0,77.70360355452912
162417543010854,45,1977,1986,9,sn,hg_conus_sp,55.40041732788086,178.7839813232422,7.537519454956055,1405.287109375,0.0,77.70360355452912
162417543010854,45,1977,1986,9,sn,hg_conus_clim,55.292789459228516,178.7842254638672,7.5301899909973145,1097.3533935546875,0.0,77.70360355452912
264160340489998,1,2015,2021,6,sn,default,111.79473114013672,175.95762634277344,10.79301929473877,3359.6337890625,9646.8330078125,156.40053415158923
264160340489998,1,2015,2021,6,sn,calibrated,111.74592590332031,175.8406524658203,10.794252395629883,3358.383056640625,9645.4521484375,156.40053415158923
264160340489998,1,2015,2021,6,sn,hg_bayes,111.82451629638672,175.95748901367188,10.79445743560791,3773.498046875,10609.3798828125,156.40053415158923
264160340489998,1,2015,2021,6,sn,hg_organon,111.82451629638672,175.95748901367188,10.79445743560791,3773.498046875,10609.3798828125,156.40053415158923
264160340489998,1,2015,2021,6,sn,hg_conus_sp,111.79805755615234,175.95758056640625,10.793177604675293,3557.5751953125,10293.3818359375,156.40053415158923
264160340489998,1,2015,2021,6,sn,hg_conus_clim,111.78093719482422,175.95765686035156,10.792353630065918,3399.891357421875,9938.4775390625,156.40053415158923
162421449010854,45,1986,1993,7,sn,default,98.36746215820312,192.49313354492188,9.679533004760742,2312.6826171875,5120.9716796875,99.25956373167128
162421449010854,45,1986,1993,7,sn,calibrated,97.5744857788086,190.34584045410156,9.694662094116211,2296.1123046875,5108.74609375,99.25956373167128
162421449010854,45,1986,1993,7,sn,hg_bayes,98.24514770507812,192.4933624267578,9.673508644104004,2733.568115234375,6136.4912109375,99.25956373167128
162421449010854,45,1986,1993,7,sn,hg_organon,98.24514770507812,192.4933624267578,9.673508644104004,2733.568115234375,6136.4912109375,99.25956373167128
162421449010854,45,1986,1993,7,sn,hg_conus_sp,98.24779510498047,192.49339294433594,9.673638343811035,2598.3974609375,5886.8671875,99.25956373167128
162421449010854,45,1986,1993,7,sn,hg_conus_clim,98.24649047851562,192.49339294433594,9.673571586608887,2553.029541015625,5795.59033203125,99.25956373167128
157501379010854,1,1971,1982,11,sn,default,44.913536071777344,51.16001510620117,12.687017440795898,1110.3116455078125,3576.37548828125,77.81950422547278
157501379010854,1,1971,1982,11,sn,calibrated,44.51041793823242,50.58385467529297,12.701680183410645,1101.041015625,3554.587158203125,77.81950422547278
157501379010854,1,1971,1982,11,sn,hg_bayes,44.95406723022461,51.15988540649414,12.692758560180664,1149.240478515625,3753.218505859375,77.81950422547278
157501379010854,1,1971,1982,11,sn,hg_organon,44.95406723022461,51.15988540649414,12.692758560180664,1149.240478515625,3753.218505859375,77.81950422547278
157501379010854,1,1971,1982,11,sn,hg_conus_sp,44.94724655151367,51.159908294677734,12.691794395446777,1137.64990234375,3675.815185546875,77.81950422547278
157501379010854,1,1971,1982,11,sn,hg_conus_clim,44.913536071777344,51.16001510620117,12.687017440795898,1110.3116455078125,3576.37548828125,77.81950422547278
100686648010478,28,2006,2012,6,sn,default,205.3435516357422,226.77371215820312,12.884881973266602,6395.7236328125,27218.205078125,134.9535322789479
100686648010478,28,2006,2012,6,sn,calibrated,172.5114288330078,168.2975616455078,13.709013938903809,5450.88916015625,24480.841796875,134.9535322789479
100686648010478,28,2006,2012,6,sn,hg_bayes,205.35659790039062,226.75949096679688,12.885695457458496,7030.94921875,29638.26171875,134.9535322789479
100686648010478,28,2006,2012,6,sn,hg_organon,205.35659790039062,226.75949096679688,12.885695457458496,7030.94921875,29638.26171875,134.9535322789479
100686648010478,28,2006,2012,6,sn,hg_conus_sp,205.33294677734375,226.78158569335938,12.88432502746582,6558.57177734375,27946.16015625,134.9535322789479
100686648010478,28,2006,2012,6,sn,hg_conus_clim,205.32118225097656,226.79026794433594,12.883716583251953,6673.34228515625,28563.576171875,134.9535322789479
146777027010854,45,2009,2014,5,sn,default,115.47635650634766,253.85166931152344,9.132567405700684,2777.388671875,7306.0234375,131.09050791024603
146777027010854,45,2009,2014,5,sn,calibrated,113.8206558227539,248.37574768066406,9.16626262664795,2744.68408203125,7281.177734375,131.09050791024603
146777027010854,45,2009,2014,5,sn,hg_bayes,115.48938751220703,253.85169982910156,9.13308048248291,3151.09033203125,7974.4921875,131.09050791024603
146777027010854,45,2009,2014,5,sn,hg_organon,115.48938751220703,253.85169982910156,9.13308048248291,3151.09033203125,7974.4921875,131.09050791024603
146777027010854,45,2009,2014,5,sn,hg_conus_sp,115.47398376464844,253.85166931152344,9.13247013092041,2939.160400390625,7560.5498046875,131.09050791024603
146777027010854,45,2009,2014,5,sn,hg_conus_clim,115.45597076416016,253.8516845703125,9.13176441192627,2947.138427734375,7714.37060546875,131.09050791024603
81639084010478,1,2006,2013,7,sn,default,53.460357666015625,116.79833221435547,9.160809516906738,941.4943237304688,2034.7845458984375,78.39012939383095
81639084010478,1,2006,2013,7,sn,calibrated,53.34781265258789,116.44873809814453,9.164889335632324,939.689208984375,2033.3529052734375,78.39012939383095
81639084010478,1,2006,2013,7,sn,hg_bayes,53.508121490478516,116.79815673828125,9.164910316467285,1281.074951171875,2581.39892578125,78.39012939383095
81639084010478,1,2006,2013,7,sn,hg_organon,53.508121490478516,116.79815673828125,9.164910316467285,1281.074951171875,2581.39892578125,78.39012939383095
81639084010478,1,2006,2013,7,sn,hg_conus_sp,53.52150344848633,116.79817962646484,9.166054725646973,1175.363525390625,2498.13330078125,78.39012939383095
81639084010478,1,2006,2013,7,sn,hg_conus_clim,53.45335388183594,116.79834747314453,9.160212516784668,972.9339599609375,2183.12158203125,78.39012939383095
