PLOT,STATE,MEASYEAR1,MEASYEAR2,PERIOD_YR,variant,config,BA_PRED,TPA_PRED,QMD_PRED,MCuFt_PRED,BdFt_PRED,BA_OBS
65168045010538,36,2004,2010,6,ne,default,35.417144775390625,59.08415222167969,10.483529090881348,728.1835327148438,1154.6148681640625,36.14014914653864
65168045010538,36,2004,2010,6,ne,calibrated,35.701087951660156,59.63995361328125,10.476309776306152,732.7276611328125,1158.1298828125,36.14014914653864
65168045010538,36,2004,2010,6,ne,greg_dg,35.417144775390625,59.08415222167969,10.483529090881348,728.1835327148438,1154.6148681640625,36.14014914653864
65168045010538,36,2004,2010,6,ne,hg_organon,35.417144775390625,59.08415222167969,10.483529090881348,728.1835327148438,1154.6148681640625,36.14014914653864
65168045010538,36,2004,2010,6,ne,hg_conus_sp,35.417144775390625,59.08415222167969,10.483529090881348,728.1835327148438,1154.6148681640625,36.14014914653864
65168045010538,36,2004,2010,6,ne,hg_conus_clim,35.417144775390625,59.08415222167969,10.483529090881348,728.1835327148438,1154.6148681640625,36.14014914653864
247056940010661,24,2012,2019,7,ne,default,52.779449462890625,124.54708862304688,8.814586639404297,945.5091552734375,2611.32080078125,72.70805488944526
247056940010661,24,2012,2019,7,ne,calibrated,52.77439880371094,124.52769470214844,8.814848899841309,945.4551391601562,2611.25048828125,72.70805488944526
247056940010661,24,2012,2019,7,ne,hg_organon,52.77355194091797,124.54698944091797,8.814098358154297,1091.4744873046875,2941.27294921875,72.70805488944526
247056940010661,24,2012,2019,7,ne,hg_conus_sp,52.779483795166016,124.54696655273438,8.814598083496094,1009.1595458984375,2819.6279296875,72.70805488944526
247056940010661,24,2012,2019,7,ne,hg_conus_clim,52.77906036376953,124.54705047607422,8.814555168151855,975.433837890625,2809.55517578125,72.70805488944526
171929084020004,33,2014,2021,7,ne,default,90.19153594970703,171.1001739501953,9.830913543701172,2385.98876953125,3985.2158203125,130.6981312106349
171929084020004,33,2014,2021,7,ne,calibrated,90.09290313720703,170.75401306152344,9.835489273071289,2383.994384765625,3983.90380859375,130.6981312106349
171929084020004,33,2014,2021,7,ne,greg_dg,99.93563079833984,171.0940399169922,10.348536491394043,2663.750732421875,5271.3447265625,130.6981312106349
171929084020004,33,2014,2021,7,ne,hg_organon,90.20223236083984,171.10008239746094,9.831501960754395,2486.33935546875,4244.041015625,130.6981312106349
171929084020004,33,2014,2021,7,ne,hg_conus_sp,90.18370819091797,171.10037231445312,9.83048152923584,2358.165283203125,3870.1298828125,130.6981312106349
171929084020004,33,2014,2021,7,ne,hg_conus_clim,90.18612670898438,171.10028076171875,9.830617904663086,2397.6416015625,4069.144775390625,130.6981312106349
168990062010661,36,2010,2015,5,ne,default,141.4488525390625,158.55870056152344,12.789128303527832,4350.23876953125,17442.568359375,164.23947759328027
168990062010661,36,2010,2015,5,ne,calibrated,140.2735595703125,156.05203247070312,12.837767601013184,4324.00634765625,17393.9765625,164.23947759328027
168990062010661,36,2010,2015,5,ne,greg_dg,146.64247131347656,154.24951171875,13.202444076538086,4528.42822265625,18290.279296875,164.23947759328027
168990062010661,36,2010,2015,5,ne,hg_organon,141.433837890625,158.5650177001953,12.78819751739502,4430.259765625,17981.43359375,164.23947759328027
168990062010661,36,2010,2015,5,ne,hg_conus_sp,141.4473419189453,158.5592041015625,12.789036750793457,4296.58837890625,17358.919921875,164.23947759328027
168990062010661,36,2010,2015,5,ne,hg_conus_clim,141.4466094970703,158.55955505371094,12.788993835449219,4348.30810546875,17534.3359375,164.23947759328027
58336932010538,42,2002,2007,5,ne,default,150.4932098388672,160.23052978515625,13.12266731262207,5165.525390625,21051.74609375,147.81730553223446
58336932010538,42,2002,2007,5,ne,calibrated,144.87222290039062,151.3603057861328,13.247164726257324,5006.6845703125,20624.779296875,147.81730553223446
58336932010538,42,2002,2007,5,ne,hg_organon,150.49217224121094,160.23080444335938,13.122611999511719,5194.5205078125,21081.984375,147.81730553223446
58336932010538,42,2002,2007,5,ne,hg_conus_sp,150.4968719482422,160.22898864746094,13.122889518737793,5085.234375,20861.419921875,147.81730553223446
58336932010538,42,2002,2007,5,ne,hg_conus_clim,150.4932098388672,160.23052978515625,13.12266731262207,5165.525390625,21051.74609375,147.81730553223446
222518005010661,23,2011,2016,5,ne,default,97.82026672363281,190.1112823486328,9.712851524353027,2466.5986328125,6310.13525390625,113.84453714782113
222518005010661,23,2011,2016,5,ne,calibrated,97.49099731445312,189.08006286621094,9.722898483276367,2460.72998046875,6304.14013671875,113.84453714782113
222518005010661,23,2011,2016,5,ne,greg_dg,104.77288055419922,190.106201171875,10.05223274230957,2663.906494140625,7193.45166015625,113.84453714782113
222518005010661,23,2011,2016,5,ne,hg_organon,97.81525421142578,190.1114501953125,9.71259880065918,2558.214111328125,6548.20166015625,113.84453714782113
222518005010661,23,2011,2016,5,ne,hg_conus_sp,97.81940460205078,190.11146545410156,9.712804794311523,2472.586181640625,6319.1044921875,113.84453714782113
222518005010661,23,2011,2016,5,ne,hg_conus_clim,97.81761169433594,190.11138916015625,9.71271800994873,2494.255126953125,6291.20849609375,113.84453714782113
306265316489998,36,2016,2023,7,ne,default,103.76045227050781,294.857177734375,8.03242015838623,2232.93115234375,1854.9383544921875,139.8301726657132
306265316489998,36,2016,2023,7,ne,calibrated,102.70887756347656,291.22491455078125,8.04129409790039,2214.526611328125,1851.354248046875,139.8301726657132
306265316489998,36,2016,2023,7,ne,greg_dg,113.5442123413086,295.04656982421875,8.39988899230957,2463.4365234375,1908.328857421875,139.8301726657132
306265316489998,36,2016,2023,7,ne,hg_organon,103.76325988769531,294.85693359375,8.032530784606934,2344.89453125,1943.5633544921875,139.8301726657132
306265316489998,36,2016,2023,7,ne,hg_conus_sp,103.78787994384766,294.8570556640625,8.033480644226074,2184.04931640625,1800.46484375,139.8301726657132
306265316489998,36,2016,2023,7,ne,hg_conus_clim,103.76045227050781,294.857177734375,8.03242015838623,2232.93115234375,1854.9383544921875,139.8301726657132
15806956020004,36,2013,2020,7,ne,default,62.95619201660156,106.14512634277344,10.428106307983398,1367.700439453125,4941.845703125,60.45728271635707
15806956020004,36,2013,2020,7,ne,calibrated,62.989376068115234,106.26174926757812,10.425130844116211,1368.224609375,4942.248046875,60.45728271635707
15806956020004,36,2013,2020,7,ne,greg_dg,64.47930908203125,106.14378356933594,10.553566932678223,1394.7080078125,4987.58984375,60.45728271635707
15806956020004,36,2013,2020,7,ne,hg_organon,62.95171356201172,106.1452407836914,10.427728652954102,1396.348876953125,4944.716796875,60.45728271635707
15806956020004,36,2013,2020,7,ne,hg_conus_sp,62.95962142944336,106.14514923095703,10.428389549255371,1335.94384765625,4696.23486328125,60.45728271635707
15806956020004,36,2013,2020,7,ne,hg_conus_clim,62.956050872802734,106.14510345458984,10.428099632263184,1366.6363525390625,4911.74658203125,60.45728271635707
247104235010661,42,2013,2019,6,ne,default,56.22016906738281,119.02735900878906,9.305912017822266,1315.122314453125,3197.49658203125,
247104235010661,42,2013,2019,6,ne,calibrated,56.2412223815918,119.10768127441406,9.30451774597168,1315.4608154296875,3197.85546875,
247104235010661,42,2013,2019,6,ne,hg_organon,56.22124481201172,119.02730560302734,9.306002616882324,1348.7078857421875,3203.62353515625,
247104235010661,42,2013,2019,6,ne,hg_conus_sp,56.22016906738281,119.02743530273438,9.305909156799316,1302.310546875,3173.652099609375,
247104235010661,42,2013,2019,6,ne,hg_conus_clim,56.219966888427734,119.02738952636719,9.305893898010254,1314.8985595703125,3197.501708984375,
168997422010661,42,2010,2016,6,ne,default,58.632144927978516,124.52074432373047,9.29144287109375,1068.6346435546875,3273.897705078125,90.07323793044282
168997422010661,42,2010,2016,6,ne,calibrated,58.816566467285156,125.21895599365234,9.28006649017334,1070.2850341796875,3278.47314453125,90.07323793044282
168997422010661,42,2010,2016,6,ne,hg_organon,58.62630844116211,124.52074432373047,9.29098892211914,1189.7301025390625,3651.148681640625,90.07323793044282
168997422010661,42,2010,2016,6,ne,hg_conus_sp,58.63738250732422,124.5207290649414,9.291864395141602,1115.3067626953125,3520.541015625,90.07323793044282
168997422010661,42,2010,2016,6,ne,hg_conus_clim,58.632144927978516,124.52074432373047,9.29144287109375,1068.6346435546875,3273.897705078125,90.07323793044282
264094692489998,34,2015,2021,6,ne,default,61.4071044921875,118.18484497070312,9.760334968566895,1441.3846435546875,3934.90283203125,
264094692489998,34,2015,2021,6,ne,calibrated,61.529666900634766,118.55769348144531,9.7546968460083,1443.618408203125,3936.391357421875,
264094692489998,34,2015,2021,6,ne,hg_organon,61.42118835449219,118.1848373413086,9.761456489562988,1494.28857421875,4112.46142578125,
264094692489998,34,2015,2021,6,ne,hg_conus_sp,61.41649627685547,118.18486785888672,9.761079788208008,1441.2569580078125,4006.845458984375,
264094692489998,34,2015,2021,6,ne,hg_conus_clim,61.4071044921875,118.18484497070312,9.760334968566895,1441.3846435546875,3934.90283203125,
222095078010661,42,2011,2017,6,ne,default,41.521881103515625,71.20846557617188,10.339725494384766,1234.6551513671875,4860.5517578125,121.33171079794222
222095078010661,42,2011,2017,6,ne,calibrated,41.531288146972656,71.23722076416016,10.3388090133667,1234.8446044921875,4860.783203125,121.33171079794222
222095078010661,42,2011,2017,6,ne,hg_organon,41.519615173339844,71.20843505859375,10.339445114135742,1308.7369384765625,5028.3388671875,121.33171079794222
222095078010661,42,2011,2017,6,ne,hg_conus_sp,41.52216720581055,71.2084732055664,10.33975887298584,1264.871826171875,4926.7001953125,121.33171079794222
222095078010661,42,2011,2017,6,ne,hg_conus_clim,41.521881103515625,71.20846557617188,10.339725494384766,1234.6551513671875,4860.5517578125,121.33171079794222
68314232010538,42,2005,2010,5,ne,default,86.94574737548828,130.8736572265625,11.036577224731445,2184.137451171875,6539.60791015625,85.43051133133258
68314232010538,42,2005,2010,5,ne,calibrated,87.1624526977539,131.4698944091797,11.025237083435059,2188.523681640625,6545.140625,85.43051133133258
68314232010538,42,2005,2010,5,ne,hg_organon,86.94377136230469,130.87359619140625,11.036449432373047,2230.239990234375,6787.654296875,85.43051133133258
68314232010538,42,2005,2010,5,ne,hg_conus_sp,86.94847106933594,130.87359619140625,11.03675365447998,2162.890869140625,6596.05224609375,85.43051133133258
68314232010538,42,2005,2010,5,ne,hg_conus_clim,86.94574737548828,130.8736572265625,11.036577224731445,2184.137451171875,6539.60791015625,85.43051133133258
222518063010661,23,2011,2016,5,ne,default,51.19670486450195,118.97415161132812,8.882411003112793,970.7412109375,2308.0048828125,118.7231359156662
222518063010661,23,2011,2016,5,ne,calibrated,51.2464714050293,119.18734741210938,8.878779411315918,971.4711303710938,2308.45751953125,118.7231359156662
222518063010661,23,2011,2016,5,ne,greg_dg,51.49751281738281,118.97402954101562,8.908474922180176,972.6331787109375,2277.939208984375,118.7231359156662
222518063010661,23,2011,2016,5,ne,hg_organon,51.19004821777344,118.97422790527344,8.881834030151367,1003.544189453125,2247.46240234375,118.7231359156662
222518063010661,23,2011,2016,5,ne,hg_conus_sp,51.19512176513672,118.97406768798828,8.882280349731445,971.8788452148438,2337.96484375,118.7231359156662
222518063010661,23,2011,2016,5,ne,hg_conus_clim,51.196685791015625,118.97412872314453,8.88241195678711,970.7409057617188,2308.00439453125,118.7231359156662
375840652489998,42,2017,2024,7,ne,default,87.16264343261719,82.5143051147461,13.91672134399414,2574.256103515625,12323.42578125,92.50330828016808
375840652489998,42,2017,2024,7,ne,calibrated,87.50615692138672,83.17711639404297,13.888446807861328,2582.273681640625,12347.24609375,92.50330828016808
375840652489998,42,2017,2024,7,ne,hg_organon,87.16171264648438,82.51432037353516,13.916644096374512,2673.393798828125,12674.4501953125,92.50330828016808
375840652489998,42,2017,2024,7,ne,hg_conus_sp,87.1729736328125,82.51436614990234,13.9175386428833,2596.498046875,12456.80859375,92.50330828016808
375840652489998,42,2017,2024,7,ne,hg_conus_clim,87.16264343261719,82.5143051147461,13.91672134399414,2574.256103515625,12323.42578125,92.50330828016808
171000830010661,24,2008,2013,5,ne,default,62.48064041137695,35.570064544677734,17.945960998535156,1838.265869140625,10739.58203125,64.11581829788176
171000830010661,24,2008,2013,5,ne,calibrated,62.51354217529297,35.60553741455078,17.941740036010742,1839.144775390625,10744.1455078125,64.11581829788176
171000830010661,24,2008,2013,5,ne,hg_organon,62.47201919555664,35.57004165649414,17.944725036621094,1878.3446044921875,10848.6220703125,64.11581829788176
171000830010661,24,2008,2013,5,ne,hg_conus_sp,62.48003005981445,35.570064544677734,17.94586944580078,1824.1173095703125,10716.2861328125,64.11581829788176
171000830010661,24,2008,2013,5,ne,hg_conus_clim,62.48064041137695,35.570064544677734,17.945960998535156,1838.265869140625,10739.58203125,64.11581829788176
122562416010661,42,2007,2012,5,ne,default,141.25106811523438,225.31143188476562,10.721129417419434,3964.850341796875,13639.0859375,147.20353270102603
122562416010661,42,2007,2012,5,ne,calibrated,138.475830078125,218.5620574951172,10.777941703796387,3904.9951171875,13496.0869140625,147.20353270102603
122562416010661,42,2007,2012,5,ne,hg_organon,141.245849609375,225.31167602539062,10.720925331115723,4047.92578125,13927.2939453125,147.20353270102603
122562416010661,42,2007,2012,5,ne,hg_conus_sp,141.24974060058594,225.3115997314453,10.721074104309082,3928.153564453125,13417.8056640625,147.20353270102603
122562416010661,42,2007,2012,5,ne,hg_conus_clim,141.25106811523438,225.31143188476562,10.721129417419434,3964.850341796875,13639.0859375,147.20353270102603
70445152010538,23,2005,2010,5,ne,default,59.00485610961914,88.92850494384766,11.029597282409668,1479.3858642578125,6926.26025390625,83.67791077338723
70445152010538,23,2005,2010,5,ne,calibrated,58.943138122558594,88.7728271484375,11.033489227294922,1478.2681884765625,6922.80126953125,83.67791077338723
70445152010538,23,2005,2010,5,ne,greg_dg,58.1287727355957,88.92906188964844,10.947376251220703,1459.0018310546875,6705.69189453125,83.67791077338723
70445152010538,23,2005,2010,5,ne,hg_organon,59.0074577331543,88.92855834960938,11.02983570098877,1522.338623046875,6981.15380859375,83.67791077338723
70445152010538,23,2005,2010,5,ne,hg_conus_sp,59.00373458862305,88.9285659790039,11.029487609863281,1503.0526123046875,6852.40087890625,83.67791077338723
70445152010538,23,2005,2010,5,ne,hg_conus_clim,59.00445556640625,88.92850494384766,11.029561996459961,1479.961181640625,6926.197265625,83.67791077338723
70390499010538,23,2005,2010,5,ne,default,12.7852201461792,53.48700714111328,6.6201252937316895,162.2763214111328,0.0,133.0670917934465
70390499010538,23,2005,2010,5,ne,calibrated,12.784463882446289,53.48384475708008,6.620127201080322,162.26731872558594,0.0,133.0670917934465
70390499010538,23,2005,2010,5,ne,greg_dg,13.643244743347168,53.48695373535156,6.8386640548706055,172.53872680664062,0.0,133.0670917934465
70390499010538,23,2005,2010,5,ne,hg_organon,12.786802291870117,53.48704528808594,6.620532989501953,176.12002563476562,0.0,133.0670917934465
70390499010538,23,2005,2010,5,ne,hg_conus_sp,12.78663158416748,53.48701095581055,6.6204915046691895,168.18231201171875,0.0,133.0670917934465
70390499010538,23,2005,2010,5,ne,hg_conus_clim,12.785215377807617,53.486995697021484,6.620124340057373,163.4738006591797,0.0,133.0670917934465
29637309020004,54,2013,2020,7,ne,default,117.86847686767578,135.80560302734375,12.614684104919434,3268.10888671875,13364.8505859375,123.94463690337759
29637309020004,54,2013,2020,7,ne,calibrated,115.42964935302734,131.26185607910156,12.697717666625977,3211.65087890625,13263.685546875,123.94463690337759
29637309020004,54,2013,2020,7,ne,hg_organon,117.8852767944336,135.8054656982422,12.615585327148438,3472.487060546875,14299.6201171875,123.94463690337759
29637309020004,54,2013,2020,7,ne,hg_conus_sp,117.88724517822266,135.80555725097656,12.615687370300293,3311.142822265625,13539.6611328125,123.94463690337759
29637309020004,54,2013,2020,7,ne,hg_conus_clim,117.86865997314453,135.80552673339844,12.61469554901123,3281.034912109375,13455.04296875,123.94463690337759
247062096010661,36,2013,2019,6,ne,default,33.86655807495117,59.45756912231445,10.219231605529785,665.1813354492188,1251.5478515625,32.19281311605616
247062096010661,36,2013,2019,6,ne,calibrated,33.637840270996094,58.770912170410156,10.243988990783691,662.9981079101562,1248.962646484375,32.19281311605616
247062096010661,36,2013,2019,6,ne,greg_dg,30.830087661743164,59.462615966796875,9.749933242797852,611.4319458007812,792.7942504882812,32.19281311605616
247062096010661,36,2013,2019,6,ne,hg_organon,33.86404037475586,59.45757293701172,10.218851089477539,699.3433227539062,1453.11474609375,32.19281311605616
247062096010661,36,2013,2019,6,ne,hg_conus_sp,33.867313385009766,59.45755386352539,10.219347953796387,652.43212890625,1172.41015625,32.19281311605616
247062096010661,36,2013,2019,6,ne,hg_conus_clim,33.8665657043457,59.45756530761719,10.219232559204102,665.1279296875,1251.546142578125,32.19281311605616
15802466020004,33,2013,2019,6,ne,default,144.8702392578125,167.9112548828125,12.577259063720703,4431.9453125,21832.619140625,172.47709989881017
15802466020004,33,2013,2019,6,ne,calibrated,143.6130828857422,164.2843780517578,12.660042762756348,4406.9345703125,21781.173828125,172.47709989881017
15802466020004,33,2013,2019,6,ne,greg_dg,148.07046508789062,165.2464599609375,12.817529678344727,4555.275390625,22817.23828125,172.47709989881017
15802466020004,33,2013,2019,6,ne,hg_organon,144.84548950195312,167.9224395751953,12.575762748718262,4465.81591796875,22160.67578125,172.47709989881017
15802466020004,33,2013,2019,6,ne,hg_conus_sp,144.8820343017578,167.90631103515625,12.577957153320312,4310.84619140625,21575.59375,172.47709989881017
15802466020004,33,2013,2019,6,ne,hg_conus_clim,144.87144470214844,167.9105987548828,12.577340126037598,4399.08544921875,21808.62109375,172.47709989881017
511304855126144,34,2019,2024,5,ne,default,185.83668518066406,149.5127410888672,15.096034049987793,6573.681640625,34017.88671875,92.1363411338126
511304855126144,34,2019,2024,5,ne,calibrated,160.09030151367188,99.54202270507812,17.17179298400879,5831.6318359375,32039.95703125,92.1363411338126
511304855126144,34,2019,2024,5,ne,hg_organon,185.8355255126953,149.60476684570312,15.091343879699707,6702.49169921875,34505.50390625,92.1363411338126
511304855126144,34,2019,2024,5,ne,hg_conus_sp,185.83958435058594,149.61634826660156,15.090928077697754,6560.375,33928.453125,92.1363411338126
511304855126144,34,2019,2024,5,ne,hg_conus_clim,185.83651733398438,149.51058959960938,15.096139907836914,6573.10302734375,34018.0078125,92.1363411338126
75976533010538,23,2007,2012,5,ne,default,47.72683334350586,195.65869140625,6.687564849853516,645.29931640625,250.1514892578125,132.14721150841734
75976533010538,23,2007,2012,5,ne,calibrated,47.39895248413086,194.20928955078125,6.689378261566162,640.9860229492188,248.83688354492188,132.14721150841734
75976533010538,23,2007,2012,5,ne,greg_dg,58.410518646240234,195.65240478515625,7.39842414855957,820.2198486328125,589.6362915039062,132.14721150841734
75976533010538,23,2007,2012,5,ne,hg_organon,47.73682403564453,195.65863037109375,6.688265800476074,658.2987060546875,250.3692169189453,132.14721150841734
75976533010538,23,2007,2012,5,ne,hg_conus_sp,47.741668701171875,195.65896606445312,6.688598155975342,640.0219116210938,250.53363037109375,132.14721150841734
75976533010538,23,2007,2012,5,ne,hg_conus_clim,47.73143768310547,195.65878295898438,6.6878838539123535,638.7207641601562,250.38290405273438,132.14721150841734
222096232010661,42,2011,2017,6,ne,default,132.65194702148438,287.9889221191406,9.189779281616211,3073.08642578125,7544.046875,153.04115700113843
222096232010661,42,2011,2017,6,ne,calibrated,131.70263671875,285.21942138671875,9.201189041137695,3056.328369140625,7521.7958984375,153.04115700113843
222096232010661,42,2011,2017,6,ne,hg_organon,132.6286163330078,288.0052490234375,9.188712120056152,3187.274169921875,7810.9384765625,153.04115700113843
222096232010661,42,2011,2017,6,ne,hg_conus_sp,132.6566925048828,287.98419189453125,9.190019607543945,3027.319091796875,7577.4677734375,153.04115700113843
222096232010661,42,2011,2017,6,ne,hg_conus_clim,132.65289306640625,287.9879455566406,9.18983268737793,3071.941162109375,7544.10693359375,153.04115700113843
74916508010538,36,2006,2011,5,ne,default,169.8787078857422,393.623046875,8.895404815673828,4079.30078125,6291.24072265625,135.42522049709993
74916508010538,36,2006,2011,5,ne,calibrated,157.5141143798828,359.87744140625,8.958158493041992,3842.754638671875,5979.07373046875,135.42522049709993
74916508010538,36,2006,2011,5,ne,greg_dg,167.36294555664062,395.9255065917969,8.803580284118652,4012.529052734375,5632.81103515625,135.42522049709993
74916508010538,36,2006,2011,5,ne,hg_organon,169.8926239013672,393.61541748046875,8.895851135253906,4079.6953125,6272.34716796875,135.42522049709993
74916508010538,36,2006,2011,5,ne,hg_conus_sp,169.8754425048828,393.628173828125,8.895256996154785,3930.8017578125,5916.54541015625,135.42522049709993
74916508010538,36,2006,2011,5,ne,hg_conus_clim,169.8787078857422,393.623046875,8.895404815673828,4079.30078125,6291.24072265625,135.42522049709993
53935201010538,36,2003,2009,6,ne,default,2.844780683517456,11.823219299316406,6.641907691955566,40.917816162109375,0.0,9.23281670334646
53935201010538,36,2003,2009,6,ne,calibrated,2.804495334625244,11.636188507080078,6.647498607635498,40.384483337402344,0.0,9.23281670334646
53935201010538,36,2003,2009,6,ne,greg_dg,2.382882595062256,11.823625564575195,6.07872200012207,32.64242935180664,0.0,9.23281670334646
53935201010538,36,2003,2009,6,ne,hg_organon,2.8447680473327637,11.823219299316406,6.641892910003662,42.09981918334961,0.0,9.23281670334646
53935201010538,36,2003,2009,6,ne,hg_conus_sp,2.8449018001556396,11.823219299316406,6.6420488357543945,42.10316467285156,0.0,9.23281670334646
53935201010538,36,2003,2009,6,ne,hg_conus_clim,2.844954013824463,11.823219299316406,6.6421098709106445,40.92214584350586,0.0,9.23281670334646
169112107010661,50,2010,2015,5,ne,default,97.6416015625,196.14065551757812,9.553667068481445,2261.41650390625,6978.353515625,112.16080044408272
169112107010661,50,2010,2015,5,ne,calibrated,97.02764129638672,193.67294311523438,9.584065437316895,2251.126953125,6969.60205078125,112.16080044408272
169112107010661,50,2010,2015,5,ne,greg_dg,109.85713195800781,196.13140869140625,10.133909225463867,2551.937744140625,8055.3125,112.16080044408272
169112107010661,50,2010,2015,5,ne,hg_organon,97.65084075927734,196.1405792236328,9.554117202758789,2366.6826171875,7279.63232421875,112.16080044408272
169112107010661,50,2010,2015,5,ne,hg_conus_sp,97.63823699951172,196.14065551757812,9.553499221801758,2254.66357421875,7080.5654296875,112.16080044408272
169112107010661,50,2010,2015,5,ne,hg_conus_clim,97.63920593261719,196.14068603515625,9.553545951843262,2278.408203125,7080.3671875,112.16080044408272
304030612489998,23,2016,2021,5,ne,default,28.889625549316406,89.0059585571289,7.714320659637451,420.4090576171875,186.4065704345703,68.59938966210701
304030612489998,23,2016,2021,5,ne,calibrated,28.833030700683594,88.79911804199219,7.715731620788574,419.7491455078125,186.38131713867188,68.59938966210701
304030612489998,23,2016,2021,5,ne,greg_dg,28.74321937561035,89.00594329833984,7.694748878479004,422.20263671875,186.4134979248047,68.59938966210701
304030612489998,23,2016,2021,5,ne,hg_organon,28.880634307861328,89.0060043334961,7.713119983673096,441.6310729980469,186.39892578125,68.59938966210701
304030612489998,23,2016,2021,5,ne,hg_conus_sp,28.887117385864258,89.00594329833984,7.713986396789551,429.1407165527344,186.41351318359375,68.59938966210701
304030612489998,23,2016,2021,5,ne,hg_conus_clim,28.888689041137695,89.0059585571289,7.71419620513916,424.54632568359375,186.4103240966797,68.59938966210701
55912737010538,33,2003,2009,6,ne,default,59.39168167114258,82.84443664550781,11.464824676513672,1582.525634765625,5391.75146484375,46.16471158569101
55912737010538,33,2003,2009,6,ne,calibrated,59.54927444458008,83.30277252197266,11.448397636413574,1585.6788330078125,5395.0908203125,46.16471158569101
55912737010538,33,2003,2009,6,ne,greg_dg,61.809303283691406,82.84392547607422,11.695882797241211,1634.2998046875,5634.28271484375,46.16471158569101
55912737010538,33,2003,2009,6,ne,hg_organon,59.393062591552734,82.84442901611328,11.464959144592285,1608.6116943359375,5454.9619140625,46.16471158569101
55912737010538,33,2003,2009,6,ne,hg_conus_sp,59.39731979370117,82.84442138671875,11.465370178222656,1560.37744140625,5339.126953125,46.16471158569101
55912737010538,33,2003,2009,6,ne,hg_conus_clim,59.39168167114258,82.84443664550781,11.464824676513672,1582.525634765625,5391.75146484375,46.16471158569101
70385997010538,23,2005,2010,5,ne,default,65.97330474853516,106.8071517944336,10.641925811767578,1429.4078369140625,6028.05615234375,153.35284301297597
70385997010538,23,2005,2010,5,ne,calibrated,65.92018127441406,106.64566802978516,10.64569091796875,1428.45751953125,6025.87841796875,153.35284301297597
70385997010538,23,2005,2010,5,ne,greg_dg,68.43740844726562,106.80558013916016,10.838923454284668,1483.5361328125,6227.5107421875,153.35284301297597
70385997010538,23,2005,2010,5,ne,hg_organon,65.96764373779297,106.80719757080078,10.64146614074707,1504.7774658203125,6434.84619140625,153.35284301297597
70385997010538,23,2005,2010,5,ne,hg_conus_sp,65.97029876708984,106.80718994140625,10.641681671142578,1466.816650390625,6309.8212890625,153.35284301297597
70385997010538,23,2005,2010,5,ne,hg_conus_clim,65.97032928466797,106.80712127685547,10.64168643951416,1432.30859375,6027.7861328125,153.35284301297597
145021783010661,36,2009,2014,5,ne,default,179.57821655273438,175.29852294921875,13.704841613769531,7245.72021484375,38346.71875,213.7598968677679
145021783010661,36,2009,2014,5,ne,calibrated,179.57830810546875,175.29876708984375,13.70483684539795,7245.72509765625,38346.73828125,213.7598968677679
145021783010661,36,2009,2014,5,ne,greg_dg,179.7880096435547,199.92526245117188,12.840519905090332,7194.46630859375,36641.38671875,213.7598968677679
145021783010661,36,2009,2014,5,ne,hg_organon,179.57815551757812,175.1726837158203,13.709759712219238,7323.41845703125,38819.5703125,213.7598968677679
145021783010661,36,2009,2014,5,ne,hg_conus_sp,179.578125,175.16627502441406,13.710010528564453,7326.21923828125,38847.87109375,213.7598968677679
145021783010661,36,2009,2014,5,ne,hg_conus_clim,179.57809448242188,175.13600158691406,13.71119499206543,7295.7314453125,38655.609375,213.7598968677679
375840604489998,42,2017,2024,7,ne,default,89.00422668457031,231.8642578125,8.389277458190918,2034.622314453125,2329.77001953125,
375840604489998,42,2017,2024,7,ne,calibrated,88.98468017578125,231.80181884765625,8.389487266540527,2034.2452392578125,2329.467041015625,
375840604489998,42,2017,2024,7,ne,hg_organon,89.00384521484375,231.8646697998047,8.389252662658691,2143.23095703125,2449.625,
375840604489998,42,2017,2024,7,ne,hg_conus_sp,89.0181655883789,231.86436462402344,8.389934539794922,2049.394775390625,2382.4267578125,
375840604489998,42,2017,2024,7,ne,hg_conus_clim,89.00422668457031,231.8642578125,8.389277458190918,2036.6380615234375,2329.77001953125,
65314259010538,24,2005,2010,5,ne,default,195.34259033203125,121.23723602294922,17.187658309936523,8628.5703125,51624.84375,98.21238569439679
65314259010538,24,2005,2010,5,ne,calibrated,164.39248657226562,80.37032318115234,19.36553382873535,7609.095703125,47137.0546875,98.21238569439679
65314259010538,24,2005,2010,5,ne,hg_organon,195.27359008789062,121.25806427001953,17.183147430419922,8562.8056640625,51406.12890625,98.21238569439679
65314259010538,24,2005,2010,5,ne,hg_conus_sp,195.30929565429688,121.2476577758789,17.185455322265625,8392.916015625,50873.2734375,98.21238569439679
65314259010538,24,2005,2010,5,ne,hg_conus_clim,195.35931396484375,121.23289489746094,17.18869972229004,8599.88671875,51595.8125,98.21238569439679
68318225010538,42,2005,2010,5,ne,default,102.33779907226562,172.416748046875,10.431929588317871,3320.4912109375,11673.2470703125,104.57647690985813
68318225010538,42,2005,2010,5,ne,calibrated,102.56083679199219,172.88653564453125,10.429095268249512,3326.66064453125,11687.0927734375,104.57647690985813
68318225010538,42,2005,2010,5,ne,hg_organon,102.3298110961914,172.41665649414062,10.431526184082031,3369.605712890625,11844.7412109375,104.57647690985813
68318225010538,42,2005,2010,5,ne,hg_conus_sp,102.33865356445312,172.41673278808594,10.431973457336426,3282.711181640625,11612.4375,104.57647690985813
68318225010538,42,2005,2010,5,ne,hg_conus_clim,102.34046936035156,172.4166259765625,10.43206787109375,3317.565185546875,11673.36328125,104.57647690985813
247056846010661,23,2012,2017,5,ne,default,83.12971496582031,219.3395538330078,8.335967063903809,1582.0025634765625,4297.64990234375,107.87401594970616
247056846010661,23,2012,2017,5,ne,calibrated,82.78099060058594,217.95553588867188,8.344832420349121,1576.8485107421875,4292.87744140625,107.87401594970616
247056846010661,23,2012,2017,5,ne,greg_dg,81.55879974365234,219.3404541015625,8.25680923461914,1552.1314697265625,4051.4892578125,107.87401594970616
247056846010661,23,2012,2017,5,ne,hg_organon,83.12647247314453,219.33973693847656,8.335799217224121,1612.131103515625,4393.431640625,107.87401594970616
247056846010661,23,2012,2017,5,ne,hg_conus_sp,83.13118743896484,219.33970642089844,8.336039543151855,1576.69873046875,4297.048828125,107.87401594970616
247056846010661,23,2012,2017,5,ne,hg_conus_clim,83.1316909790039,219.33963012695312,8.336064338684082,1579.6663818359375,4297.8310546875,107.87401594970616
53942327010538,36,2004,2009,5,ne,default,196.51914978027344,334.3028259277344,10.381702423095703,6160.34521484375,22621.39453125,211.975530788419
53942327010538,36,2004,2009,5,ne,calibrated,181.1351776123047,291.77392578125,10.668778419494629,5807.5087890625,21942.76171875,211.975530788419
53942327010538,36,2004,2009,5,ne,greg_dg,197.6764678955078,314.5110168457031,10.734848976135254,6268.67138671875,23791.763671875,211.975530788419
53942327010538,36,2004,2009,5,ne,hg_organon,196.54498291015625,334.1539001464844,10.384708404541016,6241.5908203125,22868.05859375,211.975530788419
53942327010538,36,2004,2009,5,ne,hg_conus_sp,196.53265380859375,334.1310119628906,10.384735107421875,6202.8447265625,22927.7734375,211.975530788419
53942327010538,36,2004,2009,5,ne,hg_conus_clim,196.51918029785156,334.30328369140625,10.381695747375488,6160.556640625,22621.37890625,211.975530788419
451063741489998,23,2018,2023,5,ne,default,152.07028198242188,415.4191589355469,8.192479133605957,2835.3583984375,6030.154296875,165.46504048833114
451063741489998,23,2018,2023,5,ne,calibrated,150.59190368652344,410.5320739746094,8.20094108581543,2813.27880859375,6004.28955078125,165.46504048833114
451063741489998,23,2018,2023,5,ne,greg_dg,164.17489624023438,415.4127197265625,8.512354850769043,3117.177978515625,7128.28564453125,165.46504048833114
451063741489998,23,2018,2023,5,ne,hg_organon,152.05812072753906,415.419189453125,8.192147254943848,2931.4482421875,6239.255859375,165.46504048833114
451063741489998,23,2018,2023,5,ne,hg_conus_sp,152.0746612548828,415.419189453125,8.192594528198242,2848.600341796875,6216.17578125,165.46504048833114
451063741489998,23,2018,2023,5,ne,hg_conus_clim,152.07064819335938,415.41925048828125,8.192483901977539,2832.609375,6030.18212890625,165.46504048833114
68279937010538,42,2005,2010,5,ne,default,163.0616455078125,189.11996459960938,12.57313346862793,4765.22314453125,21010.0546875,178.6359213549643
68279937010538,42,2005,2010,5,ne,calibrated,150.3266143798828,162.4114990234375,13.027048110961914,4484.7490234375,20545.802734375,178.6359213549643
68279937010538,42,2005,2010,5,ne,hg_organon,163.0572052001953,189.12176513671875,12.572900772094727,4806.38525390625,21010.63671875,178.6359213549643
68279937010538,42,2005,2010,5,ne,hg_conus_sp,163.0733642578125,189.1146240234375,12.573761940002441,4677.3291015625,20648.1328125,178.6359213549643
68279937010538,42,2005,2010,5,ne,hg_conus_clim,163.0702362060547,189.11619567871094,12.573586463928223,4758.97900390625,21011.3203125,178.6359213549643
52948187010538,23,2002,2007,5,ne,default,65.26012420654297,207.65771484375,7.590776443481445,819.041015625,996.5480346679688,97.01399725051346
52948187010538,23,2002,2007,5,ne,calibrated,65.23567199707031,207.55885314941406,7.591163635253906,818.7808837890625,996.46533203125,97.01399725051346
52948187010538,23,2002,2007,5,ne,greg_dg,64.38558197021484,207.65704345703125,7.539752006530762,818.8016357421875,840.4614868164062,97.01399725051346
52948187010538,23,2002,2007,5,ne,hg_organon,65.25885772705078,207.6577606201172,7.590701103210449,836.0137939453125,996.4879150390625,97.01399725051346
52948187010538,23,2002,2007,5,ne,hg_conus_sp,65.2640151977539,207.6576385498047,7.591002464294434,804.5877685546875,870.5942993164062,97.01399725051346
52948187010538,23,2002,2007,5,ne,hg_conus_clim,65.26012420654297,207.65771484375,7.590776443481445,818.4436645507812,996.5480346679688,97.01399725051346
122564329010661,36,2007,2012,5,ne,default,50.88558578491211,77.39574432373047,10.979313850402832,968.0048828125,3919.660888671875,69.32784721200287
122564329010661,36,2007,2012,5,ne,calibrated,50.98463821411133,77.59896850585938,10.975589752197266,969.5693359375,3923.17529296875,69.32784721200287
122564329010661,36,2007,2012,5,ne,greg_dg,57.31230163574219,77.3943099975586,11.652141571044922,1097.5924072265625,4901.87060546875,69.32784721200287
122564329010661,36,2007,2012,5,ne,hg_organon,50.87630844116211,77.39574432373047,10.978311538696289,1017.4661865234375,4200.2421875,69.32784721200287
122564329010661,36,2007,2012,5,ne,hg_conus_sp,50.8919792175293,77.3957290649414,10.98000431060791,980.3060913085938,4011.770751953125,69.32784721200287
122564329010661,36,2007,2012,5,ne,hg_conus_clim,50.88558578491211,77.39574432373047,10.979313850402832,968.0048828125,3919.660888671875,69.32784721200287
113492597010661,42,2008,2013,5,ne,default,55.12967300415039,113.04270935058594,9.456005096435547,1344.744384765625,3154.836181640625,1.386786523265299
113492597010661,42,2008,2013,5,ne,calibrated,55.09506607055664,112.89688873291016,9.45914077758789,1344.2373046875,3154.3076171875,1.386786523265299
113492597010661,42,2008,2013,5,ne,hg_organon,55.12997817993164,113.04271697998047,9.45603084564209,1368.722412109375,3154.82666015625,1.386786523265299
113492597010661,42,2008,2013,5,ne,hg_conus_sp,55.12839126586914,113.04280090332031,9.455893516540527,1338.737060546875,3154.795166015625,1.386786523265299
113492597010661,42,2008,2013,5,ne,hg_conus_clim,55.12876892089844,113.04270935058594,9.455926895141602,1350.26123046875,3154.8759765625,1.386786523265299
251021776489998,42,2015,2022,7,ne,default,37.975555419921875,47.29085159301758,12.133882522583008,985.754638671875,3494.248291015625,29.832691724803357
251021776489998,42,2015,2022,7,ne,calibrated,37.81537628173828,47.0732307434082,12.136221885681152,982.3973999023438,3479.295654296875,29.832691724803357
251021776489998,42,2015,2022,7,ne,hg_organon,37.97389602661133,47.29084014892578,12.133618354797363,1066.8887939453125,3876.227294921875,29.832691724803357
251021776489998,42,2015,2022,7,ne,hg_conus_sp,37.98566436767578,47.290863037109375,12.13549518585205,1038.278076171875,3857.831298828125,29.832691724803357
251021776489998,42,2015,2022,7,ne,hg_conus_clim,37.99764633178711,47.29090118408203,12.13740348815918,1021.6673583984375,3754.082275390625,29.832691724803357
375823776489998,23,2017,2022,5,ne,default,97.51897430419922,190.12437438964844,9.697546005249023,2147.738037109375,7854.515625,129.98844121310316
375823776489998,23,2017,2022,5,ne,calibrated,97.471435546875,189.9671173095703,9.699195861816406,2146.93212890625,7853.55712890625,129.98844121310316
375823776489998,23,2017,2022,5,ne,greg_dg,102.44200897216797,190.12303161621094,9.939349174499512,2280.5439453125,8464.7802734375,129.98844121310316
375823776489998,23,2017,2022,5,ne,hg_organon,97.51910400390625,190.12432861328125,9.697558403015137,2210.945556640625,8151.2197265625,129.98844121310316
375823776489998,23,2017,2022,5,ne,hg_conus_sp,97.52092742919922,190.1244659423828,9.697646141052246,2151.306640625,7995.4541015625,129.98844121310316
375823776489998,23,2017,2022,5,ne,hg_conus_clim,97.5204849243164,190.12429809570312,9.697626113891602,2142.627685546875,7854.7197265625,129.98844121310316
52764804010538,23,1999,2004,5,ne,default,7.847531795501709,29.644290924072266,6.966782569885254,122.65049743652344,0.0,22.001096699048578
52764804010538,23,1999,2004,5,ne,calibrated,7.731932640075684,29.16377830505371,6.97201681137085,121.21564483642578,0.0,22.001096699048578
52764804010538,23,1999,2004,5,ne,greg_dg,7.916073799133301,29.644241333007812,6.997147560119629,124.33342742919922,0.0,22.001096699048578
52764804010538,23,1999,2004,5,ne,hg_organon,7.847644805908203,29.644285202026367,6.96683406829834,135.6785125732422,0.0,22.001096699048578
52764804010538,23,1999,2004,5,ne,hg_conus_sp,7.847466468811035,29.644289016723633,6.966754913330078,122.8917465209961,0.0,22.001096699048578
52764804010538,23,1999,2004,5,ne,hg_conus_clim,7.847494125366211,29.644285202026367,6.966768264770508,122.64982604980469,0.0,22.001096699048578
52950720010538,23,2002,2007,5,ne,default,84.06881713867188,160.15672302246094,9.810274124145508,1835.050048828125,5335.15283203125,104.47679759878707
52950720010538,23,2002,2007,5,ne,calibrated,83.96002197265625,159.73377990722656,9.816895484924316,1833.416259765625,5333.9716796875,104.47679759878707
52950720010538,23,2002,2007,5,ne,greg_dg,90.76844787597656,160.15310668945312,10.19379711151123,1986.14306640625,5989.2763671875,104.47679759878707
52950720010538,23,2002,2007,5,ne,hg_organon,84.0665512084961,160.15664672851562,9.810144424438477,1983.54052734375,5793.96826171875,104.47679759878707
52950720010538,23,2002,2007,5,ne,hg_conus_sp,84.060546875,160.15672302246094,9.809793472290039,1884.593994140625,5342.068359375,104.47679759878707
52950720010538,23,2002,2007,5,ne,hg_conus_clim,84.0533447265625,160.15670776367188,9.80937385559082,1893.3480224609375,5536.11572265625,104.47679759878707
58241817010538,42,2001,2006,5,ne,default,179.05349731445312,148.73883056640625,14.856468200683594,6509.328125,32543.083984375,171.455149539863
58241817010538,42,2001,2006,5,ne,calibrated,162.05853271484375,126.34413146972656,15.3353853225708,5965.96337890625,30388.251953125,171.455149539863
58241817010538,42,2001,2006,5,ne,hg_organon,179.14842224121094,148.7082977294922,14.861928939819336,6607.5244140625,33315.28515625,171.455149539863
58241817010538,42,2001,2006,5,ne,hg_conus_sp,179.1575469970703,148.70541381835938,14.862448692321777,6467.18359375,32272.412109375,171.455149539863
58241817010538,42,2001,2006,5,ne,hg_conus_clim,179.0814971923828,148.72911071777344,14.858112335205078,6508.7978515625,32550.224609375,171.455149539863
58178583010538,42,2000,2005,5,ne,default,49.80625915527344,89.05694580078125,10.126150131225586,1178.8983154296875,2816.602783203125,74.34439917596906
58178583010538,42,2000,2005,5,ne,calibrated,49.911434173583984,89.456298828125,10.114185333251953,1180.4127197265625,2817.309814453125,74.34439917596906
58178583010538,42,2000,2005,5,ne,hg_organon,49.806880950927734,89.05691528320312,10.126213073730469,1191.967041015625,2844.326416015625,74.34439917596906
58178583010538,42,2000,2005,5,ne,hg_conus_sp,49.80509567260742,89.05692291259766,10.126030921936035,1153.0723876953125,2712.1328125,74.34439917596906
58178583010538,42,2000,2005,5,ne,hg_conus_clim,49.805904388427734,89.05692291259766,10.126115798950195,1177.211181640625,2816.63330078125,74.34439917596906
122563565010661,36,2007,2013,6,ne,default,111.54283142089844,243.92698669433594,9.156455039978027,2502.48583984375,6166.26513671875,85.98788747310658
122563565010661,36,2007,2013,6,ne,calibrated,108.2755355834961,234.5791015625,9.1993408203125,2436.821044921875,6058.76123046875,85.98788747310658
122563565010661,36,2007,2013,6,ne,greg_dg,119.24827575683594,243.91639709472656,9.467642784118652,2699.0615234375,7319.0263671875,85.98788747310658
122563565010661,36,2007,2013,6,ne,hg_organon,111.52935028076172,243.92718505859375,9.155892372131348,2523.678955078125,6164.90625,85.98788747310658
122563565010661,36,2007,2013,6,ne,hg_conus_sp,111.55738830566406,243.9270782470703,9.1570463180542,2502.140380859375,6167.48828125,85.98788747310658
122563565010661,36,2007,2013,6,ne,hg_conus_clim,111.54756927490234,243.92709350585938,9.156643867492676,2504.21875,6166.60791015625,85.98788747310658
58549928010538,42,2004,2009,5,ne,default,56.594642639160156,106.75272369384766,9.85903549194336,1635.1036376953125,4810.15771484375,26.57082978576313
58549928010538,42,2004,2009,5,ne,calibrated,56.739036560058594,107.20632934570312,9.850700378417969,1637.760498046875,4814.875,26.57082978576313
58549928010538,42,2004,2009,5,ne,hg_organon,56.59201431274414,106.75274658203125,9.85880184173584,1727.7703857421875,5150.30859375,26.57082978576313
58549928010538,42,2004,2009,5,ne,hg_conus_sp,56.59375,106.75276947021484,9.85895824432373,1681.76611328125,5029.00244140625,26.57082978576313
58549928010538,42,2004,2009,5,ne,hg_conus_clim,56.59458541870117,106.75272369384766,9.85903263092041,1646.510986328125,4810.2236328125,26.57082978576313
247064745010661,50,2012,2019,7,ne,default,56.24971008300781,124.62084197998047,9.097061157226562,1150.7691650390625,2875.202880859375,64.97567575460386
247064745010661,50,2012,2019,7,ne,calibrated,56.44843292236328,125.12431335449219,9.094764709472656,1154.781982421875,2882.36669921875,64.97567575460386
247064745010661,50,2012,2019,7,ne,greg_dg,65.58011627197266,124.61752319335938,9.822745323181152,1358.6153564453125,3690.297607421875,64.97567575460386
247064745010661,50,2012,2019,7,ne,hg_organon,56.24250030517578,124.6208724975586,9.096475601196289,1260.134765625,3290.626953125,64.97567575460386
247064745010661,50,2012,2019,7,ne,hg_conus_sp,56.256866455078125,124.62084197998047,9.097641944885254,1215.1951904296875,3196.754638671875,64.97567575460386
247064745010661,50,2012,2019,7,ne,hg_conus_clim,56.24971008300781,124.62084197998047,9.097061157226562,1150.7691650390625,2875.202880859375,64.97567575460386
107545582010661,23,2008,2013,5,ne,default,140.268798828125,352.4569396972656,8.542083740234375,3334.741943359375,7352.3916015625,145.9268707621737
107545582010661,23,2008,2013,5,ne,calibrated,138.97084045410156,347.7154541015625,8.560246467590332,3312.355712890625,7335.34619140625,145.9268707621737
107545582010661,23,2008,2013,5,ne,greg_dg,144.11627197265625,346.9309997558594,8.727126121520996,3477.7861328125,7877.63232421875,145.9268707621737
107545582010661,23,2008,2013,5,ne,hg_organon,140.25393676757812,352.4618225097656,8.541572570800781,3382.831298828125,7366.80712890625,145.9268707621737
107545582010661,23,2008,2013,5,ne,hg_conus_sp,140.2683868408203,352.4580993652344,8.5420560836792,3279.761474609375,7235.67041015625,145.9268707621737
107545582010661,23,2008,2013,5,ne,hg_conus_clim,140.26898193359375,352.4558410644531,8.542104721069336,3324.726806640625,7352.17333984375,145.9268707621737
58281576010538,42,2001,2006,5,ne,default,150.09341430664062,230.42752075195312,10.928235054016113,4129.93896484375,12543.9189453125,
58281576010538,42,2001,2006,5,ne,calibrated,148.8509979248047,226.74468994140625,10.970934867858887,4105.88037109375,12519.0224609375,
58281576010538,42,2001,2006,5,ne,hg_organon,150.1124725341797,230.4156951904297,10.92920207977295,4265.548828125,13190.7724609375,
58281576010538,42,2001,2006,5,ne,hg_conus_sp,150.11705017089844,230.41534423828125,10.929377555847168,4126.28076171875,12882.9345703125,
58281576010538,42,2001,2006,5,ne,hg_conus_clim,150.08282470703125,230.43421936035156,10.927687644958496,4136.8017578125,12580.16796875,
74526312010538,34,2006,2012,6,ne,default,135.40399169921875,136.3652801513672,13.492737770080566,3923.928466796875,17313.041015625,141.23332490514494
74526312010538,34,2006,2012,6,ne,calibrated,134.2145233154297,133.7510528564453,13.56398868560791,3895.49658203125,17240.025390625,141.23332490514494
74526312010538,34,2006,2012,6,ne,hg_organon,135.39549255371094,136.36944580078125,13.492111206054688,4036.841796875,17761.90234375,141.23332490514494
74526312010538,34,2006,2012,6,ne,hg_conus_sp,135.3980255126953,136.3683319091797,13.492291450500488,3925.63330078125,17590.771484375,141.23332490514494
74526312010538,34,2006,2012,6,ne,hg_conus_clim,135.40399169921875,136.3652801513672,13.492737770080566,3923.928466796875,17313.041015625,141.23332490514494
73074956010538,33,2006,2011,5,ne,default,60.74058532714844,142.52536010742188,8.8395414352417,1430.9888916015625,3053.808349609375,97.92824101492232
73074956010538,33,2006,2011,5,ne,calibrated,60.75762176513672,142.5990447998047,8.838496208190918,1431.28564453125,3053.939453125,97.92824101492232
73074956010538,33,2006,2011,5,ne,greg_dg,69.2806396484375,142.5194854736328,9.440720558166504,1656.103759765625,3645.041748046875,97.92824101492232
73074956010538,33,2006,2011,5,ne,hg_organon,60.74058151245117,142.52532958984375,8.839542388916016,1535.715087890625,3246.034912109375,97.92824101492232
73074956010538,33,2006,2011,5,ne,hg_conus_sp,60.7431640625,142.5253448486328,8.839729309082031,1485.0396728515625,3204.49658203125,97.92824101492232
73074956010538,33,2006,2011,5,ne,hg_conus_clim,60.73515319824219,142.52532958984375,8.839147567749023,1459.27490234375,3186.0361328125,97.92824101492232
119148095010661,33,2008,2013,5,ne,default,113.66893768310547,231.5846405029297,9.486420631408691,2280.45263671875,4425.28955078125,140.78264651155237
119148095010661,33,2008,2013,5,ne,calibrated,113.14906311035156,230.1251678466797,9.494668006896973,2272.4462890625,4418.80078125,140.78264651155237
119148095010661,33,2008,2013,5,ne,greg_dg,117.78828430175781,231.5827178955078,9.656821250915527,2377.963623046875,4626.76416015625,140.78264651155237
119148095010661,33,2008,2013,5,ne,hg_organon,113.66852569580078,231.58457946777344,9.486405372619629,2391.42919921875,4625.5625,140.78264651155237
119148095010661,33,2008,2013,5,ne,hg_conus_sp,113.68185424804688,231.5846710205078,9.486955642700195,2244.852783203125,4362.5859375,140.78264651155237
119148095010661,33,2008,2013,5,ne,hg_conus_clim,113.6659164428711,231.5843505859375,9.48630142211914,2288.507080078125,4458.64990234375,140.78264651155237
168928845010661,23,2010,2015,5,ne,default,43.03901672363281,172.2684326171875,6.768066883087158,701.6361694335938,252.42034912109375,72.90507953586467
168928845010661,23,2010,2015,5,ne,calibrated,42.84441375732422,171.28652954101562,6.772076606750488,699.3897094726562,252.2714080810547,72.90507953586467
168928845010661,23,2010,2015,5,ne,greg_dg,49.12433624267578,172.26235961914062,7.2308502197265625,847.18603515625,252.481201171875,72.90507953586467
168928845010661,23,2010,2015,5,ne,hg_organon,43.04965591430664,172.26808166503906,6.768910884857178,748.4296264648438,282.49920654296875,72.90507953586467
168928845010661,23,2010,2015,5,ne,hg_conus_sp,43.04901885986328,172.26824951171875,6.768857479095459,731.32177734375,282.5019836425781,72.90507953586467
168928845010661,23,2010,2015,5,ne,hg_conus_clim,43.042659759521484,172.26820373535156,6.768357276916504,715.6649780273438,282.4993896484375,72.90507953586467
247062079010661,36,2012,2019,7,ne,default,129.3955535888672,177.11163330078125,11.573705673217773,3397.17138671875,14325.5986328125,115.44073395707507
247062079010661,36,2012,2019,7,ne,calibrated,129.06614685058594,176.27655029296875,11.586312294006348,3390.76806640625,14310.2119140625,115.44073395707507
247062079010661,36,2012,2019,7,ne,greg_dg,136.65155029296875,177.1066436767578,11.893954277038574,3617.7109375,15659.2724609375,115.44073395707507
247062079010661,36,2012,2019,7,ne,hg_organon,129.3838348388672,177.11170959472656,11.573176383972168,3593.658935546875,15129.7421875,115.44073395707507
247062079010661,36,2012,2019,7,ne,hg_conus_sp,129.39279174804688,177.1116485595703,11.573583602905273,3403.667724609375,14368.7822265625,115.44073395707507
247062079010661,36,2012,2019,7,ne,hg_conus_clim,129.39028930664062,177.11160278320312,11.573469161987305,3422.70263671875,14457.0244140625,115.44073395707507
168261983020004,24,2014,2021,7,ne,default,37.12565231323242,118.88037872314453,7.5669026374816895,601.0738525390625,646.4049072265625,43.27233479483015
168261983020004,24,2014,2021,7,ne,calibrated,37.04829788208008,118.59738159179688,7.568028926849365,600.1043701171875,645.7208862304688,43.27233479483015
168261983020004,24,2014,2021,7,ne,hg_organon,37.12620162963867,118.88024139404297,7.566964626312256,647.917724609375,675.90283203125,43.27233479483015
168261983020004,24,2014,2021,7,ne,hg_conus_sp,37.12782669067383,118.88021087646484,7.567132949829102,626.5144653320312,676.0344848632812,43.27233479483015
168261983020004,24,2014,2021,7,ne,hg_conus_clim,37.12565231323242,118.88037872314453,7.5669026374816895,601.0738525390625,646.4049072265625,43.27233479483015
107546280010661,23,2008,2013,5,ne,default,41.179996490478516,95.3045883178711,8.900667190551758,764.4951782226562,492.25152587890625,5.13952346200555
107546280010661,23,2008,2013,5,ne,calibrated,41.07465744018555,95.03474426269531,8.901886940002441,762.7255859375,491.9129333496094,5.13952346200555
107546280010661,23,2008,2013,5,ne,greg_dg,44.318050384521484,95.30086517333984,9.233750343322754,835.2999267578125,629.5814208984375,5.13952346200555
107546280010661,23,2008,2013,5,ne,hg_organon,41.169803619384766,95.30464172363281,8.899561882019043,815.0955810546875,558.2535400390625,5.13952346200555
107546280010661,23,2008,2013,5,ne,hg_conus_sp,41.174015045166016,95.30461120605469,8.900019645690918,791.6976928710938,558.2747802734375,5.13952346200555
107546280010661,23,2008,2013,5,ne,hg_conus_clim,41.179203033447266,95.30461883544922,8.900579452514648,766.2720336914062,492.2435607910156,5.13952346200555
15806850020004,36,2013,2021,8,ne,default,137.49986267089844,188.3621063232422,11.568860054016113,3840.39697265625,16071.865234375,55.113394825376204
15806850020004,36,2013,2021,8,ne,calibrated,130.50930786132812,175.14111328125,11.68861198425293,3689.460205078125,15617.3671875,55.113394825376204
15806850020004,36,2013,2021,8,ne,greg_dg,154.13381958007812,188.3393096923828,12.249396324157715,4443.9892578125,20126.03515625,55.113394825376204
15806850020004,36,2013,2021,8,ne,hg_organon,137.4829559326172,188.36207580566406,11.568150520324707,3910.97314453125,16462.169921875,55.113394825376204
15806850020004,36,2013,2021,8,ne,hg_conus_sp,137.50225830078125,188.362060546875,11.568964004516602,3670.16943359375,15280.3876953125,55.113394825376204
15806850020004,36,2013,2021,8,ne,hg_conus_clim,137.50244140625,188.36187744140625,11.568982124328613,3836.13671875,16072.1748046875,55.113394825376204
243883095489998,23,2015,2020,5,ne,default,40.661170959472656,131.0018768310547,7.543753147125244,848.0044555664062,565.2907104492188,26.09883001760798
243883095489998,23,2015,2020,5,ne,calibrated,40.514896392822266,130.36477661132812,7.548551082611084,845.2508544921875,565.1049194335938,26.09883001760798
243883095489998,23,2015,2020,5,ne,greg_dg,41.6115837097168,131.0001220703125,7.631457805633545,878.331298828125,499.21600341796875,26.09883001760798
243883095489998,23,2015,2020,5,ne,hg_organon,40.66190719604492,131.0018768310547,7.543821334838867,878.0886840820312,721.63623046875,26.09883001760798
243883095489998,23,2015,2020,5,ne,hg_conus_sp,40.66237258911133,131.00192260742188,7.5438642501831055,861.7528076171875,721.6588134765625,26.09883001760798
243883095489998,23,2015,2020,5,ne,hg_conus_clim,40.66107940673828,131.00184631347656,7.543745040893555,849.0758056640625,721.6759033203125,26.09883001760798
168262155020004,24,2015,2023,8,ne,default,98.57514190673828,111.9609375,12.705351829528809,3335.070556640625,12358.8837890625,
168262155020004,24,2015,2023,8,ne,calibrated,98.29714965820312,111.38493347167969,12.72018814086914,3327.692626953125,12345.3427734375,
168262155020004,24,2015,2023,8,ne,hg_organon,98.56880187988281,111.96088409423828,12.704948425292969,3309.414794921875,12680.9990234375,
168262155020004,24,2015,2023,8,ne,hg_conus_sp,98.57382202148438,111.96086120605469,12.70527172088623,3191.12744140625,12192.8681640625,
168262155020004,24,2015,2023,8,ne,hg_conus_clim,98.56423950195312,111.96078491210938,12.704658508300781,3309.017333984375,12358.9365234375,
15806636020004,36,2013,2021,8,ne,default,90.88099670410156,142.31350708007812,10.820562362670898,1823.9837646484375,5411.830078125,70.69624343833685
15806636020004,36,2013,2021,8,ne,calibrated,90.63996887207031,141.6337890625,10.832100868225098,1819.954833984375,5406.86376953125,70.69624343833685
15806636020004,36,2013,2021,8,ne,greg_dg,112.91972351074219,142.27139282226562,12.06319808959961,2276.861328125,7360.171875,70.69624343833685
15806636020004,36,2013,2021,8,ne,hg_organon,90.8801498413086,142.3135986328125,10.82050895690918,2065.205810546875,6312.96875,70.69624343833685
15806636020004,36,2013,2021,8,ne,hg_conus_sp,90.89411926269531,142.31353759765625,10.821340560913086,1947.1231689453125,5912.1611328125,70.69624343833685
15806636020004,36,2013,2021,8,ne,hg_conus_clim,90.89615631103516,142.3136444091797,10.821457862854004,1860.6246337890625,5449.66796875,70.69624343833685
29637570020004,54,2013,2020,7,ne,default,116.30538177490234,290.3746643066406,8.56952953338623,1659.170166015625,3400.392578125,123.13990745547264
29637570020004,54,2013,2020,7,ne,calibrated,111.9656982421875,274.6950988769531,8.644768714904785,1613.268310546875,3354.18798828125,123.13990745547264
29637570020004,54,2013,2020,7,ne,hg_organon,116.28327178955078,290.37396240234375,8.568720817565918,1889.6629638671875,3707.513671875,123.13990745547264
29637570020004,54,2013,2020,7,ne,hg_conus_sp,116.31504821777344,290.3742370605469,8.569890975952148,1649.106201171875,3401.24853515625,123.13990745547264
29637570020004,54,2013,2020,7,ne,hg_conus_clim,116.31590270996094,290.3749084472656,8.569907188415527,1655.7213134765625,3400.918212890625,123.13990745547264
76903343010538,42,2006,2012,6,ne,default,99.12162017822266,207.66053771972656,9.35499382019043,2472.3935546875,3399.97265625,114.15494431838887
76903343010538,42,2006,2012,6,ne,calibrated,99.14008331298828,207.71536254882812,9.354628562927246,2472.77197265625,3400.2353515625,114.15494431838887
76903343010538,42,2006,2012,6,ne,hg_organon,99.14225769042969,207.6605682373047,9.355969429016113,2545.176025390625,3609.43701171875,114.15494431838887
76903343010538,42,2006,2012,6,ne,hg_conus_sp,99.14301300048828,207.6607666015625,9.355997085571289,2457.86865234375,3604.04248046875,114.15494431838887
76903343010538,42,2006,2012,6,ne,hg_conus_clim,99.12127685546875,207.66070556640625,9.354973793029785,2472.76318359375,3400.026123046875,114.15494431838887
145023247010661,36,2009,2014,5,ne,default,114.1834487915039,130.47657775878906,12.666939735412598,2837.623046875,14625.111328125,178.4596349977202
145023247010661,36,2009,2014,5,ne,calibrated,114.43978881835938,131.27928161621094,12.642318725585938,2842.2138671875,14637.17578125,178.4596349977202
145023247010661,36,2009,2014,5,ne,greg_dg,113.47796630859375,130.47702026367188,12.627723693847656,2818.9677734375,14559.0,178.4596349977202
145023247010661,36,2009,2014,5,ne,hg_organon,114.18101501464844,130.47666931152344,12.66679573059082,2982.58642578125,15645.64453125,178.4596349977202
145023247010661,36,2009,2014,5,ne,hg_conus_sp,114.18601989746094,130.47654724121094,12.667081832885742,2899.171142578125,14954.953125,178.4596349977202
145023247010661,36,2009,2014,5,ne,hg_conus_clim,114.1834487915039,130.47657775878906,12.666939735412598,2837.623046875,14625.111328125,178.4596349977202
375823386489998,23,2017,2022,5,ne,default,32.771728515625,124.79146575927734,6.938945770263672,586.4862060546875,0.0,114.55300598623406
375823386489998,23,2017,2022,5,ne,calibrated,32.29578399658203,122.95169830322266,6.939720630645752,577.7289428710938,0.0,114.55300598623406
375823386489998,23,2017,2022,5,ne,greg_dg,38.785404205322266,124.78302764892578,7.549057960510254,730.6723022460938,207.46987915039062,114.55300598623406
375823386489998,23,2017,2022,5,ne,hg_organon,32.77582550048828,124.79145050048828,6.939380645751953,600.277099609375,0.0,114.55300598623406
375823386489998,23,2017,2022,5,ne,hg_conus_sp,32.77632141113281,124.79145050048828,6.939432621002197,595.4068603515625,0.0,114.55300598623406
375823386489998,23,2017,2022,5,ne,hg_conus_clim,32.77382278442383,124.79141998291016,6.939169883728027,585.2862548828125,0.0,114.55300598623406
76869487010538,42,2006,2011,5,ne,default,71.13167572021484,65.50077056884766,14.110574722290039,2024.6033935546875,10438.1845703125,82.52058941618992
76869487010538,42,2006,2011,5,ne,calibrated,71.16207122802734,65.5744400024414,14.1056547164917,2025.076904296875,10438.7626953125,82.52058941618992
76869487010538,42,2006,2011,5,ne,hg_organon,71.12937927246094,65.50076293945312,14.110340118408203,2133.960693359375,11085.267578125,82.52058941618992
76869487010538,42,2006,2011,5,ne,hg_conus_sp,71.13117980957031,65.5007553100586,14.11052131652832,2096.43017578125,10969.4931640625,82.52058941618992
76869487010538,42,2006,2011,5,ne,hg_conus_clim,71.13167572021484,65.50077056884766,14.110574722290039,2024.6033935546875,10438.1845703125,82.52058941618992
64261697010538,36,2005,2010,5,ne,default,19.847286224365234,41.72211456298828,9.339071273803711,438.90618896484375,425.0683898925781,31.419173986451664
64261697010538,36,2005,2010,5,ne,calibrated,19.895368576049805,41.8996467590332,9.330547332763672,439.6809387207031,425.5482482910156,31.419173986451664
64261697010538,36,2005,2010,5,ne,greg_dg,19.686758041381836,41.72246551513672,9.301187515258789,435.6764221191406,442.89739990234375,31.419173986451664
64261697010538,36,2005,2010,5,ne,hg_organon,19.846473693847656,41.72211456298828,9.338879585266113,477.1833801269531,491.4354553222656,31.419173986451664
64261697010538,36,2005,2010,5,ne,hg_conus_sp,19.847387313842773,41.72213363647461,9.339093208312988,463.93048095703125,462.220703125,31.419173986451664
64261697010538,36,2005,2010,5,ne,hg_conus_clim,19.8475341796875,41.72212219238281,9.339128494262695,441.1012268066406,425.06622314453125,31.419173986451664
168998378010661,42,2011,2017,6,ne,default,74.49737548828125,147.7762451171875,9.614008903503418,1803.4306640625,3445.635986328125,86.4316632568393
168998378010661,42,2011,2017,6,ne,calibrated,74.83871459960938,148.7783660888672,9.603500366210938,1808.3800048828125,3449.058837890625,86.4316632568393
168998378010661,42,2011,2017,6,ne,hg_organon,74.49555969238281,147.77615356445312,9.613893508911133,1849.3626708984375,3475.849853515625,86.4316632568393
168998378010661,42,2011,2017,6,ne,hg_conus_sp,74.50221252441406,147.7763214111328,9.61431884765625,1788.12109375,3445.851806640625,86.4316632568393
168998378010661,42,2011,2017,6,ne,hg_conus_clim,74.49737548828125,147.7762451171875,9.614008903503418,1803.4306640625,3445.635986328125,86.4316632568393
70611804010538,23,2004,2009,5,ne,default,29.7510986328125,41.48228073120117,11.467177391052246,628.541259765625,2843.773681640625,89.40893353932178
70611804010538,23,2004,2009,5,ne,calibrated,29.742753982543945,41.45174789428711,11.469789505004883,628.4097900390625,2843.35205078125,89.40893353932178
70611804010538,23,2004,2009,5,ne,greg_dg,30.0677547454834,41.482139587402344,11.528059005737305,636.4293823242188,2867.41845703125,89.40893353932178
70611804010538,23,2004,2009,5,ne,hg_organon,29.748714447021484,41.4822883605957,11.466714859008789,660.8162841796875,2999.51513671875,89.40893353932178
70611804010538,23,2004,2009,5,ne,hg_conus_sp,29.74980926513672,41.48228454589844,11.466927528381348,648.5517578125,2939.64013671875,89.40893353932178
70611804010538,23,2004,2009,5,ne,hg_conus_clim,29.749725341796875,41.48227310180664,11.466912269592285,628.5068969726562,2843.604736328125,89.40893353932178
53715270010538,36,2003,2008,5,ne,default,81.2737808227539,154.7036590576172,9.814346313476562,1703.0382080078125,4896.21728515625,118.46887033327828
53715270010538,36,2003,2008,5,ne,calibrated,81.33490753173828,154.85531616210938,9.813223838806152,1704.1170654296875,4897.85302734375,118.46887033327828
53715270010538,36,2003,2008,5,ne,greg_dg,83.2064437866211,154.70347595214844,9.930354118347168,1741.591064453125,5064.0888671875,118.46887033327828
53715270010538,36,2003,2008,5,ne,hg_organon,81.26904296875,154.70372009277344,9.814056396484375,1777.9739990234375,5124.869140625,118.46887033327828
53715270010538,36,2003,2008,5,ne,hg_conus_sp,81.27584838867188,154.70375061035156,9.814462661743164,1708.066650390625,4988.26220703125,118.46887033327828
53715270010538,36,2003,2008,5,ne,hg_conus_clim,81.27375030517578,154.70364379882812,9.814342498779297,1703.27685546875,4896.21337890625,118.46887033327828
58408212010538,42,2003,2009,6,ne,default,128.32781982421875,165.9224395751953,11.908143997192383,4028.90576171875,16603.400390625,122.85856549262391
58408212010538,42,2003,2009,6,ne,calibrated,127.0082778930664,163.2580108642578,11.943044662475586,3998.787353515625,16523.236328125,122.85856549262391
58408212010538,42,2003,2009,6,ne,hg_organon,128.31719970703125,165.92247009277344,11.907654762268066,4078.283935546875,17064.880859375,122.85856549262391
58408212010538,42,2003,2009,6,ne,hg_conus_sp,128.327392578125,165.92245483398438,11.908122062683105,3962.08544921875,16670.419921875,122.85856549262391
58408212010538,42,2003,2009,6,ne,hg_conus_clim,128.32383728027344,165.92247009277344,11.90796184539795,4018.511474609375,17102.5,122.85856549262391
247065573010661,54,2013,2019,6,ne,default,128.41616821289062,184.39703369140625,11.299760818481445,3532.54248046875,10774.4990234375,
247065573010661,54,2013,2019,6,ne,calibrated,128.1893310546875,183.92723083496094,11.30418586730957,3527.427734375,10768.1103515625,
247065573010661,54,2013,2019,6,ne,hg_organon,128.39540100097656,184.40525817871094,11.29859447479248,3699.62158203125,11231.57421875,
247065573010661,54,2013,2019,6,ne,hg_conus_sp,128.42489624023438,184.390380859375,11.300345420837402,3589.471435546875,11009.09375,
247065573010661,54,2013,2019,6,ne,hg_conus_clim,128.4276123046875,184.3901824951172,11.300475120544434,3536.156982421875,10776.40625,
53744169010538,36,2003,2008,5,ne,default,163.0767059326172,164.64593505859375,13.475870132446289,4984.97705078125,21675.666015625,167.27352699444043
53744169010538,36,2003,2008,5,ne,calibrated,162.26739501953125,162.85769653320312,13.515987396240234,4965.8759765625,21634.0,167.27352699444043
53744169010538,36,2003,2008,5,ne,greg_dg,162.8133087158203,164.83628845214844,13.45720386505127,4975.6298828125,21536.349609375,167.27352699444043
53744169010538,36,2003,2008,5,ne,hg_organon,163.06829833984375,164.6492462158203,13.475383758544922,5054.265625,21771.2890625,167.27352699444043
53744169010538,36,2003,2008,5,ne,hg_conus_sp,163.07742309570312,164.64627075195312,13.475883483886719,4929.1357421875,21269.86328125,167.27352699444043
53744169010538,36,2003,2008,5,ne,hg_conus_clim,163.07594299316406,164.6464385986328,13.475813865661621,4983.2001953125,21675.46875,167.27352699444043
58391351010538,42,2003,2008,5,ne,default,116.91426086425781,148.56533813476562,12.011886596679688,3839.886474609375,14564.236328125,115.4295740181896
58391351010538,42,2003,2008,5,ne,calibrated,116.51261138916016,147.68467712402344,12.026938438415527,3829.002197265625,14538.525390625,115.4295740181896
58391351010538,42,2003,2008,5,ne,hg_organon,116.9099349975586,148.56529235839844,12.011667251586914,3866.8408203125,14575.1376953125,115.4295740181896
58391351010538,42,2003,2008,5,ne,hg_conus_sp,116.91382598876953,148.56527709960938,12.011866569519043,3801.579345703125,14422.6220703125,115.4295740181896
58391351010538,42,2003,2008,5,ne,hg_conus_clim,116.91426086425781,148.56533813476562,12.011886596679688,3839.886474609375,14564.236328125,115.4295740181896
15806958020004,36,2013,2019,6,ne,default,85.46304321289062,177.28712463378906,9.401275634765625,1942.3870849609375,5686.5166015625,84.63309986660269
15806958020004,36,2013,2019,6,ne,calibrated,85.82909393310547,178.6459503173828,9.385490417480469,1948.115966796875,5689.24853515625,84.63309986660269
15806958020004,36,2013,2019,6,ne,greg_dg,90.4234848022461,177.2848663330078,9.670323371887207,2073.410400390625,6275.85888671875,84.63309986660269
15806958020004,36,2013,2019,6,ne,hg_organon,85.46354675292969,177.28712463378906,9.401305198669434,2005.81787109375,5884.96484375,84.63309986660269
15806958020004,36,2013,2019,6,ne,hg_conus_sp,85.46438598632812,177.28712463378906,9.401350021362305,1941.744384765625,5782.87451171875,84.63309986660269
15806958020004,36,2013,2019,6,ne,hg_conus_clim,85.46304321289062,177.28712463378906,9.401275634765625,1942.3870849609375,5686.5166015625,84.63309986660269
168990296010661,36,2010,2016,6,ne,default,12.893383026123047,17.764089584350586,11.535813331604004,245.6377716064453,758.87939453125,32.84574511306731
168990296010661,36,2010,2016,6,ne,calibrated,12.994169235229492,17.871307373046875,11.546022415161133,247.6138458251953,767.533447265625,32.84574511306731
168990296010661,36,2010,2016,6,ne,greg_dg,14.442299842834473,17.763492584228516,12.209287643432617,276.4168701171875,817.2030639648438,32.84574511306731
168990296010661,36,2010,2016,6,ne,hg_organon,12.893383026123047,17.764089584350586,11.535813331604004,262.80615234375,881.4677124023438,32.84574511306731
168990296010661,36,2010,2016,6,ne,hg_conus_sp,12.893383026123047,17.764089584350586,11.535813331604004,251.322265625,758.87939453125,32.84574511306731
168990296010661,36,2010,2016,6,ne,hg_conus_clim,12.893383026123047,17.764089584350586,11.535813331604004,245.6377716064453,758.87939453125,32.84574511306731
68297241010538,42,2005,2010,5,ne,default,60.367061614990234,77.23362731933594,11.971074104309082,1520.85986328125,6053.2470703125,62.06567187792554
68297241010538,42,2005,2010,5,ne,calibrated,60.44841766357422,77.51507568359375,11.957367897033691,1522.0828857421875,6056.90087890625,62.06567187792554
68297241010538,42,2005,2010,5,ne,hg_organon,60.36453628540039,77.2336196899414,11.97082233428955,1608.0772705078125,6413.86279296875,62.06567187792554
68297241010538,42,2005,2010,5,ne,hg_conus_sp,60.36620330810547,77.23359680175781,11.970988273620605,1575.816650390625,6236.068359375,62.06567187792554
68297241010538,42,2005,2010,5,ne,hg_conus_clim,60.367061614990234,77.23362731933594,11.971074104309082,1525.61474609375,6053.2470703125,62.06567187792554
53074897010538,23,2003,2008,5,ne,default,32.96863555908203,47.62559127807617,11.265917778015137,738.749267578125,2991.30517578125,15.11197834490285
53074897010538,23,2003,2008,5,ne,calibrated,32.94779586791992,47.56375503540039,11.269675254821777,738.3653564453125,2990.621826171875,15.11197834490285
53074897010538,23,2003,2008,5,ne,greg_dg,37.03611373901367,47.624229431152344,11.940842628479004,833.9133911132812,3718.086669921875,15.11197834490285
53074897010538,23,2003,2008,5,ne,hg_organon,32.96765899658203,47.62560272216797,11.265750885009766,790.3712768554688,3333.4794921875,15.11197834490285
53074897010538,23,2003,2008,5,ne,hg_conus_sp,32.9673957824707,47.62559127807617,11.265707015991211,770.5083618164062,3012.02587890625,15.11197834490285
53074897010538,23,2003,2008,5,ne,hg_conus_clim,32.96504592895508,47.62559127807617,11.265303611755371,740.4166259765625,2990.793701171875,15.11197834490285
122560138010661,54,2007,2013,6,ne,default,118.76472473144531,148.10520935058594,12.12536907196045,4027.513427734375,14916.9541015625,105.26908827548161
122560138010661,54,2007,2013,6,ne,calibrated,117.61835479736328,145.92788696289062,12.156393051147461,3994.35791015625,14873.3544921875,105.26908827548161
122560138010661,54,2007,2013,6,ne,hg_organon,118.74659729003906,148.1051788330078,12.124441146850586,4172.38818359375,15541.171875,105.26908827548161
122560138010661,54,2007,2013,6,ne,hg_conus_sp,118.75465393066406,148.1051025390625,12.124855995178223,4043.34326171875,15084.4482421875,105.26908827548161
122560138010661,54,2007,2013,6,ne,hg_conus_clim,118.7655258178711,148.10519409179688,12.125406265258789,4028.076416015625,14983.1162109375,105.26908827548161
375583650489998,33,2017,2024,7,ne,default,55.72285461425781,94.61446380615234,10.391406059265137,1462.7464599609375,3189.94873046875,56.23593899339559
375583650489998,33,2017,2024,7,ne,calibrated,55.8680534362793,94.97246551513672,10.38530445098877,1465.9344482421875,3191.166015625,56.23593899339559
375583650489998,33,2017,2024,7,ne,greg_dg,56.780941009521484,94.61651611328125,10.489481925964355,1485.90087890625,3473.80615234375,56.23593899339559
375583650489998,33,2017,2024,7,ne,hg_organon,55.72148895263672,94.61447143554688,10.391275405883789,1459.1685791015625,3175.4638671875,56.23593899339559
375583650489998,33,2017,2024,7,ne,hg_conus_sp,55.72376251220703,94.61441040039062,10.39148998260498,1402.7359619140625,2999.100341796875,56.23593899339559
375583650489998,33,2017,2024,7,ne,hg_conus_clim,55.72285461425781,94.61446380615234,10.391406059265137,1462.7464599609375,3189.94873046875,56.23593899339559
58366674010538,42,2003,2008,5,ne,default,29.083568572998047,47.56101989746094,10.58850383758545,663.4495239257812,1885.984375,48.598738057587305
58366674010538,42,2003,2008,5,ne,calibrated,29.134719848632812,47.74612808227539,10.57724666595459,664.2122192382812,1887.1600341796875,48.598738057587305
58366674010538,42,2003,2008,5,ne,hg_organon,29.082529067993164,47.56104278564453,10.588312149047852,686.6542358398438,2016.469482421875,48.598738057587305
58366674010538,42,2003,2008,5,ne,hg_conus_sp,29.084163665771484,47.56105422973633,10.588607788085938,663.259521484375,1886.0802001953125,48.598738057587305
58366674010538,42,2003,2008,5,ne,hg_conus_clim,29.083568572998047,47.56101989746094,10.58850383758545,663.4495239257812,1885.984375,48.598738057587305
58350312010538,42,2002,2007,5,ne,default,145.50677490234375,134.9119873046875,14.062176704406738,4085.494140625,18230.515625,162.31235062919413
58350312010538,42,2002,2007,5,ne,calibrated,142.58714294433594,127.07801818847656,14.343039512634277,4028.5498046875,18104.572265625,162.31235062919413
58350312010538,42,2002,2007,5,ne,hg_organon,145.50384521484375,134.91241455078125,14.06201457977295,4203.76416015625,18927.951171875,162.31235062919413
58350312010538,42,2002,2007,5,ne,hg_conus_sp,145.50897216796875,134.91159057617188,14.062307357788086,4087.677978515625,18277.591796875,162.31235062919413
58350312010538,42,2002,2007,5,ne,hg_conus_clim,145.51112365722656,134.91026306152344,14.062479019165039,4103.6611328125,18363.244140625,162.31235062919413
243882874489998,23,2015,2020,5,ne,default,80.22797393798828,88.96471405029297,12.858499526977539,2292.64990234375,9022.6689453125,100.91711527914777
243882874489998,23,2015,2020,5,ne,calibrated,80.33499145507812,89.20684051513672,12.849596977233887,2295.207763671875,9029.234375,100.91711527914777
243882874489998,23,2015,2020,5,ne,greg_dg,84.66537475585938,88.96290588378906,13.209447860717773,2422.422119140625,9719.2705078125,100.91711527914777
243882874489998,23,2015,2020,5,ne,hg_organon,80.2254638671875,88.9646987915039,12.85830020904541,2372.699462890625,9691.5693359375,100.91711527914777
243882874489998,23,2015,2020,5,ne,hg_conus_sp,80.23157501220703,88.96471405029297,12.858790397644043,2313.73486328125,9439.0498046875,100.91711527914777
243882874489998,23,2015,2020,5,ne,hg_conus_clim,80.22643280029297,88.96469116210938,12.858377456665039,2319.521484375,9022.556640625,100.91711527914777
222517533010661,23,2011,2016,5,ne,default,104.83522033691406,82.97529602050781,15.22003173828125,2617.538818359375,14588.48046875,104.58210415590773
222517533010661,23,2011,2016,5,ne,calibrated,105.1821517944336,83.48079681396484,15.198965072631836,2624.63720703125,14621.63671875,104.58210415590773
222517533010661,23,2011,2016,5,ne,greg_dg,105.76148986816406,82.97480773925781,15.287164688110352,2642.6220703125,14617.8857421875,104.58210415590773
222517533010661,23,2011,2016,5,ne,hg_organon,104.83914947509766,82.97533416748047,15.220312118530273,2738.69189453125,15271.8330078125,104.58210415590773
222517533010661,23,2011,2016,5,ne,hg_conus_sp,104.84193420410156,82.97529602050781,15.220515251159668,2657.571044921875,14629.1318359375,104.58210415590773
222517533010661,23,2011,2016,5,ne,hg_conus_clim,104.83522033691406,82.97529602050781,15.22003173828125,2617.538818359375,14588.48046875,104.58210415590773
145007953010661,54,2009,2014,5,ne,default,36.167476654052734,65.29952239990234,10.077210426330566,926.2661743164062,2970.0224609375,
145007953010661,54,2009,2014,5,ne,calibrated,36.04510498046875,64.93993377685547,10.08796501159668,923.667724609375,2966.415283203125,
145007953010661,54,2009,2014,5,ne,hg_organon,36.16897201538086,65.29950714111328,10.077422142028809,914.1249389648438,2969.729736328125,
145007953010661,54,2009,2014,5,ne,hg_conus_sp,36.16837692260742,65.29950714111328,10.077340126037598,887.0381469726562,2904.31787109375,
145007953010661,54,2009,2014,5,ne,hg_conus_clim,36.167476654052734,65.29952239990234,10.077210426330566,926.2661743164062,2970.0224609375,
65138752010538,36,2005,2010,5,ne,default,48.85635757446289,101.2682876586914,9.405028343200684,1200.944580078125,1621.9920654296875,72.47361841003203
65138752010538,36,2005,2010,5,ne,calibrated,48.74783706665039,101.00273132324219,9.406919479370117,1198.8087158203125,1621.2515869140625,72.47361841003203
65138752010538,36,2005,2010,5,ne,greg_dg,48.983673095703125,101.26917266845703,9.41723346710205,1207.975830078125,1988.456298828125,72.47361841003203
65138752010538,36,2005,2010,5,ne,hg_organon,48.85643005371094,101.26831817626953,9.405034065246582,1227.7568359375,1920.8974609375,72.47361841003203
65138752010538,36,2005,2010,5,ne,hg_conus_sp,48.8591423034668,101.26827239990234,9.405296325683594,1196.357177734375,1860.5123291015625,72.47361841003203
65138752010538,36,2005,2010,5,ne,hg_conus_clim,48.85975646972656,101.26825714111328,9.405359268188477,1199.4698486328125,1678.2340087890625,72.47361841003203
58536264010538,42,2003,2009,6,ne,default,90.95711517333984,118.25186157226562,11.875463485717773,2572.119384765625,10571.884765625,31.052529948760615
58536264010538,42,2003,2009,6,ne,calibrated,91.14373779296875,118.76605224609375,11.8618803024292,2576.134033203125,10579.7626953125,31.052529948760615
58536264010538,42,2003,2009,6,ne,hg_organon,90.95862579345703,118.25186920166016,11.875563621520996,2718.653564453125,11278.4375,31.052529948760615
58536264010538,42,2003,2009,6,ne,hg_conus_sp,90.95528411865234,118.25186157226562,11.875343322753906,2608.079833984375,10721.8505859375,31.052529948760615
58536264010538,42,2003,2009,6,ne,hg_conus_clim,90.9626693725586,118.25181579589844,11.87583065032959,2593.587890625,10572.5947265625,31.052529948760615
247105070010661,42,2013,2018,5,ne,default,39.56759262084961,41.67961502075195,13.193020820617676,1233.81298828125,5557.62060546875,48.74774825983608
247105070010661,42,2013,2018,5,ne,calibrated,39.57671356201172,41.70600128173828,13.190366744995117,1233.986572265625,5558.16162109375,48.74774825983608
247105070010661,42,2013,2018,5,ne,hg_organon,39.57067108154297,41.67960739135742,13.193532943725586,1258.4512939453125,5689.59814453125,48.74774825983608
247105070010661,42,2013,2018,5,ne,hg_conus_sp,39.568878173828125,41.67960739135742,13.193235397338867,1245.9705810546875,5444.30419921875,48.74774825983608
247105070010661,42,2013,2018,5,ne,hg_conus_clim,39.56759262084961,41.67961502075195,13.193020820617676,1233.81298828125,5557.62060546875,48.74774825983608
55881774010538,33,2002,2008,6,ne,default,96.84081268310547,148.74517822265625,10.92557144165039,2374.71044921875,9147.4912109375,52.486833745747724
55881774010538,33,2002,2008,6,ne,calibrated,96.9620361328125,149.043701171875,10.921455383300781,2377.0283203125,9152.7646484375,52.486833745747724
55881774010538,33,2002,2008,6,ne,greg_dg,111.24202728271484,148.74021911621094,11.709992408752441,2721.25341796875,11514.1005859375,52.486833745747724
55881774010538,33,2002,2008,6,ne,hg_organon,96.84263610839844,148.7451934814453,10.925671577453613,2566.4482421875,9782.8291015625,52.486833745747724
55881774010538,33,2002,2008,6,ne,hg_conus_sp,96.85088348388672,148.74505615234375,10.926142692565918,2465.481201171875,9615.396484375,52.486833745747724
55881774010538,33,2002,2008,6,ne,hg_conus_clim,96.84081268310547,148.74517822265625,10.92557144165039,2374.71044921875,9147.4912109375,52.486833745747724
222095760010661,42,2011,2017,6,ne,default,175.48434448242188,123.35904693603516,16.14990234375,6151.07373046875,33989.8359375,16.71924918215366
222095760010661,42,2011,2017,6,ne,calibrated,173.35459899902344,120.98309326171875,16.208457946777344,6082.79833984375,33668.23046875,16.71924918215366
222095760010661,42,2011,2017,6,ne,hg_organon,175.4713592529297,123.36206817626953,16.14910888671875,6521.13427734375,36299.94921875,16.71924918215366
222095760010661,42,2011,2017,6,ne,hg_conus_sp,175.48492431640625,123.3609390258789,16.14980697631836,6304.05224609375,35320.5078125,16.71924918215366
222095760010661,42,2011,2017,6,ne,hg_conus_clim,175.4676055908203,123.3648681640625,16.148752212524414,6159.7412109375,33985.01171875,16.71924918215366
70558158010538,23,2004,2009,5,ne,default,111.9057846069336,202.57907104492188,10.063875198364258,2614.52783203125,6944.3818359375,126.20990984294887
70558158010538,23,2004,2009,5,ne,calibrated,111.6771240234375,202.00985717773438,10.067740440368652,2610.347900390625,6937.50927734375,126.20990984294887
70558158010538,23,2004,2009,5,ne,greg_dg,122.05915832519531,202.57150268554688,10.510717391967773,2885.302734375,9243.880859375,126.20990984294887
70558158010538,23,2004,2009,5,ne,hg_organon,111.90765380859375,202.57919311523438,10.063960075378418,2699.023681640625,6974.2666015625,126.20990984294887
70558158010538,23,2004,2009,5,ne,hg_conus_sp,111.90767669677734,202.57916259765625,10.063957214355469,2616.537109375,6941.2177734375,126.20990984294887
70558158010538,23,2004,2009,5,ne,hg_conus_clim,111.9057846069336,202.57907104492188,10.063875198364258,2614.52783203125,6944.3818359375,126.20990984294887
222095156010661,42,2011,2017,6,ne,default,196.4862823486328,216.9686737060547,12.885577201843262,6414.4130859375,28516.873046875,
222095156010661,42,2011,2017,6,ne,calibrated,175.7111358642578,181.42132568359375,13.325754165649414,5872.99609375,26704.67578125,
222095156010661,42,2011,2017,6,ne,hg_organon,196.4781494140625,216.97222900390625,12.88520622253418,6775.9990234375,30420.748046875,
222095156010661,42,2011,2017,6,ne,hg_conus_sp,196.4963836669922,216.9636688232422,12.886058807373047,6553.93408203125,29405.849609375,
222095156010661,42,2011,2017,6,ne,hg_conus_clim,196.4862823486328,216.9686737060547,12.885577201843262,6414.4130859375,28516.873046875,
145022619010661,36,2009,2014,5,ne,default,110.16070556640625,279.1954345703125,8.505414962768555,2553.30615234375,2041.144775390625,126.39746250031742
145022619010661,36,2009,2014,5,ne,calibrated,106.72530364990234,269.8818359375,8.514967918395996,2478.3681640625,2001.0921630859375,126.39746250031742
145022619010661,36,2009,2014,5,ne,greg_dg,117.9693374633789,279.1902770996094,8.801788330078125,2763.56298828125,2165.379638671875,126.39746250031742
145022619010661,36,2009,2014,5,ne,hg_organon,110.16399383544922,279.1957092285156,8.505537986755371,2607.34912109375,2043.2581787109375,126.39746250031742
145022619010661,36,2009,2014,5,ne,hg_conus_sp,110.17860412597656,279.19561767578125,8.506104469299316,2522.6064453125,2015.6656494140625,126.39746250031742
145022619010661,36,2009,2014,5,ne,hg_conus_clim,110.16631317138672,279.1955871582031,8.505627632141113,2551.8544921875,2041.7093505859375,126.39746250031742
29637110020004,54,2013,2020,7,ne,default,188.71131896972656,169.79180908203125,14.2750244140625,7521.009765625,38882.58984375,215.23462104027917
29637110020004,54,2013,2020,7,ne,calibrated,163.43167114257812,129.0888671875,15.235613822937012,6758.9951171875,36513.0,215.23462104027917
29637110020004,54,2013,2020,7,ne,hg_organon,188.6912841796875,169.8016357421875,14.273850440979004,7664.6396484375,39478.23046875,215.23462104027917
29637110020004,54,2013,2020,7,ne,hg_conus_sp,188.73797607421875,169.77818298339844,14.276605606079102,7462.83154296875,38493.62890625,215.23462104027917
29637110020004,54,2013,2020,7,ne,hg_conus_clim,188.7270965576172,169.78379821777344,14.275960922241211,7507.20263671875,38915.6640625,215.23462104027917
221353403010661,24,2011,2017,6,ne,default,111.92801666259766,136.49949645996094,12.261402130126953,3450.85888671875,14923.318359375,113.37022818205585
221353403010661,24,2011,2017,6,ne,calibrated,111.95903778076172,136.58895874023438,12.259087562561035,3451.485595703125,14924.2353515625,113.37022818205585
221353403010661,24,2011,2017,6,ne,hg_organon,111.92443084716797,136.4995574951172,12.261204719543457,3492.316650390625,15187.3173828125,113.37022818205585
221353403010661,24,2011,2017,6,ne,hg_conus_sp,111.92273712158203,136.49952697753906,12.2611083984375,3396.649169921875,14760.6240234375,113.37022818205585
221353403010661,24,2011,2017,6,ne,hg_conus_clim,111.92981719970703,136.49951171875,12.26150131225586,3442.250732421875,14923.560546875,113.37022818205585
52820861010538,23,2000,2005,5,ne,default,156.26744079589844,279.00958251953125,10.133535385131836,3783.734130859375,12428.275390625,172.47183308670975
52820861010538,23,2000,2005,5,ne,calibrated,155.502685546875,277.0066833496094,10.145186424255371,3767.605712890625,12403.5673828125,172.47183308670975
52820861010538,23,2000,2005,5,ne,greg_dg,163.90023803710938,279.00244140625,10.37820053100586,3986.07373046875,13830.015625,172.47183308670975
52820861010538,23,2000,2005,5,ne,hg_organon,156.26727294921875,279.00933837890625,10.133532524108887,3844.558837890625,12659.595703125,172.47183308670975
52820861010538,23,2000,2005,5,ne,hg_conus_sp,156.27532958984375,279.00933837890625,10.133792877197266,3749.048828125,12337.78515625,172.47183308670975
52820861010538,23,2000,2005,5,ne,hg_conus_clim,156.26963806152344,279.0093994140625,10.133615493774414,3766.19482421875,12398.3388671875,172.47183308670975
29637503020004,54,2013,2019,6,ne,default,66.25715637207031,76.87664794921875,12.57058334350586,2089.111572265625,8975.5556640625,85.32170046455897
29637503020004,54,2013,2019,6,ne,calibrated,66.54947662353516,77.45573425292969,12.551102638244629,2096.037841796875,8995.5576171875,85.32170046455897
29637503020004,54,2013,2019,6,ne,hg_organon,66.24870300292969,76.87663269042969,12.569785118103027,2100.78173828125,9167.98046875,85.32170046455897
29637503020004,54,2013,2019,6,ne,hg_conus_sp,66.24992370605469,76.8766860961914,12.56989574432373,2053.49755859375,8931.09375,85.32170046455897
29637503020004,54,2013,2019,6,ne,hg_conus_clim,66.2568359375,76.87661743164062,12.570555686950684,2090.360107421875,8975.525390625,85.32170046455897
55934057010538,25,2004,2009,5,ne,default,155.45733642578125,208.07662963867188,11.70389175415039,4426.12255859375,13373.9453125,172.3866125860491
55934057010538,25,2004,2009,5,ne,calibrated,151.28921508789062,199.88551330566406,11.78011703491211,4330.90185546875,13210.85546875,172.3866125860491
55934057010538,25,2004,2009,5,ne,greg_dg,161.2041473388672,203.0696563720703,12.064291000366211,4627.42724609375,15464.599609375,172.3866125860491
55934057010538,25,2004,2009,5,ne,hg_organon,155.46151733398438,208.07461547851562,11.704102516174316,4494.82861328125,14070.9931640625,172.3866125860491
55934057010538,25,2004,2009,5,ne,hg_conus_sp,155.4697265625,208.0712432861328,11.704507827758789,4387.3056640625,13530.6650390625,172.3866125860491
55934057010538,25,2004,2009,5,ne,hg_conus_clim,155.4747314453125,208.06883239746094,11.704765319824219,4433.5419921875,13573.4306640625,172.3866125860491
168997362010661,42,2010,2015,5,ne,default,90.99040222167969,130.90487670898438,11.289019584655762,2633.058837890625,8781.8271484375,102.32809809525571
168997362010661,42,2010,2015,5,ne,calibrated,91.03459930419922,130.99917602539062,11.28769588470459,2634.162353515625,8784.0166015625,102.32809809525571
168997362010661,42,2010,2015,5,ne,hg_organon,90.98773956298828,130.90489196777344,11.28885269165039,2697.3310546875,9251.3603515625,102.32809809525571
168997362010661,42,2010,2015,5,ne,hg_conus_sp,90.99516296386719,130.90493774414062,11.289310455322266,2637.90478515625,8843.4833984375,102.32809809525571
168997362010661,42,2010,2015,5,ne,hg_conus_clim,90.99115753173828,130.90489196777344,11.289063453674316,2649.89013671875,9003.0537109375,102.32809809525571
52831376010538,23,2000,2005,5,ne,default,124.51554107666016,296.5338439941406,8.77426528930664,2314.061279296875,4727.9580078125,130.29047330243844
52831376010538,23,2000,2005,5,ne,calibrated,124.29995727539062,295.793212890625,8.77763557434082,2310.955810546875,4725.52001953125,130.29047330243844
52831376010538,23,2000,2005,5,ne,greg_dg,123.4707260131836,296.53369140625,8.737381935119629,2308.611083984375,4469.60546875,130.29047330243844
52831376010538,23,2000,2005,5,ne,hg_organon,124.50658416748047,296.5340270996094,8.773951530456543,2400.953125,4552.98681640625,130.29047330243844
52831376010538,23,2000,2005,5,ne,hg_conus_sp,124.51156616210938,296.5339660644531,8.774125099182129,2345.45703125,4661.77197265625,130.29047330243844
52831376010538,23,2000,2005,5,ne,hg_conus_clim,124.51288604736328,296.533935546875,8.774177551269531,2329.052978515625,4727.79345703125,130.29047330243844
16264768020004,42,2013,2019,6,ne,default,150.8030242919922,231.57928466796875,10.926761627197266,3491.299072265625,8424.4775390625,161.91061492704108
16264768020004,42,2013,2019,6,ne,calibrated,151.17076110839844,232.291015625,10.923309326171875,3498.4287109375,8433.271484375,161.91061492704108
16264768020004,42,2013,2019,6,ne,hg_organon,150.7899627685547,231.58084106445312,10.92625617980957,3685.392578125,9099.615234375,161.91061492704108
16264768020004,42,2013,2019,6,ne,hg_conus_sp,150.88088989257812,231.53082275390625,10.930726051330566,3515.454345703125,8627.71875,161.91061492704108
16264768020004,42,2013,2019,6,ne,hg_conus_clim,150.8134765625,231.57298278808594,10.927289962768555,3491.052490234375,8425.1103515625,161.91061492704108
68280368010538,42,2005,2010,5,ne,default,145.8914794921875,286.9960021972656,9.654136657714844,4086.298828125,8245.138671875,147.2189703123861
68280368010538,42,2005,2010,5,ne,calibrated,145.46902465820312,285.8433837890625,9.659561157226562,4077.182861328125,8238.8427734375,147.2189703123861
68280368010538,42,2005,2010,5,ne,hg_organon,145.89024353027344,286.9970397949219,9.654074668884277,4100.85791015625,8162.0048828125,147.2189703123861
68280368010538,42,2005,2010,5,ne,hg_conus_sp,145.9176025390625,286.9813537597656,9.655245780944824,3985.014892578125,7946.7548828125,147.2189703123861
68280368010538,42,2005,2010,5,ne,hg_conus_clim,145.8914794921875,286.9960021972656,9.654136657714844,4086.298828125,8245.138671875,147.2189703123861
145021957010661,36,2009,2014,5,ne,default,119.68622589111328,261.4833984375,9.160862922668457,2324.406005859375,6976.89892578125,150.8517895771085
145021957010661,36,2009,2014,5,ne,calibrated,119.51798248291016,260.9643249511719,9.163517951965332,2321.910888671875,6974.375,150.8517895771085
145021957010661,36,2009,2014,5,ne,greg_dg,118.2410659790039,261.4826354980469,9.10539722442627,2287.380126953125,6764.12353515625,150.8517895771085
145021957010661,36,2009,2014,5,ne,hg_organon,119.70181274414062,261.48345947265625,9.161456108093262,2369.073974609375,7072.978515625,150.8517895771085
145021957010661,36,2009,2014,5,ne,hg_conus_sp,119.69558715820312,261.4835205078125,9.161218643188477,2293.055419921875,6977.27685546875,150.8517895771085
145021957010661,36,2009,2014,5,ne,hg_conus_clim,119.6865463256836,261.4833984375,9.160879135131836,2319.2900390625,6916.73876953125,150.8517895771085
168997872010661,42,2010,2016,6,ne,default,49.687870025634766,71.32270050048828,11.301797866821289,1205.696044921875,4074.4892578125,76.97899099863469
168997872010661,42,2010,2016,6,ne,calibrated,49.86013412475586,71.76258087158203,11.286619186401367,1208.5970458984375,4077.323974609375,76.97899099863469
168997872010661,42,2010,2016,6,ne,hg_organon,49.68988800048828,71.32270050048828,11.302026748657227,1311.226806640625,4501.0419921875,76.97899099863469
168997872010661,42,2010,2016,6,ne,hg_conus_sp,49.69015884399414,71.32266998291016,11.30206298828125,1275.291748046875,4339.02490234375,76.97899099863469
168997872010661,42,2010,2016,6,ne,hg_conus_clim,49.687870025634766,71.32270050048828,11.301797866821289,1205.696044921875,4074.4892578125,76.97899099863469
118182155010661,36,2008,2013,5,ne,default,182.20314025878906,233.39308166503906,11.963831901550293,4746.04345703125,20409.357421875,169.51053330803157
118182155010661,36,2008,2013,5,ne,calibrated,173.76727294921875,212.90318298339844,12.232892036437988,4591.47021484375,20043.779296875,169.51053330803157
118182155010661,36,2008,2013,5,ne,greg_dg,186.29824829101562,230.43092346191406,12.17503547668457,4898.70166015625,21770.341796875,169.51053330803157
118182155010661,36,2008,2013,5,ne,hg_organon,182.1935272216797,233.39723205566406,11.963406562805176,5003.51123046875,21254.298828125,169.51053330803157
118182155010661,36,2008,2013,5,ne,hg_conus_sp,182.20213317871094,233.3937530517578,11.963778495788574,4824.8046875,21053.8125,169.51053330803157
118182155010661,36,2008,2013,5,ne,hg_conus_clim,182.19313049316406,233.39793395996094,11.963380813598633,4794.875,20731.271484375,169.51053330803157
15666255020004,23,2013,2018,5,ne,default,74.59662628173828,195.89761352539062,8.355673789978027,1433.414306640625,2603.915771484375,78.00891360372655
15666255020004,23,2013,2018,5,ne,calibrated,74.02494812011719,193.75245666503906,8.369543075561523,1424.395751953125,2597.41796875,78.00891360372655
15666255020004,23,2013,2018,5,ne,greg_dg,72.94540405273438,195.89808654785156,8.262667655944824,1400.7869873046875,2603.9150390625,78.00891360372655
15666255020004,23,2013,2018,5,ne,hg_organon,74.59197998046875,195.89761352539062,8.355411529541016,1452.8662109375,2556.033935546875,78.00891360372655
15666255020004,23,2013,2018,5,ne,hg_conus_sp,74.60035705566406,195.8975372314453,8.355881690979004,1430.954345703125,2603.97314453125,78.00891360372655
15666255020004,23,2013,2018,5,ne,hg_conus_clim,74.59672546386719,195.89764404296875,8.35567569732666,1421.5660400390625,2603.868896484375,78.00891360372655
171871847020004,50,2014,2021,7,ne,default,131.5965576171875,165.10018920898438,12.08884334564209,3392.17333984375,12762.5048828125,133.8225795692248
171871847020004,50,2014,2021,7,ne,calibrated,131.05430603027344,163.77569580078125,12.112592697143555,3381.35986328125,12755.484375,133.8225795692248
171871847020004,50,2014,2021,7,ne,greg_dg,138.5290069580078,161.56951904296875,12.537960052490234,3580.617431640625,13698.8876953125,133.8225795692248
171871847020004,50,2014,2021,7,ne,hg_organon,131.6092529296875,165.1002960205078,12.089422225952148,3531.2021484375,13251.37109375,133.8225795692248
171871847020004,50,2014,2021,7,ne,hg_conus_sp,131.60498046875,165.10031127929688,12.089225769042969,3358.32373046875,12866.3896484375,133.8225795692248
171871847020004,50,2014,2021,7,ne,hg_conus_clim,131.5948028564453,165.1001739501953,12.088760375976562,3412.56689453125,12932.6943359375,133.8225795692248
145006455010661,24,2009,2015,6,ne,default,110.34770202636719,106.96379852294922,13.75306510925293,3856.62353515625,19948.537109375,135.13327046433892
145006455010661,24,2009,2015,6,ne,calibrated,110.63200378417969,107.6242904663086,13.728450775146484,3863.906982421875,19962.654296875,135.13327046433892
145006455010661,24,2009,2015,6,ne,hg_organon,110.34040832519531,106.96383666992188,13.752607345581055,3994.79736328125,20785.15625,135.13327046433892
145006455010661,24,2009,2015,6,ne,hg_conus_sp,110.34439849853516,106.96382904052734,13.752861022949219,3873.69482421875,20210.08984375,135.13327046433892
145006455010661,24,2009,2015,6,ne,hg_conus_clim,110.34770202636719,106.96379852294922,13.75306510925293,3856.62353515625,19948.537109375,135.13327046433892
306336171489998,54,2016,2024,8,ne,default,81.42903137207031,118.41423797607422,11.228556632995605,2224.20556640625,6380.2294921875,62.958408349406426
306336171489998,54,2016,2024,8,ne,calibrated,81.57232666015625,118.78128814697266,11.221055030822754,2227.531494140625,6385.90869140625,62.958408349406426
306336171489998,54,2016,2024,8,ne,hg_organon,81.4314193725586,118.41414642333984,11.22872543334961,2314.18701171875,6938.44873046875,62.958408349406426
306336171489998,54,2016,2024,8,ne,hg_conus_sp,81.44168853759766,118.4141616821289,11.229433059692383,2231.274169921875,6376.14453125,62.958408349406426
306336171489998,54,2016,2024,8,ne,hg_conus_clim,81.42929077148438,118.41419219970703,11.2285795211792,2222.87890625,6380.646484375,62.958408349406426
15806253020004,36,2013,2019,6,ne,default,21.3765926361084,29.539907455444336,11.518632888793945,648.254638671875,2696.98291015625,23.30734390149458
15806253020004,36,2013,2019,6,ne,calibrated,21.485105514526367,29.684858322143555,11.519603729248047,651.5900268554688,2711.01220703125,23.30734390149458
15806253020004,36,2013,2019,6,ne,greg_dg,23.80320167541504,29.53864097595215,12.155105590820312,723.7916259765625,3050.9326171875,23.30734390149458
15806253020004,36,2013,2019,6,ne,hg_organon,21.363882064819336,29.539915084838867,11.51520824432373,684.2939453125,2918.40576171875,23.30734390149458
15806253020004,36,2013,2019,6,ne,hg_conus_sp,21.37523078918457,29.539915084838867,11.518264770507812,671.9486694335938,2838.00830078125,23.30734390149458
15806253020004,36,2013,2019,6,ne,hg_conus_clim,21.352624893188477,29.5399227142334,11.512171745300293,655.1331787109375,2692.122314453125,23.30734390149458
65139485010538,36,2004,2010,6,ne,default,17.078590393066406,35.696964263916016,9.365838050842285,244.18370056152344,526.5166015625,28.04313425863157
65139485010538,36,2004,2010,6,ne,calibrated,17.12706184387207,35.82545852661133,9.362284660339355,244.8560791015625,527.4815063476562,28.04313425863157
65139485010538,36,2004,2010,6,ne,greg_dg,19.23682403564453,35.69626235961914,9.940118789672852,276.49932861328125,747.8843383789062,28.04313425863157
65139485010538,36,2004,2010,6,ne,hg_organon,17.074932098388672,35.69696807861328,9.364835739135742,278.9656982421875,651.8104248046875,28.04313425863157
65139485010538,36,2004,2010,6,ne,hg_conus_sp,17.078649520874023,35.69696044921875,9.365854263305664,259.64739990234375,592.3363647460938,28.04313425863157
65139485010538,36,2004,2010,6,ne,hg_conus_clim,17.078590393066406,35.696964263916016,9.365838050842285,244.18370056152344,526.5166015625,28.04313425863157
16365413020004,50,2013,2020,7,ne,default,23.56817054748535,59.417423248291016,8.527904510498047,556.0328369140625,0.0,16.333478177748873
16365413020004,50,2013,2020,7,ne,calibrated,23.39800453186035,58.91453552246094,8.533249855041504,552.1026000976562,0.0,16.333478177748873
16365413020004,50,2013,2020,7,ne,greg_dg,30.1210994720459,59.40608215332031,9.64175796508789,725.5783081054688,654.4306030273438,16.333478177748873
16365413020004,50,2013,2020,7,ne,hg_organon,23.56528663635254,59.41740036010742,8.527384757995605,604.6512451171875,0.0,16.333478177748873
16365413020004,50,2013,2020,7,ne,hg_conus_sp,23.568628311157227,59.41741943359375,8.527987480163574,589.8685913085938,0.0,16.333478177748873
16365413020004,50,2013,2020,7,ne,hg_conus_clim,23.566848754882812,59.417388916015625,8.527667999267578,559.5338745117188,0.0,16.333478177748873
251021748489998,42,2015,2022,7,ne,default,37.7345085144043,88.9249496459961,8.820512771606445,902.831787109375,750.6995239257812,63.204631870515
251021748489998,42,2015,2022,7,ne,calibrated,37.314247131347656,87.62335968017578,8.836164474487305,896.1679077148438,749.1294555664062,63.204631870515
251021748489998,42,2015,2022,7,ne,hg_organon,37.73472595214844,88.92501068115234,8.820533752441406,971.162109375,810.7850952148438,63.204631870515
251021748489998,42,2015,2022,7,ne,hg_conus_sp,37.73492431640625,88.9250259399414,8.820557594299316,952.910888671875,780.7421264648438,63.204631870515
251021748489998,42,2015,2022,7,ne,hg_conus_clim,37.7345085144043,88.9249496459961,8.820512771606445,902.831787109375,750.6995239257812,63.204631870515
171920269020004,54,2015,2022,7,ne,default,24.447751998901367,47.489315032958984,9.71533489227295,589.3729858398438,1861.4583740234375,18.762483134412076
171920269020004,54,2015,2022,7,ne,calibrated,24.511323928833008,47.671321868896484,9.709371566772461,590.7776489257812,1863.8079833984375,18.762483134412076
171920269020004,54,2015,2022,7,ne,hg_organon,24.4460506439209,47.48931121826172,9.714997291564941,643.4315185546875,2030.6688232421875,18.762483134412076
171920269020004,54,2015,2022,7,ne,hg_conus_sp,24.447744369506836,47.48930740356445,9.715333938598633,626.8932495117188,2030.3148193359375,18.762483134412076
171920269020004,54,2015,2022,7,ne,hg_conus_clim,24.447751998901367,47.489315032958984,9.71533489227295,589.3729858398438,1861.4583740234375,18.762483134412076
145019521010661,42,2009,2015,6,ne,default,129.85787963867188,100.94789123535156,15.35754680633545,5032.94189453125,27073.505859375,137.0447731595527
145019521010661,42,2009,2015,6,ne,calibrated,128.6294403076172,98.49905395507812,15.473565101623535,4997.05419921875,26980.75,137.0447731595527
145019521010661,42,2009,2015,6,ne,hg_organon,129.8599853515625,100.94786834716797,15.357671737670898,5206.60595703125,27866.138671875,137.0447731595527
145019521010661,42,2009,2015,6,ne,hg_conus_sp,129.86436462402344,100.9478530883789,15.357933044433594,5083.36279296875,27398.935546875,137.0447731595527
145019521010661,42,2009,2015,6,ne,hg_conus_clim,129.8631591796875,100.9478530883789,15.35785961151123,5036.50732421875,27074.3125,137.0447731595527
304152051489998,25,2016,2023,7,ne,default,101.08367919921875,124.34378051757812,12.208571434020996,2747.638916015625,9566.0517578125,88.65699923312265
304152051489998,25,2016,2023,7,ne,calibrated,101.08168029785156,124.33934783935547,12.208663940429688,2747.591796875,9565.9453125,88.65699923312265
304152051489998,25,2016,2023,7,ne,greg_dg,116.65962219238281,124.32807922363281,13.11631965637207,3171.249755859375,12771.6201171875,88.65699923312265
304152051489998,25,2016,2023,7,ne,hg_organon,101.07427215576172,124.34375,12.208001136779785,2890.705322265625,10077.447265625,88.65699923312265
304152051489998,25,2016,2023,7,ne,hg_conus_sp,101.07838439941406,124.34373474121094,12.208252906799316,2781.304931640625,9686.5771484375,88.65699923312265
304152051489998,25,2016,2023,7,ne,hg_conus_clim,101.08367919921875,124.34378051757812,12.208571434020996,2748.874267578125,9566.0517578125,88.65699923312265
15806960020004,36,2013,2020,7,ne,default,95.96556854248047,165.42161560058594,10.313302993774414,2501.327880859375,6609.78857421875,98.36753603006612
15806960020004,36,2013,2020,7,ne,calibrated,96.19556427001953,166.01394653320312,10.307221412658691,2506.79443359375,6589.7890625,98.36753603006612
15806960020004,36,2013,2020,7,ne,greg_dg,102.3675308227539,165.4192352294922,10.651837348937988,2664.055908203125,7176.81103515625,98.36753603006612
15806960020004,36,2013,2020,7,ne,hg_organon,95.96512603759766,165.42164611816406,10.31328296661377,2605.11474609375,6881.99072265625,98.36753603006612
15806960020004,36,2013,2020,7,ne,hg_conus_sp,95.97570037841797,165.42161560058594,10.313852310180664,2472.41162109375,6603.390625,98.36753603006612
15806960020004,36,2013,2020,7,ne,hg_conus_clim,95.96470642089844,165.42164611816406,10.31325912475586,2514.773193359375,6552.763671875,98.36753603006612
53053502010538,23,2003,2008,5,ne,default,62.02565002441406,118.76437377929688,9.785406112670898,1329.63818359375,4586.79833984375,62.83685155604934
53053502010538,23,2003,2008,5,ne,calibrated,61.97895812988281,118.59283447265625,9.788795471191406,1328.8624267578125,4585.607421875,62.83685155604934
53053502010538,23,2003,2008,5,ne,greg_dg,62.72520446777344,118.76321411132812,9.840481758117676,1345.2066650390625,4628.2890625,62.83685155604934
53053502010538,23,2003,2008,5,ne,hg_organon,62.02058792114258,118.764404296875,9.785006523132324,1380.690673828125,4712.63232421875,62.83685155604934
53053502010538,23,2003,2008,5,ne,hg_conus_sp,62.02622604370117,118.76441955566406,9.78545093536377,1352.73388671875,4646.96630859375,62.83685155604934
53053502010538,23,2003,2008,5,ne,hg_conus_clim,62.025699615478516,118.76438903808594,9.785411834716797,1330.83203125,4586.78515625,62.83685155604934
75814422010538,23,2006,2011,5,ne,default,54.55606460571289,112.96275329589844,9.410012245178223,1246.6473388671875,3221.42578125,58.366808604392595
75814422010538,23,2006,2011,5,ne,calibrated,54.44346237182617,112.60614013671875,9.415168762207031,1244.67333984375,3219.9345703125,58.366808604392595
75814422010538,23,2006,2011,5,ne,greg_dg,56.809547424316406,112.96028137207031,9.602494239807129,1301.6944580078125,3749.089111328125,58.366808604392595
75814422010538,23,2006,2011,5,ne,hg_organon,54.552974700927734,112.96273803710938,9.409744262695312,1287.6024169921875,3598.1953125,58.366808604392595
75814422010538,23,2006,2011,5,ne,hg_conus_sp,54.55654525756836,112.96269989013672,9.410056114196777,1251.607666015625,3609.181396484375,58.366808604392595
75814422010538,23,2006,2011,5,ne,hg_conus_clim,54.55615234375,112.96269989013672,9.410021781921387,1244.8756103515625,3221.4404296875,58.366808604392595
511304765126144,34,2019,2025,6,ne,default,33.10738754272461,41.38521194458008,12.110891342163086,909.0909423828125,3605.586669921875,
511304765126144,34,2019,2025,6,ne,calibrated,33.16461944580078,41.49146270751953,12.105826377868652,910.5282592773438,3611.57861328125,
511304765126144,34,2019,2025,6,ne,hg_organon,33.100738525390625,41.385196685791016,12.109678268432617,973.3250732421875,3866.51708984375,
511304765126144,34,2019,2025,6,ne,hg_conus_sp,33.10839080810547,41.38519287109375,12.111080169677734,943.3096313476562,3736.949951171875,
511304765126144,34,2019,2025,6,ne,hg_conus_clim,33.118839263916016,41.38519287109375,12.112988471984863,950.4338989257812,3737.420166015625,
53964317010538,36,2004,2009,5,ne,default,87.04689025878906,208.2899169921875,8.753439903259277,1909.47412109375,2112.30029296875,81.5673244064795
53964317010538,36,2004,2009,5,ne,calibrated,86.9175796508789,207.92697143554688,8.75456714630127,1907.3134765625,2109.546142578125,81.5673244064795
53964317010538,36,2004,2009,5,ne,greg_dg,94.62337493896484,208.28131103515625,9.126630783081055,2137.037353515625,3160.2734375,81.5673244064795
53964317010538,36,2004,2009,5,ne,hg_organon,87.04285430908203,208.29006958007812,8.753235816955566,1915.691162109375,2141.1669921875,81.5673244064795
53964317010538,36,2004,2009,5,ne,hg_conus_sp,87.04942321777344,208.29000854492188,8.753567695617676,1852.1845703125,1878.712646484375,81.5673244064795
53964317010538,36,2004,2009,5,ne,hg_conus_clim,87.04782104492188,208.28997802734375,8.753487586975098,1903.4669189453125,2112.714111328125,81.5673244064795
52875068010538,23,2001,2006,5,ne,default,95.78665924072266,219.62799072265625,8.94221305847168,2020.7852783203125,3981.73876953125,111.31903320393836
52875068010538,23,2001,2006,5,ne,calibrated,95.47993469238281,218.68984985351562,8.947010040283203,2015.266845703125,3977.291748046875,111.31903320393836
52875068010538,23,2001,2006,5,ne,greg_dg,100.70852661132812,219.62283325195312,9.169183731079102,2145.413818359375,4654.236328125,111.31903320393836
52875068010538,23,2001,2006,5,ne,hg_organon,95.7998275756836,219.62803649902344,8.942827224731445,2057.177001953125,4047.27880859375,111.31903320393836
52875068010538,23,2001,2006,5,ne,hg_conus_sp,95.79947662353516,219.62823486328125,8.942803382873535,2012.5260009765625,3951.837646484375,111.31903320393836
52875068010538,23,2001,2006,5,ne,hg_conus_clim,95.78959655761719,219.6280975341797,8.942346572875977,2016.463623046875,3981.84033203125,111.31903320393836
76918495010538,42,2006,2011,5,ne,default,49.30679702758789,137.25741577148438,8.115621566772461,950.4926147460938,0.0,54.133252964848026
76918495010538,42,2006,2011,5,ne,calibrated,49.24536895751953,137.06781005859375,8.116170883178711,949.4270629882812,0.0,54.133252964848026
76918495010538,42,2006,2011,5,ne,hg_organon,49.308677673339844,137.25733947753906,8.115777015686035,1007.3937377929688,0.0,54.133252964848026
76918495010538,42,2006,2011,5,ne,hg_conus_sp,49.3088264465332,137.25735473632812,8.115788459777832,983.48974609375,0.0,54.133252964848026
76918495010538,42,2006,2011,5,ne,hg_conus_clim,49.30644226074219,137.25721740722656,8.115596771240234,954.0870971679688,0.0,54.133252964848026
58177827010538,42,2000,2005,5,ne,default,91.12226104736328,148.87979125976562,10.593284606933594,2352.28564453125,6760.4453125,81.64193000709994
58177827010538,42,2000,2005,5,ne,calibrated,91.0431137084961,148.69544982910156,10.595247268676758,2350.7109375,6757.6025390625,81.64193000709994
58177827010538,42,2000,2005,5,ne,hg_organon,91.12113189697266,148.87974548339844,10.593219757080078,2411.901123046875,7153.3564453125,81.64193000709994
58177827010538,42,2000,2005,5,ne,hg_conus_sp,91.12474060058594,148.87973022460938,10.593432426452637,2323.86474609375,6598.359375,81.64193000709994
58177827010538,42,2000,2005,5,ne,hg_conus_clim,91.12226104736328,148.87979125976562,10.593284606933594,2352.28564453125,6760.4453125,81.64193000709994
222474184010661,33,2011,2017,6,ne,default,110.98114776611328,212.9139862060547,9.775948524475098,2224.808349609375,4364.830078125,105.88205110875226
222474184010661,33,2011,2017,6,ne,calibrated,110.81066131591797,212.44654846191406,9.779173851013184,2221.997802734375,4358.67529296875,105.88205110875226
222474184010661,33,2011,2017,6,ne,greg_dg,119.43151092529297,212.9059295654297,10.141495704650879,2418.07470703125,5096.052734375,105.88205110875226
222474184010661,33,2011,2017,6,ne,hg_organon,111.05081939697266,212.91383361816406,9.77901554107666,2404.858154296875,4866.82666015625,105.88205110875226
222474184010661,33,2011,2017,6,ne,hg_conus_sp,111.03070831298828,212.91404724121094,9.778121948242188,2221.87646484375,4569.595703125,105.88205110875226
222474184010661,33,2011,2017,6,ne,hg_conus_clim,110.9577865600586,212.91404724121094,9.774917602539062,2280.441650390625,4595.96826171875,105.88205110875226
58215829010538,42,2000,2005,5,ne,default,79.66183471679688,172.8218536376953,9.19310474395752,1867.06103515625,3230.323486328125,85.92964100341615
58215829010538,42,2000,2005,5,ne,calibrated,79.48753356933594,172.21377563476562,9.199237823486328,1863.87890625,3228.477294921875,85.92964100341615
58215829010538,42,2000,2005,5,ne,hg_organon,79.65914154052734,172.8216552734375,9.192952156066895,1926.9642333984375,3379.064697265625,85.92964100341615
58215829010538,42,2000,2005,5,ne,hg_conus_sp,79.66213989257812,172.82174682617188,9.193122863769531,1856.7249755859375,3254.944580078125,85.92964100341615
58215829010538,42,2000,2005,5,ne,hg_conus_clim,79.66451263427734,172.8218536376953,9.193255424499512,1864.4356689453125,3230.5302734375,85.92964100341615
58576073010538,42,2004,2009,5,ne,default,98.81976318359375,118.52996063232422,12.363574981689453,2764.41455078125,11536.1875,109.72071619212795
58576073010538,42,2004,2009,5,ne,calibrated,99.03948211669922,118.87076568603516,12.35955810546875,2768.431396484375,11552.013671875,109.72071619212795
58576073010538,42,2004,2009,5,ne,hg_organon,98.81464385986328,118.52987670898438,12.36325740814209,2851.553955078125,11844.9462890625,109.72071619212795
58576073010538,42,2004,2009,5,ne,hg_conus_sp,98.82109832763672,118.52994537353516,12.363658905029297,2755.873779296875,11561.0078125,109.72071619212795
58576073010538,42,2004,2009,5,ne,hg_conus_clim,98.81981658935547,118.52995300292969,12.363582611083984,2787.798583984375,11668.5458984375,109.72071619212795
451063113489998,23,2018,2023,5,ne,default,120.12019348144531,207.89120483398438,10.292632102966309,2622.47412109375,9015.1142578125,158.18679308013947
451063113489998,23,2018,2023,5,ne,calibrated,119.43675994873047,205.9857177734375,10.3106689453125,2610.802001953125,8998.3681640625,158.18679308013947
451063113489998,23,2018,2023,5,ne,greg_dg,132.09564208984375,205.8375244140625,10.847209930419922,2899.976806640625,9868.7451171875,158.18679308013947
451063113489998,23,2018,2023,5,ne,hg_organon,120.12328338623047,207.8910369873047,10.292760848999023,2821.665283203125,9728.380859375,158.18679308013947
451063113489998,23,2018,2023,5,ne,hg_conus_sp,120.12094116210938,207.89105224609375,10.292662620544434,2688.969970703125,9201.4912109375,158.18679308013947
451063113489998,23,2018,2023,5,ne,hg_conus_clim,120.11890411376953,207.89109802246094,10.292573928833008,2664.2783203125,8882.7880859375,158.18679308013947
375583610489998,33,2017,2024,7,ne,default,140.23556518554688,253.8401641845703,10.064340591430664,3277.73291015625,10107.8203125,173.88051061005456
375583610489998,33,2017,2024,7,ne,calibrated,137.82460021972656,247.01742553710938,10.114300727844238,3235.05908203125,10026.185546875,173.88051061005456
375583610489998,33,2017,2024,7,ne,greg_dg,147.36680603027344,253.8302459716797,10.317262649536133,3479.362548828125,11699.033203125,173.88051061005456
375583610489998,33,2017,2024,7,ne,hg_organon,140.21884155273438,253.84024047851562,10.063735961914062,3479.451416015625,10556.181640625,173.88051061005456
375583610489998,33,2017,2024,7,ne,hg_conus_sp,140.22740173339844,253.8402099609375,10.064043998718262,3281.646484375,10201.416015625,173.88051061005456
375583610489998,33,2017,2024,7,ne,hg_conus_clim,140.23556518554688,253.8401641845703,10.064340591430664,3282.597900390625,10143.9091796875,173.88051061005456
107545724010661,23,2008,2013,5,ne,default,14.322413444519043,47.42894744873047,7.440850257873535,254.63229370117188,198.41583251953125,23.74802176371621
107545724010661,23,2008,2013,5,ne,calibrated,14.203967094421387,46.867408752441406,7.454278469085693,253.37974548339844,198.2719268798828,23.74802176371621
107545724010661,23,2008,2013,5,ne,greg_dg,17.9747371673584,47.426795959472656,8.33596134185791,332.04425048828125,198.41653442382812,23.74802176371621
107545724010661,23,2008,2013,5,ne,hg_organon,14.322016716003418,47.42894744873047,7.440748691558838,283.8438415527344,234.47848510742188,23.74802176371621
107545724010661,23,2008,2013,5,ne,hg_conus_sp,14.322800636291504,47.428951263427734,7.440952301025391,263.14447021484375,198.42269897460938,23.74802176371621
107545724010661,23,2008,2013,5,ne,hg_conus_clim,14.322968482971191,47.428932189941406,7.440995216369629,263.80523681640625,234.50186157226562,23.74802176371621
171958531020004,42,2015,2023,8,ne,default,76.02100372314453,183.86062622070312,8.706801414489746,1816.207275390625,925.45849609375,
171958531020004,42,2015,2023,8,ne,calibrated,75.9289321899414,183.56910705566406,8.708436965942383,1814.6873779296875,925.3140258789062,
171958531020004,42,2015,2023,8,ne,hg_organon,76.02625274658203,183.86026000976562,8.707110404968262,2019.689208984375,1039.7218017578125,
171958531020004,42,2015,2023,8,ne,hg_conus_sp,76.02332305908203,183.86056518554688,8.706934928894043,1877.7042236328125,1027.6654052734375,
171958531020004,42,2015,2023,8,ne,hg_conus_clim,76.02100372314453,183.86062622070312,8.706801414489746,1816.207275390625,925.45849609375,
52880261010538,23,2001,2006,5,ne,default,51.76178741455078,95.05473327636719,9.99203872680664,1037.5809326171875,2424.278076171875,72.32993819633118
52880261010538,23,2001,2006,5,ne,calibrated,51.90568542480469,95.36416625976562,9.989669799804688,1040.2021484375,2429.083740234375,72.32993819633118
52880261010538,23,2001,2006,5,ne,greg_dg,53.421932220458984,95.05315399169922,10.151095390319824,1080.548583984375,2878.145751953125,72.32993819633118
52880261010538,23,2001,2006,5,ne,hg_organon,51.76003646850586,95.05477905273438,9.991868019104004,1118.3876953125,2954.3662109375,72.32993819633118
52880261010538,23,2001,2006,5,ne,hg_conus_sp,51.75978469848633,95.05475616455078,9.991840362548828,1065.850830078125,2738.60693359375,72.32993819633118
52880261010538,23,2001,2006,5,ne,hg_conus_clim,51.76155471801758,95.0547103881836,9.992015838623047,1038.1644287109375,2424.260009765625,72.32993819633118
