PLOT,STATE,MEASYEAR1,MEASYEAR2,PERIOD_YR,variant,model,BA_PRED,TPA_PRED,QMD_PRED,MCuFt_PRED,BdFt_PRED,BA_OBS,MCuFt_OBS,BdFt_OBS
29395410010497,41,2008,2018,10,pn,fvs_base,245.64517211914062,139.65371704101562,17.9582576751709,8547.48046875,49994.921875,264.84757851880437,8754.91600874458,54006.747954664395
29395410010497,41,2008,2018,10,pn,fvs_regional,245.1945037841797,139.55616760253906,17.94804573059082,8529.974609375,49893.07421875,264.84757851880437,8754.91600874458,54006.747954664395
29395410010497,41,2008,2018,10,pn,organon,181.18666076660156,99.2549057006836,18.29462242126465,6295.9013671875,37114.44921875,264.84757851880437,8754.91600874458,54006.747954664395
29395410010497,41,2008,2018,10,pn,conus_spdep,181.2147979736328,99.26802825927734,18.294830322265625,6647.662109375,39615.98046875,264.84757851880437,8754.91600874458,54006.747954664395
29395410010497,41,2008,2018,10,pn,conus_climate,181.18441772460938,99.25306701660156,18.294673919677734,6281.61669921875,37036.80078125,264.84757851880437,8754.91600874458,54006.747954664395
41118547010497,41,2002,2012,10,pn,fvs_base,118.44013977050781,94.60939025878906,15.150213241577148,4368.619140625,24512.791015625,89.71130680017055,2399.4411535977583,12796.68630606537
41118547010497,41,2002,2012,10,pn,fvs_regional,117.93511962890625,94.08208465576172,15.160181999206543,4350.75927734375,24413.666015625,89.71130680017055,2399.4411535977583,12796.68630606537
41118547010497,41,2002,2012,10,pn,organon,83.06733703613281,64.80465698242188,15.330215454101562,2825.185791015625,15673.470703125,89.71130680017055,2399.4411535977583,12796.68630606537
41118547010497,41,2002,2012,10,pn,conus_spdep,83.05529022216797,64.78730773925781,15.331158638000488,2976.10986328125,16661.16796875,89.71130680017055,2399.4411535977583,12796.68630606537
41118547010497,41,2002,2012,10,pn,conus_climate,83.04167175292969,64.77340698242188,15.331547737121582,3018.95654296875,16860.259765625,89.71130680017055,2399.4411535977583,12796.68630606537
22828631010497,41,2007,2017,10,pn,fvs_base,90.50405883789062,96.1875,13.134424209594727,3175.98974609375,17822.537109375,99.88232297563574,2035.039239470128,10283.270366423996
22828631010497,41,2007,2017,10,pn,fvs_regional,89.46419525146484,94.18424224853516,13.196895599365234,3143.376953125,17662.005859375,99.88232297563574,2035.039239470128,10283.270366423996
22828631010497,41,2007,2017,10,pn,organon,75.6544418334961,81.21057891845703,13.069145202636719,2406.805419921875,13489.4501953125,99.88232297563574,2035.039239470128,10283.270366423996
22828631010497,41,2007,2017,10,pn,conus_spdep,75.87532806396484,81.266357421875,13.083720207214355,2699.317626953125,15251.927734375,99.88232297563574,2035.039239470128,10283.270366423996
22828631010497,41,2007,2017,10,pn,conus_climate,75.66429138183594,81.22880554199219,13.068527221679688,2664.607177734375,15006.5,99.88232297563574,2035.039239470128,10283.270366423996
41119734010497,41,2005,2015,10,pn,fvs_base,69.55070495605469,172.12417602539062,8.607282638549805,2378.062255859375,12054.328125,80.15024780744254,1609.413762933018,4065.5391979025976
41119734010497,41,2005,2015,10,pn,fvs_regional,65.38691711425781,160.68104553222656,8.637724876403809,2239.337890625,11336.8115234375,80.15024780744254,1609.413762933018,4065.5391979025976
41119734010497,41,2005,2015,10,pn,organon,59.56982421875,148.7589569091797,8.568557739257812,1862.0594482421875,9353.537109375,80.15024780744254,1609.413762933018,4065.5391979025976
41119734010497,41,2005,2015,10,pn,conus_spdep,59.59201431274414,148.80111694335938,8.568942070007324,2027.1375732421875,10269.634765625,80.15024780744254,1609.413762933018,4065.5391979025976
41119734010497,41,2005,2015,10,pn,conus_climate,59.59201431274414,148.80111694335938,8.568942070007324,2027.1375732421875,10269.634765625,80.15024780744254,1609.413762933018,4065.5391979025976
40220449010497,53,2010,2021,11,pn,fvs_base,262.9162902832031,106.50464630126953,21.274572372436523,5498.89208984375,28231.69140625,216.95361285693042,4464.007314006966,25824.639341437076
40220449010497,53,2010,2021,11,pn,fvs_regional,262.02349853515625,106.04127502441406,21.28476905822754,5480.97265625,28141.763671875,216.95361285693042,4464.007314006966,25824.639341437076
40220449010497,53,2010,2021,11,pn,organon,202.35791015625,80.00476837158203,21.534683227539062,4084.0625,20745.767578125,216.95361285693042,4464.007314006966,25824.639341437076
40220449010497,53,2010,2021,11,pn,conus_spdep,202.43988037109375,80.04345703125,21.53384017944336,4692.779296875,25219.84375,216.95361285693042,4464.007314006966,25824.639341437076
40220449010497,53,2010,2021,11,pn,conus_climate,202.3455047607422,79.99651336669922,21.535131454467773,4075.978759765625,20710.4921875,216.95361285693042,4464.007314006966,25824.639341437076
48206131010497,41,2011,2022,11,pn,fvs_base,47.89488220214844,47.552181243896484,13.589253425598145,962.5847778320312,4390.12646484375,40.47086190108595,397.92358264935007,1344.2042410010858
48206131010497,41,2011,2022,11,pn,fvs_regional,47.91424560546875,47.57364273071289,13.588934898376465,963.0035400390625,4392.0498046875,40.47086190108595,397.92358264935007,1344.2042410010858
48206131010497,41,2011,2022,11,pn,organon,39.05755615234375,38.13357925415039,13.703609466552734,674.9822998046875,3417.163330078125,40.47086190108595,397.92358264935007,1344.2042410010858
48206131010497,41,2011,2022,11,pn,conus_spdep,39.0605583190918,38.13396453857422,13.704070091247559,825.9740600585938,3788.740234375,40.47086190108595,397.92358264935007,1344.2042410010858
48206131010497,41,2011,2022,11,pn,conus_climate,39.05758285522461,38.133609771728516,13.703609466552734,674.9827880859375,3417.165771484375,40.47086190108595,397.92358264935007,1344.2042410010858
22399222010497,53,2006,2016,10,pn,fvs_base,112.1015625,181.52194213867188,10.640877723693848,4640.123046875,24949.541015625,,,
22399222010497,53,2006,2016,10,pn,fvs_regional,108.46034240722656,174.6168212890625,10.671578407287598,4487.8193359375,24153.80859375,,,
22399222010497,53,2006,2016,10,pn,organon,96.96807098388672,157.3798370361328,10.628599166870117,3804.159423828125,20295.28125,,,
22399222010497,53,2006,2016,10,pn,conus_spdep,97.04634094238281,157.41510009765625,10.63170051574707,4026.872314453125,21696.462890625,,,
22399222010497,53,2006,2016,10,pn,conus_climate,97.06529998779297,157.4689483642578,10.630921363830566,3999.05908203125,21517.03125,,,
22932014010497,41,2008,2018,10,pn,fvs_base,130.08251953125,101.55139923095703,15.325085639953613,2952.150146484375,15135.8427734375,121.66991689085805,2748.098867432358,12732.011469280982
22932014010497,41,2008,2018,10,pn,fvs_regional,129.35760498046875,100.82251739501953,15.33746337890625,2936.7197265625,15059.619140625,121.66991689085805,2748.098867432358,12732.011469280982
22932014010497,41,2008,2018,10,pn,organon,108.01953887939453,85.19400787353516,15.2469482421875,1833.316650390625,8707.333984375,121.66991689085805,2748.098867432358,12732.011469280982
22932014010497,41,2008,2018,10,pn,conus_spdep,108.0413818359375,85.21759033203125,15.246379852294922,2269.177978515625,11248.017578125,121.66991689085805,2748.098867432358,12732.011469280982
22932014010497,41,2008,2018,10,pn,conus_climate,108.00938415527344,85.17964172363281,15.247516632080078,1847.787841796875,8788.0048828125,121.66991689085805,2748.098867432358,12732.011469280982
22399107010497,53,2006,2016,10,pn,fvs_base,142.6730499267578,215.4288787841797,11.019329071044922,5827.5546875,32493.34765625,122.95832560851363,3085.017079720594,15221.154785710056
22399107010497,53,2006,2016,10,pn,fvs_regional,138.08200073242188,205.8102264404297,11.09101676940918,5647.35888671875,31522.658203125,122.95832560851363,3085.017079720594,15221.154785710056
22399107010497,53,2006,2016,10,pn,organon,93.46602630615234,135.9644775390625,11.226656913757324,3620.0224609375,20502.255859375,122.95832560851363,3085.017079720594,15221.154785710056
22399107010497,53,2006,2016,10,pn,conus_spdep,93.47837829589844,135.9664764404297,11.227317810058594,3727.91162109375,21143.36328125,122.95832560851363,3085.017079720594,15221.154785710056
22399107010497,53,2006,2016,10,pn,conus_climate,93.50312042236328,136.02914428710938,11.226216316223145,3645.152587890625,20638.625,122.95832560851363,3085.017079720594,15221.154785710056
8623431010901,53,2006,2016,10,pn,fvs_base,112.33052825927734,265.8706359863281,8.801365852355957,1975.936767578125,9696.0791015625,,,
8623431010901,53,2006,2016,10,pn,fvs_regional,111.73941040039062,264.24420166015625,8.80514907836914,1964.6072998046875,9637.193359375,,,
8623431010901,53,2006,2016,10,pn,organon,84.3736572265625,194.22972106933594,8.924457550048828,1340.95751953125,6412.81787109375,,,
8623431010901,53,2006,2016,10,pn,conus_spdep,84.46894073486328,194.33609008789062,8.92705249786377,1674.6905517578125,8423.396484375,,,
8623431010901,53,2006,2016,10,pn,conus_climate,84.41505432128906,194.19964599609375,8.927339553833008,1364.755126953125,6528.146484375,,,
41118789010497,41,2002,2012,10,pn,fvs_base,94.5971450805664,72.43675231933594,15.47375774383545,2959.249267578125,15830.0673828125,70.69893217743387,1550.070058725484,8127.897498142178
41118789010497,41,2002,2012,10,pn,fvs_regional,94.66168212890625,72.50065612792969,15.472212791442871,2961.325439453125,15840.8798828125,70.69893217743387,1550.070058725484,8127.897498142178
41118789010497,41,2002,2012,10,pn,organon,75.47356414794922,57.26633834838867,15.544759750366211,2324.3896484375,12448.083984375,70.69893217743387,1550.070058725484,8127.897498142178
41118789010497,41,2002,2012,10,pn,conus_spdep,75.52232360839844,57.2744255065918,15.54867935180664,2459.629150390625,13241.4970703125,70.69893217743387,1550.070058725484,8127.897498142178
41118789010497,41,2002,2012,10,pn,conus_climate,75.47383880615234,57.26668930053711,15.544740676879883,2308.42333984375,12361.029296875,70.69893217743387,1550.070058725484,8127.897498142178
41118390010497,41,2001,2011,10,pn,fvs_base,153.53311157226562,98.51725769042969,16.90367889404297,5371.11962890625,30774.873046875,,,
41118390010497,41,2001,2011,10,pn,fvs_regional,152.37210083007812,96.81688690185547,16.98687171936035,5342.54833984375,30635.916015625,,,
41118390010497,41,2001,2011,10,pn,organon,128.63690185546875,82.12748718261719,16.94629669189453,3813.1875,21215.412109375,,,
41118390010497,41,2001,2011,10,pn,conus_spdep,128.75045776367188,82.17036437988281,16.949350357055664,4200.02392578125,23805.21875,,,
41118390010497,41,2001,2011,10,pn,conus_climate,128.626220703125,82.1076889038086,16.947641372680664,3827.672607421875,21309.162109375,,,
41119464010497,41,2004,2014,10,pn,fvs_base,474.8283386230469,100.08389282226562,29.493236541748047,20114.1484375,139045.96875,466.1534451091422,20551.042278218523,143531.2217951938
41119464010497,41,2004,2014,10,pn,fvs_regional,473.43017578125,100.39186096191406,29.40457534790039,20049.9609375,138609.703125,466.1534451091422,20551.042278218523,143531.2217951938
41119464010497,41,2004,2014,10,pn,organon,373.4308166503906,82.69338989257812,28.774381637573242,15763.58203125,109209.71875,466.1534451091422,20551.042278218523,143531.2217951938
41119464010497,41,2004,2014,10,pn,conus_spdep,373.45037841796875,82.69426727294922,28.774965286254883,16014.986328125,111100.1953125,466.1534451091422,20551.042278218523,143531.2217951938
41119464010497,41,2004,2014,10,pn,conus_climate,373.4225769042969,82.69283294677734,28.774154663085938,15718.6455078125,108892.4921875,466.1534451091422,20551.042278218523,143531.2217951938
24919128010900,41,2004,2014,10,pn,fvs_base,186.52813720703125,245.4983673095703,11.802774429321289,4263.9658203125,20830.8359375,110.67956975568316,2545.34847343167,9256.458329793952
24919128010900,41,2004,2014,10,pn,fvs_regional,185.58074951171875,243.7035369873047,11.81603717803955,4244.4951171875,20729.32421875,110.67956975568316,2545.34847343167,9256.458329793952
24919128010900,41,2004,2014,10,pn,organon,147.0526123046875,190.28048706054688,11.903523445129395,2762.95703125,12803.412109375,110.67956975568316,2545.34847343167,9256.458329793952
24919128010900,41,2004,2014,10,pn,conus_spdep,148.93280029296875,190.58773803710938,11.969721794128418,3427.103515625,16790.982421875,110.67956975568316,2545.34847343167,9256.458329793952
24919128010900,41,2004,2014,10,pn,conus_climate,147.0399169921875,190.25418090820312,11.90383243560791,2761.7353515625,12779.41015625,110.67956975568316,2545.34847343167,9256.458329793952
8616160010901,53,2006,2016,10,pn,fvs_base,75.09001922607422,32.500362396240234,20.581798553466797,2655.875,16543.23828125,83.6310562357862,2687.723974084148,16515.200957711677
8616160010901,53,2006,2016,10,pn,fvs_regional,74.98199462890625,32.50469207763672,20.56562042236328,2652.428466796875,16520.9296875,83.6310562357862,2687.723974084148,16515.200957711677
8616160010901,53,2006,2016,10,pn,organon,57.998191833496094,25.868080139160156,20.275028228759766,2051.601806640625,12831.193359375,83.6310562357862,2687.723974084148,16515.200957711677
8616160010901,53,2006,2016,10,pn,conus_spdep,58.00021743774414,25.868053436279297,20.275386810302734,2157.4755859375,13635.3203125,83.6310562357862,2687.723974084148,16515.200957711677
8616160010901,53,2006,2016,10,pn,conus_climate,57.99878692626953,25.868709564208984,20.274883270263672,2056.803955078125,12870.400390625,83.6310562357862,2687.723974084148,16515.200957711677
29881615010497,41,2009,2019,10,pn,fvs_base,51.647212982177734,54.56463623046875,13.173589706420898,1389.8426513671875,7311.04443359375,41.52807651258089,882.4417445527221,4160.664823452082
29881615010497,41,2009,2019,10,pn,fvs_regional,51.692501068115234,54.62194061279297,13.172449111938477,1390.970458984375,7316.9921875,41.52807651258089,882.4417445527221,4160.664823452082
29881615010497,41,2009,2019,10,pn,organon,40.59315872192383,42.5546989440918,13.22479248046875,1076.31201171875,5559.49072265625,41.52807651258089,882.4417445527221,4160.664823452082
29881615010497,41,2009,2019,10,pn,conus_spdep,40.72207260131836,42.59138107299805,13.240073204040527,1172.425537109375,6165.1591796875,41.52807651258089,882.4417445527221,4160.664823452082
29881615010497,41,2009,2019,10,pn,conus_climate,40.59323501586914,42.55482864379883,13.224786758422852,1070.562744140625,5516.36767578125,41.52807651258089,882.4417445527221,4160.664823452082
29882157010497,41,2009,2019,10,pn,fvs_base,231.78321838378906,89.67088317871094,21.769655227661133,9535.138671875,57023.2890625,,,
29882157010497,41,2009,2019,10,pn,fvs_regional,230.9651336669922,89.29624938964844,21.776742935180664,9499.80078125,56814.13671875,,,
29882157010497,41,2009,2019,10,pn,organon,180.26654052734375,69.2458724975586,21.847259521484375,6756.72216796875,39920.4609375,,,
29882157010497,41,2009,2019,10,pn,conus_spdep,180.28346252441406,69.25255584716797,21.84722137451172,7114.859375,42365.88671875,,,
29882157010497,41,2009,2019,10,pn,conus_climate,180.26669311523438,69.2449951171875,21.84740447998047,6743.9306640625,39830.32421875,,,
24198975010900,53,2002,2012,10,pn,fvs_base,134.16673278808594,165.94918823242188,12.175060272216797,3413.502685546875,16917.400390625,176.31169304170916,3589.0429053748303,16258.462620091337
24198975010900,53,2002,2012,10,pn,fvs_regional,133.3204803466797,164.00244140625,12.208425521850586,3390.3154296875,16802.990234375,176.31169304170916,3589.0429053748303,16258.462620091337
24198975010900,53,2002,2012,10,pn,organon,101.00352478027344,123.6193618774414,12.239428520202637,2641.352783203125,13183.2578125,176.31169304170916,3589.0429053748303,16258.462620091337
24198975010900,53,2002,2012,10,pn,conus_spdep,101.5145492553711,123.7884292602539,12.261972427368164,3007.7958984375,15511.013671875,176.31169304170916,3589.0429053748303,16258.462620091337
24198975010900,53,2002,2012,10,pn,conus_climate,101.0093002319336,123.61729431152344,12.239884376525879,2625.777587890625,13043.24609375,176.31169304170916,3589.0429053748303,16258.462620091337
40220716010497,53,2010,2022,12,pn,fvs_base,64.6053237915039,23.784727096557617,22.316255569458008,1939.2418212890625,11090.001953125,42.36254229454599,1431.8517185490841,8836.48662627073
40220716010497,53,2010,2022,12,pn,fvs_regional,64.43141174316406,23.73397445678711,22.310014724731445,1933.7584228515625,11057.7109375,42.36254229454599,1431.8517185490841,8836.48662627073
40220716010497,53,2010,2022,12,pn,organon,46.213138580322266,17.253131866455078,22.16077995300293,1429.9036865234375,8298.4267578125,42.36254229454599,1431.8517185490841,8836.48662627073
40220716010497,53,2010,2022,12,pn,conus_spdep,46.21297836303711,17.253013610839844,22.160818099975586,1552.958984375,9242.58984375,42.36254229454599,1431.8517185490841,8836.48662627073
40220716010497,53,2010,2022,12,pn,conus_climate,46.213138580322266,17.253122329711914,22.160785675048828,1434.4168701171875,8327.42578125,42.36254229454599,1431.8517185490841,8836.48662627073
29882838010497,53,2009,2019,10,pn,fvs_base,206.85227966308594,333.65277099609375,10.661517143249512,6985.7802734375,37897.29296875,5.008684360347493,,
29882838010497,53,2009,2019,10,pn,fvs_regional,198.983154296875,320.09967041015625,10.675835609436035,6721.57861328125,36469.8671875,5.008684360347493,,
29882838010497,53,2009,2019,10,pn,organon,125.6397933959961,189.15789794921875,11.035386085510254,4305.802734375,23419.482421875,5.008684360347493,,
29882838010497,53,2009,2019,10,pn,conus_spdep,125.72004699707031,189.0038604736328,11.043413162231445,4473.3515625,24571.439453125,5.008684360347493,,
29882838010497,53,2009,2019,10,pn,conus_climate,125.66183471679688,189.22821044921875,11.034308433532715,4296.38232421875,23387.67578125,5.008684360347493,,
22954073010497,41,2007,2017,10,pn,fvs_base,323.8268737792969,84.72589111328125,26.471866607666016,14365.796875,94071.4609375,297.0979767566353,13481.893922671861,91917.1789082338
22954073010497,41,2007,2017,10,pn,fvs_regional,322.86895751953125,84.41160583496094,26.48185157775879,14325.505859375,93815.953125,297.0979767566353,13481.893922671861,91917.1789082338
22954073010497,41,2007,2017,10,pn,organon,252.33518981933594,65.3855972290039,26.60015106201172,10925.75,71491.375,297.0979767566353,13481.893922671861,91917.1789082338
22954073010497,41,2007,2017,10,pn,conus_spdep,252.34950256347656,65.38895416259766,26.6002254486084,11131.322265625,72972.328125,297.0979767566353,13481.893922671861,91917.1789082338
22954073010497,41,2007,2017,10,pn,conus_climate,252.33343505859375,65.3848876953125,26.600208282470703,10904.9892578125,71357.7109375,297.0979767566353,13481.893922671861,91917.1789082338
24918381010900,41,2004,2014,10,pn,fvs_base,268.7686462402344,164.32521057128906,17.317035675048828,8206.7421875,51511.2421875,259.16056564623614,8714.383845059969,54714.1144510977
24918381010900,41,2004,2014,10,pn,fvs_regional,268.7557067871094,164.5565185546875,17.3044376373291,8199.9619140625,51455.6484375,259.16056564623614,8714.383845059969,54714.1144510977
24918381010900,41,2004,2014,10,pn,organon,207.2810516357422,130.41830444335938,17.070524215698242,6294.2197265625,39589.8671875,259.16056564623614,8714.383845059969,54714.1144510977
24918381010900,41,2004,2014,10,pn,conus_spdep,207.27642822265625,130.40975952148438,17.070892333984375,6547.68359375,41245.0,259.16056564623614,8714.383845059969,54714.1144510977
24918381010900,41,2004,2014,10,pn,conus_climate,207.2848358154297,130.42364501953125,17.070322036743164,6271.36083984375,39401.3984375,259.16056564623614,8714.383845059969,54714.1144510977
40403349010497,41,2010,2020,10,pn,fvs_base,31.494976043701172,23.673364639282227,15.61805248260498,931.9711303710938,5075.29296875,29.22958360369663,494.791681955816,2388.1018000508843
40403349010497,41,2010,2020,10,pn,fvs_regional,31.509607315063477,23.683246612548828,15.618422508239746,932.4411010742188,5077.822265625,29.22958360369663,494.791681955816,2388.1018000508843
40403349010497,41,2010,2020,10,pn,organon,25.436601638793945,19.836793899536133,15.33310317993164,732.0047607421875,3955.205078125,29.22958360369663,494.791681955816,2388.1018000508843
40403349010497,41,2010,2020,10,pn,conus_spdep,25.437789916992188,19.83712387084961,15.33333683013916,808.5322265625,4382.91796875,29.22958360369663,494.791681955816,2388.1018000508843
40403349010497,41,2010,2020,10,pn,conus_climate,25.43660545349121,19.8367977142334,15.333102226257324,730.7984008789062,3937.109375,29.22958360369663,494.791681955816,2388.1018000508843
22931053010497,53,2008,2019,11,pn,fvs_base,237.41915893554688,215.46812438964844,14.213554382324219,8358.349609375,46323.34375,131.15895019576425,3808.130845262856,20550.11990187672
22931053010497,53,2008,2019,11,pn,fvs_regional,234.62789916992188,210.36883544921875,14.299980163574219,8276.6376953125,45883.09375,131.15895019576425,3808.130845262856,20550.11990187672
22931053010497,53,2008,2019,11,pn,organon,166.861328125,148.6154327392578,14.347697257995605,4788.32177734375,25380.591796875,131.15895019576425,3808.130845262856,20550.11990187672
22931053010497,53,2008,2019,11,pn,conus_spdep,167.193359375,148.75894165039062,14.355035781860352,5237.0751953125,28569.05859375,131.15895019576425,3808.130845262856,20550.11990187672
22931053010497,53,2008,2019,11,pn,conus_climate,166.6727752685547,148.3666534423828,14.351604461669922,4905.70556640625,26143.359375,131.15895019576425,3808.130845262856,20550.11990187672
41119346010497,41,2003,2013,10,pn,fvs_base,241.371337890625,206.54026794433594,14.63783073425293,10100.123046875,60911.875,230.2993488197137,7332.757227029357,43039.60114131515
41119346010497,41,2003,2013,10,pn,fvs_regional,241.48394775390625,206.5594940185547,14.640565872192383,10105.193359375,60946.28515625,230.2993488197137,7332.757227029357,43039.60114131515
41119346010497,41,2003,2013,10,pn,organon,214.91798400878906,198.8168487548828,14.07816219329834,8343.751953125,49798.90625,230.2993488197137,7332.757227029357,43039.60114131515
41119346010497,41,2003,2013,10,pn,conus_spdep,214.98924255371094,198.8952178955078,14.077729225158691,9060.3154296875,54118.23828125,230.2993488197137,7332.757227029357,43039.60114131515
41119346010497,41,2003,2013,10,pn,conus_climate,214.9176025390625,198.8155975341797,14.078197479248047,8316.298828125,49606.06640625,230.2993488197137,7332.757227029357,43039.60114131515
30826404020004,41,2002,2012,10,pn,fvs_base,58.33821487426758,44.0279655456543,15.58650016784668,1523.462890625,9197.578125,97.34828785088769,1923.685003715026,10530.470637436518
30826404020004,41,2002,2012,10,pn,fvs_regional,58.26417541503906,44.070228576660156,15.569132804870605,1520.7335205078125,9179.47265625,97.34828785088769,1923.685003715026,10530.470637436518
30826404020004,41,2002,2012,10,pn,organon,48.72278594970703,40.284400939941406,14.891345024108887,1192.1322021484375,7208.39453125,97.34828785088769,1923.685003715026,10530.470637436518
30826404020004,41,2002,2012,10,pn,conus_spdep,48.71847915649414,40.26923751831055,14.8934907913208,1296.1275634765625,7884.7802734375,97.34828785088769,1923.685003715026,10530.470637436518
30826404020004,41,2002,2012,10,pn,conus_climate,48.723079681396484,40.28484344482422,14.89130973815918,1192.5308837890625,7210.00244140625,97.34828785088769,1923.685003715026,10530.470637436518
22398703010497,53,2004,2014,10,pn,fvs_base,231.79714965820312,394.3774108886719,10.380888938903809,7327.8564453125,45941.5,335.3705939733375,7681.739109519096,40253.378328329265
22398703010497,53,2004,2014,10,pn,fvs_regional,231.4273681640625,393.34356689453125,10.386223793029785,7318.3369140625,45894.05078125,335.3705939733375,7681.739109519096,40253.378328329265
22398703010497,53,2004,2014,10,pn,organon,177.526123046875,313.2516784667969,10.193439483642578,5537.37548828125,34296.7890625,335.3705939733375,7681.739109519096,40253.378328329265
22398703010497,53,2004,2014,10,pn,conus_spdep,177.51959228515625,313.24188232421875,10.193408012390137,5570.00048828125,34601.31640625,335.3705939733375,7681.739109519096,40253.378328329265
22398703010497,53,2004,2014,10,pn,conus_climate,177.52130126953125,313.2528076171875,10.193283081054688,5488.171875,34004.9921875,335.3705939733375,7681.739109519096,40253.378328329265
8628826010901,53,2006,2016,10,pn,fvs_base,226.60536193847656,202.04112243652344,14.340076446533203,7219.595703125,39127.2421875,206.0522259870247,5429.923866898359,29192.666904457583
8628826010901,53,2006,2016,10,pn,fvs_regional,226.32994079589844,202.85284423828125,14.302652359008789,7194.919921875,38989.50390625,206.0522259870247,5429.923866898359,29192.666904457583
8628826010901,53,2006,2016,10,pn,organon,166.27597045898438,153.22528076171875,14.105411529541016,4339.5439453125,22513.38671875,206.0522259870247,5429.923866898359,29192.666904457583
8628826010901,53,2006,2016,10,pn,conus_spdep,166.65048217773438,153.11154174804688,14.126537322998047,4785.65771484375,25434.7109375,206.0522259870247,5429.923866898359,29192.666904457583
8628826010901,53,2006,2016,10,pn,conus_climate,166.6009063720703,153.30551147460938,14.115496635437012,4482.00390625,23385.8359375,206.0522259870247,5429.923866898359,29192.666904457583
41118932010497,41,2002,2012,10,pn,fvs_base,129.09939575195312,30.359207153320312,27.92242431640625,5706.38671875,39100.49609375,118.83679579238118,6582.53127075,47290.53914315627
41118932010497,41,2002,2012,10,pn,fvs_regional,128.7012939453125,30.12293815612793,27.988462448120117,5688.40478515625,38984.6796875,118.83679579238118,6582.53127075,47290.53914315627
41118932010497,41,2002,2012,10,pn,organon,102.65835571289062,20.483970642089844,30.312820434570312,4444.78271484375,30815.73828125,118.83679579238118,6582.53127075,47290.53914315627
41118932010497,41,2002,2012,10,pn,conus_spdep,102.66285705566406,20.487760543823242,30.310680389404297,4497.13818359375,31207.03515625,118.83679579238118,6582.53127075,47290.53914315627
41118932010497,41,2002,2012,10,pn,conus_climate,102.6735610961914,20.49881935119629,30.3040828704834,4545.44287109375,31446.158203125,118.83679579238118,6582.53127075,47290.53914315627
41120289010497,41,2005,2015,10,pn,fvs_base,43.98190689086914,47.41202163696289,13.041545867919922,811.2055053710938,3804.25537109375,39.11853989496688,410.17037245785605,1639.854941303554
41120289010497,41,2005,2015,10,pn,fvs_regional,44.0023193359375,47.434051513671875,13.041543006896973,811.6105346679688,3806.12109375,39.11853989496688,410.17037245785605,1639.854941303554
41120289010497,41,2005,2015,10,pn,organon,36.440101623535156,39.82707595825195,12.95199966430664,708.7335815429688,3352.408203125,39.11853989496688,410.17037245785605,1639.854941303554
41120289010497,41,2005,2015,10,pn,conus_spdep,36.62451171875,39.884056091308594,12.975454330444336,778.76416015625,3832.090576171875,39.11853989496688,410.17037245785605,1639.854941303554
41120289010497,41,2005,2015,10,pn,conus_climate,36.4374885559082,39.826072692871094,12.951699256896973,704.1908569335938,3315.4794921875,39.11853989496688,410.17037245785605,1639.854941303554
29881739010497,41,2009,2019,10,pn,fvs_base,174.2692108154297,114.54725646972656,16.701457977294922,6859.4013671875,38712.63671875,127.43698330042025,4060.57471316168,23789.458184875177
29881739010497,41,2009,2019,10,pn,fvs_regional,172.51333618164062,112.68399810791016,16.753921508789062,6793.48486328125,38373.8515625,127.43698330042025,4060.57471316168,23789.458184875177
29881739010497,41,2009,2019,10,pn,organon,135.30780029296875,82.14099884033203,17.378721237182617,4692.0830078125,26387.779296875,127.43698330042025,4060.57471316168,23789.458184875177
29881739010497,41,2009,2019,10,pn,conus_spdep,135.36488342285156,82.19383239746094,17.37679672241211,4854.55419921875,27504.17578125,127.43698330042025,4060.57471316168,23789.458184875177
29881739010497,41,2009,2019,10,pn,conus_climate,135.62213134765625,82.37422180175781,17.374244689941406,5209.9404296875,29680.822265625,127.43698330042025,4060.57471316168,23789.458184875177
8664565010901,41,2006,2016,10,pn,fvs_base,32.23019790649414,35.7485466003418,12.85696792602539,293.4434814453125,895.0546875,123.42024276398895,1772.336496603058,3206.191802882832
8664565010901,41,2006,2016,10,pn,fvs_regional,32.14961624145508,35.65301513671875,12.858078956604004,292.6592712402344,892.6621704101562,123.42024276398895,1772.336496603058,3206.191802882832
8664565010901,41,2006,2016,10,pn,organon,27.088592529296875,29.69159698486328,12.933402061462402,239.09735107421875,705.795654296875,123.42024276398895,1772.336496603058,3206.191802882832
8664565010901,41,2006,2016,10,pn,conus_spdep,27.088829040527344,29.691850662231445,12.933403015136719,350.6108703613281,1188.6651611328125,123.42024276398895,1772.336496603058,3206.191802882832
8664565010901,41,2006,2016,10,pn,conus_climate,27.088594436645508,29.69159507751465,12.933403015136719,240.34449768066406,716.4853515625,123.42024276398895,1772.336496603058,3206.191802882832
22398462010497,53,2003,2013,10,pn,fvs_base,329.5609130859375,422.2209777832031,11.962841033935547,13740.658203125,75921.203125,308.97394419777675,10249.063071332566,53651.71567449977
22398462010497,53,2003,2013,10,pn,fvs_regional,325.8013916015625,414.2147521972656,12.008811950683594,13603.23046875,75178.703125,308.97394419777675,10249.063071332566,53651.71567449977
22398462010497,53,2003,2013,10,pn,organon,234.1675567626953,287.9361572265625,12.21101188659668,8805.4462890625,47781.7890625,308.97394419777675,10249.063071332566,53651.71567449977
22398462010497,53,2003,2013,10,pn,conus_spdep,234.15725708007812,287.9201354980469,12.21108341217041,9459.697265625,51763.55859375,308.97394419777675,10249.063071332566,53651.71567449977
22398462010497,53,2003,2013,10,pn,conus_climate,234.1524200439453,287.8958435058594,12.21147346496582,9179.9873046875,50009.01953125,308.97394419777675,10249.063071332566,53651.71567449977
22954586010497,53,2007,2017,10,pn,fvs_base,265.4450988769531,73.10271453857422,25.80220603942871,9475.7919921875,61962.6171875,261.70955767328195,7655.118243637517,50030.39096530327
22954586010497,53,2007,2017,10,pn,fvs_regional,266.5587463378906,73.38951110839844,25.80569839477539,9507.6142578125,62176.46484375,261.70955767328195,7655.118243637517,50030.39096530327
22954586010497,53,2007,2017,10,pn,organon,180.24923706054688,49.611289978027344,25.809682846069336,6409.4033203125,41693.1328125,261.70955767328195,7655.118243637517,50030.39096530327
22954586010497,53,2007,2017,10,pn,conus_spdep,180.24436950683594,49.609771728515625,25.809734344482422,6524.73681640625,42575.18359375,261.70955767328195,7655.118243637517,50030.39096530327
22954586010497,53,2007,2017,10,pn,conus_climate,180.25100708007812,49.61165237426758,25.809717178344727,6387.2978515625,41504.48046875,261.70955767328195,7655.118243637517,50030.39096530327
12977190010497,53,2005,2015,10,pn,fvs_base,234.98233032226562,191.90765380859375,14.983309745788574,6613.599609375,33810.63671875,205.53948735673538,6342.495253017303,35347.89244557769
12977190010497,53,2005,2015,10,pn,fvs_regional,233.89608764648438,190.3934783935547,15.007963180541992,6587.580078125,33683.06640625,205.53948735673538,6342.495253017303,35347.89244557769
12977190010497,53,2005,2015,10,pn,organon,190.44815063476562,154.1019744873047,15.0529146194458,4463.17919921875,21734.39453125,205.53948735673538,6342.495253017303,35347.89244557769
12977190010497,53,2005,2015,10,pn,conus_spdep,190.837646484375,154.189697265625,15.064010620117188,5120.17578125,26008.86328125,205.53948735673538,6342.495253017303,35347.89244557769
12977190010497,53,2005,2015,10,pn,conus_climate,190.4434051513672,154.0933074951172,15.053150177001953,4441.5283203125,21644.267578125,205.53948735673538,6342.495253017303,35347.89244557769
22954707010497,53,2007,2018,11,pn,fvs_base,111.85175323486328,134.4731903076172,12.349226951599121,2614.46240234375,12923.1083984375,35.742630331404676,463.21707081968606,1127.171728950658
22954707010497,53,2007,2018,11,pn,fvs_regional,111.34385681152344,133.57655334472656,12.362444877624512,2603.418212890625,12867.732421875,35.742630331404676,463.21707081968606,1127.171728950658
22954707010497,53,2007,2018,11,pn,organon,84.4652328491211,98.76435089111328,12.522041320800781,1544.9005126953125,6906.8720703125,35.742630331404676,463.21707081968606,1127.171728950658
22954707010497,53,2007,2018,11,pn,conus_spdep,85.69483184814453,98.88223266601562,12.605334281921387,1939.9354248046875,9531.5390625,35.742630331404676,463.21707081968606,1127.171728950658
22954707010497,53,2007,2018,11,pn,conus_climate,84.46484375,98.7596206665039,12.522310256958008,1558.41455078125,7005.04736328125,35.742630331404676,463.21707081968606,1127.171728950658
41117752010497,41,2006,2016,10,pn,fvs_base,122.91001892089844,193.81564331054688,10.78289794921875,3767.415283203125,19261.451171875,112.88911915630686,1283.543456677642,3957.49707964954
41117752010497,41,2006,2016,10,pn,fvs_regional,121.47362518310547,189.77085876464844,10.833341598510742,3714.001708984375,18979.083984375,112.88911915630686,1283.543456677642,3957.49707964954
41117752010497,41,2006,2016,10,pn,organon,106.623291015625,168.69448852539062,10.764945983886719,2823.3740234375,14147.6005859375,112.88911915630686,1283.543456677642,3957.49707964954
41117752010497,41,2006,2016,10,pn,conus_spdep,106.63546752929688,168.71713256835938,10.764840126037598,3377.53857421875,17255.43359375,112.88911915630686,1283.543456677642,3957.49707964954
41117752010497,41,2006,2016,10,pn,conus_climate,106.66766357421875,168.76161193847656,10.76504898071289,3249.523681640625,16650.923828125,112.88911915630686,1283.543456677642,3957.49707964954
24474301010900,41,2003,2013,10,pn,fvs_base,272.2201843261719,47.50718688964844,32.412811279296875,10030.767578125,65881.046875,239.22676825659522,9447.55550704337,63948.05844163652
24474301010900,41,2003,2013,10,pn,fvs_regional,271.4725341796875,47.36292266845703,32.41753005981445,10002.9609375,65699.5078125,239.22676825659522,9447.55550704337,63948.05844163652
24474301010900,41,2003,2013,10,pn,organon,215.6289825439453,37.50690460205078,32.46641159057617,7919.74609375,51952.57421875,239.22676825659522,9447.55550704337,63948.05844163652
24474301010900,41,2003,2013,10,pn,conus_spdep,215.65785217285156,37.51356506347656,32.465694427490234,8256.109375,54498.13671875,239.22676825659522,9447.55550704337,63948.05844163652
24474301010900,41,2003,2013,10,pn,conus_climate,215.62594604492188,37.50591278076172,32.46660232543945,7905.37353515625,51819.07421875,239.22676825659522,9447.55550704337,63948.05844163652
22932612010497,41,2008,2018,10,pn,fvs_base,226.6240692138672,246.07858276367188,12.994287490844727,6038.50390625,33173.12109375,233.33414838466962,5573.449834424942,29631.542217179624
22932612010497,41,2008,2018,10,pn,fvs_regional,225.72703552246094,244.7345428466797,13.00410270690918,6011.43408203125,33032.5390625,233.33414838466962,5573.449834424942,29631.542217179624
22932612010497,41,2008,2018,10,pn,organon,173.30078125,187.7395782470703,13.009443283081055,4612.80712890625,25309.06640625,233.33414838466962,5573.449834424942,29631.542217179624
22932612010497,41,2008,2018,10,pn,conus_spdep,173.31005859375,187.6973114013672,13.011251449584961,4954.2568359375,27833.279296875,233.33414838466962,5573.449834424942,29631.542217179624
22932612010497,41,2008,2018,10,pn,conus_climate,173.25888061523438,187.66351318359375,13.01050090789795,4707.97509765625,25921.953125,233.33414838466962,5573.449834424942,29631.542217179624
41119298010497,41,2003,2013,10,pn,fvs_base,150.7161865234375,97.28215789794922,16.853872299194336,3997.8857421875,21628.923828125,108.01926529166055,2470.708488778364,12566.87406223021
41119298010497,41,2003,2013,10,pn,fvs_regional,150.07977294921875,96.59737396240234,16.877758026123047,3984.486083984375,21563.943359375,108.01926529166055,2470.708488778364,12566.87406223021
41119298010497,41,2003,2013,10,pn,organon,121.72480773925781,79.18807983398438,16.787883758544922,2615.376220703125,13314.5107421875,108.01926529166055,2470.708488778364,12566.87406223021
41119298010497,41,2003,2013,10,pn,conus_spdep,122.27212524414062,79.28791809082031,16.81498908996582,3015.855224609375,15911.783203125,108.01926529166055,2470.708488778364,12566.87406223021
41119298010497,41,2003,2013,10,pn,conus_climate,121.71505737304688,79.17457580566406,16.78864288330078,2642.036865234375,13505.826171875,108.01926529166055,2470.708488778364,12566.87406223021
30852154020004,41,2012,2022,10,pn,fvs_base,87.0958023071289,77.89720153808594,14.317727088928223,1677.4371337890625,7621.3037109375,58.94732062984401,899.102038282386,3562.25458165771
30852154020004,41,2012,2022,10,pn,fvs_regional,86.99297332763672,77.84880065917969,14.313718795776367,1675.5345458984375,7612.80029296875,58.94732062984401,899.102038282386,3562.25458165771
30852154020004,41,2012,2022,10,pn,organon,72.29403686523438,63.54131317138672,14.443066596984863,1166.48095703125,5102.51318359375,58.94732062984401,899.102038282386,3562.25458165771
30852154020004,41,2012,2022,10,pn,conus_spdep,72.30546569824219,63.54985427856445,14.4432373046875,1423.859375,6547.85302734375,58.94732062984401,899.102038282386,3562.25458165771
30852154020004,41,2012,2022,10,pn,conus_climate,72.294189453125,63.5418815612793,14.44301700592041,1160.74560546875,5082.4326171875,58.94732062984401,899.102038282386,3562.25458165771
41117732010497,41,2006,2016,10,pn,fvs_base,74.23617553710938,71.90238189697266,13.758543014526367,2077.700439453125,11328.361328125,77.68914527022646,1679.109558266104,8887.820471162544
41117732010497,41,2006,2016,10,pn,fvs_regional,74.13700103759766,71.8721923828125,13.752238273620605,2073.56396484375,11307.66015625,77.68914527022646,1679.109558266104,8887.820471162544
41117732010497,41,2006,2016,10,pn,organon,60.26404571533203,61.841556549072266,13.366732597351074,1572.5758056640625,8358.4453125,77.68914527022646,1679.109558266104,8887.820471162544
41117732010497,41,2006,2016,10,pn,conus_spdep,61.459999084472656,62.01273727416992,13.480070114135742,1752.0465087890625,9544.2216796875,77.68914527022646,1679.109558266104,8887.820471162544
41117732010497,41,2006,2016,10,pn,conus_climate,60.25849533081055,61.836517333984375,13.366659164428711,1589.6324462890625,8454.3662109375,77.68914527022646,1679.109558266104,8887.820471162544
29882510010497,41,2009,2019,10,pn,fvs_base,160.09359741210938,149.8273162841797,13.996771812438965,4242.62109375,23270.26953125,138.95935408590898,4047.7356035182897,21579.520491185638
29882510010497,41,2009,2019,10,pn,fvs_regional,159.29501342773438,148.41403198242188,14.02813720703125,4226.275390625,23188.84375,138.95935408590898,4047.7356035182897,21579.520491185638
29882510010497,41,2009,2019,10,pn,organon,122.78630828857422,109.83184051513672,14.316838264465332,2895.25927734375,15603.994140625,138.95935408590898,4047.7356035182897,21579.520491185638
29882510010497,41,2009,2019,10,pn,conus_spdep,123.12158966064453,109.92963409423828,14.329992294311523,3267.38623046875,18033.130859375,138.95935408590898,4047.7356035182897,21579.520491185638
29882510010497,41,2009,2019,10,pn,conus_climate,122.78387451171875,109.8253173828125,14.317116737365723,2892.788818359375,15589.0771484375,138.95935408590898,4047.7356035182897,21579.520491185638
40402994010497,41,2010,2020,10,pn,fvs_base,149.09799194335938,143.96359252929688,13.779897689819336,4789.9169921875,26504.19140625,164.12760466191298,3269.233475684312,16830.46058466478
40402994010497,41,2010,2020,10,pn,fvs_regional,149.2528076171875,144.25836181640625,13.77294921875,4794.28271484375,26527.21875,164.12760466191298,3269.233475684312,16830.46058466478
40402994010497,41,2010,2020,10,pn,organon,121.50025939941406,116.4216537475586,13.832733154296875,3790.443115234375,20805.384765625,164.12760466191298,3269.233475684312,16830.46058466478
40402994010497,41,2010,2020,10,pn,conus_spdep,121.4859390258789,116.39523315429688,13.833486557006836,4071.93896484375,22686.529296875,164.12760466191298,3269.233475684312,16830.46058466478
40402994010497,41,2010,2020,10,pn,conus_climate,121.50237274169922,116.42634582519531,13.832572937011719,3776.23974609375,20704.1015625,164.12760466191298,3269.233475684312,16830.46058466478
22398516010497,53,2003,2013,10,pn,fvs_base,158.5836944580078,98.77406311035156,17.15711212158203,3489.50048828125,17864.724609375,50.76112052324946,925.9588776987399,4400.662891917518
22398516010497,53,2003,2013,10,pn,fvs_regional,158.05911254882812,98.25668334960938,17.173744201660156,3478.8427734375,17813.625,50.76112052324946,925.9588776987399,4400.662891917518
22398516010497,53,2003,2013,10,pn,organon,128.27737426757812,79.08424377441406,17.2451229095459,2410.715576171875,11738.9873046875,50.76112052324946,925.9588776987399,4400.662891917518
22398516010497,53,2003,2013,10,pn,conus_spdep,128.399169921875,79.12846374511719,17.248485565185547,2874.4853515625,14824.919921875,50.76112052324946,925.9588776987399,4400.662891917518
22398516010497,53,2003,2013,10,pn,conus_climate,128.2762451171875,79.08006286621094,17.245506286621094,2412.935546875,11752.8046875,50.76112052324946,925.9588776987399,4400.662891917518
41119675010497,41,2004,2014,10,pn,fvs_base,100.40276336669922,105.19880676269531,13.228291511535645,2676.36865234375,13559.490234375,101.21353969117442,1553.1243668630539,7485.203584766738
41119675010497,41,2004,2014,10,pn,fvs_regional,100.48754119873047,105.31078338623047,13.226837158203125,2678.578857421875,13570.3681640625,101.21353969117442,1553.1243668630539,7485.203584766738
41119675010497,41,2004,2014,10,pn,organon,80.11198425292969,83.13348388671875,13.292208671569824,2079.728515625,10388.9052734375,101.21353969117442,1553.1243668630539,7485.203584766738
41119675010497,41,2004,2014,10,pn,conus_spdep,80.5401382446289,83.24110412597656,13.319056510925293,2265.1962890625,11605.197265625,101.21353969117442,1553.1243668630539,7485.203584766738
41119675010497,41,2004,2014,10,pn,conus_climate,80.11256408691406,83.13436126708984,13.292181015014648,2056.08251953125,10325.6494140625,101.21353969117442,1553.1243668630539,7485.203584766738
22398259010497,53,2002,2012,10,pn,fvs_base,170.02789306640625,163.30921936035156,13.816277503967285,5418.54296875,28728.400390625,151.53076568361385,5007.287936623805,26687.47807364725
22398259010497,53,2002,2012,10,pn,fvs_regional,168.3817138671875,160.68991088867188,13.860835075378418,5370.6923828125,28478.47265625,151.53076568361385,5007.287936623805,26687.47807364725
22398259010497,53,2002,2012,10,pn,organon,137.13504028320312,132.91734313964844,13.753706932067871,3445.484375,17205.548828125,151.53076568361385,5007.287936623805,26687.47807364725
22398259010497,53,2002,2012,10,pn,conus_spdep,138.39283752441406,133.090087890625,13.807662963867188,3930.604248046875,20191.169921875,151.53076568361385,5007.287936623805,26687.47807364725
22398259010497,53,2002,2012,10,pn,conus_climate,137.18702697753906,132.97418212890625,13.753365516662598,3478.451171875,17379.27734375,151.53076568361385,5007.287936623805,26687.47807364725
22953951010497,41,2007,2017,10,pn,fvs_base,186.29222106933594,102.1011734008789,18.290193557739258,7847.31591796875,52070.0625,195.28525347977404,7943.263252863984,50030.73073345267
22953951010497,41,2007,2017,10,pn,fvs_regional,183.2717742919922,96.09622192382812,18.69953727722168,7752.47900390625,51534.0625,195.28525347977404,7943.263252863984,50030.73073345267
22953951010497,41,2007,2017,10,pn,organon,150.9777374267578,81.23858642578125,18.45914077758789,5765.59326171875,37662.36328125,195.28525347977404,7943.263252863984,50030.73073345267
22953951010497,41,2007,2017,10,pn,conus_spdep,150.99520874023438,81.26559448242188,18.45714569091797,5964.03173828125,39031.59765625,195.28525347977404,7943.263252863984,50030.73073345267
22953951010497,41,2007,2017,10,pn,conus_climate,150.99940490722656,81.29474639892578,18.454092025756836,5803.736328125,37902.94921875,195.28525347977404,7943.263252863984,50030.73073345267
29881831010497,41,2009,2019,10,pn,fvs_base,165.54052734375,129.1754608154297,15.32845687866211,5817.57568359375,34777.5625,160.855480232194,5915.383173346231,36224.95729790655
29881831010497,41,2009,2019,10,pn,fvs_regional,164.99827575683594,128.4284210205078,15.347777366638184,5800.13232421875,34675.10546875,160.855480232194,5915.383173346231,36224.95729790655
29881831010497,41,2009,2019,10,pn,organon,125.57893371582031,96.34033966064453,15.459328651428223,4243.8896484375,25357.97265625,160.855480232194,5915.383173346231,36224.95729790655
29881831010497,41,2009,2019,10,pn,conus_spdep,125.595458984375,96.3680419921875,15.458124160766602,4433.30322265625,26683.3046875,160.855480232194,5915.383173346231,36224.95729790655
29881831010497,41,2009,2019,10,pn,conus_climate,125.57159423828125,96.32469177246094,15.460128784179688,4301.1171875,25722.44140625,160.855480232194,5915.383173346231,36224.95729790655
13031154010497,53,2005,2015,10,pn,fvs_base,183.0100860595703,294.1954650878906,10.679619789123535,5392.63818359375,26741.349609375,153.28044765764946,4170.353970482868,11047.898648245173
13031154010497,53,2005,2015,10,pn,fvs_regional,179.89732360839844,286.7707214355469,10.724600791931152,5306.80078125,26312.95703125,153.28044765764946,4170.353970482868,11047.898648245173
13031154010497,53,2005,2015,10,pn,organon,135.21437072753906,207.39862060546875,10.933136940002441,2560.13134765625,11592.806640625,153.28044765764946,4170.353970482868,11047.898648245173
13031154010497,53,2005,2015,10,pn,conus_spdep,136.2291259765625,207.65481567382812,10.96730899810791,3152.98046875,15114.8076171875,153.28044765764946,4170.353970482868,11047.898648245173
13031154010497,53,2005,2015,10,pn,conus_climate,135.14990234375,207.67523193359375,10.923250198364258,3357.144775390625,16004.4287109375,153.28044765764946,4170.353970482868,11047.898648245173
48205559010497,41,2011,2021,10,pn,fvs_base,53.275020599365234,29.761571884155273,18.1163272857666,1093.9080810546875,5349.35546875,47.140238319127974,692.235315861186,3199.403722722758
48205559010497,41,2011,2021,10,pn,fvs_regional,53.275020599365234,29.761571884155273,18.1163272857666,1093.9080810546875,5349.35546875,47.140238319127974,692.235315861186,3199.403722722758
48205559010497,41,2011,2021,10,pn,organon,53.275020599365234,29.761571884155273,18.1163272857666,1093.9080810546875,5349.35546875,47.140238319127974,692.235315861186,3199.403722722758
48205559010497,41,2011,2021,10,pn,conus_spdep,53.275020599365234,29.761571884155273,18.1163272857666,1093.9080810546875,5349.35546875,47.140238319127974,692.235315861186,3199.403722722758
48205559010497,41,2011,2021,10,pn,conus_climate,53.275020599365234,29.761571884155273,18.1163272857666,1093.9080810546875,5349.35546875,47.140238319127974,692.235315861186,3199.403722722758
22825947010497,41,2007,2017,10,pn,fvs_base,122.18701934814453,104.46490478515625,14.644128799438477,4000.6923828125,22009.228515625,110.70704828989884,2515.6652875279224,13285.644863284539
22825947010497,41,2007,2017,10,pn,fvs_regional,122.34091186523438,104.66634368896484,14.639243125915527,4006.302978515625,22036.84765625,110.70704828989884,2515.6652875279224,13285.644863284539
22825947010497,41,2007,2017,10,pn,organon,94.37324523925781,79.58802032470703,14.744729995727539,3038.92919921875,16794.408203125,110.70704828989884,2515.6652875279224,13285.644863284539
22825947010497,41,2007,2017,10,pn,conus_spdep,94.58370971679688,79.6386489868164,14.756471633911133,3224.791015625,17862.724609375,110.70704828989884,2515.6652875279224,13285.644863284539
22825947010497,41,2007,2017,10,pn,conus_climate,94.37389373779297,79.58905792236328,14.74468994140625,3035.6533203125,16770.92578125,110.70704828989884,2515.6652875279224,13285.644863284539
12904293010497,41,2005,2015,10,pn,fvs_base,54.056026458740234,65.53899383544922,12.29726505279541,833.2392578125,4068.036376953125,104.27111769789829,1589.6490735921159,4671.377008079155
12904293010497,41,2005,2015,10,pn,fvs_regional,53.9066047668457,65.35895538330078,12.297157287597656,830.5962524414062,4054.81591796875,104.27111769789829,1589.6490735921159,4671.377008079155
12904293010497,41,2005,2015,10,pn,organon,47.667293548583984,55.13047409057617,12.59072208404541,767.231689453125,3769.8505859375,104.27111769789829,1589.6490735921159,4671.377008079155
12904293010497,41,2005,2015,10,pn,conus_spdep,47.690467834472656,55.167335510253906,12.589573860168457,918.4727783203125,4549.466796875,104.27111769789829,1589.6490735921159,4671.377008079155
12904293010497,41,2005,2015,10,pn,conus_climate,47.666717529296875,55.1295166015625,12.590758323669434,765.5853271484375,3752.3369140625,104.27111769789829,1589.6490735921159,4671.377008079155
29880184010497,41,2009,2019,10,pn,fvs_base,173.57138061523438,188.481201171875,12.993956565856934,4464.51220703125,24615.15625,218.6290179197004,5035.9784579068,27556.008710398353
29880184010497,41,2009,2019,10,pn,fvs_regional,173.16656494140625,187.8914794921875,12.999146461486816,4455.115234375,24560.578125,218.6290179197004,5035.9784579068,27556.008710398353
29880184010497,41,2009,2019,10,pn,organon,139.93788146972656,148.73678588867188,13.133934020996094,3618.59033203125,19990.80078125,218.6290179197004,5035.9784579068,27556.008710398353
29880184010497,41,2009,2019,10,pn,conus_spdep,139.94908142089844,148.74844360351562,13.133941650390625,3953.0224609375,22223.263671875,218.6290179197004,5035.9784579068,27556.008710398353
29880184010497,41,2009,2019,10,pn,conus_climate,139.93496704101562,148.7305450439453,13.134073257446289,3613.747314453125,19953.087890625,218.6290179197004,5035.9784579068,27556.008710398353
41118801010497,41,2002,2012,10,pn,fvs_base,108.51786041259766,124.435791015625,12.644865036010742,3044.277099609375,17750.1171875,113.20516184480323,1850.806813322362,11275.872153880842
41118801010497,41,2002,2012,10,pn,fvs_regional,108.56725311279297,124.45808410644531,12.646611213684082,3046.324462890625,17763.76171875,113.20516184480323,1850.806813322362,11275.872153880842
41118801010497,41,2002,2012,10,pn,organon,97.43779754638672,119.11884307861328,12.246440887451172,2637.23681640625,15143.2900390625,113.20516184480323,1850.806813322362,11275.872153880842
41118801010497,41,2002,2012,10,pn,conus_spdep,97.47223663330078,119.12709045410156,12.248181343078613,2709.916015625,15644.8076171875,113.20516184480323,1850.806813322362,11275.872153880842
41118801010497,41,2002,2012,10,pn,conus_climate,97.43788146972656,119.11894226074219,12.246440887451172,2633.17138671875,15114.0478515625,113.20516184480323,1850.806813322362,11275.872153880842
48202741010497,41,2011,2021,10,pn,fvs_base,100.26263427734375,11.777847290039062,39.50689697265625,4075.360107421875,27877.224609375,94.52522109184716,4402.732310002993,31268.20848596894
48202741010497,41,2011,2021,10,pn,fvs_regional,100.02932739257812,11.748717308044434,39.50979232788086,4066.26171875,27815.7265625,94.52522109184716,4402.732310002993,31268.20848596894
48202741010497,41,2011,2021,10,pn,organon,80.86038208007812,9.449856758117676,39.608787536621094,3356.294189453125,22999.28515625,94.52522109184716,4402.732310002993,31268.20848596894
48202741010497,41,2011,2021,10,pn,conus_spdep,80.86439514160156,9.450665473937988,39.60807418823242,3438.98486328125,23688.88671875,94.52522109184716,4402.732310002993,31268.20848596894
48202741010497,41,2011,2021,10,pn,conus_climate,80.86038208007812,9.449858665466309,39.608787536621094,3356.2939453125,22999.28125,94.52522109184716,4402.732310002993,31268.20848596894
8664028010901,41,2006,2016,10,pn,fvs_base,92.99189758300781,83.1205825805664,14.322029113769531,2383.823486328125,11938.689453125,,,
8664028010901,41,2006,2016,10,pn,fvs_regional,92.87454223632812,83.01725769042969,14.32189655303955,2380.609619140625,11922.1318359375,,,
8664028010901,41,2006,2016,10,pn,organon,84.52062225341797,75.46776580810547,14.329693794250488,2113.296875,10485.9072265625,,,
8664028010901,41,2006,2016,10,pn,conus_spdep,84.58642578125,75.49282836914062,14.332889556884766,2242.036376953125,11423.8212890625,,,
8664028010901,41,2006,2016,10,pn,conus_climate,84.51973724365234,75.46637725830078,14.329750061035156,2119.671142578125,10531.0888671875,,,
41118741010497,41,2002,2012,10,pn,fvs_base,161.2624969482422,237.52101135253906,11.157113075256348,5095.939453125,27611.521484375,114.07647878265755,2911.4100901449237,13134.713136669949
41118741010497,41,2002,2012,10,pn,fvs_regional,161.30233764648438,237.90045166015625,11.149591445922852,5094.642578125,27602.626953125,114.07647878265755,2911.4100901449237,13134.713136669949
41118741010497,41,2002,2012,10,pn,organon,117.08802032470703,170.2929229736328,11.22778606414795,3585.822021484375,19291.455078125,114.07647878265755,2911.4100901449237,13134.713136669949
41118741010497,41,2002,2012,10,pn,conus_spdep,117.21595764160156,170.31668090820312,11.23314094543457,3793.904296875,20562.02734375,114.07647878265755,2911.4100901449237,13134.713136669949
41118741010497,41,2002,2012,10,pn,conus_climate,117.06178283691406,170.2161102294922,11.229063987731934,3661.06982421875,19739.0703125,114.07647878265755,2911.4100901449237,13134.713136669949
22954661010497,53,2007,2017,10,pn,fvs_base,78.1579818725586,55.43095779418945,16.07854652404785,3417.27587890625,21302.322265625,,,
22954661010497,53,2007,2017,10,pn,fvs_regional,77.83385467529297,55.18466567993164,16.08094024658203,3403.173583984375,21214.4453125,,,
22954661010497,53,2007,2017,10,pn,organon,68.781005859375,48.214534759521484,16.172666549682617,2937.115234375,18358.2265625,,,
22954661010497,53,2007,2017,10,pn,conus_spdep,68.77951049804688,48.20909118652344,16.173397064208984,3010.40283203125,18804.671875,,,
22954661010497,53,2007,2017,10,pn,conus_climate,68.77951049804688,48.20909118652344,16.173397064208984,3010.40283203125,18804.671875,,,
48205942010497,41,2011,2021,10,pn,fvs_base,178.58546447753906,289.2773742675781,10.639034271240234,5748.80419921875,30310.93359375,158.02099773160927,4002.8585762333596,17720.164320088374
48205942010497,41,2011,2021,10,pn,fvs_regional,175.4324951171875,282.11126708984375,10.67778491973877,5640.29052734375,29763.26171875,158.02099773160927,4002.8585762333596,17720.164320088374
48205942010497,41,2011,2021,10,pn,organon,149.33572387695312,236.734130859375,10.754440307617188,4822.0927734375,25509.42578125,158.02099773160927,4002.8585762333596,17720.164320088374
48205942010497,41,2011,2021,10,pn,conus_spdep,149.38735961914062,236.63511657714844,10.75854778289795,4955.20703125,26286.603515625,158.02099773160927,4002.8585762333596,17720.164320088374
48205942010497,41,2011,2021,10,pn,conus_climate,149.36721801757812,236.81211853027344,10.75379753112793,4859.73876953125,25687.119140625,158.02099773160927,4002.8585762333596,17720.164320088374
22953774010497,41,2007,2018,11,pn,fvs_base,108.33502960205078,147.66375732421875,11.598017692565918,1842.443359375,9205.669921875,,,
22953774010497,41,2007,2018,11,pn,fvs_regional,108.37812042236328,147.714599609375,11.59832763671875,1843.525634765625,9211.1923828125,,,
22953774010497,41,2007,2018,11,pn,organon,96.67910766601562,136.50894165039062,11.39520263671875,1512.7310791015625,7517.216796875,,,
22953774010497,41,2007,2018,11,pn,conus_spdep,97.0671157836914,136.63380432128906,11.412827491760254,1638.12646484375,8165.56591796875,,,
22953774010497,41,2007,2018,11,pn,conus_climate,96.67921447753906,136.5091094970703,11.395201683044434,1498.8236083984375,7478.6748046875,,,
22398665010497,53,2004,2014,10,pn,fvs_base,328.6466064453125,213.7089080810547,16.791500091552734,13437.763671875,78641.90625,256.4924861686404,11297.469459191845,71312.62911769743
22398665010497,53,2004,2014,10,pn,fvs_regional,326.31817626953125,210.91094970703125,16.842527389526367,13347.103515625,78131.0625,256.4924861686404,11297.469459191845,71312.62911769743
22398665010497,53,2004,2014,10,pn,organon,254.70211791992188,166.63113403320312,16.74073600769043,9550.1220703125,55296.19140625,256.4924861686404,11297.469459191845,71312.62911769743
22398665010497,53,2004,2014,10,pn,conus_spdep,254.64547729492188,166.57655334472656,16.741613388061523,10031.4775390625,58617.9453125,256.4924861686404,11297.469459191845,71312.62911769743
22398665010497,53,2004,2014,10,pn,conus_climate,254.70468139648438,166.63185119628906,16.740781784057617,9501.5029296875,54943.17578125,256.4924861686404,11297.469459191845,71312.62911769743
22398757010497,53,2004,2014,10,pn,fvs_base,86.4150390625,111.17058563232422,11.938121795654297,1781.82861328125,8772.869140625,63.818093832944086,584.3120780888121,1930.235981752444
22398757010497,53,2004,2014,10,pn,fvs_regional,86.31005096435547,110.9773178100586,11.941254615783691,1780.7635498046875,8769.4443359375,63.818093832944086,584.3120780888121,1930.235981752444
22398757010497,53,2004,2014,10,pn,organon,68.43049621582031,87.88426971435547,11.948286056518555,1213.252685546875,5629.2685546875,63.818093832944086,584.3120780888121,1930.235981752444
22398757010497,53,2004,2014,10,pn,conus_spdep,69.23292541503906,88.00419616699219,12.009941101074219,1410.896728515625,6839.279296875,63.818093832944086,584.3120780888121,1930.235981752444
22398757010497,53,2004,2014,10,pn,conus_climate,68.39881896972656,87.87539672851562,11.946124076843262,1210.1466064453125,5614.869140625,63.818093832944086,584.3120780888121,1930.235981752444
41118335010497,41,2001,2011,10,pn,fvs_base,351.074951171875,46.51513671875,37.19967269897461,20924.146484375,151505.421875,327.8660097343697,20238.431643696465,149109.51601289792
41118335010497,41,2001,2011,10,pn,fvs_regional,348.1226806640625,45.31007385253906,37.53228759765625,20775.66015625,150550.234375,327.8660097343697,20238.431643696465,149109.51601289792
41118335010497,41,2001,2011,10,pn,organon,265.6001892089844,34.718292236328125,37.45167922973633,15550.2734375,112606.6796875,327.8660097343697,20238.431643696465,149109.51601289792
41118335010497,41,2001,2011,10,pn,conus_spdep,265.6086120605469,34.7196159362793,37.4515495300293,15589.4033203125,112882.1953125,327.8660097343697,20238.431643696465,149109.51601289792
41118335010497,41,2001,2011,10,pn,conus_climate,265.5982360839844,34.718116760253906,37.45164489746094,15574.904296875,112744.078125,327.8660097343697,20238.431643696465,149109.51601289792
29883030010497,41,2009,2019,10,pn,fvs_base,40.30161666870117,39.2848014831543,13.714665412902832,1114.777099609375,6608.59814453125,45.04543969506886,695.863217810424,3683.055647585002
29883030010497,41,2009,2019,10,pn,fvs_regional,40.323917388916016,39.314414978027344,13.713293075561523,1115.3406982421875,6611.75634765625,45.04543969506886,695.863217810424,3683.055647585002
29883030010497,41,2009,2019,10,pn,organon,32.914852142333984,31.77770233154297,13.78069019317627,907.5046997070312,5431.3828125,45.04543969506886,695.863217810424,3683.055647585002
29883030010497,41,2009,2019,10,pn,conus_spdep,32.914398193359375,31.776901245117188,13.780770301818848,990.1586303710938,5797.57080078125,45.04543969506886,695.863217810424,3683.055647585002
29883030010497,41,2009,2019,10,pn,conus_climate,32.914859771728516,31.7777156829834,13.78069019317627,895.3397216796875,5401.01123046875,45.04543969506886,695.863217810424,3683.055647585002
8630956010901,53,2006,2017,11,pn,fvs_base,186.4095001220703,207.97801208496094,12.819220542907715,6063.94921875,34194.48046875,168.0129749204461,6443.752770798537,35490.506478274045
8630956010901,53,2006,2017,11,pn,fvs_regional,184.68423461914062,204.2094268798828,12.876956939697266,6020.796875,33962.55078125,168.0129749204461,6443.752770798537,35490.506478274045
8630956010901,53,2006,2017,11,pn,organon,126.45697021484375,139.36363220214844,12.89831829071045,3744.27587890625,20676.400390625,168.0129749204461,6443.752770798537,35490.506478274045
8630956010901,53,2006,2017,11,pn,conus_spdep,126.50420379638672,139.4091339111328,12.898618698120117,4116.11767578125,22982.626953125,168.0129749204461,6443.752770798537,35490.506478274045
8630956010901,53,2006,2017,11,pn,conus_climate,126.4547348022461,139.35797119140625,12.898462295532227,3733.80322265625,20589.287109375,168.0129749204461,6443.752770798537,35490.506478274045
24890399010900,41,2004,2014,10,pn,fvs_base,157.95904541015625,28.29220199584961,31.994483947753906,6844.455078125,45622.3046875,165.66629187273534,7054.800725184956,49860.83297714346
24890399010900,41,2004,2014,10,pn,fvs_regional,156.89752197265625,28.022815704345703,32.039703369140625,6801.39208984375,45352.4296875,165.66629187273534,7054.800725184956,49860.83297714346
24890399010900,41,2004,2014,10,pn,organon,123.71786499023438,20.588504791259766,33.19251251220703,5121.20361328125,34410.1015625,165.66629187273534,7054.800725184956,49860.83297714346
24890399010900,41,2004,2014,10,pn,conus_spdep,123.73360443115234,20.592971801757812,33.19102096557617,5237.48193359375,35240.7578125,165.66629187273534,7054.800725184956,49860.83297714346
24890399010900,41,2004,2014,10,pn,conus_climate,123.81158447265625,20.615598678588867,33.18325424194336,5452.0185546875,36750.140625,165.66629187273534,7054.800725184956,49860.83297714346
22933260010497,53,2008,2018,10,pn,fvs_base,241.99215698242188,190.77267456054688,15.250313758850098,8118.12548828125,46183.12109375,,,
22933260010497,53,2008,2018,10,pn,fvs_regional,243.72946166992188,191.88987731933594,15.260346412658691,8180.08203125,46541.2890625,,,
22933260010497,53,2008,2018,10,pn,organon,194.43336486816406,138.547119140625,16.040685653686523,6602.78125,37749.8203125,,,
22933260010497,53,2008,2018,10,pn,conus_spdep,194.44210815429688,138.51625061035156,16.04283905029297,6748.0546875,38776.66796875,,,
22933260010497,53,2008,2018,10,pn,conus_climate,194.45413208007812,138.54452514648438,16.041698455810547,6627.732421875,37934.6953125,,,
24503122010900,53,2003,2014,11,pn,fvs_base,216.1869659423828,182.15505981445312,14.751303672790527,6284.9091796875,34074.5859375,,,
24503122010900,53,2003,2014,11,pn,fvs_regional,216.02125549316406,181.92239379882812,14.75507640838623,6280.4541015625,34050.71875,,,
24503122010900,53,2003,2014,11,pn,organon,155.0968017578125,125.0831527709961,15.077813148498535,4137.83251953125,22375.375,,,
24503122010900,53,2003,2014,11,pn,conus_spdep,155.2183837890625,125.115478515625,15.08177375793457,4536.0390625,24700.5546875,,,
24503122010900,53,2003,2014,11,pn,conus_climate,155.2183837890625,125.115478515625,15.08177375793457,4536.0390625,24700.5546875,,,
24487694010900,53,2004,2013,9,pn,fvs_base,55.03246307373047,118.41477966308594,9.23087215423584,1506.164794921875,8027.0,44.22070937968073,1091.4400081069239,2718.599165226004
24487694010900,53,2004,2013,9,pn,fvs_regional,55.038856506347656,118.41832733154297,9.231271743774414,1506.4556884765625,8028.70654296875,44.22070937968073,1091.4400081069239,2718.599165226004
24487694010900,53,2004,2013,9,pn,organon,34.021446228027344,68.63351440429688,9.533329010009766,1062.75048828125,5802.68798828125,44.22070937968073,1091.4400081069239,2718.599165226004
24487694010900,53,2004,2013,9,pn,conus_spdep,34.020286560058594,68.63197326660156,9.533269882202148,1067.6461181640625,5823.10400390625,44.22070937968073,1091.4400081069239,2718.599165226004
24487694010900,53,2004,2013,9,pn,conus_climate,33.99296569824219,68.56256103515625,9.534268379211426,990.167236328125,5330.197265625,44.22070937968073,1091.4400081069239,2718.599165226004
40220665010497,53,2010,2020,10,pn,fvs_base,160.33981323242188,157.2876739501953,13.671298027038574,4456.201171875,24747.095703125,152.02406843656055,3391.931047377394,18315.827669388815
40220665010497,53,2010,2020,10,pn,fvs_regional,159.9641571044922,156.61790466308594,13.68443775177002,4451.65283203125,24727.99609375,152.02406843656055,3391.931047377394,18315.827669388815
40220665010497,53,2010,2020,10,pn,organon,123.81275939941406,117.63124084472656,13.89177417755127,3146.344970703125,17076.236328125,152.02406843656055,3391.931047377394,18315.827669388815
40220665010497,53,2010,2020,10,pn,conus_spdep,124.17591857910156,117.69258117675781,13.908504486083984,3483.205322265625,19459.552734375,152.02406843656055,3391.931047377394,18315.827669388815
40220665010497,53,2010,2020,10,pn,conus_climate,123.79708099365234,117.59661865234375,13.892935752868652,3117.8583984375,16921.173828125,152.02406843656055,3391.931047377394,18315.827669388815
24500127010900,53,2003,2013,10,pn,fvs_base,174.0880584716797,55.531944274902344,23.9744815826416,9534.6611328125,66499.5390625,,,
24500127010900,53,2003,2013,10,pn,fvs_regional,173.1532440185547,55.10475540161133,24.00252914428711,9484.515625,66165.2578125,,,
24500127010900,53,2003,2013,10,pn,organon,141.8337860107422,44.52595901489258,24.166818618774414,7874.46435546875,55305.703125,,,
24500127010900,53,2003,2013,10,pn,conus_spdep,141.82437133789062,44.518592834472656,24.168012619018555,7903.00390625,55472.69140625,,,
24500127010900,53,2003,2013,10,pn,conus_climate,141.83065795898438,44.52182388305664,24.167678833007812,7874.880859375,55228.58984375,,,
29882027010497,41,2009,2019,10,pn,fvs_base,184.7709503173828,182.4612274169922,13.625982284545898,6445.00732421875,36845.47265625,103.2444659691406,2793.686489310108,15922.700087767744
29882027010497,41,2009,2019,10,pn,fvs_regional,185.0601348876953,183.03492736816406,13.615253448486328,6453.11865234375,36883.09375,103.2444659691406,2793.686489310108,15922.700087767744
29882027010497,41,2009,2019,10,pn,organon,149.08815002441406,147.18051147460938,13.628019332885742,5143.9296875,29434.91796875,103.2444659691406,2793.686489310108,15922.700087767744
29882027010497,41,2009,2019,10,pn,conus_spdep,149.06784057617188,147.14329528808594,13.628811836242676,5402.61767578125,30945.37109375,103.2444659691406,2793.686489310108,15922.700087767744
29882027010497,41,2009,2019,10,pn,conus_climate,149.09213256835938,147.18881225585938,13.627816200256348,5109.91845703125,29197.02734375,103.2444659691406,2793.686489310108,15922.700087767744
24168311010900,53,2002,2012,10,pn,fvs_base,186.45533752441406,127.73841857910156,16.35923194885254,5155.72705078125,27817.62109375,144.22540258610985,2660.7375627117617,12591.312596218575
24168311010900,53,2002,2012,10,pn,fvs_regional,185.71054077148438,126.99934387207031,16.37396240234375,5142.29052734375,27773.869140625,144.22540258610985,2660.7375627117617,12591.312596218575
24168311010900,53,2002,2012,10,pn,organon,154.7467041015625,107.91474914550781,16.214614868164062,3506.778564453125,18031.888671875,144.22540258610985,2660.7375627117617,12591.312596218575
24168311010900,53,2002,2012,10,pn,conus_spdep,155.10174560546875,108.03378295898438,16.22426414489746,3999.5390625,21185.6328125,144.22540258610985,2660.7375627117617,12591.312596218575
24168311010900,53,2002,2012,10,pn,conus_climate,154.74606323242188,107.91325378417969,16.214689254760742,3501.314453125,17988.0703125,144.22540258610985,2660.7375627117617,12591.312596218575
22953922010497,41,2007,2016,9,pn,fvs_base,101.01334381103516,87.49586486816406,14.548959732055664,2255.70751953125,11005.822265625,121.1834396965014,2295.062881107436,11631.151165083042
22953922010497,41,2007,2016,9,pn,fvs_regional,100.69261932373047,87.20153045654297,14.550339698791504,2247.81787109375,10966.509765625,121.1834396965014,2295.062881107436,11631.151165083042
22953922010497,41,2007,2016,9,pn,organon,84.5439453125,72.23223876953125,14.649136543273926,1508.807373046875,6815.56201171875,121.1834396965014,2295.062881107436,11631.151165083042
22953922010497,41,2007,2016,9,pn,conus_spdep,84.84232330322266,72.26372528076172,14.671765327453613,1752.3917236328125,8417.826171875,121.1834396965014,2295.062881107436,11631.151165083042
22953922010497,41,2007,2016,9,pn,conus_climate,84.54393768310547,72.23124694824219,14.649236679077148,1512.225341796875,6835.54638671875,121.1834396965014,2295.062881107436,11631.151165083042
12877596010497,41,2005,2015,10,pn,fvs_base,55.526573181152344,94.48099517822266,10.380406379699707,949.3231811523438,4225.28076171875,72.28634124634536,656.6833359973341,1447.476215272704
12877596010497,41,2005,2015,10,pn,fvs_regional,55.565067291259766,94.60855102539062,10.377006530761719,949.9889526367188,4228.47998046875,72.28634124634536,656.6833359973341,1447.476215272704
12877596010497,41,2005,2015,10,pn,organon,53.63229751586914,93.38677215576172,10.261402130126953,915.9198608398438,4071.59912109375,72.28634124634536,656.6833359973341,1447.476215272704
12877596010497,41,2005,2015,10,pn,conus_spdep,53.91135025024414,93.38357543945312,10.288240432739258,946.9401245117188,4225.10400390625,72.28634124634536,656.6833359973341,1447.476215272704
12877596010497,41,2005,2015,10,pn,conus_climate,53.63195037841797,93.38600158691406,10.2614107131958,915.9136962890625,4071.572021484375,72.28634124634536,656.6833359973341,1447.476215272704
22398482010497,53,2003,2014,11,pn,fvs_base,210.8222198486328,214.32252502441406,13.429525375366211,7509.79345703125,42828.8515625,74.25606027912133,2499.542965596744,14462.996682086388
22398482010497,53,2003,2014,11,pn,fvs_regional,209.65936279296875,212.2771453857422,13.45679759979248,7478.49169921875,42657.06640625,74.25606027912133,2499.542965596744,14462.996682086388
22398482010497,53,2003,2014,11,pn,organon,166.22254943847656,161.45132446289062,13.739166259765625,5716.34326171875,32542.357421875,74.25606027912133,2499.542965596744,14462.996682086388
22398482010497,53,2003,2014,11,pn,conus_spdep,166.40310668945312,161.5590362548828,13.742044448852539,6130.64306640625,35102.1484375,74.25606027912133,2499.542965596744,14462.996682086388
22398482010497,53,2003,2014,11,pn,conus_climate,166.19515991210938,161.4031219482422,13.74008560180664,5727.8408203125,32605.044921875,74.25606027912133,2499.542965596744,14462.996682086388
41118491010497,41,2001,2011,10,pn,fvs_base,31.34882354736328,30.885269165039062,13.6417875289917,1423.716796875,9161.359375,50.256431359780706,1269.421872826,7091.815946057576
41118491010497,41,2001,2011,10,pn,fvs_regional,31.209623336791992,30.29092788696289,13.744351387023926,1419.393798828125,9135.5576171875,50.256431359780706,1269.421872826,7091.815946057576
41118491010497,41,2001,2011,10,pn,organon,29.714614868164062,29.45262908935547,13.600639343261719,1274.2916259765625,8127.38330078125,50.256431359780706,1269.421872826,7091.815946057576
41118491010497,41,2001,2011,10,pn,conus_spdep,29.716060638427734,29.45364761352539,13.60073184967041,1358.8670654296875,8723.4091796875,50.256431359780706,1269.421872826,7091.815946057576
41118491010497,41,2001,2011,10,pn,conus_climate,29.712942123413086,29.446998596191406,13.601556777954102,1289.2120361328125,8244.03125,50.256431359780706,1269.421872826,7091.815946057576
22953941010497,41,2007,2018,11,pn,fvs_base,164.6760711669922,42.24082565307617,26.73531723022461,8369.4228515625,55767.2578125,50.32050129405599,2369.420119864704,16855.58100750645
22953941010497,41,2007,2018,11,pn,fvs_regional,164.28941345214844,42.24236297607422,26.703428268432617,8346.55859375,55609.29296875,50.32050129405599,2369.420119864704,16855.58100750645
22953941010497,41,2007,2018,11,pn,organon,112.67440032958984,29.505966186523438,26.460254669189453,5542.69580078125,36869.04296875,50.32050129405599,2369.420119864704,16855.58100750645
22953941010497,41,2007,2018,11,pn,conus_spdep,112.67705535888672,29.507354736328125,26.459943771362305,5647.15234375,37614.78125,50.32050129405599,2369.420119864704,16855.58100750645
22953941010497,41,2007,2018,11,pn,conus_climate,112.67428588867188,29.50588607788086,26.46027946472168,5537.1513671875,36826.38671875,50.32050129405599,2369.420119864704,16855.58100750645
8651715010901,53,2006,2016,10,pn,fvs_base,160.8565673828125,171.29217529296875,13.121601104736328,5487.24560546875,28768.759765625,137.84931391041894,3731.5548378420635,18846.503052330627
8651715010901,53,2006,2016,10,pn,fvs_regional,157.75025939941406,166.029052734375,13.19864273071289,5348.916015625,28021.0390625,137.84931391041894,3731.5548378420635,18846.503052330627
8651715010901,53,2006,2016,10,pn,organon,128.99658203125,136.4422149658203,13.165913581848145,4086.532470703125,21103.966796875,137.84931391041894,3731.5548378420635,18846.503052330627
8651715010901,53,2006,2016,10,pn,conus_spdep,129.46542358398438,136.5655517578125,13.183860778808594,4500.95458984375,23576.64453125,137.84931391041894,3731.5548378420635,18846.503052330627
8651715010901,53,2006,2016,10,pn,conus_climate,128.97463989257812,136.42041015625,13.165846824645996,4189.02197265625,21799.63671875,137.84931391041894,3731.5548378420635,18846.503052330627
8634562010901,53,2006,2016,10,pn,fvs_base,107.85382080078125,104.30768585205078,13.768794059753418,3478.563720703125,19064.16796875,109.80859000028322,2045.477573385876,10255.122402130835
8634562010901,53,2006,2016,10,pn,fvs_regional,105.65655517578125,100.71326446533203,13.868875503540039,3399.10986328125,18640.6796875,109.80859000028322,2045.477573385876,10255.122402130835
8634562010901,53,2006,2016,10,pn,organon,86.94637298583984,84.12761688232422,13.765523910522461,2525.8291015625,13501.79296875,109.80859000028322,2045.477573385876,10255.122402130835
8634562010901,53,2006,2016,10,pn,conus_spdep,87.90576934814453,84.23958587646484,13.83205795288086,2892.43212890625,16013.466796875,109.80859000028322,2045.477573385876,10255.122402130835
8634562010901,53,2006,2016,10,pn,conus_climate,87.07637023925781,84.16419982910156,13.77281665802002,2757.023193359375,15065.84375,109.80859000028322,2045.477573385876,10255.122402130835
24538131010900,53,2003,2013,10,pn,fvs_base,102.38175201416016,37.68973922729492,22.31700897216797,3256.1220703125,19754.416015625,56.83016015088131,1277.7240705722859,7293.945167378174
24538131010900,53,2003,2013,10,pn,fvs_regional,102.3072738647461,37.69703674316406,22.306730270385742,3254.97314453125,19749.25390625,56.83016015088131,1277.7240705722859,7293.945167378174
24538131010900,53,2003,2013,10,pn,organon,81.97589874267578,29.831689834594727,22.44607925415039,2485.18505859375,14842.7958984375,56.83016015088131,1277.7240705722859,7293.945167378174
24538131010900,53,2003,2013,10,pn,conus_spdep,81.9930648803711,29.83659553527832,22.446582794189453,2671.523681640625,16268.791015625,56.83016015088131,1277.7240705722859,7293.945167378174
24538131010900,53,2003,2013,10,pn,conus_climate,81.97745513916016,29.832334518432617,22.446043014526367,2487.958984375,14852.9765625,56.83016015088131,1277.7240705722859,7293.945167378174
40403249010497,41,2010,2020,10,pn,fvs_base,19.77945327758789,24.388107299804688,12.194229125976562,326.8388977050781,1574.267578125,18.54935186595785,208.370187328672,777.8506185975959
40403249010497,41,2010,2020,10,pn,fvs_regional,19.77945327758789,24.388107299804688,12.194229125976562,326.8388977050781,1574.267578125,18.54935186595785,208.370187328672,777.8506185975959
40403249010497,41,2010,2020,10,pn,organon,19.77945327758789,24.388107299804688,12.194229125976562,326.8388977050781,1574.267578125,18.54935186595785,208.370187328672,777.8506185975959
40403249010497,41,2010,2020,10,pn,conus_spdep,19.77945327758789,24.388107299804688,12.194229125976562,326.8388977050781,1574.267578125,18.54935186595785,208.370187328672,777.8506185975959
40403249010497,41,2010,2020,10,pn,conus_climate,19.77945327758789,24.388107299804688,12.194229125976562,326.8388977050781,1574.267578125,18.54935186595785,208.370187328672,777.8506185975959
12815407010497,41,2005,2015,10,pn,fvs_base,8.0751314163208,17.852144241333008,9.10680103302002,108.74077606201172,517.7759399414062,25.926433912280697,161.588067693002,263.23426683772
12815407010497,41,2005,2015,10,pn,fvs_regional,8.0751314163208,17.852144241333008,9.10680103302002,108.74077606201172,517.7759399414062,25.926433912280697,161.588067693002,263.23426683772
12815407010497,41,2005,2015,10,pn,organon,8.0751314163208,17.852144241333008,9.10680103302002,108.74077606201172,517.7759399414062,25.926433912280697,161.588067693002,263.23426683772
12815407010497,41,2005,2015,10,pn,conus_spdep,8.0751314163208,17.852144241333008,9.10680103302002,108.74077606201172,517.7759399414062,25.926433912280697,161.588067693002,263.23426683772
12815407010497,41,2005,2015,10,pn,conus_climate,8.0751314163208,17.852144241333008,9.10680103302002,108.74077606201172,517.7759399414062,25.926433912280697,161.588067693002,263.23426683772
24484927010900,53,2003,2013,10,pn,fvs_base,57.89414596557617,83.39382934570312,11.282015800476074,1024.014892578125,4561.84033203125,76.07386464588897,1509.228705310502,6309.814789820399
24484927010900,53,2003,2013,10,pn,fvs_regional,57.89691162109375,83.32111358642578,11.287206649780273,1024.213623046875,4562.5029296875,76.07386464588897,1509.228705310502,6309.814789820399
24484927010900,53,2003,2013,10,pn,organon,40.165061950683594,60.599098205566406,11.023699760437012,683.7894287109375,3082.249755859375,76.07386464588897,1509.228705310502,6309.814789820399
24484927010900,53,2003,2013,10,pn,conus_spdep,40.75999069213867,60.796993255615234,11.086956024169922,872.6010131835938,4059.847412109375,76.07386464588897,1509.228705310502,6309.814789820399
24484927010900,53,2003,2013,10,pn,conus_climate,40.178558349609375,60.623661041259766,11.02331829071045,701.2415161132812,3176.137451171875,76.07386464588897,1509.228705310502,6309.814789820399
22954802010497,53,2007,2017,10,pn,fvs_base,144.70249938964844,252.92372131347656,10.241874694824219,5549.73828125,29169.71875,71.8248191434255,1239.9225589715882,4382.170581884636
22954802010497,53,2007,2017,10,pn,fvs_regional,142.2114715576172,246.86924743652344,10.277088165283203,5451.41943359375,28637.54296875,71.8248191434255,1239.9225589715882,4382.170581884636
22954802010497,53,2007,2017,10,pn,organon,133.19882202148438,236.6715087890625,10.158124923706055,4992.56494140625,26132.349609375,71.8248191434255,1239.9225589715882,4382.170581884636
22954802010497,53,2007,2017,10,pn,conus_spdep,133.2154998779297,236.67543029785156,10.158674240112305,5215.3037109375,27590.658203125,71.8248191434255,1239.9225589715882,4382.170581884636
22954802010497,53,2007,2017,10,pn,conus_climate,133.21498107910156,236.654296875,10.159107208251953,5057.99462890625,26531.46484375,71.8248191434255,1239.9225589715882,4382.170581884636
48204211010497,53,2011,2021,10,pn,fvs_base,112.39801788330078,106.64629364013672,13.900895118713379,4190.7802734375,23235.8828125,61.70092590557052,1782.749057763392,10120.557829874291
48204211010497,53,2011,2021,10,pn,fvs_regional,112.6357650756836,106.97920227050781,13.893919944763184,4199.564453125,23284.15625,61.70092590557052,1782.749057763392,10120.557829874291
48204211010497,53,2011,2021,10,pn,organon,84.25392150878906,79.87328338623047,13.90690803527832,2888.494873046875,15904.3701171875,61.70092590557052,1782.749057763392,10120.557829874291
48204211010497,53,2011,2021,10,pn,conus_spdep,84.24884796142578,79.86758422851562,13.906989097595215,3021.4501953125,16694.26171875,61.70092590557052,1782.749057763392,10120.557829874291
48204211010497,53,2011,2021,10,pn,conus_climate,84.25436401367188,79.87422943115234,13.906867980957031,2883.999755859375,15876.7744140625,61.70092590557052,1782.749057763392,10120.557829874291
24118813010900,41,2002,2012,10,pn,fvs_base,16.905364990234375,23.762189865112305,11.421031951904297,265.9664611816406,1156.6114501953125,,,
24118813010900,41,2002,2012,10,pn,fvs_regional,16.905364990234375,23.762189865112305,11.421031951904297,265.9664611816406,1156.6114501953125,,,
24118813010900,41,2002,2012,10,pn,organon,16.905364990234375,23.762189865112305,11.421031951904297,265.9664611816406,1156.6114501953125,,,
24118813010900,41,2002,2012,10,pn,conus_spdep,16.905364990234375,23.762189865112305,11.421031951904297,265.9664611816406,1156.6114501953125,,,
24118813010900,41,2002,2012,10,pn,conus_climate,16.905364990234375,23.762189865112305,11.421031951904297,265.9664611816406,1156.6114501953125,,,
24375333010900,41,2003,2013,10,pn,fvs_base,162.36338806152344,152.6824188232422,13.963225364685059,3778.82666015625,18348.615234375,129.14839275185346,3328.442340080274,15877.328152082559
24375333010900,41,2003,2013,10,pn,fvs_regional,161.57879638671875,151.69906616210938,13.974523544311523,3760.634765625,18260.830078125,129.14839275185346,3328.442340080274,15877.328152082559
24375333010900,41,2003,2013,10,pn,organon,135.95394897460938,126.54448699951172,14.034940719604492,2445.66552734375,10942.3642578125,129.14839275185346,3328.442340080274,15877.328152082559
24375333010900,41,2003,2013,10,pn,conus_spdep,136.09347534179688,126.59418487548828,14.039384841918945,3025.365478515625,14461.6103515625,129.14839275185346,3328.442340080274,15877.328152082559
24375333010900,41,2003,2013,10,pn,conus_climate,135.9446258544922,126.53162384033203,14.035172462463379,2441.040283203125,10924.025390625,129.14839275185346,3328.442340080274,15877.328152082559
48202540010497,53,2011,2022,11,pn,fvs_base,147.56639099121094,148.8971710205078,13.479907035827637,4143.2744140625,22286.93359375,112.1889005795031,2327.2273623876517,11935.259662848623
48202540010497,53,2011,2022,11,pn,fvs_regional,146.49951171875,146.97093200683594,13.518816947937012,4117.57958984375,22153.646484375,112.1889005795031,2327.2273623876517,11935.259662848623
48202540010497,53,2011,2022,11,pn,organon,108.46085357666016,104.47291564941406,13.796566009521484,2417.566650390625,12361.4072265625,112.1889005795031,2327.2273623876517,11935.259662848623
48202540010497,53,2011,2022,11,pn,conus_spdep,109.1464614868164,104.57721710205078,13.833198547363281,2832.886474609375,15013.611328125,112.1889005795031,2327.2273623876517,11935.259662848623
48202540010497,53,2011,2022,11,pn,conus_climate,108.42532348632812,104.41654968261719,13.798025131225586,2448.74169921875,12587.228515625,112.1889005795031,2327.2273623876517,11935.259662848623
23933855010900,41,2001,2011,10,pn,fvs_base,100.80828094482422,112.7994155883789,12.800621032714844,1848.776611328125,8830.57421875,67.97367745108235,1420.235049653212,7296.284480450406
23933855010900,41,2001,2011,10,pn,fvs_regional,100.66343688964844,112.69274139404297,12.797471046447754,1846.445068359375,8818.73828125,67.97367745108235,1420.235049653212,7296.284480450406
23933855010900,41,2001,2011,10,pn,organon,87.50262451171875,101.67064666748047,12.561721801757812,1464.6298828125,6769.6044921875,67.97367745108235,1420.235049653212,7296.284480450406
23933855010900,41,2001,2011,10,pn,conus_spdep,88.5982666015625,101.76395416259766,12.634321212768555,1697.023193359375,8155.88623046875,67.97367745108235,1420.235049653212,7296.284480450406
23933855010900,41,2001,2011,10,pn,conus_climate,87.50172424316406,101.6694564819336,12.561731338500977,1473.337158203125,6842.61181640625,67.97367745108235,1420.235049653212,7296.284480450406
24453619010900,41,2003,2013,10,pn,fvs_base,180.99237060546875,203.93307495117188,12.756237030029297,4113.62744140625,19856.99609375,159.51950996160846,4342.257992087691,20622.65542094362
24453619010900,41,2003,2013,10,pn,fvs_regional,179.7747039794922,202.20892333984375,12.767341613769531,4087.04638671875,19721.859375,159.51950996160846,4342.257992087691,20622.65542094362
24453619010900,41,2003,2013,10,pn,organon,152.08995056152344,169.76824951171875,12.81617259979248,2554.2587890625,11126.6328125,159.51950996160846,4342.257992087691,20622.65542094362
24453619010900,41,2003,2013,10,pn,conus_spdep,152.36038208007812,169.8689422607422,12.823758125305176,3220.663330078125,15148.8388671875,159.51950996160846,4342.257992087691,20622.65542094362
24453619010900,41,2003,2013,10,pn,conus_climate,152.07530212402344,169.7458038330078,12.816402435302734,2557.663330078125,11133.919921875,159.51950996160846,4342.257992087691,20622.65542094362
22931103010497,53,2008,2018,10,pn,fvs_base,253.96807861328125,170.8489990234375,16.508960723876953,9170.1435546875,50713.6875,3.213735434476024,,
22931103010497,53,2008,2018,10,pn,fvs_regional,250.4442901611328,167.10250854492188,16.5767879486084,9044.4306640625,50035.87109375,3.213735434476024,,
22931103010497,53,2008,2018,10,pn,organon,205.37750244140625,137.9518280029297,16.521480560302734,6023.759765625,31891.18359375,3.213735434476024,,
22931103010497,53,2008,2018,10,pn,conus_spdep,205.4873809814453,137.98367309570312,16.523990631103516,6580.54638671875,35620.87109375,3.213735434476024,,
22931103010497,53,2008,2018,10,pn,conus_climate,205.5335693359375,138.10986328125,16.518301010131836,6104.814453125,32360.1484375,3.213735434476024,,
40219276010497,41,2010,2021,11,pn,fvs_base,141.43701171875,257.2778015136719,10.039605140686035,4588.14599609375,24608.712890625,136.71994245451555,1897.382053755764,5798.820126179614
40219276010497,41,2010,2021,11,pn,fvs_regional,137.31521606445312,245.59466552734375,10.124794960021973,4463.62060546875,23964.15234375,136.71994245451555,1897.382053755764,5798.820126179614
40219276010497,41,2010,2021,11,pn,organon,128.65907287597656,237.54490661621094,9.965144157409668,3600.010986328125,18778.98828125,136.71994245451555,1897.382053755764,5798.820126179614
40219276010497,41,2010,2021,11,pn,conus_spdep,128.73629760742188,237.7616424560547,9.96358871459961,4192.7001953125,22450.5625,136.71994245451555,1897.382053755764,5798.820126179614
40219276010497,41,2010,2021,11,pn,conus_climate,128.5582275390625,237.31723022460938,9.966019630432129,3894.46728515625,20601.693359375,136.71994245451555,1897.382053755764,5798.820126179614
29881428010497,41,2009,2019,10,pn,fvs_base,59.52302169799805,47.74983596801758,15.117947578430176,1473.1693115234375,7585.19970703125,49.79579298361599,873.1869942013739,4386.695971935256
29881428010497,41,2009,2019,10,pn,fvs_regional,59.471519470214844,47.70569610595703,15.11839485168457,1472.5224609375,7581.314453125,49.79579298361599,873.1869942013739,4386.695971935256
29881428010497,41,2009,2019,10,pn,organon,47.350486755371094,37.477535247802734,15.219940185546875,1041.994384765625,5261.29638671875,49.79579298361599,873.1869942013739,4386.695971935256
29881428010497,41,2009,2019,10,pn,conus_spdep,47.6443977355957,37.51569366455078,15.25933837890625,1199.291015625,6311.69140625,49.79579298361599,873.1869942013739,4386.695971935256
29881428010497,41,2009,2019,10,pn,conus_climate,47.35049819946289,37.47748947143555,15.219953536987305,1041.0108642578125,5242.43115234375,49.79579298361599,873.1869942013739,4386.695971935256
40220397010497,53,2010,2022,12,pn,fvs_base,234.86465454101562,308.2680358886719,11.819002151489258,6499.384765625,32772.2109375,203.77102777211212,5639.884398570852,25572.42940347934
40220397010497,53,2010,2022,12,pn,fvs_regional,234.7375030517578,309.09222412109375,11.800041198730469,6484.78466796875,32699.529296875,203.77102777211212,5639.884398570852,25572.42940347934
40220397010497,53,2010,2022,12,pn,organon,181.03343200683594,228.79891967773438,12.044499397277832,4192.96337890625,20205.935546875,203.77102777211212,5639.884398570852,25572.42940347934
40220397010497,53,2010,2022,12,pn,conus_spdep,181.43228149414062,228.82931518554688,12.056957244873047,4903.87744140625,24508.9609375,203.77102777211212,5639.884398570852,25572.42940347934
40220397010497,53,2010,2022,12,pn,conus_climate,181.08450317382812,228.90509033203125,12.043400764465332,4230.99560546875,20361.0390625,203.77102777211212,5639.884398570852,25572.42940347934
24065771010900,41,2002,2012,10,pn,fvs_base,247.78468322753906,270.50604248046875,12.95939826965332,7436.392578125,38702.6171875,176.6992457120587,3264.215538527346,13730.718832912205
24065771010900,41,2002,2012,10,pn,fvs_regional,245.32252502441406,265.1124267578125,13.025368690490723,7356.677734375,38291.64453125,176.6992457120587,3264.215538527346,13730.718832912205
24065771010900,41,2002,2012,10,pn,organon,204.5928192138672,226.72500610351562,12.862691879272461,5769.74658203125,29549.52734375,176.6992457120587,3264.215538527346,13730.718832912205
24065771010900,41,2002,2012,10,pn,conus_spdep,204.58401489257812,226.5919647216797,12.866189956665039,6160.3466796875,32082.86328125,176.6992457120587,3264.215538527346,13730.718832912205
24065771010900,41,2002,2012,10,pn,conus_climate,204.61007690429688,226.63206481933594,12.865875244140625,6126.7998046875,31864.4453125,176.6992457120587,3264.215538527346,13730.718832912205
29881992010497,41,2009,2019,10,pn,fvs_base,215.0976104736328,251.1480255126953,12.53110122680664,8117.18701171875,43474.3046875,172.23888618955013,6737.07578704147,34838.08895248843
29881992010497,41,2009,2019,10,pn,fvs_regional,211.1287078857422,243.82269287109375,12.600068092346191,7979.96142578125,42745.6015625,172.23888618955013,6737.07578704147,34838.08895248843
29881992010497,41,2009,2019,10,pn,organon,158.64764404296875,187.9645233154297,12.439848899841309,5364.01171875,28357.65234375,172.23888618955013,6737.07578704147,34838.08895248843
29881992010497,41,2009,2019,10,pn,conus_spdep,158.9296417236328,188.0246124267578,12.448909759521484,5789.85986328125,31035.732421875,172.23888618955013,6737.07578704147,34838.08895248843
29881992010497,41,2009,2019,10,pn,conus_climate,158.89195251464844,188.21432495117188,12.441158294677734,5512.1435546875,29282.38671875,172.23888618955013,6737.07578704147,34838.08895248843
48206580010497,41,2011,2021,10,pn,fvs_base,107.66404724121094,156.45785522460938,11.232412338256836,4168.43896484375,23200.939453125,136.05755131494968,2508.666726737566,10179.603479644009
48206580010497,41,2011,2021,10,pn,fvs_regional,104.2313232421875,149.3132781982422,11.313220977783203,4027.402099609375,22470.447265625,136.05755131494968,2508.666726737566,10179.603479644009
48206580010497,41,2011,2021,10,pn,organon,95.8086166381836,134.1764373779297,11.441960334777832,3667.194580078125,20614.0703125,136.05755131494968,2508.666726737566,10179.603479644009
48206580010497,41,2011,2021,10,pn,conus_spdep,95.81234741210938,134.183837890625,11.44186782836914,3792.883056640625,21377.21484375,136.05755131494968,2508.666726737566,10179.603479644009
48206580010497,41,2011,2021,10,pn,conus_climate,95.80302429199219,134.1626739501953,11.442214012145996,3701.421142578125,20740.39453125,136.05755131494968,2508.666726737566,10179.603479644009
29882463010497,41,2009,2019,10,pn,fvs_base,65.36493682861328,190.41746520996094,7.933328628540039,2074.771240234375,10741.1201171875,57.47614511231202,745.659688735838,1367.69748295784
29882463010497,41,2009,2019,10,pn,fvs_regional,62.808284759521484,182.04444885253906,7.953457355499268,1994.9644775390625,10321.052734375,57.47614511231202,745.659688735838,1367.69748295784
29882463010497,41,2009,2019,10,pn,organon,57.54509353637695,168.70213317871094,7.908243656158447,1619.3731689453125,8246.001953125,57.47614511231202,745.659688735838,1367.69748295784
29882463010497,41,2009,2019,10,pn,conus_spdep,57.8575325012207,168.8809814453125,7.925485610961914,1835.13330078125,9523.474609375,57.47614511231202,745.659688735838,1367.69748295784
29882463010497,41,2009,2019,10,pn,conus_climate,57.8575325012207,168.8809814453125,7.925485610961914,1835.13330078125,9523.474609375,57.47614511231202,745.659688735838,1367.69748295784
29883473010497,53,2009,2019,10,pn,fvs_base,231.55224609375,226.19631958007812,13.699917793273926,9509.45703125,53435.55078125,204.09649140085048,7128.992231421141,39540.26851547487
29883473010497,53,2009,2019,10,pn,fvs_regional,230.24278259277344,224.73129272460938,13.70557975769043,9428.5380859375,52994.95703125,204.09649140085048,7128.992231421141,39540.26851547487
29883473010497,53,2009,2019,10,pn,organon,198.14146423339844,187.8052215576172,13.908174514770508,7763.80224609375,43499.47265625,204.09649140085048,7128.992231421141,39540.26851547487
29883473010497,53,2009,2019,10,pn,conus_spdep,198.07521057128906,187.72421264648438,13.908853530883789,8093.125,45468.72265625,204.09649140085048,7128.992231421141,39540.26851547487
29883473010497,53,2009,2019,10,pn,conus_climate,198.09219360351562,187.7566375732422,13.908242225646973,7817.53564453125,43872.7734375,204.09649140085048,7128.992231421141,39540.26851547487
22954712010497,53,2007,2017,10,pn,fvs_base,102.34900665283203,58.3350715637207,17.935487747192383,3234.678955078125,17956.732421875,80.00167586566626,2218.7010859988745,12697.249224857711
22954712010497,53,2007,2017,10,pn,fvs_regional,102.06246185302734,58.1273307800293,17.94234275817871,3227.193603515625,17920.326171875,80.00167586566626,2218.7010859988745,12697.249224857711
22954712010497,53,2007,2017,10,pn,organon,81.48307800292969,46.87221908569336,17.85304069519043,2122.534912109375,11216.61328125,80.00167586566626,2218.7010859988745,12697.249224857711
22954712010497,53,2007,2017,10,pn,conus_spdep,82.39083099365234,46.94966506958008,17.937397003173828,2422.1767578125,13094.5732421875,80.00167586566626,2218.7010859988745,12697.249224857711
22954712010497,53,2007,2017,10,pn,conus_climate,81.48428344726562,46.87279510498047,17.85306167602539,2122.92236328125,11213.962890625,80.00167586566626,2218.7010859988745,12697.249224857711
30852450020004,53,2012,2022,10,pn,fvs_base,215.95216369628906,306.8458557128906,11.359392166137695,5520.43359375,28042.10546875,186.65006589135436,3462.761856468932,11663.447543887152
30852450020004,53,2012,2022,10,pn,fvs_regional,214.08004760742188,302.485595703125,11.391267776489258,5479.205078125,27828.630859375,186.65006589135436,3462.761856468932,11663.447543887152
30852450020004,53,2012,2022,10,pn,organon,173.69789123535156,243.7451934814453,11.430509567260742,3688.326416015625,18180.609375,186.65006589135436,3462.761856468932,11663.447543887152
30852450020004,53,2012,2022,10,pn,conus_spdep,174.15513610839844,243.91549682617188,11.441545486450195,4356.16455078125,22139.044921875,186.65006589135436,3462.761856468932,11663.447543887152
30852450020004,53,2012,2022,10,pn,conus_climate,173.68426513671875,243.7068634033203,11.43095588684082,3667.738037109375,18070.1484375,186.65006589135436,3462.761856468932,11663.447543887152
41118896010497,41,2003,2012,9,pn,fvs_base,102.31938171386719,162.744384765625,10.736485481262207,2209.794189453125,12031.53515625,144.53363172808963,1526.649714915472,7057.358054586506
41118896010497,41,2003,2012,9,pn,fvs_regional,102.525146484375,163.5908966064453,10.719436645507812,2212.244384765625,12041.607421875,144.53363172808963,1526.649714915472,7057.358054586506
41118896010497,41,2003,2012,9,pn,organon,94.55172729492188,158.58314514160156,10.4554443359375,2035.632080078125,11029.51171875,144.53363172808963,1526.649714915472,7057.358054586506
41118896010497,41,2003,2012,9,pn,conus_spdep,94.53858947753906,158.5454559326172,10.455961227416992,2142.287841796875,11751.43359375,144.53363172808963,1526.649714915472,7057.358054586506
41118896010497,41,2003,2012,9,pn,conus_climate,94.55038452148438,158.5796356201172,10.455491065979004,2053.6796875,11158.134765625,144.53363172808963,1526.649714915472,7057.358054586506
25115282010900,41,2004,2014,10,pn,fvs_base,58.2244873046875,109.7607192993164,9.862013816833496,1851.5374755859375,9569.1953125,48.94125551514139,1006.0956002918341,4251.194292130178
25115282010900,41,2004,2014,10,pn,fvs_regional,57.22126770019531,107.14505004882812,9.895298957824707,1820.1890869140625,9400.41796875,48.94125551514139,1006.0956002918341,4251.194292130178
25115282010900,41,2004,2014,10,pn,organon,51.161312103271484,97.03565979003906,9.831991195678711,1457.7803955078125,7353.466796875,48.94125551514139,1006.0956002918341,4251.194292130178
25115282010900,41,2004,2014,10,pn,conus_spdep,51.42454528808594,97.1378173828125,9.852066993713379,1642.3048095703125,8463.6328125,48.94125551514139,1006.0956002918341,4251.194292130178
25115282010900,41,2004,2014,10,pn,conus_climate,51.42618942260742,97.1412353515625,9.85205078125,1642.3330078125,8463.75390625,48.94125551514139,1006.0956002918341,4251.194292130178
29395038010497,41,2008,2018,10,pn,fvs_base,130.7579345703125,128.82716369628906,13.641640663146973,4087.873779296875,23209.01171875,123.73605418904717,3240.03498374434,18775.994143100288
29395038010497,41,2008,2018,10,pn,fvs_regional,130.24720764160156,128.19602966308594,13.64844799041748,4072.885009765625,23128.4140625,123.73605418904717,3240.03498374434,18775.994143100288
29395038010497,41,2008,2018,10,pn,organon,82.31299591064453,71.27265167236328,14.551539421081543,2613.3916015625,15070.8017578125,123.73605418904717,3240.03498374434,18775.994143100288
29395038010497,41,2008,2018,10,pn,conus_spdep,82.40718841552734,71.31190490722656,14.555858612060547,2752.7119140625,15956.787109375,123.73605418904717,3240.03498374434,18775.994143100288
29395038010497,41,2008,2018,10,pn,conus_climate,82.3837890625,71.30382537841797,14.554619789123535,2645.1201171875,15257.0205078125,123.73605418904717,3240.03498374434,18775.994143100288
24840602010900,53,2004,2014,10,pn,fvs_base,180.47732543945312,94.1083984375,18.751388549804688,7949.80859375,49852.78125,114.5108112044484,4178.122963179139,26685.599628774307
24840602010900,53,2004,2014,10,pn,fvs_regional,179.88815307617188,93.8203125,18.74947738647461,7918.421875,49649.10546875,114.5108112044484,4178.122963179139,26685.599628774307
24840602010900,53,2004,2014,10,pn,organon,150.6968536376953,78.75497436523438,18.730504989624023,6456.419921875,40292.18359375,114.5108112044484,4178.122963179139,26685.599628774307
24840602010900,53,2004,2014,10,pn,conus_spdep,150.6947479248047,78.75300598144531,18.730609893798828,6656.724609375,41629.5859375,114.5108112044484,4178.122963179139,26685.599628774307
24840602010900,53,2004,2014,10,pn,conus_climate,150.69639587402344,78.75492095947266,18.730480194091797,6535.5185546875,40751.53515625,114.5108112044484,4178.122963179139,26685.599628774307
22953775010497,41,2007,2017,10,pn,fvs_base,132.59817504882812,85.41483306884766,16.87091064453125,5006.5751953125,29520.826171875,115.63733274489547,2986.9290570422,17635.568688207284
22953775010497,41,2007,2017,10,pn,fvs_regional,132.67056274414062,85.49142456054688,16.867950439453125,5008.869140625,29534.291015625,115.63733274489547,2986.9290570422,17635.568688207284
22953775010497,41,2007,2017,10,pn,organon,114.76221466064453,77.15304565429688,16.514263153076172,4022.760498046875,23606.912109375,115.63733274489547,2986.9290570422,17635.568688207284
22953775010497,41,2007,2017,10,pn,conus_spdep,114.79460906982422,77.18101501464844,16.513599395751953,4383.9609375,25805.763671875,115.63733274489547,2986.9290570422,17635.568688207284
22953775010497,41,2007,2017,10,pn,conus_climate,114.76355743408203,77.15432739257812,16.514225006103516,4021.20654296875,23598.1484375,115.63733274489547,2986.9290570422,17635.568688207284
30852231020004,41,2012,2022,10,pn,fvs_base,123.49849700927734,67.88545227050781,18.263280868530273,3913.208251953125,22321.0546875,96.04553036779637,2685.871843211012,15216.286884927893
30852231020004,41,2012,2022,10,pn,fvs_regional,123.245849609375,67.71463775634766,18.26758575439453,3906.267822265625,22284.73828125,96.04553036779637,2685.871843211012,15216.286884927893
30852231020004,41,2012,2022,10,pn,organon,99.97786712646484,54.571006774902344,18.327672958374023,2893.058837890625,16347.0029296875,96.04553036779637,2685.871843211012,15216.286884927893
30852231020004,41,2012,2022,10,pn,conus_spdep,100.20406341552734,54.60525131225586,18.342636108398438,3231.815185546875,18527.38671875,96.04553036779637,2685.871843211012,15216.286884927893
30852231020004,41,2012,2022,10,pn,conus_climate,99.97786712646484,54.57060623168945,18.327733993530273,2900.9736328125,16383.1240234375,96.04553036779637,2685.871843211012,15216.286884927893
22398511010497,53,2003,2013,10,pn,fvs_base,144.268310546875,193.09088134765625,11.704177856445312,4223.6220703125,21578.185546875,16.061201315990466,266.969589117244,1273.83265240336
22398511010497,53,2003,2013,10,pn,fvs_regional,141.46929931640625,186.98483276367188,11.777799606323242,4134.71826171875,21110.81640625,16.061201315990466,266.969589117244,1273.83265240336
22398511010497,53,2003,2013,10,pn,organon,115.97862243652344,146.9958038330078,12.027425765991211,3216.46044921875,16162.33984375,16.061201315990466,266.969589117244,1273.83265240336
22398511010497,53,2003,2013,10,pn,conus_spdep,116.61820220947266,147.08828735351562,12.056755065917969,3520.295654296875,18136.765625,16.061201315990466,266.969589117244,1273.83265240336
22398511010497,53,2003,2013,10,pn,conus_climate,115.98399353027344,147.0190887451172,12.026756286621094,3246.39501953125,16437.240234375,16.061201315990466,266.969589117244,1273.83265240336
8616710010901,53,2006,2016,10,pn,fvs_base,8.465301513671875,11.858508110046387,11.440433502197266,143.33221435546875,651.9872436523438,73.70745753642817,1313.4119096464499,2256.3701853429666
8616710010901,53,2006,2016,10,pn,fvs_regional,8.424150466918945,11.805583953857422,11.43814468383789,142.66688537597656,649.0394287109375,73.70745753642817,1313.4119096464499,2256.3701853429666
8616710010901,53,2006,2016,10,pn,organon,6.918483257293701,9.439859390258789,11.592016220092773,70.7384262084961,255.93609619140625,73.70745753642817,1313.4119096464499,2256.3701853429666
8616710010901,53,2006,2016,10,pn,conus_spdep,6.918832778930664,9.440187454223633,11.592107772827148,98.0178451538086,377.6619567871094,73.70745753642817,1313.4119096464499,2256.3701853429666
8616710010901,53,2006,2016,10,pn,conus_climate,6.91629695892334,9.437857627868652,11.591414451599121,89.21037292480469,377.4841003417969,73.70745753642817,1313.4119096464499,2256.3701853429666
12980723010497,53,2005,2015,10,pn,fvs_base,118.29598999023438,48.57291030883789,21.13120460510254,4818.9482421875,29751.931640625,111.72718347279721,4454.628181174776,28952.750090093516
12980723010497,53,2005,2015,10,pn,fvs_regional,118.31449127197266,48.62165069580078,21.12225914001465,4820.89453125,29763.080078125,111.72718347279721,4454.628181174776,28952.750090093516
12980723010497,53,2005,2015,10,pn,organon,90.35050201416016,38.05973815917969,20.86261558532715,3710.401123046875,22910.21875,111.72718347279721,4454.628181174776,28952.750090093516
12980723010497,53,2005,2015,10,pn,conus_spdep,90.3589096069336,38.06210708618164,20.862937927246094,3825.3017578125,23854.13671875,111.72718347279721,4454.628181174776,28952.750090093516
12980723010497,53,2005,2015,10,pn,conus_climate,90.35196685791016,38.060184478759766,20.86265754699707,3711.741943359375,22921.935546875,111.72718347279721,4454.628181174776,28952.750090093516
22932352010497,41,2008,2018,10,pn,fvs_base,230.50274658203125,76.94522857666016,23.43600082397461,8637.9560546875,54605.140625,213.58169131983118,7633.174525546697,50631.644703121616
22932352010497,41,2008,2018,10,pn,fvs_regional,229.2117462158203,75.80885314941406,23.544788360595703,8597.28515625,54368.796875,213.58169131983118,7633.174525546697,50631.644703121616
22932352010497,41,2008,2018,10,pn,organon,178.54388427734375,58.52046585083008,23.651296615600586,6156.201171875,38245.06640625,213.58169131983118,7633.174525546697,50631.644703121616
22932352010497,41,2008,2018,10,pn,conus_spdep,178.57614135742188,58.53261184692383,23.650964736938477,6509.87109375,40931.1015625,213.58169131983118,7633.174525546697,50631.644703121616
22932352010497,41,2008,2018,10,pn,conus_climate,178.54124450683594,58.519290924072266,23.651357650756836,6160.6513671875,38233.0703125,213.58169131983118,7633.174525546697,50631.644703121616
22954447010497,53,2007,2017,10,pn,fvs_base,135.65171813964844,185.53306579589844,11.578129768371582,3469.14453125,17805.712890625,145.43383133807296,2481.188067666818,10280.305264972449
22954447010497,53,2007,2017,10,pn,fvs_regional,135.13343811035156,184.96177673339844,11.57381820678711,3453.6552734375,17725.416015625,145.43383133807296,2481.188067666818,10280.305264972449
22954447010497,53,2007,2017,10,pn,organon,92.7784423828125,120.58908081054688,11.876971244812012,2052.50634765625,10299.80078125,145.43383133807296,2481.188067666818,10280.305264972449
22954447010497,53,2007,2017,10,pn,conus_spdep,93.7490463256836,120.82514190673828,11.92727279663086,2324.864013671875,11879.7216796875,145.43383133807296,2481.188067666818,10280.305264972449
22954447010497,53,2007,2017,10,pn,conus_climate,93.04045104980469,120.63936614990234,11.891253471374512,2227.169189453125,11379.259765625,145.43383133807296,2481.188067666818,10280.305264972449
41119523010497,41,2004,2014,10,pn,fvs_base,143.14663696289062,184.7525177001953,11.91877555847168,4133.1494140625,22363.3125,127.60611481805293,2564.6834691952713,12387.601045407631
41119523010497,41,2004,2014,10,pn,fvs_regional,143.31341552734375,185.21360778808594,11.910865783691406,4136.39111328125,22378.375,127.60611481805293,2564.6834691952713,12387.601045407631
41119523010497,41,2004,2014,10,pn,organon,116.74761962890625,155.2138671875,11.743433952331543,3154.86962890625,16868.146484375,127.60611481805293,2564.6834691952713,12387.601045407631
41119523010497,41,2004,2014,10,pn,conus_spdep,117.33625030517578,155.37379455566406,11.76694107055664,3348.114990234375,18137.056640625,127.60611481805293,2564.6834691952713,12387.601045407631
41119523010497,41,2004,2014,10,pn,conus_climate,116.8287582397461,155.2321319580078,11.74682331085205,3171.45654296875,16979.119140625,127.60611481805293,2564.6834691952713,12387.601045407631
22826974010497,53,2008,2017,9,pn,fvs_base,206.10406494140625,159.3826141357422,15.397814750671387,6821.42724609375,37887.359375,187.04224013549612,5614.585544146113,31902.72193857666
22826974010497,53,2008,2017,9,pn,fvs_regional,206.1710662841797,159.6255340576172,15.388593673706055,6826.24658203125,37912.5,187.04224013549612,5614.585544146113,31902.72193857666
22826974010497,53,2008,2017,9,pn,organon,167.57887268066406,130.04974365234375,15.370610237121582,5336.45263671875,29271.669921875,187.04224013549612,5614.585544146113,31902.72193857666
22826974010497,53,2008,2017,9,pn,conus_spdep,167.60293579101562,130.06472778320312,15.370828628540039,5679.947265625,31682.59375,187.04224013549612,5614.585544146113,31902.72193857666
22826974010497,53,2008,2017,9,pn,conus_climate,167.58335876464844,130.0557098388672,15.370465278625488,5332.85986328125,29247.556640625,187.04224013549612,5614.585544146113,31902.72193857666
