PLOT,STATE,MEASYEAR1,MEASYEAR2,PERIOD_YR,variant,model,BA_PRED,TPA_PRED,QMD_PRED,MCuFt_PRED,BdFt_PRED,BA_OBS,MCuFt_OBS,BdFt_OBS
29395410010497,41,2008,2018,10,wc,fvs_base,232.38583374023438,139.90623474121094,17.451093673706055,7955.7890625,45715.83203125,264.84757851880437,8754.91600874458,54006.747954664395
29395410010497,41,2008,2018,10,wc,fvs_regional,233.06564331054688,140.62625122070312,17.431795120239258,7976.25341796875,45832.84375,264.84757851880437,8754.91600874458,54006.747954664395
29395410010497,41,2008,2018,10,wc,organon,170.57540893554688,99.25735473632812,17.750608444213867,5899.19775390625,34108.99609375,264.84757851880437,8754.91600874458,54006.747954664395
29395410010497,41,2008,2018,10,wc,conus_spdep,170.6014404296875,99.27037048339844,17.75080108642578,6305.01708984375,37091.703125,264.84757851880437,8754.91600874458,54006.747954664395
29395410010497,41,2008,2018,10,wc,conus_climate,170.57333374023438,99.25555419921875,17.750661849975586,5878.84033203125,33995.1640625,264.84757851880437,8754.91600874458,54006.747954664395
41118547010497,41,2002,2012,10,wc,fvs_base,117.4785385131836,94.97785949707031,15.059286117553711,3397.8955078125,18110.45703125,89.71130680017055,2399.4411535977583,12796.68630606537
41118547010497,41,2002,2012,10,wc,fvs_regional,116.68817901611328,94.2927474975586,15.062970161437988,3374.177001953125,17983.390625,89.71130680017055,2399.4411535977583,12796.68630606537
41118547010497,41,2002,2012,10,wc,organon,81.99540710449219,64.80325317382812,15.231148719787598,2135.723388671875,11010.9814453125,89.71130680017055,2399.4411535977583,12796.68630606537
41118547010497,41,2002,2012,10,wc,conus_spdep,81.98255157470703,64.78582000732422,15.23200511932373,2294.541259765625,11961.7060546875,89.71130680017055,2399.4411535977583,12796.68630606537
41118547010497,41,2002,2012,10,wc,conus_climate,81.97044372558594,64.77242279052734,15.232455253601074,2354.40869140625,12511.1064453125,89.71130680017055,2399.4411535977583,12796.68630606537
22828631010497,41,2007,2017,10,wc,fvs_base,90.73086547851562,96.50849151611328,13.128979682922363,2351.69677734375,12208.4443359375,99.88232297563574,2035.039239470128,10283.270366423996
22828631010497,41,2007,2017,10,wc,fvs_regional,89.43855285644531,93.82255554199219,13.220412254333496,2323.032958984375,12075.7275390625,99.88232297563574,2035.039239470128,10283.270366423996
22828631010497,41,2007,2017,10,wc,organon,75.69481658935547,81.2071304321289,13.072911262512207,1781.9927978515625,9210.734375,99.88232297563574,2035.039239470128,10283.270366423996
22828631010497,41,2007,2017,10,wc,conus_spdep,75.89923095703125,81.25911712646484,13.0863618850708,1986.751220703125,10494.7138671875,99.88232297563574,2035.039239470128,10283.270366423996
22828631010497,41,2007,2017,10,wc,conus_climate,75.70462036132812,81.22532653808594,13.07229232788086,1957.644775390625,10266.458984375,99.88232297563574,2035.039239470128,10283.270366423996
41119734010497,41,2005,2015,10,wc,fvs_base,70.03681182861328,173.42845153808594,8.604769706726074,1718.0340576171875,8785.5185546875,80.15024780744254,1609.413762933018,4065.5391979025976
41119734010497,41,2005,2015,10,wc,fvs_regional,63.54560470581055,155.6374969482422,8.65211009979248,1562.8841552734375,7975.9658203125,80.15024780744254,1609.413762933018,4065.5391979025976
41119734010497,41,2005,2015,10,wc,organon,59.57365417480469,148.7613067626953,8.568764686584473,1323.275390625,6692.576171875,80.15024780744254,1609.413762933018,4065.5391979025976
41119734010497,41,2005,2015,10,wc,conus_spdep,59.59703063964844,148.8040008544922,8.569219589233398,1455.1705322265625,7460.0810546875,80.15024780744254,1609.413762933018,4065.5391979025976
41119734010497,41,2005,2015,10,wc,conus_climate,59.59703063964844,148.8040008544922,8.569219589233398,1455.1705322265625,7460.0810546875,80.15024780744254,1609.413762933018,4065.5391979025976
40220449010497,53,2010,2021,11,wc,fvs_base,243.92132568359375,106.90740966796875,20.453020095825195,4956.56396484375,25192.841796875,216.95361285693042,4464.007314006966,25824.639341437076
40220449010497,53,2010,2021,11,wc,fvs_regional,244.54409790039062,107.21141052246094,20.45004653930664,4969.0966796875,25256.072265625,216.95361285693042,4464.007314006966,25824.639341437076
40220449010497,53,2010,2021,11,wc,organon,186.85153198242188,80.01860809326172,20.691364288330078,3836.72705078125,19593.115234375,216.95361285693042,4464.007314006966,25824.639341437076
40220449010497,53,2010,2021,11,wc,conus_spdep,186.919921875,80.05638885498047,20.690265655517578,4409.1796875,23673.638671875,216.95361285693042,4464.007314006966,25824.639341437076
40220449010497,53,2010,2021,11,wc,conus_climate,186.84030151367188,80.01058959960938,20.691776275634766,3826.927734375,19539.103515625,216.95361285693042,4464.007314006966,25824.639341437076
48206131010497,41,2011,2022,11,wc,fvs_base,47.906612396240234,47.57355499267578,13.587865829467773,821.0562744140625,3693.664794921875,40.47086190108595,397.92358264935007,1344.2042410010858
48206131010497,41,2011,2022,11,wc,fvs_regional,47.806156158447266,47.462974548339844,13.589414596557617,820.1133422851562,3694.25146484375,40.47086190108595,397.92358264935007,1344.2042410010858
48206131010497,41,2011,2022,11,wc,organon,39.051517486572266,38.13205337524414,13.702825546264648,601.5786743164062,2860.512939453125,40.47086190108595,397.92358264935007,1344.2042410010858
48206131010497,41,2011,2022,11,wc,conus_spdep,39.05365753173828,38.13219451904297,13.703176498413086,729.228759765625,3187.328125,40.47086190108595,397.92358264935007,1344.2042410010858
48206131010497,41,2011,2022,11,wc,conus_climate,39.051544189453125,38.13208770751953,13.702825546264648,601.5791625976562,2860.51513671875,40.47086190108595,397.92358264935007,1344.2042410010858
22399222010497,53,2006,2016,10,wc,fvs_base,112.4141616821289,182.0831756591797,10.639273643493652,3435.802734375,17409.677734375,,,
22399222010497,53,2006,2016,10,wc,fvs_regional,107.17216491699219,172.66839599609375,10.667698860168457,3271.883056640625,16573.56640625,,,
22399222010497,53,2006,2016,10,wc,organon,96.96807098388672,157.3798370361328,10.628599166870117,2792.6826171875,14032.14453125,,,
22399222010497,53,2006,2016,10,wc,conus_spdep,97.04634094238281,157.41510009765625,10.63170051574707,2978.625244140625,15124.595703125,,,
22399222010497,53,2006,2016,10,wc,conus_climate,97.06529998779297,157.4689483642578,10.630921363830566,2952.871337890625,14944.7939453125,,,
22932014010497,41,2008,2018,10,wc,fvs_base,93.97595977783203,103.04161071777344,12.93118667602539,2034.3045654296875,10750.3251953125,121.66991689085805,2748.098867432358,12732.011469280982
22932014010497,41,2008,2018,10,wc,fvs_regional,94.1400146484375,103.22501373291016,12.930968284606934,2036.9649658203125,10766.7900390625,121.66991689085805,2748.098867432358,12732.011469280982
22932014010497,41,2008,2018,10,wc,organon,76.41094970703125,85.21141052246094,12.822279930114746,1415.4248046875,7219.134765625,121.66991689085805,2748.098867432358,12732.011469280982
22932014010497,41,2008,2018,10,wc,conus_spdep,76.42268371582031,85.230224609375,12.821846008300781,1733.82275390625,9002.01953125,121.66991689085805,2748.098867432358,12732.011469280982
22932014010497,41,2008,2018,10,wc,conus_climate,76.40325164794922,85.19900512695312,12.822566032409668,1436.49609375,7341.84375,121.66991689085805,2748.098867432358,12732.011469280982
22399107010497,53,2006,2016,10,wc,fvs_base,142.1052703857422,216.6748046875,10.96572208404541,4440.7900390625,23900.953125,122.95832560851363,3085.017079720594,15221.154785710056
22399107010497,53,2006,2016,10,wc,fvs_regional,141.30259704589844,214.36526489257812,10.993454933166504,4423.4072265625,23811.111328125,122.95832560851363,3085.017079720594,15221.154785710056
22399107010497,53,2006,2016,10,wc,organon,92.76087188720703,136.0236053466797,11.181798934936523,2798.831787109375,15164.53515625,122.95832560851363,3085.017079720594,15221.154785710056
22399107010497,53,2006,2016,10,wc,conus_spdep,92.7705307006836,136.025390625,11.182305335998535,2908.19873046875,16006.513671875,122.95832560851363,3085.017079720594,15221.154785710056
22399107010497,53,2006,2016,10,wc,conus_climate,92.79521942138672,136.0881805419922,11.181215286254883,2835.364990234375,15516.466796875,122.95832560851363,3085.017079720594,15221.154785710056
8623431010901,53,2006,2016,10,wc,fvs_base,96.06476593017578,267.1209411621094,8.120158195495605,1425.832275390625,7171.6513671875,,,
8623431010901,53,2006,2016,10,wc,fvs_regional,95.94187927246094,266.8918762207031,8.11844253540039,1419.7841796875,7137.62451171875,,,
8623431010901,53,2006,2016,10,wc,organon,71.64979553222656,194.28707885742188,8.222840309143066,1070.0601806640625,5366.2529296875,,,
8623431010901,53,2006,2016,10,wc,conus_spdep,71.75401306152344,194.40087890625,8.226410865783691,1301.9677734375,6798.1142578125,,,
8623431010901,53,2006,2016,10,wc,conus_climate,71.707763671875,194.26698303222656,8.226593017578125,1086.563720703125,5474.55224609375,,,
41118789010497,41,2002,2012,10,wc,fvs_base,94.70389556884766,72.57118225097656,15.468140602111816,2609.33349609375,13565.6201171875,70.69893217743387,1550.070058725484,8127.897498142178
41118789010497,41,2002,2012,10,wc,fvs_regional,94.38228607177734,72.25598907470703,15.475500106811523,2601.043212890625,13522.4482421875,70.69893217743387,1550.070058725484,8127.897498142178
41118789010497,41,2002,2012,10,wc,organon,75.44539642333984,57.25913619995117,15.542831420898438,2037.91259765625,10543.544921875,70.69893217743387,1550.070058725484,8127.897498142178
41118789010497,41,2002,2012,10,wc,conus_spdep,75.47039031982422,57.261024475097656,15.545148849487305,2152.81298828125,11234.8818359375,70.69893217743387,1550.070058725484,8127.897498142178
41118789010497,41,2002,2012,10,wc,conus_climate,75.4456558227539,57.259483337402344,15.54281234741211,2030.6090087890625,10499.7646484375,70.69893217743387,1550.070058725484,8127.897498142178
41118390010497,41,2001,2011,10,wc,fvs_base,142.388916015625,102.87364959716797,15.930238723754883,4269.13623046875,23323.146484375,,,
41118390010497,41,2001,2011,10,wc,fvs_regional,142.74586486816406,103.29119873046875,15.917924880981445,4277.33154296875,23365.65625,,,
41118390010497,41,2001,2011,10,wc,organon,117.1102523803711,82.12171936035156,16.1697998046875,3240.39892578125,17409.439453125,,,
41118390010497,41,2001,2011,10,wc,conus_spdep,117.15609741210938,82.15848541259766,16.169349670410156,3507.13916015625,19091.326171875,,,
41118390010497,41,2001,2011,10,wc,conus_climate,117.10042572021484,82.10324096679688,16.17094612121582,3263.016845703125,17542.23046875,,,
41119464010497,41,2004,2014,10,wc,fvs_base,465.360107421875,100.92668914794922,29.075551986694336,19664.59375,136050.5625,466.1534451091422,20551.042278218523,143531.2217951938
41119464010497,41,2004,2014,10,wc,fvs_regional,466.9825744628906,103.08362579345703,28.819849014282227,19714.564453125,136389.0625,466.1534451091422,20551.042278218523,143531.2217951938
41119464010497,41,2004,2014,10,wc,organon,364.38739013671875,82.69140625,28.424179077148438,15440.5908203125,107008.6953125,466.1534451091422,20551.042278218523,143531.2217951938
41119464010497,41,2004,2014,10,wc,conus_spdep,364.4063720703125,82.69230651855469,28.42474937438965,15701.560546875,109003.3203125,466.1534451091422,20551.042278218523,143531.2217951938
41119464010497,41,2004,2014,10,wc,conus_climate,364.37982177734375,82.69086456298828,28.423961639404297,15405.7626953125,106800.921875,466.1534451091422,20551.042278218523,143531.2217951938
24919128010900,41,2004,2014,10,wc,fvs_base,153.1632080078125,248.96673583984375,10.620450973510742,3157.02880859375,15463.3603515625,110.67956975568316,2545.34847343167,9256.458329793952
24919128010900,41,2004,2014,10,wc,fvs_regional,153.5946807861328,249.82720947265625,10.6170654296875,3165.57080078125,15505.7373046875,110.67956975568316,2545.34847343167,9256.458329793952
24919128010900,41,2004,2014,10,wc,organon,119.44952392578125,190.35459899902344,10.72622299194336,2288.25830078125,10911.783203125,110.67956975568316,2545.34847343167,9256.458329793952
24919128010900,41,2004,2014,10,wc,conus_spdep,120.29246520996094,190.66043090820312,10.75536823272705,2804.384033203125,14020.2861328125,110.67956975568316,2545.34847343167,9256.458329793952
24919128010900,41,2004,2014,10,wc,conus_climate,119.43968963623047,190.33023071289062,10.726468086242676,2278.69970703125,10851.0869140625,110.67956975568316,2545.34847343167,9256.458329793952
8616160010901,53,2006,2016,10,wc,fvs_base,70.16008758544922,32.51399612426758,19.890527725219727,2358.398193359375,14510.115234375,83.6310562357862,2687.723974084148,16515.200957711677
8616160010901,53,2006,2016,10,wc,fvs_regional,70.13573455810547,32.52824783325195,19.882715225219727,2357.621826171875,14507.8505859375,83.6310562357862,2687.723974084148,16515.200957711677
8616160010901,53,2006,2016,10,wc,organon,53.89775848388672,25.864004135131836,19.54671287536621,1838.0135498046875,11361.49609375,83.6310562357862,2687.723974084148,16515.200957711677
8616160010901,53,2006,2016,10,wc,conus_spdep,53.8995361328125,25.86398696899414,19.547039031982422,1907.111328125,11868.4169921875,83.6310562357862,2687.723974084148,16515.200957711677
8616160010901,53,2006,2016,10,wc,conus_climate,53.89834213256836,25.864633560180664,19.546579360961914,1840.784912109375,11402.5546875,83.6310562357862,2687.723974084148,16515.200957711677
29881615010497,41,2009,2019,10,wc,fvs_base,51.73078155517578,54.68196487426758,13.17009162902832,1228.4937744140625,6058.04248046875,41.52807651258089,882.4417445527221,4160.664823452082
29881615010497,41,2009,2019,10,wc,fvs_regional,51.50672912597656,54.39872741699219,13.17570686340332,1223.47509765625,6033.48681640625,41.52807651258089,882.4417445527221,4160.664823452082
29881615010497,41,2009,2019,10,wc,organon,40.59337615966797,42.5546989440918,13.224828720092773,940.1554565429688,4549.646484375,41.52807651258089,882.4417445527221,4160.664823452082
29881615010497,41,2009,2019,10,wc,conus_spdep,40.71809005737305,42.590145111083984,13.239617347717285,1021.5552368164062,5068.8095703125,41.52807651258089,882.4417445527221,4160.664823452082
29881615010497,41,2009,2019,10,wc,conus_climate,40.59346008300781,42.55482864379883,13.224822998046875,932.2062377929688,4511.75048828125,41.52807651258089,882.4417445527221,4160.664823452082
29882157010497,41,2009,2019,10,wc,fvs_base,218.3441162109375,90.26897430419922,21.05900001525879,8680.5458984375,51203.09375,,,
29882157010497,41,2009,2019,10,wc,fvs_regional,218.8801727294922,90.50342559814453,21.05750846862793,8702.0078125,51328.76953125,,,
29882157010497,41,2009,2019,10,wc,organon,168.48731994628906,69.24697875976562,21.121240615844727,6420.73291015625,37694.265625,,,
29882157010497,41,2009,2019,10,wc,conus_spdep,168.50302124023438,69.25360870361328,21.1212158203125,6718.48828125,39668.6953125,,,
29882157010497,41,2009,2019,10,wc,conus_climate,168.48741149902344,69.24610900878906,21.121383666992188,6391.84814453125,37418.375,,,
24198975010900,53,2002,2012,10,wc,fvs_base,125.34319305419922,166.00550842285156,11.765907287597656,2910.146240234375,14255.1015625,176.31169304170916,3589.0429053748303,16258.462620091337
24198975010900,53,2002,2012,10,wc,fvs_regional,125.04975128173828,165.23353576660156,11.77955150604248,2902.255126953125,14212.029296875,176.31169304170916,3589.0429053748303,16258.462620091337
24198975010900,53,2002,2012,10,wc,organon,93.89134979248047,123.58588409423828,11.802245140075684,2241.409912109375,11057.1103515625,176.31169304170916,3589.0429053748303,16258.462620091337
24198975010900,53,2002,2012,10,wc,conus_spdep,94.22284698486328,123.75466918945312,11.814997673034668,2537.478759765625,12734.81640625,176.31169304170916,3589.0429053748303,16258.462620091337
24198975010900,53,2002,2012,10,wc,conus_climate,93.89661407470703,123.58362579345703,11.802680969238281,2214.0380859375,10914.400390625,176.31169304170916,3589.0429053748303,16258.462620091337
40220716010497,53,2010,2022,12,wc,fvs_base,57.993186950683594,23.784727096557617,21.143444061279297,1804.4061279296875,10225.947265625,42.36254229454599,1431.8517185490841,8836.48662627073
40220716010497,53,2010,2022,12,wc,fvs_regional,58.156307220458984,23.855966567993164,21.141517639160156,1809.4349365234375,10254.2314453125,42.36254229454599,1431.8517185490841,8836.48662627073
40220716010497,53,2010,2022,12,wc,organon,41.261260986328125,17.2537841796875,20.939455032348633,1310.107666015625,7506.8935546875,42.36254229454599,1431.8517185490841,8836.48662627073
40220716010497,53,2010,2022,12,wc,conus_spdep,41.261138916015625,17.25368309020996,20.939485549926758,1429.7822265625,8407.04296875,42.36254229454599,1431.8517185490841,8836.48662627073
40220716010497,53,2010,2022,12,wc,conus_climate,41.26128005981445,17.253786087036133,20.9394588470459,1310.7164306640625,7516.025390625,42.36254229454599,1431.8517185490841,8836.48662627073
29882838010497,53,2009,2019,10,wc,fvs_base,206.83567810058594,333.65277099609375,10.661088943481445,5277.1767578125,26830.943359375,5.008684360347493,,
29882838010497,53,2009,2019,10,wc,fvs_regional,205.84381103515625,331.9515380859375,10.662714958190918,5252.28759765625,26704.623046875,5.008684360347493,,
29882838010497,53,2009,2019,10,wc,organon,125.5949478149414,189.1514434814453,11.033608436584473,3266.838134765625,16641.123046875,5.008684360347493,,
29882838010497,53,2009,2019,10,wc,conus_spdep,125.67440032958984,188.99697875976562,11.041610717773438,3364.215087890625,17222.212890625,5.008684360347493,,
29882838010497,53,2009,2019,10,wc,conus_climate,125.6170425415039,189.22215270996094,11.032519340515137,3244.9697265625,16557.916015625,5.008684360347493,,
22954073010497,41,2007,2017,10,wc,fvs_base,309.8589782714844,85.25083923339844,25.814815521240234,13452.3623046875,87262.75,297.0979767566353,13481.893922671861,91917.1789082338
22954073010497,41,2007,2017,10,wc,fvs_regional,310.6341552734375,85.48174285888672,25.812150955200195,13485.8515625,87477.671875,297.0979767566353,13481.893922671861,91917.1789082338
22954073010497,41,2007,2017,10,wc,organon,239.968994140625,65.38990783691406,25.939315795898438,10339.4072265625,67349.6796875,297.0979767566353,13481.893922671861,91917.1789082338
22954073010497,41,2007,2017,10,wc,conus_spdep,239.98251342773438,65.39325714111328,25.939376831054688,10600.9326171875,69224.5,297.0979767566353,13481.893922671861,91917.1789082338
22954073010497,41,2007,2017,10,wc,conus_climate,239.96731567382812,65.38916778564453,25.93936538696289,10300.6357421875,67062.1953125,297.0979767566353,13481.893922671861,91917.1789082338
24918381010900,41,2004,2014,10,wc,fvs_base,261.01434326171875,164.4396514892578,17.0594539642334,7519.73681640625,47025.953125,259.16056564623614,8714.383845059969,54714.1144510977
24918381010900,41,2004,2014,10,wc,fvs_regional,261.96630859375,165.42828369140625,17.039396286010742,7542.42333984375,47162.546875,259.16056564623614,8714.383845059969,54714.1144510977
24918381010900,41,2004,2014,10,wc,organon,200.3754425048828,130.4185028076172,16.78374671936035,5811.72119140625,36536.75,259.16056564623614,8714.383845059969,54714.1144510977
24918381010900,41,2004,2014,10,wc,conus_spdep,200.3849334716797,130.42355346679688,16.783824920654297,6042.30712890625,38141.703125,259.16056564623614,8714.383845059969,54714.1144510977
24918381010900,41,2004,2014,10,wc,conus_climate,200.3790283203125,130.42372131347656,16.783567428588867,5790.16357421875,36370.96484375,259.16056564623614,8714.383845059969,54714.1144510977
40403349010497,41,2010,2020,10,wc,fvs_base,31.517333984375,23.697107315063477,15.615767478942871,818.5929565429688,4201.68310546875,29.22958360369663,494.791681955816,2388.1018000508843
40403349010497,41,2010,2020,10,wc,fvs_regional,31.442914962768555,23.64719581604004,15.613773345947266,816.4913940429688,4190.8740234375,29.22958360369663,494.791681955816,2388.1018000508843
40403349010497,41,2010,2020,10,wc,organon,25.442975997924805,19.845365524291992,15.331714630126953,652.2077026367188,3340.338134765625,29.22958360369663,494.791681955816,2388.1018000508843
40403349010497,41,2010,2020,10,wc,conus_spdep,25.444175720214844,19.84568977355957,15.331951141357422,696.81005859375,3595.424560546875,29.22958360369663,494.791681955816,2388.1018000508843
40403349010497,41,2010,2020,10,wc,conus_climate,25.442983627319336,19.845365524291992,15.33171558380127,648.4031372070312,3320.314697265625,29.22958360369663,494.791681955816,2388.1018000508843
22931053010497,53,2008,2019,11,wc,fvs_base,227.63671875,228.48191833496094,13.515482902526855,7314.08251953125,40074.34375,131.15895019576425,3808.130845262856,20550.11990187672
22931053010497,53,2008,2019,11,wc,fvs_regional,227.45025634765625,228.8510284423828,13.499040603637695,7295.373046875,39968.1953125,131.15895019576425,3808.130845262856,20550.11990187672
22931053010497,53,2008,2019,11,wc,organon,154.1900177001953,149.7240447998047,13.741012573242188,4267.41015625,22431.587890625,131.15895019576425,3808.130845262856,20550.11990187672
22931053010497,53,2008,2019,11,wc,conus_spdep,154.437255859375,149.87950134277344,13.744888305664062,4755.42138671875,25827.48828125,131.15895019576425,3808.130845262856,20550.11990187672
22931053010497,53,2008,2019,11,wc,conus_climate,154.05198669433594,149.5023193359375,13.745038986206055,4503.13330078125,24002.623046875,131.15895019576425,3808.130845262856,20550.11990187672
41119346010497,41,2003,2013,10,wc,fvs_base,241.79501342773438,207.1516571044922,14.629035949707031,9346.5537109375,55204.97265625,230.2993488197137,7332.757227029357,43039.60114131515
41119346010497,41,2003,2013,10,wc,fvs_regional,240.87619018554688,206.55787658691406,14.622184753417969,9310.99609375,54982.71484375,230.2993488197137,7332.757227029357,43039.60114131515
41119346010497,41,2003,2013,10,wc,organon,214.87503051757812,198.8130645751953,14.076889991760254,7785.142578125,45631.90234375,230.2993488197137,7332.757227029357,43039.60114131515
41119346010497,41,2003,2013,10,wc,conus_spdep,214.946044921875,198.89112854003906,14.076457977294922,8415.302734375,49222.01171875,230.2993488197137,7332.757227029357,43039.60114131515
41119346010497,41,2003,2013,10,wc,conus_climate,214.87464904785156,198.8118438720703,14.076922416687012,7772.90283203125,45557.7421875,230.2993488197137,7332.757227029357,43039.60114131515
30826404020004,41,2002,2012,10,wc,fvs_base,51.20810317993164,44.134822845458984,14.585284233093262,1393.121826171875,8576.26171875,97.34828785088769,1923.685003715026,10530.470637436518
30826404020004,41,2002,2012,10,wc,fvs_regional,51.35771560668945,44.304805755615234,14.578531265258789,1396.6331787109375,8597.1494140625,97.34828785088769,1923.685003715026,10530.470637436518
30826404020004,41,2002,2012,10,wc,organon,42.766197204589844,40.36848831176758,13.936872482299805,1107.816650390625,6839.88525390625,97.34828785088769,1923.685003715026,10530.470637436518
30826404020004,41,2002,2012,10,wc,conus_spdep,42.760433197021484,40.35392379760742,13.938447952270508,1197.653076171875,7429.625,97.34828785088769,1923.685003715026,10530.470637436518
30826404020004,41,2002,2012,10,wc,conus_climate,42.76646041870117,40.36891174316406,13.936841011047363,1112.707763671875,6891.46484375,97.34828785088769,1923.685003715026,10530.470637436518
22398703010497,53,2004,2014,10,wc,fvs_base,232.0753936767578,394.4688415527344,10.385908126831055,6403.70263671875,40205.4296875,335.3705939733375,7681.739109519096,40253.378328329265
22398703010497,53,2004,2014,10,wc,fvs_regional,232.74746704101562,395.7982177734375,10.383455276489258,6421.02294921875,40318.0859375,335.3705939733375,7681.739109519096,40253.378328329265
22398703010497,53,2004,2014,10,wc,organon,178.14849853515625,313.4290466308594,10.20840072631836,4771.8154296875,29533.607421875,335.3705939733375,7681.739109519096,40253.378328329265
22398703010497,53,2004,2014,10,wc,conus_spdep,178.185546875,313.4605407714844,10.208951950073242,4825.78515625,29940.474609375,335.3705939733375,7681.739109519096,40253.378328329265
22398703010497,53,2004,2014,10,wc,conus_climate,178.14157104492188,313.4277038574219,10.208227157592773,4749.22314453125,29379.529296875,335.3705939733375,7681.739109519096,40253.378328329265
8628826010901,53,2006,2016,10,wc,fvs_base,211.24935913085938,211.67161560058594,13.527042388916016,6012.07568359375,31842.751953125,206.0522259870247,5429.923866898359,29192.666904457583
8628826010901,53,2006,2016,10,wc,fvs_regional,212.1919708251953,215.00074768066406,13.451812744140625,6010.64990234375,31826.2421875,206.0522259870247,5429.923866898359,29192.666904457583
8628826010901,53,2006,2016,10,wc,organon,152.56353759765625,157.79193115234375,13.314324378967285,3764.198486328125,19330.7890625,206.0522259870247,5429.923866898359,29192.666904457583
8628826010901,53,2006,2016,10,wc,conus_spdep,152.82662963867188,157.8099822998047,13.325040817260742,4085.009765625,21248.662109375,206.0522259870247,5429.923866898359,29192.666904457583
8628826010901,53,2006,2016,10,wc,conus_climate,153.07110595703125,157.9142303466797,13.331293106079102,3995.573974609375,20892.015625,206.0522259870247,5429.923866898359,29192.666904457583
41118932010497,41,2002,2012,10,wc,fvs_base,126.16250610351562,30.558462142944336,27.51285743713379,5533.9814453125,37989.18359375,118.83679579238118,6582.53127075,47290.53914315627
41118932010497,41,2002,2012,10,wc,fvs_regional,126.45818328857422,30.62923240661621,27.51323890686035,5546.5986328125,38075.83203125,118.83679579238118,6582.53127075,47290.53914315627
41118932010497,41,2002,2012,10,wc,organon,100.09866333007812,20.48357582092285,29.932809829711914,4343.95068359375,30157.7421875,118.83679579238118,6582.53127075,47290.53914315627
41118932010497,41,2002,2012,10,wc,conus_spdep,100.10284423828125,20.4870662689209,29.930889129638672,4388.9677734375,30502.361328125,118.83679579238118,6582.53127075,47290.53914315627
41118932010497,41,2002,2012,10,wc,conus_climate,100.11327362060547,20.497730255126953,29.924657821655273,4412.29150390625,30540.755859375,118.83679579238118,6582.53127075,47290.53914315627
41120289010497,41,2005,2015,10,wc,fvs_base,44.01146697998047,47.43446731567383,13.042842864990234,732.0481567382812,3233.82958984375,39.11853989496688,410.17037245785605,1639.854941303554
41120289010497,41,2005,2015,10,wc,fvs_regional,43.90615463256836,47.32088088989258,13.04284954071045,730.4174194335938,3225.8701171875,39.11853989496688,410.17037245785605,1639.854941303554
41120289010497,41,2005,2015,10,wc,organon,36.44708251953125,39.826419830322266,12.953347206115723,638.6827392578125,2824.7529296875,39.11853989496688,410.17037245785605,1639.854941303554
41120289010497,41,2005,2015,10,wc,conus_spdep,36.63166809082031,39.883399963378906,12.976827621459961,683.684814453125,3179.876953125,39.11853989496688,410.17037245785605,1639.854941303554
41120289010497,41,2005,2015,10,wc,conus_climate,36.44447326660156,39.82542037963867,12.953046798706055,638.6178588867188,2824.6494140625,39.11853989496688,410.17037245785605,1639.854941303554
29881739010497,41,2009,2019,10,wc,fvs_base,153.2189483642578,117.47266387939453,15.464082717895508,5232.11376953125,28142.849609375,127.43698330042025,4060.57471316168,23789.458184875177
29881739010497,41,2009,2019,10,wc,fvs_regional,153.49635314941406,117.79903411865234,15.45661735534668,5241.70556640625,28194.1171875,127.43698330042025,4060.57471316168,23789.458184875177
29881739010497,41,2009,2019,10,wc,organon,111.99333190917969,82.23542785644531,15.801665306091309,3229.2880859375,16788.658203125,127.43698330042025,4060.57471316168,23789.458184875177
29881739010497,41,2009,2019,10,wc,conus_spdep,112.11474609375,82.28286743164062,15.805673599243164,3431.85546875,18225.591796875,127.43698330042025,4060.57471316168,23789.458184875177
29881739010497,41,2009,2019,10,wc,conus_climate,112.35906219482422,82.4139175415039,15.810297966003418,3705.440185546875,19844.154296875,127.43698330042025,4060.57471316168,23789.458184875177
8664565010901,41,2006,2016,10,wc,fvs_base,11.819511413574219,35.7485466003418,7.785863876342773,98.15210723876953,382.5093994140625,123.42024276398895,1772.336496603058,3206.191802882832
8664565010901,41,2006,2016,10,wc,fvs_regional,11.845836639404297,35.828643798828125,7.785812854766846,98.37198638916016,383.36651611328125,123.42024276398895,1772.336496603058,3206.191802882832
8664565010901,41,2006,2016,10,wc,organon,9.827017784118652,29.69232177734375,7.789776802062988,82.86013793945312,326.6156005859375,123.42024276398895,1772.336496603058,3206.191802882832
8664565010901,41,2006,2016,10,wc,conus_spdep,9.827057838439941,29.69243812561035,7.789777755737305,126.80786895751953,689.1377563476562,123.42024276398895,1772.336496603058,3206.191802882832
8664565010901,41,2006,2016,10,wc,conus_climate,9.82701587677002,29.692317962646484,7.7897772789001465,82.86011505126953,326.61553955078125,123.42024276398895,1772.336496603058,3206.191802882832
22398462010497,53,2003,2013,10,wc,fvs_base,321.1913146972656,440.41705322265625,11.563411712646484,10561.623046875,56370.640625,308.97394419777675,10249.063071332566,53651.71567449977
22398462010497,53,2003,2013,10,wc,fvs_regional,322.5887756347656,443.256591796875,11.551366806030273,10600.4892578125,56571.52734375,308.97394419777675,10249.063071332566,53651.71567449977
22398462010497,53,2003,2013,10,wc,organon,222.11746215820312,288.4227600097656,11.882638931274414,6708.12939453125,35178.890625,308.97394419777675,10249.063071332566,53651.71567449977
22398462010497,53,2003,2013,10,wc,conus_spdep,222.1783447265625,288.4346923828125,11.884017944335938,7165.609375,37931.21875,308.97394419777675,10249.063071332566,53651.71567449977
22398462010497,53,2003,2013,10,wc,conus_climate,222.10299682617188,288.3853759765625,11.883021354675293,6892.2080078125,36271.87890625,308.97394419777675,10249.063071332566,53651.71567449977
22954586010497,53,2007,2017,10,wc,fvs_base,263.0482177734375,73.09391021728516,25.687002182006836,8870.9169921875,57184.91015625,261.70955767328195,7655.118243637517,50030.39096530327
22954586010497,53,2007,2017,10,wc,fvs_regional,264.487060546875,73.58192443847656,25.671602249145508,8912.447265625,57448.3203125,261.70955767328195,7655.118243637517,50030.39096530327
22954586010497,53,2007,2017,10,wc,organon,178.67044067382812,49.628265380859375,25.6920108795166,6020.0458984375,38686.41796875,261.70955767328195,7655.118243637517,50030.39096530327
22954586010497,53,2007,2017,10,wc,conus_spdep,178.6776123046875,49.629539489746094,25.69219970703125,6124.525390625,39468.390625,261.70955767328195,7655.118243637517,50030.39096530327
22954586010497,53,2007,2017,10,wc,conus_climate,178.67221069335938,49.628662109375,25.692033767700195,5984.583984375,38392.20703125,261.70955767328195,7655.118243637517,50030.39096530327
12977190010497,53,2005,2015,10,wc,fvs_base,209.54173278808594,195.2305450439453,14.02806568145752,5531.93505859375,28025.83203125,205.53948735673538,6342.495253017303,35347.89244557769
12977190010497,53,2005,2015,10,wc,fvs_regional,210.17611694335938,196.0061798095703,14.021455764770508,5548.1630859375,28108.0625,205.53948735673538,6342.495253017303,35347.89244557769
12977190010497,53,2005,2015,10,wc,organon,167.7561798095703,154.16400146484375,14.12485122680664,3979.024169921875,19296.693359375,205.53948735673538,6342.495253017303,35347.89244557769
12977190010497,53,2005,2015,10,wc,conus_spdep,167.9696502685547,154.24783325195312,14.130000114440918,4584.232421875,23293.509765625,205.53948735673538,6342.495253017303,35347.89244557769
12977190010497,53,2005,2015,10,wc,conus_climate,167.7522735595703,154.1558380126953,14.125066757202148,3957.753662109375,19145.740234375,205.53948735673538,6342.495253017303,35347.89244557769
22954707010497,53,2007,2018,11,wc,fvs_base,89.90095520019531,136.17633056640625,11.001898765563965,1870.3900146484375,9043.0673828125,35.742630331404676,463.21707081968606,1127.171728950658
22954707010497,53,2007,2018,11,wc,fvs_regional,90.06359100341797,136.52395629882812,10.997818946838379,1872.57470703125,9053.0068359375,35.742630331404676,463.21707081968606,1127.171728950658
22954707010497,53,2007,2018,11,wc,organon,66.98503875732422,98.74837493896484,11.152192115783691,1240.171875,5721.05078125,35.742630331404676,463.21707081968606,1127.171728950658
22954707010497,53,2007,2018,11,wc,conus_spdep,67.31208801269531,98.83466339111328,11.174503326416016,1533.5782470703125,7538.412109375,35.742630331404676,463.21707081968606,1127.171728950658
22954707010497,53,2007,2018,11,wc,conus_climate,66.98440551757812,98.74400329589844,11.152385711669922,1246.1806640625,5742.03515625,35.742630331404676,463.21707081968606,1127.171728950658
41117752010497,41,2006,2016,10,wc,fvs_base,124.1928939819336,194.8979034423828,10.808892250061035,3007.484130859375,14879.91015625,112.88911915630686,1283.543456677642,3957.49707964954
41117752010497,41,2006,2016,10,wc,fvs_regional,121.63797760009766,187.9889373779297,10.891926765441895,2943.45458984375,14536.2744140625,112.88911915630686,1283.543456677642,3957.49707964954
41117752010497,41,2006,2016,10,wc,organon,107.33354187011719,168.71070861816406,10.80022144317627,2243.810546875,10758.474609375,112.88911915630686,1283.543456677642,3957.49707964954
41117752010497,41,2006,2016,10,wc,conus_spdep,107.34735870361328,168.7337188720703,10.800185203552246,2679.546875,13186.9052734375,112.88911915630686,1283.543456677642,3957.49707964954
41117752010497,41,2006,2016,10,wc,conus_climate,107.37881469726562,168.77810668945312,10.800341606140137,2565.149169921875,12677.59375,112.88911915630686,1283.543456677642,3957.49707964954
24474301010900,41,2003,2013,10,wc,fvs_base,257.7799377441406,47.57011413574219,31.520544052124023,9541.7373046875,62409.51171875,239.22676825659522,9447.55550704337,63948.05844163652
24474301010900,41,2003,2013,10,wc,fvs_regional,258.35455322265625,47.67754364013672,31.52008819580078,9563.1669921875,62549.625,239.22676825659522,9447.55550704337,63948.05844163652
24474301010900,41,2003,2013,10,wc,organon,203.44557189941406,37.505863189697266,31.53631019592285,7642.34765625,50133.98046875,239.22676825659522,9447.55550704337,63948.05844163652
24474301010900,41,2003,2013,10,wc,conus_spdep,203.47247314453125,37.512489318847656,31.53559684753418,7913.52294921875,52230.9921875,239.22676825659522,9447.55550704337,63948.05844163652
24474301010900,41,2003,2013,10,wc,conus_climate,203.4429168701172,37.50489044189453,31.536500930786133,7642.16650390625,50125.578125,239.22676825659522,9447.55550704337,63948.05844163652
22932612010497,41,2008,2018,10,wc,fvs_base,217.4226837158203,246.2200469970703,12.72409439086914,5080.26611328125,27411.3515625,233.33414838466962,5573.449834424942,29631.542217179624
22932612010497,41,2008,2018,10,wc,fvs_regional,217.3814697265625,245.79383850097656,12.733916282653809,5075.44873046875,27389.884765625,233.33414838466962,5573.449834424942,29631.542217179624
22932612010497,41,2008,2018,10,wc,organon,166.10391235351562,187.72439575195312,12.736960411071777,3902.50439453125,21111.44140625,233.33414838466962,5573.449834424942,29631.542217179624
22932612010497,41,2008,2018,10,wc,conus_spdep,166.1111602783203,187.68341064453125,12.738636016845703,4176.6650390625,23093.751953125,233.33414838466962,5573.449834424942,29631.542217179624
22932612010497,41,2008,2018,10,wc,conus_climate,166.06265258789062,187.6504364013672,12.737885475158691,3965.345458984375,21497.357421875,233.33414838466962,5573.449834424942,29631.542217179624
41119298010497,41,2003,2013,10,wc,fvs_base,130.15634155273438,98.78539276123047,15.542561531066895,3024.572265625,15774.185546875,108.01926529166055,2470.708488778364,12566.87406223021
41119298010497,41,2003,2013,10,wc,fvs_regional,130.3358917236328,99.09822845458984,15.528715133666992,3026.72216796875,15775.1142578125,108.01926529166055,2470.708488778364,12566.87406223021
41119298010497,41,2003,2013,10,wc,organon,103.7966537475586,79.20509338378906,15.500706672668457,2119.95458984375,10581.0498046875,108.01926529166055,2470.708488778364,12566.87406223021
41119298010497,41,2003,2013,10,wc,conus_spdep,104.0084228515625,79.27985382080078,15.509187698364258,2503.917236328125,13029.9658203125,108.01926529166055,2470.708488778364,12566.87406223021
41119298010497,41,2003,2013,10,wc,conus_climate,103.78812408447266,79.1929702758789,15.501255989074707,2146.573974609375,10785.9775390625,108.01926529166055,2470.708488778364,12566.87406223021
30852154020004,41,2012,2022,10,wc,fvs_base,72.52110290527344,78.0560302734375,13.05164623260498,1289.9013671875,5745.1611328125,58.94732062984401,899.102038282386,3562.25458165771
30852154020004,41,2012,2022,10,wc,fvs_regional,72.47377014160156,77.95735168457031,13.05564022064209,1288.6455078125,5740.72998046875,58.94732062984401,899.102038282386,3562.25458165771
30852154020004,41,2012,2022,10,wc,organon,59.825984954833984,63.532012939453125,13.139686584472656,963.223388671875,4174.13330078125,58.94732062984401,899.102038282386,3562.25458165771
30852154020004,41,2012,2022,10,wc,conus_spdep,59.832427978515625,63.53927230834961,13.139642715454102,1167.814453125,5269.6611328125,58.94732062984401,899.102038282386,3562.25458165771
30852154020004,41,2012,2022,10,wc,conus_climate,59.82619857788086,63.532310485839844,13.139678955078125,954.5739135742188,4152.49853515625,58.94732062984401,899.102038282386,3562.25458165771
41117732010497,41,2006,2016,10,wc,fvs_base,67.81266784667969,72.08061218261719,13.133559226989746,1619.676513671875,8491.064453125,77.68914527022646,1679.109558266104,8887.820471162544
41117732010497,41,2006,2016,10,wc,fvs_regional,67.74752044677734,72.18363189697266,13.117876052856445,1614.838134765625,8468.1220703125,77.68914527022646,1679.109558266104,8887.820471162544
41117732010497,41,2006,2016,10,wc,organon,55.576847076416016,61.85124969482422,12.83538818359375,1261.6500244140625,6564.4921875,77.68914527022646,1679.109558266104,8887.820471162544
41117732010497,41,2006,2016,10,wc,conus_spdep,56.11955642700195,62.00391387939453,12.8820161819458,1414.6475830078125,7553.78564453125,77.68914527022646,1679.109558266104,8887.820471162544
41117732010497,41,2006,2016,10,wc,conus_climate,55.572269439697266,61.8462028503418,12.835382461547852,1270.5201416015625,6637.80126953125,77.68914527022646,1679.109558266104,8887.820471162544
29882510010497,41,2009,2019,10,wc,fvs_base,146.3059844970703,152.69581604003906,13.254207611083984,3548.587646484375,19089.220703125,138.95935408590898,4047.7356035182897,21579.520491185638
29882510010497,41,2009,2019,10,wc,fvs_regional,146.60243225097656,153.27084350585938,13.24272346496582,3553.891357421875,19115.498046875,138.95935408590898,4047.7356035182897,21579.520491185638
29882510010497,41,2009,2019,10,wc,organon,111.01512145996094,109.85248565673828,13.612016677856445,2604.180419921875,14105.9462890625,138.95935408590898,4047.7356035182897,21579.520491185638
29882510010497,41,2009,2019,10,wc,conus_spdep,111.18929290771484,109.9464340209961,13.61686897277832,2954.501220703125,16228.89453125,138.95935408590898,4047.7356035182897,21579.520491185638
29882510010497,41,2009,2019,10,wc,conus_climate,111.0129165649414,109.84626770019531,13.612265586853027,2604.932373046875,14110.4248046875,138.95935408590898,4047.7356035182897,21579.520491185638
40402994010497,41,2010,2020,10,wc,fvs_base,149.31886291503906,144.72235107421875,13.753901481628418,4177.75830078125,22194.990234375,164.12760466191298,3269.233475684312,16830.46058466478
40402994010497,41,2010,2020,10,wc,fvs_regional,148.55760192871094,143.29562377929688,13.786921501159668,4159.3544921875,22099.458984375,164.12760466191298,3269.233475684312,16830.46058466478
40402994010497,41,2010,2020,10,wc,organon,121.41925048828125,116.40120697021484,13.82933521270752,3310.17236328125,17441.2578125,164.12760466191298,3269.233475684312,16830.46058466478
40402994010497,41,2010,2020,10,wc,conus_spdep,121.40498352050781,116.3749771118164,13.830081939697266,3494.58984375,18635.193359375,164.12760466191298,3269.233475684312,16830.46058466478
40402994010497,41,2010,2020,10,wc,conus_climate,121.42134857177734,116.40592193603516,13.829174995422363,3297.036865234375,17360.728515625,164.12760466191298,3269.233475684312,16830.46058466478
22398516010497,53,2003,2013,10,wc,fvs_base,137.11099243164062,99.68128967285156,15.8805570602417,2795.772705078125,14056.900390625,50.76112052324946,925.9588776987399,4400.662891917518
22398516010497,53,2003,2013,10,wc,fvs_regional,137.322265625,99.87828826904297,15.87710189819336,2798.876953125,14068.4111328125,50.76112052324946,925.9588776987399,4400.662891917518
22398516010497,53,2003,2013,10,wc,organon,109.98841857910156,79.09319305419922,15.967620849609375,2091.3408203125,10323.8623046875,50.76112052324946,925.9588776987399,4400.662891917518
22398516010497,53,2003,2013,10,wc,conus_spdep,110.0864486694336,79.13566589355469,15.970450401306152,2485.92724609375,12978.802734375,50.76112052324946,925.9588776987399,4400.662891917518
22398516010497,53,2003,2013,10,wc,conus_climate,109.98777770996094,79.0892105102539,15.967978477478027,2092.88037109375,10336.09375,50.76112052324946,925.9588776987399,4400.662891917518
41119675010497,41,2004,2014,10,wc,fvs_base,100.55055236816406,105.42716217041016,13.223676681518555,2343.204833984375,11207.759765625,101.21353969117442,1553.1243668630539,7485.203584766738
41119675010497,41,2004,2014,10,wc,fvs_regional,100.13064575195312,104.87351989746094,13.230825424194336,2334.20458984375,11163.1552734375,101.21353969117442,1553.1243668630539,7485.203584766738
41119675010497,41,2004,2014,10,wc,organon,80.09475708007812,83.12661743164062,13.291322708129883,1810.265869140625,8679.990234375,101.21353969117442,1553.1243668630539,7485.203584766738
41119675010497,41,2004,2014,10,wc,conus_spdep,80.5081558227539,83.23005676269531,13.31729793548584,1974.4793701171875,9702.32421875,101.21353969117442,1553.1243668630539,7485.203584766738
41119675010497,41,2004,2014,10,wc,conus_climate,80.09528350830078,83.1275634765625,13.291292190551758,1795.9461669921875,8613.4482421875,101.21353969117442,1553.1243668630539,7485.203584766738
22398259010497,53,2002,2012,10,wc,fvs_base,151.4647674560547,170.01637268066406,12.780467987060547,4433.169921875,23050.662109375,151.53076568361385,5007.287936623805,26687.47807364725
22398259010497,53,2002,2012,10,wc,fvs_regional,151.73837280273438,170.0630645751953,12.790254592895508,4440.66943359375,23089.12109375,151.53076568361385,5007.287936623805,26687.47807364725
22398259010497,53,2002,2012,10,wc,organon,119.40164947509766,133.40145874023438,12.810352325439453,3059.229736328125,15529.560546875,151.53076568361385,5007.287936623805,26687.47807364725
22398259010497,53,2002,2012,10,wc,conus_spdep,120.0945053100586,133.55899047851562,12.83989143371582,3519.552978515625,18408.6484375,151.53076568361385,5007.287936623805,26687.47807364725
22398259010497,53,2002,2012,10,wc,conus_climate,119.45523834228516,133.4554901123047,12.810635566711426,3091.048583984375,15700.8701171875,151.53076568361385,5007.287936623805,26687.47807364725
22953951010497,41,2007,2017,10,wc,fvs_base,182.2007293701172,115.57530212402344,17.001174926757812,7259.08642578125,47685.5703125,195.28525347977404,7943.263252863984,50030.73073345267
22953951010497,41,2007,2017,10,wc,fvs_regional,182.9119415283203,117.13226318359375,16.92072868347168,7280.21875,47820.703125,195.28525347977404,7943.263252863984,50030.73073345267
22953951010497,41,2007,2017,10,wc,organon,142.80718994140625,81.298828125,17.946060180664062,5521.5556640625,36168.84375,195.28525347977404,7943.263252863984,50030.73073345267
22953951010497,41,2007,2017,10,wc,conus_spdep,142.8236083984375,81.3260726928711,17.944087982177734,5670.33154296875,37181.19921875,195.28525347977404,7943.263252863984,50030.73073345267
22953951010497,41,2007,2017,10,wc,conus_climate,142.82945251464844,81.35440063476562,17.94133186340332,5554.3544921875,36377.10546875,195.28525347977404,7943.263252863984,50030.73073345267
29881831010497,41,2009,2019,10,wc,fvs_base,156.59747314453125,130.56292724609375,14.829232215881348,4918.9267578125,29323.060546875,160.855480232194,5915.383173346231,36224.95729790655
29881831010497,41,2009,2019,10,wc,fvs_regional,158.15013122558594,132.892578125,14.771366119384766,4954.986328125,29525.388671875,160.855480232194,5915.383173346231,36224.95729790655
29881831010497,41,2009,2019,10,wc,organon,117.91819763183594,96.3464584350586,14.979893684387207,3649.595947265625,21898.306640625,160.855480232194,5915.383173346231,36224.95729790655
29881831010497,41,2009,2019,10,wc,conus_spdep,117.93218231201172,96.37420654296875,14.978631019592285,3846.446044921875,23257.861328125,160.855480232194,5915.383173346231,36224.95729790655
29881831010497,41,2009,2019,10,wc,conus_climate,117.91190338134766,96.33081817626953,14.98071575164795,3726.7890625,22308.30859375,160.855480232194,5915.383173346231,36224.95729790655
13031154010497,53,2005,2015,10,wc,fvs_base,168.20892333984375,306.3836669921875,10.032936096191406,4476.03466796875,22986.34375,153.28044765764946,4170.353970482868,11047.898648245173
13031154010497,53,2005,2015,10,wc,fvs_regional,168.94378662109375,308.1988220214844,10.02517318725586,4492.80078125,23081.7890625,153.28044765764946,4170.353970482868,11047.898648245173
13031154010497,53,2005,2015,10,wc,organon,118.17321014404297,207.45236206054688,10.219664573669434,2357.732421875,11296.814453125,153.28044765764946,4170.353970482868,11047.898648245173
13031154010497,53,2005,2015,10,wc,conus_spdep,118.51947021484375,207.6592559814453,10.229527473449707,2768.55029296875,13818.140625,153.28044765764946,4170.353970482868,11047.898648245173
13031154010497,53,2005,2015,10,wc,conus_climate,118.2112045288086,207.6757049560547,10.215808868408203,2874.61376953125,14485.6875,153.28044765764946,4170.353970482868,11047.898648245173
48205559010497,41,2011,2021,10,wc,fvs_base,53.27661895751953,29.76460838317871,18.11567497253418,1093.9329833984375,5349.46142578125,47.140238319127974,692.235315861186,3199.403722722758
48205559010497,41,2011,2021,10,wc,fvs_regional,53.27661895751953,29.76460838317871,18.11567497253418,1093.9329833984375,5349.46142578125,47.140238319127974,692.235315861186,3199.403722722758
48205559010497,41,2011,2021,10,wc,organon,53.27661895751953,29.76460838317871,18.11567497253418,1093.9329833984375,5349.46142578125,47.140238319127974,692.235315861186,3199.403722722758
48205559010497,41,2011,2021,10,wc,conus_spdep,53.27661895751953,29.76460838317871,18.11567497253418,1093.9329833984375,5349.46142578125,47.140238319127974,692.235315861186,3199.403722722758
48205559010497,41,2011,2021,10,wc,conus_climate,53.27661895751953,29.76460838317871,18.11567497253418,1093.9329833984375,5349.46142578125,47.140238319127974,692.235315861186,3199.403722722758
22825947010497,41,2007,2017,10,wc,fvs_base,122.47370910644531,104.91809844970703,14.62960147857666,3497.513427734375,18364.353515625,110.70704828989884,2515.6652875279224,13285.644863284539
22825947010497,41,2007,2017,10,wc,fvs_regional,121.71977996826172,103.93218231201172,14.653517723083496,3478.149658203125,18263.31640625,110.70704828989884,2515.6652875279224,13285.644863284539
22825947010497,41,2007,2017,10,wc,organon,94.28215026855469,79.57080841064453,14.739206314086914,2645.39990234375,13768.2548828125,110.70704828989884,2515.6652875279224,13285.644863284539
22825947010497,41,2007,2017,10,wc,conus_spdep,94.47657012939453,79.61740112304688,14.750077247619629,2797.07373046875,14694.216796875,110.70704828989884,2515.6652875279224,13285.644863284539
22825947010497,41,2007,2017,10,wc,conus_climate,94.28282928466797,79.57188415527344,14.73915958404541,2643.642578125,13756.5087890625,110.70704828989884,2515.6652875279224,13285.644863284539
12904293010497,41,2005,2015,10,wc,fvs_base,29.18129539489746,65.53899383544922,9.035219192504883,419.9977722167969,1912.2347412109375,104.27111769789829,1589.6490735921159,4671.377008079155
12904293010497,41,2005,2015,10,wc,fvs_regional,29.211835861206055,65.6667251586914,9.031148910522461,420.03387451171875,1912.15185546875,104.27111769789829,1589.6490735921159,4671.377008079155
12904293010497,41,2005,2015,10,wc,organon,25.978984832763672,55.13191223144531,9.294922828674316,396.7609558105469,1821.9595947265625,104.27111769789829,1589.6490735921159,4671.377008079155
12904293010497,41,2005,2015,10,wc,conus_spdep,25.98575210571289,55.15399169921875,9.294272422790527,508.123779296875,2692.716796875,104.27111769789829,1589.6490735921159,4671.377008079155
12904293010497,41,2005,2015,10,wc,conus_climate,25.979740142822266,55.13434600830078,9.294855117797852,396.7115173339844,1821.6142578125,104.27111769789829,1589.6490735921159,4671.377008079155
29880184010497,41,2009,2019,10,wc,fvs_base,158.72418212890625,189.5297088623047,12.39136791229248,4125.8935546875,23049.634765625,218.6290179197004,5035.9784579068,27556.008710398353
29880184010497,41,2009,2019,10,wc,fvs_regional,159.26890563964844,190.60629272460938,12.377511024475098,4138.49072265625,23116.783203125,218.6290179197004,5035.9784579068,27556.008710398353
29880184010497,41,2009,2019,10,wc,organon,128.08274841308594,148.8946075439453,12.558626174926758,3366.9072265625,18741.72265625,218.6290179197004,5035.9784579068,27556.008710398353
29880184010497,41,2009,2019,10,wc,conus_spdep,128.0918426513672,148.90988159179688,12.558428764343262,3644.30517578125,20536.0234375,218.6290179197004,5035.9784579068,27556.008710398353
29880184010497,41,2009,2019,10,wc,conus_climate,128.0802001953125,148.8882293701172,12.558770179748535,3365.639892578125,18724.7734375,218.6290179197004,5035.9784579068,27556.008710398353
41118801010497,41,2002,2012,10,wc,fvs_base,109.13715362548828,125.64913940429688,12.619518280029297,2749.39794921875,15320.904296875,113.20516184480323,1850.806813322362,11275.872153880842
41118801010497,41,2002,2012,10,wc,fvs_regional,108.89716339111328,125.5404281616211,12.61109733581543,2742.2705078125,15285.1962890625,113.20516184480323,1850.806813322362,11275.872153880842
41118801010497,41,2002,2012,10,wc,organon,97.89381408691406,120.2118148803711,12.219132423400879,2409.55419921875,13302.5263671875,113.20516184480323,1850.806813322362,11275.872153880842
41118801010497,41,2002,2012,10,wc,conus_spdep,97.91204833984375,120.21590423583984,12.22005844116211,2476.054931640625,13694.025390625,113.20516184480323,1850.806813322362,11275.872153880842
41118801010497,41,2002,2012,10,wc,conus_climate,97.89389038085938,120.2119140625,12.219131469726562,2407.14990234375,13287.8232421875,113.20516184480323,1850.806813322362,11275.872153880842
48202741010497,41,2011,2021,10,wc,fvs_base,95.44309997558594,11.784732818603516,38.53440856933594,3934.306884765625,26976.39453125,94.52522109184716,4402.732310002993,31268.20848596894
48202741010497,41,2011,2021,10,wc,fvs_regional,94.87318420410156,11.754935264587402,38.46784973144531,3902.05322265625,26741.533203125,94.52522109184716,4402.732310002993,31268.20848596894
48202741010497,41,2011,2021,10,wc,organon,76.97492218017578,9.456762313842773,38.63133239746094,3218.05810546875,22119.5234375,94.52522109184716,4402.732310002993,31268.20848596894
48202741010497,41,2011,2021,10,wc,conus_spdep,76.97863006591797,9.457571029663086,38.6306037902832,3317.677001953125,22936.650390625,94.52522109184716,4402.732310002993,31268.20848596894
48202741010497,41,2011,2021,10,wc,conus_climate,76.97491455078125,9.456768989562988,38.63132095336914,3221.896728515625,22150.880859375,94.52522109184716,4402.732310002993,31268.20848596894
8664028010901,41,2006,2016,10,wc,fvs_base,85.3246078491211,83.27661895751953,13.706039428710938,2254.46728515625,11259.8798828125,,,
8664028010901,41,2006,2016,10,wc,fvs_regional,85.2153091430664,83.1576156616211,13.707053184509277,2251.8173828125,11247.2734375,,,
8664028010901,41,2006,2016,10,wc,organon,78.25759887695312,75.58000946044922,13.77831745147705,2056.795654296875,10271.646484375,,,
8664028010901,41,2006,2016,10,wc,conus_spdep,78.2682876586914,75.60144805908203,13.777303695678711,2157.052490234375,10959.708984375,,,
8664028010901,41,2006,2016,10,wc,conus_climate,78.25688934326172,75.57866668701172,13.778375625610352,2058.56201171875,10286.6748046875,,,
41118741010497,41,2002,2012,10,wc,fvs_base,160.92771911621094,239.46902465820312,11.100110054016113,4247.03125,22128.6875,114.07647878265755,2911.4100901449237,13134.713136669949
41118741010497,41,2002,2012,10,wc,fvs_regional,158.94638061523438,234.91786193847656,11.137904167175293,4210.0146484375,21940.365234375,114.07647878265755,2911.4100901449237,13134.713136669949
41118741010497,41,2002,2012,10,wc,organon,116.1413345336914,170.28466796875,11.182576179504395,2964.6806640625,15319.1533203125,114.07647878265755,2911.4100901449237,13134.713136669949
41118741010497,41,2002,2012,10,wc,conus_spdep,116.2811508178711,170.31063842773438,11.18845272064209,3160.131103515625,16515.44140625,114.07647878265755,2911.4100901449237,13134.713136669949
41118741010497,41,2002,2012,10,wc,conus_climate,116.11563110351562,170.2086181640625,11.183838844299316,3081.87109375,16042.5302734375,114.07647878265755,2911.4100901449237,13134.713136669949
22954661010497,53,2007,2017,10,wc,fvs_base,78.58145904541016,55.52167892456055,16.108869552612305,2420.545166015625,13818.5517578125,,,
22954661010497,53,2007,2017,10,wc,fvs_regional,78.72144317626953,55.61467742919922,16.109724044799805,2425.97119140625,13856.30859375,,,
22954661010497,53,2007,2017,10,wc,organon,69.0892105102539,48.22148513793945,16.207691192626953,2095.62109375,11907.9765625,,,
22954661010497,53,2007,2017,10,wc,conus_spdep,69.08765411376953,48.21590805053711,16.20844268798828,2129.12548828125,12143.5361328125,,,
22954661010497,53,2007,2017,10,wc,conus_climate,69.08765411376953,48.21590805053711,16.20844268798828,2129.12548828125,12143.5361328125,,,
48205942010497,41,2011,2021,10,wc,fvs_base,177.2675018310547,289.862060546875,10.58900260925293,4009.244140625,20139.3203125,158.02099773160927,4002.8585762333596,17720.164320088374
48205942010497,41,2011,2021,10,wc,fvs_regional,173.36395263671875,280.97662353515625,10.636058807373047,3908.433837890625,19627.478515625,158.02099773160927,4002.8585762333596,17720.164320088374
48205942010497,41,2011,2021,10,wc,organon,148.09107971191406,236.74375915527344,10.70931339263916,3373.5908203125,16903.55078125,158.02099773160927,4002.8585762333596,17720.164320088374
48205942010497,41,2011,2021,10,wc,conus_spdep,148.0856170654297,236.6460418701172,10.711318969726562,3507.61328125,17715.904296875,158.02099773160927,4002.8585762333596,17720.164320088374
48205942010497,41,2011,2021,10,wc,conus_climate,148.1224365234375,236.82138061523438,10.70868968963623,3393.665771484375,17039.142578125,158.02099773160927,4002.8585762333596,17720.164320088374
22953774010497,41,2007,2018,11,wc,fvs_base,108.3990478515625,147.95675659179688,11.58995532989502,1675.7669677734375,7952.34228515625,,,
22953774010497,41,2007,2018,11,wc,fvs_regional,108.18082427978516,147.6986846923828,11.588388442993164,1671.0865478515625,7930.1943359375,,,
22953774010497,41,2007,2018,11,wc,organon,96.66706848144531,136.6849822998047,11.387152671813965,1391.847900390625,6643.6884765625,,,
22953774010497,41,2007,2018,11,wc,conus_spdep,97.01478576660156,136.7966766357422,11.40295696258545,1490.563720703125,7151.35791015625,,,
22953774010497,41,2007,2018,11,wc,conus_climate,96.66690063476562,136.6850128173828,11.387141227722168,1389.5001220703125,6612.11865234375,,,
22398665010497,53,2004,2014,10,wc,fvs_base,312.4966125488281,225.17620849609375,15.95136547088623,12237.21875,70779.890625,256.4924861686404,11297.469459191845,71312.62911769743
22398665010497,53,2004,2014,10,wc,fvs_regional,314.6080322265625,229.22193908691406,15.863282203674316,12298.341796875,71119.6328125,256.4924861686404,11297.469459191845,71312.62911769743
22398665010497,53,2004,2014,10,wc,organon,235.70794677734375,166.65914916992188,16.10306739807129,8929.2548828125,51521.48828125,256.4924861686404,11297.469459191845,71312.62911769743
22398665010497,53,2004,2014,10,wc,conus_spdep,235.71200561523438,166.65753173828125,16.103288650512695,9338.6318359375,54216.25390625,256.4924861686404,11297.469459191845,71312.62911769743
22398665010497,53,2004,2014,10,wc,conus_climate,235.710205078125,166.66004943847656,16.103103637695312,8904.33984375,51352.921875,256.4924861686404,11297.469459191845,71312.62911769743
22398757010497,53,2004,2014,10,wc,fvs_base,74.71420288085938,111.72901153564453,11.072735786437988,1360.8482666015625,6352.310546875,63.818093832944086,584.3120780888121,1930.235981752444
22398757010497,53,2004,2014,10,wc,fvs_regional,74.54886627197266,111.52379608154297,11.070646286010742,1356.97509765625,6334.0830078125,63.818093832944086,584.3120780888121,1930.235981752444
22398757010497,53,2004,2014,10,wc,organon,59.04283905029297,87.89620971679688,11.097748756408691,1000.5784912109375,4550.18701171875,63.818093832944086,584.3120780888121,1930.235981752444
22398757010497,53,2004,2014,10,wc,conus_spdep,59.2153205871582,87.97051239013672,11.10925006866455,1160.8314208984375,5587.04931640625,63.818093832944086,584.3120780888121,1930.235981752444
22398757010497,53,2004,2014,10,wc,conus_climate,59.01667785644531,87.88614654541016,11.095925331115723,997.0408325195312,4508.31689453125,63.818093832944086,584.3120780888121,1930.235981752444
41118335010497,41,2001,2011,10,wc,fvs_base,346.3943176269531,48.30959701538086,36.258087158203125,20431.525390625,147705.46875,327.8660097343697,20238.431643696465,149109.51601289792
41118335010497,41,2001,2011,10,wc,fvs_regional,347.5727844238281,48.652130126953125,36.19163131713867,20494.5546875,148135.921875,327.8660097343697,20238.431643696465,149109.51601289792
41118335010497,41,2001,2011,10,wc,organon,258.50189208984375,34.719932556152344,36.94695281982422,15331.71484375,111202.484375,327.8660097343697,20238.431643696465,149109.51601289792
41118335010497,41,2001,2011,10,wc,conus_spdep,258.5100402832031,34.72126388549805,36.94683074951172,15370.4091796875,111485.15625,327.8660097343697,20238.431643696465,149109.51601289792
41118335010497,41,2001,2011,10,wc,conus_climate,258.5000915527344,34.71974182128906,36.94693374633789,15345.6826171875,111266.84375,327.8660097343697,20238.431643696465,149109.51601289792
29883030010497,41,2009,2019,10,wc,fvs_base,40.336326599121094,39.34699249267578,13.709721565246582,983.8827514648438,5485.99169921875,45.04543969506886,695.863217810424,3683.055647585002
29883030010497,41,2009,2019,10,wc,fvs_regional,40.226417541503906,39.2008171081543,13.716535568237305,981.45458984375,5472.56494140625,45.04543969506886,695.863217810424,3683.055647585002
29883030010497,41,2009,2019,10,wc,organon,32.91434860229492,31.777624130249023,13.78060245513916,793.0355834960938,4499.64892578125,45.04543969506886,695.863217810424,3683.055647585002
29883030010497,41,2009,2019,10,wc,conus_spdep,32.913902282714844,31.776824951171875,13.780681610107422,854.8727416992188,4747.37646484375,45.04543969506886,695.863217810424,3683.055647585002
29883030010497,41,2009,2019,10,wc,conus_climate,32.91435623168945,31.77763557434082,13.78060245513916,790.734619140625,4483.08349609375,45.04543969506886,695.863217810424,3683.055647585002
8630956010901,53,2006,2017,11,wc,fvs_base,169.52247619628906,216.5847930908203,11.979423522949219,5200.4189453125,29085.74609375,168.0129749204461,6443.752770798537,35490.506478274045
8630956010901,53,2006,2017,11,wc,fvs_regional,169.9841766357422,218.02513122558594,11.956035614013672,5208.990234375,29128.921875,168.0129749204461,6443.752770798537,35490.506478274045
8630956010901,53,2006,2017,11,wc,organon,111.71896362304688,139.41766357421875,12.121064186096191,3345.090087890625,18586.640625,168.0129749204461,6443.752770798537,35490.506478274045
8630956010901,53,2006,2017,11,wc,conus_spdep,111.76032257080078,139.46319580078125,12.121336936950684,3642.687744140625,20414.01953125,168.0129749204461,6443.752770798537,35490.506478274045
8630956010901,53,2006,2017,11,wc,conus_climate,111.7171630859375,139.41229248046875,12.12120532989502,3339.85693359375,18549.09375,168.0129749204461,6443.752770798537,35490.506478274045
24890399010900,41,2004,2014,10,wc,fvs_base,156.4875030517578,28.559322357177734,31.695831298828125,6168.99755859375,40290.88671875,165.66629187273534,7054.800725184956,49860.83297714346
24890399010900,41,2004,2014,10,wc,fvs_regional,156.79225158691406,28.620378494262695,31.692825317382812,6180.5556640625,40364.78125,165.66629187273534,7054.800725184956,49860.83297714346
24890399010900,41,2004,2014,10,wc,organon,121.26774597167969,20.569847106933594,32.87709045410156,4632.31201171875,30497.951171875,165.66629187273534,7054.800725184956,49860.83297714346
24890399010900,41,2004,2014,10,wc,conus_spdep,121.28291320800781,20.57415771484375,32.875701904296875,4729.22900390625,31279.388671875,165.66629187273534,7054.800725184956,49860.83297714346
24890399010900,41,2004,2014,10,wc,conus_climate,121.36341857910156,20.597517013549805,32.86796188354492,4857.60888671875,32070.416015625,165.66629187273534,7054.800725184956,49860.83297714346
22933260010497,53,2008,2018,10,wc,fvs_base,234.05690002441406,192.00828552246094,14.949854850769043,6536.53173828125,35316.51171875,,,
22933260010497,53,2008,2018,10,wc,fvs_regional,236.08766174316406,193.83596801757812,14.943621635437012,6590.546875,35598.7265625,,,
22933260010497,53,2008,2018,10,wc,organon,188.4264678955078,138.54556274414062,15.791048049926758,5311.33349609375,28675.404296875,,,
22933260010497,53,2008,2018,10,wc,conus_spdep,188.53402709960938,138.5682830810547,15.794258117675781,5410.69287109375,29364.16015625,,,
22933260010497,53,2008,2018,10,wc,conus_climate,188.4463653564453,138.54400634765625,15.791969299316406,5335.96923828125,28828.68359375,,,
24503122010900,53,2003,2014,11,wc,fvs_base,216.2395782470703,182.15499877929688,14.753101348876953,4929.01416015625,24794.20703125,,,
24503122010900,53,2003,2014,11,wc,fvs_regional,216.48397827148438,182.51785278320312,14.74675464630127,4933.76025390625,24819.50390625,,,
24503122010900,53,2003,2014,11,wc,organon,155.14224243164062,125.0794448852539,15.080240249633789,3265.706298828125,16106.9453125,,,
24503122010900,53,2003,2014,11,wc,conus_spdep,155.26171875,125.11078643798828,15.084159851074219,3557.705810546875,17978.20703125,,,
24503122010900,53,2003,2014,11,wc,conus_climate,155.26171875,125.11078643798828,15.084159851074219,3557.705810546875,17978.20703125,,,
24487694010900,53,2004,2013,9,wc,fvs_base,54.987403869628906,118.59819793701172,9.219956398010254,1442.5902099609375,7525.0244140625,44.22070937968073,1091.4400081069239,2718.599165226004
24487694010900,53,2004,2013,9,wc,fvs_regional,54.954437255859375,118.58006286621094,9.217897415161133,1441.27685546875,7517.73681640625,44.22070937968073,1091.4400081069239,2718.599165226004
24487694010900,53,2004,2013,9,wc,organon,33.9616584777832,68.63395690917969,9.524918556213379,1005.1932983398438,5396.96728515625,44.22070937968073,1091.4400081069239,2718.599165226004
24487694010900,53,2004,2013,9,wc,conus_spdep,33.96048355102539,68.6324234008789,9.524860382080078,1005.7600708007812,5399.97509765625,44.22070937968073,1091.4400081069239,2718.599165226004
24487694010900,53,2004,2013,9,wc,conus_climate,33.933250427246094,68.56301879882812,9.525859832763672,935.744140625,4942.79833984375,44.22070937968073,1091.4400081069239,2718.599165226004
40220665010497,53,2010,2020,10,wc,fvs_base,147.45364379882812,160.9342041015625,12.961041450500488,3714.505615234375,20041.435546875,152.02406843656055,3391.931047377394,18315.827669388815
40220665010497,53,2010,2020,10,wc,fvs_regional,146.9765167236328,159.9137725830078,12.981278419494629,3700.943603515625,19966.6171875,152.02406843656055,3391.931047377394,18315.827669388815
40220665010497,53,2010,2020,10,wc,organon,111.9297866821289,117.6402816772461,13.207818984985352,2718.443603515625,14559.8583984375,152.02406843656055,3391.931047377394,18315.827669388815
40220665010497,53,2010,2020,10,wc,conus_spdep,112.05142974853516,117.69117736816406,13.21213436126709,2985.145263671875,16280.037109375,152.02406843656055,3391.931047377394,18315.827669388815
40220665010497,53,2010,2020,10,wc,conus_climate,111.91409301757812,117.60709381103516,13.208759307861328,2711.510498046875,14504.57421875,152.02406843656055,3391.931047377394,18315.827669388815
24500127010900,53,2003,2013,10,wc,fvs_base,172.54991149902344,55.55618667602539,23.863130569458008,7153.12548828125,47224.1875,,,
24500127010900,53,2003,2013,10,wc,fvs_regional,172.812744140625,55.607398986816406,23.870304107666016,7164.47216796875,47304.01953125,,,
24500127010900,53,2003,2013,10,wc,organon,140.70693969726562,44.545997619628906,24.06521224975586,5873.205078125,38919.1796875,,,
24500127010900,53,2003,2013,10,wc,conus_spdep,140.69735717773438,44.53844451904297,24.06643295288086,5881.47216796875,38981.9375,,,
24500127010900,53,2003,2013,10,wc,conus_climate,140.70361328125,44.54163360595703,24.066104888916016,5842.40185546875,38661.45703125,,,
29882027010497,41,2009,2019,10,wc,fvs_base,185.5041046142578,183.97232055664062,13.596803665161133,5618.623046875,30951.021484375,103.2444659691406,2793.686489310108,15922.700087767744
29882027010497,41,2009,2019,10,wc,fvs_regional,184.1042938232422,181.2041473388672,13.648480415344238,5585.0048828125,30771.21484375,103.2444659691406,2793.686489310108,15922.700087767744
29882027010497,41,2009,2019,10,wc,organon,149.03213500976562,147.16796875,13.626038551330566,4457.35888671875,24522.490234375,103.2444659691406,2793.686489310108,15922.700087767744
29882027010497,41,2009,2019,10,wc,conus_spdep,149.01194763183594,147.1311492919922,13.626824378967285,4713.64892578125,26127.189453125,103.2444659691406,2793.686489310108,15922.700087767744
29882027010497,41,2009,2019,10,wc,conus_climate,149.03594970703125,147.1761932373047,13.625829696655273,4430.0673828125,24318.216796875,103.2444659691406,2793.686489310108,15922.700087767744
24168311010900,53,2002,2012,10,wc,fvs_base,163.9720001220703,130.20120239257812,15.195452690124512,4148.90087890625,21761.66015625,144.22540258610985,2660.7375627117617,12591.312596218575
24168311010900,53,2002,2012,10,wc,fvs_regional,164.02236938476562,130.27606201171875,15.19342041015625,4147.8056640625,21752.17578125,144.22540258610985,2660.7375627117617,12591.312596218575
24168311010900,53,2002,2012,10,wc,organon,134.4912109375,107.92741394042969,15.11531925201416,3019.258056640625,15242.08984375,144.22540258610985,2660.7375627117617,12591.312596218575
24168311010900,53,2002,2012,10,wc,conus_spdep,134.84405517578125,108.04763793945312,15.126712799072266,3432.73681640625,18115.638671875,144.22540258610985,2660.7375627117617,12591.312596218575
24168311010900,53,2002,2012,10,wc,conus_climate,134.4913330078125,107.92584228515625,15.115438461303711,3019.536376953125,15242.8994140625,144.22540258610985,2660.7375627117617,12591.312596218575
22953922010497,41,2007,2016,9,wc,fvs_base,90.54428100585938,88.33940887451172,13.708486557006836,1805.4276123046875,8492.6240234375,121.1834396965014,2295.062881107436,11631.151165083042
22953922010497,41,2007,2016,9,wc,fvs_regional,90.61560821533203,88.3458480834961,13.713387489318848,1806.549560546875,8497.294921875,121.1834396965014,2295.062881107436,11631.151165083042
22953922010497,41,2007,2016,9,wc,organon,75.4292221069336,72.23848724365234,13.836357116699219,1349.7515869140625,6001.10693359375,121.1834396965014,2295.062881107436,11631.151165083042
22953922010497,41,2007,2016,9,wc,conus_spdep,75.63162231445312,72.26961517333984,13.85192584991455,1572.3038330078125,7513.69873046875,121.1834396965014,2295.062881107436,11631.151165083042
22953922010497,41,2007,2016,9,wc,conus_climate,75.4292221069336,72.2375259399414,13.836450576782227,1363.285400390625,6070.69482421875,121.1834396965014,2295.062881107436,11631.151165083042
12877596010497,41,2005,2015,10,wc,fvs_base,53.29679489135742,94.52420043945312,10.167527198791504,944.977294921875,4343.91650390625,72.28634124634536,656.6833359973341,1447.476215272704
12877596010497,41,2005,2015,10,wc,fvs_regional,53.35222625732422,94.66922760009766,10.165018081665039,945.7171020507812,4346.9775390625,72.28634124634536,656.6833359973341,1447.476215272704
12877596010497,41,2005,2015,10,wc,organon,51.992740631103516,93.41954040527344,10.101568222045898,924.4409790039062,4253.60009765625,72.28634124634536,656.6833359973341,1447.476215272704
12877596010497,41,2005,2015,10,wc,conus_spdep,52.08456039428711,93.41725158691406,10.11060619354248,952.833740234375,4385.6787109375,72.28634124634536,656.6833359973341,1447.476215272704
12877596010497,41,2005,2015,10,wc,conus_climate,51.99240493774414,93.41881561279297,10.101573944091797,924.4349975585938,4253.57373046875,72.28634124634536,656.6833359973341,1447.476215272704
22398482010497,53,2003,2014,11,wc,fvs_base,189.6754608154297,217.95314025878906,12.631654739379883,6035.892578125,33520.984375,74.25606027912133,2499.542965596744,14462.996682086388
22398482010497,53,2003,2014,11,wc,fvs_regional,189.98971557617188,218.7054443359375,12.620351791381836,6040.93505859375,33545.6953125,74.25606027912133,2499.542965596744,14462.996682086388
22398482010497,53,2003,2014,11,wc,organon,148.15870666503906,161.4863739013672,12.969761848449707,4683.1240234375,25910.5078125,74.25606027912133,2499.542965596744,14462.996682086388
22398482010497,53,2003,2014,11,wc,conus_spdep,148.25576782226562,161.583740234375,12.970101356506348,5063.62548828125,28418.751953125,74.25606027912133,2499.542965596744,14462.996682086388
22398482010497,53,2003,2014,11,wc,conus_climate,148.13333129882812,161.43995666503906,12.970508575439453,4726.8447265625,26202.056640625,74.25606027912133,2499.542965596744,14462.996682086388
41118491010497,41,2001,2011,10,wc,fvs_base,31.370731353759766,30.960445404052734,13.629975318908691,1324.29052734375,8341.869140625,50.256431359780706,1269.421872826,7091.815946057576
41118491010497,41,2001,2011,10,wc,fvs_regional,31.08039665222168,29.984773635864258,13.785712242126465,1316.661865234375,8295.3994140625,50.256431359780706,1269.421872826,7091.815946057576
41118491010497,41,2001,2011,10,wc,organon,29.715177536010742,29.452625274658203,13.60076904296875,1201.2847900390625,7547.40625,50.256431359780706,1269.421872826,7091.815946057576
41118491010497,41,2001,2011,10,wc,conus_spdep,29.716625213623047,29.45364761352539,13.600862503051758,1272.255126953125,8009.796875,50.256431359780706,1269.421872826,7091.815946057576
41118491010497,41,2001,2011,10,wc,conus_climate,29.713502883911133,29.446998596191406,13.601686477661133,1205.4459228515625,7570.03271484375,50.256431359780706,1269.421872826,7091.815946057576
22953941010497,41,2007,2018,11,wc,fvs_base,158.9669647216797,42.43947982788086,26.206235885620117,7851.4638671875,51846.56640625,50.32050129405599,2369.420119864704,16855.58100750645
22953941010497,41,2007,2018,11,wc,fvs_regional,159.4765167236328,42.642982482910156,26.185503005981445,7874.146484375,51993.46875,50.32050129405599,2369.420119864704,16855.58100750645
22953941010497,41,2007,2018,11,wc,organon,108.27267456054688,29.507450103759766,25.93760871887207,5307.10205078125,35210.6015625,50.32050129405599,2369.420119864704,16855.58100750645
22953941010497,41,2007,2018,11,wc,conus_spdep,108.27937316894531,29.5096435546875,25.937437057495117,5373.3369140625,35617.78125,50.32050129405599,2369.420119864704,16855.58100750645
22953941010497,41,2007,2018,11,wc,conus_climate,108.27255249023438,29.507366180419922,25.937633514404297,5306.7060546875,35207.38671875,50.32050129405599,2369.420119864704,16855.58100750645
8651715010901,53,2006,2016,10,wc,fvs_base,147.3737030029297,172.33470153808594,12.521599769592285,4275.37890625,21716.466796875,137.84931391041894,3731.5548378420635,18846.503052330627
8651715010901,53,2006,2016,10,wc,fvs_regional,143.99887084960938,166.27066040039062,12.60108757019043,4163.634765625,21143.919921875,137.84931391041894,3731.5548378420635,18846.503052330627
8651715010901,53,2006,2016,10,wc,organon,117.36328887939453,136.45323181152344,12.557713508605957,3299.4501953125,16591.07421875,137.84931391041894,3731.5548378420635,18846.503052330627
8651715010901,53,2006,2016,10,wc,conus_spdep,117.55622863769531,136.55996704101562,12.563117027282715,3588.755126953125,18381.421875,137.84931391041894,3731.5548378420635,18846.503052330627
8651715010901,53,2006,2016,10,wc,conus_climate,117.34514617919922,136.43194580078125,12.557723999023438,3338.20263671875,16815.640625,137.84931391041894,3731.5548378420635,18846.503052330627
8634562010901,53,2006,2016,10,wc,fvs_base,102.31903839111328,104.7261734008789,13.38403034210205,2618.803955078125,13357.03125,109.80859000028322,2045.477573385876,10255.122402130835
8634562010901,53,2006,2016,10,wc,fvs_regional,99.78077697753906,100.39087677001953,13.499342918395996,2547.898681640625,12999.4306640625,109.80859000028322,2045.477573385876,10255.122402130835
8634562010901,53,2006,2016,10,wc,organon,82.25469970703125,84.1048812866211,13.390786170959473,1953.999755859375,9876.16796875,109.80859000028322,2045.477573385876,10255.122402130835
8634562010901,53,2006,2016,10,wc,conus_spdep,82.68270874023438,84.19722747802734,13.418214797973633,2209.855712890625,11504.802734375,109.80859000028322,2045.477573385876,10255.122402130835
8634562010901,53,2006,2016,10,wc,conus_climate,82.40538024902344,84.14630126953125,13.399744987487793,2117.713623046875,10803.5224609375,109.80859000028322,2045.477573385876,10255.122402130835
24538131010900,53,2003,2013,10,wc,fvs_base,95.57305908203125,37.81917190551758,21.525243759155273,2796.570556640625,16408.03125,56.83016015088131,1277.7240705722859,7293.945167378174
24538131010900,53,2003,2013,10,wc,fvs_regional,95.42414093017578,37.63936233520508,21.559776306152344,2791.320556640625,16376.1708984375,56.83016015088131,1277.7240705722859,7293.945167378174
24538131010900,53,2003,2013,10,wc,organon,76.07963562011719,29.830102920532227,21.624351501464844,2174.11962890625,12700.869140625,56.83016015088131,1277.7240705722859,7293.945167378174
24538131010900,53,2003,2013,10,wc,conus_spdep,76.09408569335938,29.834957122802734,21.62464714050293,2360.3837890625,13990.173828125,56.83016015088131,1277.7240705722859,7293.945167378174
24538131010900,53,2003,2013,10,wc,conus_climate,76.0809097290039,29.830711364746094,21.624317169189453,2175.53466796875,12754.599609375,56.83016015088131,1277.7240705722859,7293.945167378174
40403249010497,41,2010,2020,10,wc,fvs_base,19.786537170410156,24.40958595275879,12.191045761108398,326.9043884277344,1574.961181640625,18.54935186595785,208.370187328672,777.8506185975959
40403249010497,41,2010,2020,10,wc,fvs_regional,19.786537170410156,24.40958595275879,12.191045761108398,326.9043884277344,1574.961181640625,18.54935186595785,208.370187328672,777.8506185975959
40403249010497,41,2010,2020,10,wc,organon,19.786537170410156,24.40958595275879,12.191045761108398,326.9043884277344,1574.961181640625,18.54935186595785,208.370187328672,777.8506185975959
40403249010497,41,2010,2020,10,wc,conus_spdep,19.786537170410156,24.40958595275879,12.191045761108398,326.9043884277344,1574.961181640625,18.54935186595785,208.370187328672,777.8506185975959
40403249010497,41,2010,2020,10,wc,conus_climate,19.786537170410156,24.40958595275879,12.191045761108398,326.9043884277344,1574.961181640625,18.54935186595785,208.370187328672,777.8506185975959
12815407010497,41,2005,2015,10,wc,fvs_base,8.077269554138184,17.8572940826416,9.106695175170898,108.7674560546875,517.9122924804688,25.926433912280697,161.588067693002,263.23426683772
12815407010497,41,2005,2015,10,wc,fvs_regional,8.077269554138184,17.8572940826416,9.106695175170898,108.7674560546875,517.9122924804688,25.926433912280697,161.588067693002,263.23426683772
12815407010497,41,2005,2015,10,wc,organon,8.077269554138184,17.8572940826416,9.106695175170898,108.7674560546875,517.9122924804688,25.926433912280697,161.588067693002,263.23426683772
12815407010497,41,2005,2015,10,wc,conus_spdep,8.077269554138184,17.8572940826416,9.106695175170898,108.7674560546875,517.9122924804688,25.926433912280697,161.588067693002,263.23426683772
12815407010497,41,2005,2015,10,wc,conus_climate,8.077269554138184,17.8572940826416,9.106695175170898,108.7674560546875,517.9122924804688,25.926433912280697,161.588067693002,263.23426683772
24484927010900,53,2003,2013,10,wc,fvs_base,48.45535659790039,83.3916244506836,10.321577072143555,818.9859008789062,3721.543701171875,76.07386464588897,1509.228705310502,6309.814789820399
24484927010900,53,2003,2013,10,wc,fvs_regional,48.61647033691406,83.6294174194336,10.32401180267334,821.6768188476562,3733.374267578125,76.07386464588897,1509.228705310502,6309.814789820399
24484927010900,53,2003,2013,10,wc,organon,32.483551025390625,60.56272506713867,9.916657447814941,536.9882202148438,2458.949462890625,76.07386464588897,1509.228705310502,6309.814789820399
24484927010900,53,2003,2013,10,wc,conus_spdep,32.7126350402832,60.73454284667969,9.937478065490723,648.7098999023438,3140.88037109375,76.07386464588897,1509.228705310502,6309.814789820399
24484927010900,53,2003,2013,10,wc,conus_climate,32.4964599609375,60.585693359375,9.916747093200684,544.302734375,2508.842041015625,76.07386464588897,1509.228705310502,6309.814789820399
22954802010497,53,2007,2017,10,wc,fvs_base,144.90478515625,253.50047302246094,10.237367630004883,4288.00634765625,21987.4609375,71.8248191434255,1239.9225589715882,4382.170581884636
22954802010497,53,2007,2017,10,wc,fvs_regional,142.0329132080078,245.42556762695312,10.300798416137695,4207.9853515625,21547.423828125,71.8248191434255,1239.9225589715882,4382.170581884636
22954802010497,53,2007,2017,10,wc,organon,133.19882202148438,236.6715087890625,10.158124923706055,3857.809814453125,19742.236328125,71.8248191434255,1239.9225589715882,4382.170581884636
22954802010497,53,2007,2017,10,wc,conus_spdep,133.21849060058594,236.67710876464844,10.158753395080566,4064.853759765625,20958.31640625,71.8248191434255,1239.9225589715882,4382.170581884636
22954802010497,53,2007,2017,10,wc,conus_climate,133.21800231933594,236.65611267089844,10.15918254852295,3918.331298828125,20123.8125,71.8248191434255,1239.9225589715882,4382.170581884636
48204211010497,53,2011,2021,10,wc,fvs_base,113.22450256347656,107.81085968017578,13.876348495483398,3692.66650390625,19814.54296875,61.70092590557052,1782.749057763392,10120.557829874291
48204211010497,53,2011,2021,10,wc,fvs_regional,112.10545349121094,106.25211334228516,13.908519744873047,3657.041748046875,19621.55078125,61.70092590557052,1782.749057763392,10120.557829874291
48204211010497,53,2011,2021,10,wc,organon,84.25466918945312,79.87328338623047,13.906972885131836,2530.432861328125,13425.1640625,61.70092590557052,1782.749057763392,10120.557829874291
48204211010497,53,2011,2021,10,wc,conus_spdep,84.24960327148438,79.86758422851562,13.907052993774414,2666.029541015625,14305.8681640625,61.70092590557052,1782.749057763392,10120.557829874291
48204211010497,53,2011,2021,10,wc,conus_climate,84.25511932373047,79.87422943115234,13.906929969787598,2525.828125,13377.736328125,61.70092590557052,1782.749057763392,10120.557829874291
24118813010900,41,2002,2012,10,wc,fvs_base,16.909269332885742,23.770742416381836,11.420294761657715,266.0204162597656,1156.86328125,,,
24118813010900,41,2002,2012,10,wc,fvs_regional,16.909269332885742,23.770742416381836,11.420294761657715,266.0204162597656,1156.86328125,,,
24118813010900,41,2002,2012,10,wc,organon,16.909269332885742,23.770742416381836,11.420294761657715,266.0204162597656,1156.86328125,,,
24118813010900,41,2002,2012,10,wc,conus_spdep,16.909269332885742,23.770742416381836,11.420294761657715,266.0204162597656,1156.86328125,,,
24118813010900,41,2002,2012,10,wc,conus_climate,16.909269332885742,23.770742416381836,11.420294761657715,266.0204162597656,1156.86328125,,,
24375333010900,41,2003,2013,10,wc,fvs_base,124.28983306884766,154.53933715820312,12.14323902130127,2620.046875,12580.2822265625,129.14839275185346,3328.442340080274,15877.328152082559
24375333010900,41,2003,2013,10,wc,fvs_regional,124.58829498291016,154.9676513671875,12.141000747680664,2626.45654296875,12611.255859375,129.14839275185346,3328.442340080274,15877.328152082559
24375333010900,41,2003,2013,10,wc,organon,102.7906723022461,126.58289337158203,12.201849937438965,1912.029541015625,8691.5390625,129.14839275185346,3328.442340080274,15877.328152082559
24375333010900,41,2003,2013,10,wc,conus_spdep,102.85006713867188,126.62747955322266,12.20322322845459,2401.258056640625,11652.662109375,129.14839275185346,3328.442340080274,15877.328152082559
24375333010900,41,2003,2013,10,wc,conus_climate,102.78468322753906,126.57176208496094,12.202028274536133,1919.3172607421875,8749.14453125,129.14839275185346,3328.442340080274,15877.328152082559
48202540010497,53,2011,2022,11,wc,fvs_base,133.95594787597656,152.8694610595703,12.675260543823242,3367.965087890625,17799.228515625,112.1889005795031,2327.2273623876517,11935.259662848623
48202540010497,53,2011,2022,11,wc,fvs_regional,133.95460510253906,152.81173706054688,12.677593231201172,3367.069580078125,17796.720703125,112.1889005795031,2327.2273623876517,11935.259662848623
48202540010497,53,2011,2022,11,wc,organon,96.23921203613281,104.46113586425781,12.996755599975586,2136.45947265625,10851.5244140625,112.1889005795031,2327.2273623876517,11935.259662848623
48202540010497,53,2011,2022,11,wc,conus_spdep,96.56546020507812,104.55745697021484,13.012767791748047,2488.24365234375,13295.318359375,112.1889005795031,2327.2273623876517,11935.259662848623
48202540010497,53,2011,2022,11,wc,conus_climate,96.20673370361328,104.40708923339844,12.997926712036133,2181.3466796875,11143.01953125,112.1889005795031,2327.2273623876517,11935.259662848623
23933855010900,41,2001,2011,10,wc,fvs_base,87.9867172241211,113.29060363769531,11.932952880859375,1566.3453369140625,7406.24755859375,67.97367745108235,1420.235049653212,7296.284480450406
23933855010900,41,2001,2011,10,wc,fvs_regional,88.0271987915039,113.28204345703125,11.936149597167969,1566.5201416015625,7406.142578125,67.97367745108235,1420.235049653212,7296.284480450406
23933855010900,41,2001,2011,10,wc,organon,77.63993072509766,102.00515747070312,11.813203811645508,1325.189208984375,6202.68896484375,67.97367745108235,1420.235049653212,7296.284480450406
23933855010900,41,2001,2011,10,wc,conus_spdep,78.00599670410156,102.08241271972656,11.836542129516602,1505.1326904296875,7370.46826171875,67.97367745108235,1420.235049653212,7296.284480450406
23933855010900,41,2001,2011,10,wc,conus_climate,77.63928985595703,102.00399017333984,11.813222885131836,1322.4285888671875,6175.501953125,67.97367745108235,1420.235049653212,7296.284480450406
24453619010900,41,2003,2013,10,wc,fvs_base,142.84866333007812,207.69134521484375,11.22962474822998,2861.45849609375,13268.4609375,159.51950996160846,4342.257992087691,20622.65542094362
24453619010900,41,2003,2013,10,wc,fvs_regional,143.237060546875,208.3428955078125,11.227280616760254,2869.340576171875,13305.2265625,159.51950996160846,4342.257992087691,20622.65542094362
24453619010900,41,2003,2013,10,wc,organon,117.86880493164062,169.80555725097656,11.2813138961792,2020.40673828125,9004.083984375,159.51950996160846,4342.257992087691,20622.65542094362
24453619010900,41,2003,2013,10,wc,conus_spdep,118.02267456054688,169.9011993408203,11.285501480102539,2577.0146484375,12319.4013671875,159.51950996160846,4342.257992087691,20622.65542094362
24453619010900,41,2003,2013,10,wc,conus_climate,117.85870361328125,169.78546142578125,11.281500816345215,2017.5048828125,8986.18359375,159.51950996160846,4342.257992087691,20622.65542094362
22931103010497,53,2008,2018,10,wc,fvs_base,235.1339111328125,181.1123504638672,15.428362846374512,7810.2421875,42041.7578125,3.213735434476024,,
22931103010497,53,2008,2018,10,wc,fvs_regional,236.16302490234375,182.2415771484375,15.414114952087402,7844.69482421875,42223.09375,3.213735434476024,,
22931103010497,53,2008,2018,10,wc,organon,181.9642333984375,138.2041473388672,15.537053108215332,5414.60009765625,28498.6796875,3.213735434476024,,
22931103010497,53,2008,2018,10,wc,conus_spdep,182.05941772460938,138.23995971679688,15.539105415344238,5912.04638671875,31816.552734375,3.213735434476024,,
22931103010497,53,2008,2018,10,wc,conus_climate,182.11892700195312,138.35809326171875,15.535011291503906,5467.1845703125,28772.447265625,3.213735434476024,,
40219276010497,41,2010,2021,11,wc,fvs_base,142.3036651611328,259.283203125,10.031302452087402,3884.51953125,20680.833984375,136.71994245451555,1897.382053755764,5798.820126179614
40219276010497,41,2010,2021,11,wc,fvs_regional,135.74961853027344,241.21168518066406,10.157958030700684,3740.540283203125,19924.517578125,136.71994245451555,1897.382053755764,5798.820126179614
40219276010497,41,2010,2021,11,wc,organon,128.78248596191406,237.5684814453125,9.969425201416016,3072.772216796875,16013.4541015625,136.71994245451555,1897.382053755764,5798.820126179614
40219276010497,41,2010,2021,11,wc,conus_spdep,128.8666229248047,237.78829956054688,9.968073844909668,3556.59228515625,18976.384765625,136.71994245451555,1897.382053755764,5798.820126179614
40219276010497,41,2010,2021,11,wc,conus_climate,128.6878204345703,237.34414672851562,9.970473289489746,3283.10986328125,17300.529296875,136.71994245451555,1897.382053755764,5798.820126179614
29881428010497,41,2009,2019,10,wc,fvs_base,53.14678955078125,47.91733932495117,14.260293960571289,1194.735107421875,6032.36767578125,49.79579298361599,873.1869942013739,4386.695971935256
29881428010497,41,2009,2019,10,wc,fvs_regional,53.043949127197266,47.79267883300781,14.265058517456055,1192.1334228515625,6019.8232421875,49.79579298361599,873.1869942013739,4386.695971935256
29881428010497,41,2009,2019,10,wc,organon,42.168331146240234,37.48873519897461,14.360815048217773,890.3932495117188,4425.52587890625,49.79579298361599,873.1869942013739,4386.695971935256
29881428010497,41,2009,2019,10,wc,conus_spdep,42.2408561706543,37.51588821411133,14.367955207824707,1007.9234008789062,5147.640625,49.79579298361599,873.1869942013739,4386.695971935256
29881428010497,41,2009,2019,10,wc,conus_climate,42.16838073730469,37.48867416381836,14.360837936401367,890.4275512695312,4422.77978515625,49.79579298361599,873.1869942013739,4386.695971935256
40220397010497,53,2010,2022,12,wc,fvs_base,211.86398315429688,310.1070861816406,11.192035675048828,5298.63232421875,26302.646484375,203.77102777211212,5639.884398570852,25572.42940347934
40220397010497,53,2010,2022,12,wc,fvs_regional,213.16139221191406,313.5472412109375,11.164490699768066,5323.365234375,26428.826171875,203.77102777211212,5639.884398570852,25572.42940347934
40220397010497,53,2010,2022,12,wc,organon,161.76577758789062,228.89036560058594,11.3832368850708,3472.259765625,16459.513671875,203.77102777211212,5639.884398570852,25572.42940347934
40220397010497,53,2010,2022,12,wc,conus_spdep,162.3914031982422,229.2128143310547,11.39720630645752,4049.962158203125,19970.18359375,203.77102777211212,5639.884398570852,25572.42940347934
40220397010497,53,2010,2022,12,wc,conus_climate,161.81442260742188,228.99359130859375,11.382384300231934,3479.806396484375,16514.720703125,203.77102777211212,5639.884398570852,25572.42940347934
24065771010900,41,2002,2012,10,wc,fvs_base,183.1151580810547,272.8318176269531,11.093050003051758,4531.77880859375,22514.4453125,176.6992457120587,3264.215538527346,13730.718832912205
24065771010900,41,2002,2012,10,wc,fvs_regional,179.45787048339844,265.5045471191406,11.132214546203613,4449.94384765625,22120.384765625,176.6992457120587,3264.215538527346,13730.718832912205
24065771010900,41,2002,2012,10,wc,organon,147.33224487304688,226.65255737304688,10.917038917541504,3375.019775390625,16503.9453125,176.6992457120587,3264.215538527346,13730.718832912205
24065771010900,41,2002,2012,10,wc,conus_spdep,147.6597442626953,226.65277099609375,10.929158210754395,3710.191650390625,18543.779296875,176.6992457120587,3264.215538527346,13730.718832912205
24065771010900,41,2002,2012,10,wc,conus_climate,147.67926025390625,226.68223571777344,10.92917251586914,3676.378662109375,18344.130859375,176.6992457120587,3264.215538527346,13730.718832912205
29881992010497,41,2009,2019,10,wc,fvs_base,208.1396026611328,269.7100830078125,11.89501667022705,7223.841796875,38571.80078125,172.23888618955013,6737.07578704147,34838.08895248843
29881992010497,41,2009,2019,10,wc,fvs_regional,209.3422393798828,272.26300048828125,11.873271942138672,7259.41259765625,38765.6953125,172.23888618955013,6737.07578704147,34838.08895248843
29881992010497,41,2009,2019,10,wc,organon,146.0133056640625,188.00619506835938,11.93291187286377,4836.927734375,25621.96484375,172.23888618955013,6737.07578704147,34838.08895248843
29881992010497,41,2009,2019,10,wc,conus_spdep,146.25698852539062,188.06788635253906,11.940906524658203,5138.8935546875,27591.1328125,172.23888618955013,6737.07578704147,34838.08895248843
29881992010497,41,2009,2019,10,wc,conus_climate,146.2603302001953,188.24818420410156,11.935319900512695,4925.1318359375,26175.1875,172.23888618955013,6737.07578704147,34838.08895248843
48206580010497,41,2011,2021,10,wc,fvs_base,107.93517303466797,157.02056884765625,11.226373672485352,3151.2724609375,16724.37890625,136.05755131494968,2508.666726737566,10179.603479644009
48206580010497,41,2011,2021,10,wc,fvs_regional,102.98200225830078,146.85647583007812,11.338887214660645,3005.21728515625,15968.810546875,136.05755131494968,2508.666726737566,10179.603479644009
48206580010497,41,2011,2021,10,wc,organon,95.8086166381836,134.1764373779297,11.441960334777832,2800.4296875,14965.861328125,136.05755131494968,2508.666726737566,10179.603479644009
48206580010497,41,2011,2021,10,wc,conus_spdep,95.81234741210938,134.183837890625,11.44186782836914,2865.326904296875,15415.8603515625,136.05755131494968,2508.666726737566,10179.603479644009
48206580010497,41,2011,2021,10,wc,conus_climate,95.80302429199219,134.1626739501953,11.442214012145996,2808.093994140625,15010.0576171875,136.05755131494968,2508.666726737566,10179.603479644009
29882463010497,41,2009,2019,10,wc,fvs_base,65.6751480102539,191.26480102539062,7.934497356414795,1513.7197265625,8060.49755859375,57.47614511231202,745.659688735838,1367.69748295784
29882463010497,41,2009,2019,10,wc,fvs_regional,61.63026428222656,178.0752410888672,7.965839862823486,1422.7587890625,7559.5966796875,57.47614511231202,745.659688735838,1367.69748295784
29882463010497,41,2009,2019,10,wc,organon,57.54517364501953,168.7021942138672,7.908248424530029,1173.734130859375,6080.70361328125,57.47614511231202,745.659688735838,1367.69748295784
29882463010497,41,2009,2019,10,wc,conus_spdep,57.88034439086914,168.89260864257812,7.926773548126221,1333.1593017578125,7101.59716796875,57.47614511231202,745.659688735838,1367.69748295784
29882463010497,41,2009,2019,10,wc,conus_climate,57.88034439086914,168.89260864257812,7.926773548126221,1333.1593017578125,7101.59716796875,57.47614511231202,745.659688735838,1367.69748295784
29883473010497,53,2009,2019,10,wc,fvs_base,220.144775390625,229.37657165527344,13.265263557434082,7060.54296875,37137.9609375,204.09649140085048,7128.992231421141,39540.26851547487
29883473010497,53,2009,2019,10,wc,fvs_regional,219.84210205078125,229.5542755126953,13.251009941101074,7029.45849609375,36948.9453125,204.09649140085048,7128.992231421141,39540.26851547487
29883473010497,53,2009,2019,10,wc,organon,186.86940002441406,187.89764404296875,13.503454208374023,5637.97802734375,29310.73046875,204.09649140085048,7128.992231421141,39540.26851547487
29883473010497,53,2009,2019,10,wc,conus_spdep,186.8562774658203,187.87533569335938,13.503777503967285,5847.8720703125,30502.45703125,204.09649140085048,7128.992231421141,39540.26851547487
29883473010497,53,2009,2019,10,wc,conus_climate,186.86416625976562,187.86878967285156,13.504298210144043,5712.08154296875,29753.39453125,204.09649140085048,7128.992231421141,39540.26851547487
22954712010497,53,2007,2017,10,wc,fvs_base,86.33073425292969,58.83917236328125,16.401578903198242,2488.700927734375,13395.93359375,80.00167586566626,2218.7010859988745,12697.249224857711
22954712010497,53,2007,2017,10,wc,fvs_regional,86.37528991699219,58.81572723388672,16.409086227416992,2489.56982421875,13398.2392578125,80.00167586566626,2218.7010859988745,12697.249224857711
22954712010497,53,2007,2017,10,wc,organon,68.20913696289062,46.8731689453125,16.3341064453125,1788.8348388671875,9268.3134765625,80.00167586566626,2218.7010859988745,12697.249224857711
22954712010497,53,2007,2017,10,wc,conus_spdep,68.63002014160156,46.948638916015625,16.37125015258789,2010.4761962890625,10787.7783203125,80.00167586566626,2218.7010859988745,12697.249224857711
22954712010497,53,2007,2017,10,wc,conus_climate,68.21017456054688,46.873775482177734,16.334125518798828,1800.3331298828125,9325.4921875,80.00167586566626,2218.7010859988745,12697.249224857711
30852450020004,53,2012,2022,10,wc,fvs_base,197.32867431640625,317.3011474609375,10.678138732910156,4460.52783203125,22377.296875,186.65006589135436,3462.761856468932,11663.447543887152
30852450020004,53,2012,2022,10,wc,fvs_regional,197.81529235839844,318.6927490234375,10.66793155670166,4467.8427734375,22416.73828125,186.65006589135436,3462.761856468932,11663.447543887152
30852450020004,53,2012,2022,10,wc,organon,155.35888671875,243.7716522216797,10.809679985046387,3185.471435546875,15750.169921875,186.65006589135436,3462.761856468932,11663.447543887152
30852450020004,53,2012,2022,10,wc,conus_spdep,155.7029571533203,243.96731567382812,10.817298889160156,3754.1162109375,19177.521484375,186.65006589135436,3462.761856468932,11663.447543887152
30852450020004,53,2012,2022,10,wc,conus_climate,155.346435546875,243.734619140625,10.810063362121582,3164.084716796875,15589.69921875,186.65006589135436,3462.761856468932,11663.447543887152
41118896010497,41,2003,2012,9,wc,fvs_base,98.28813171386719,162.8466339111328,10.519554138183594,2171.217529296875,11807.2724609375,144.53363172808963,1526.649714915472,7057.358054586506
41118896010497,41,2003,2012,9,wc,fvs_regional,98.99992370605469,164.7786407470703,10.495504379272461,2183.46435546875,11871.1689453125,144.53363172808963,1526.649714915472,7057.358054586506
41118896010497,41,2003,2012,9,wc,organon,91.247802734375,158.6781768798828,10.268071174621582,1997.6624755859375,10788.6826171875,144.53363172808963,1526.649714915472,7057.358054586506
41118896010497,41,2003,2012,9,wc,conus_spdep,91.234130859375,158.64111328125,10.268497467041016,2080.1416015625,11298.3388671875,144.53363172808963,1526.649714915472,7057.358054586506
41118896010497,41,2003,2012,9,wc,conus_climate,91.24659729003906,158.6747589111328,10.26811408996582,1996.915283203125,10785.4296875,144.53363172808963,1526.649714915472,7057.358054586506
25115282010900,41,2004,2014,10,wc,fvs_base,58.36432647705078,110.0348892211914,9.861543655395508,1365.7366943359375,6711.66162109375,48.94125551514139,1006.0956002918341,4251.194292130178
25115282010900,41,2004,2014,10,wc,fvs_regional,56.7679557800293,105.89297485351562,9.914125442504883,1329.138671875,6523.533203125,48.94125551514139,1006.0956002918341,4251.194292130178
25115282010900,41,2004,2014,10,wc,organon,51.19375991821289,97.03465270996094,9.835159301757812,1088.1690673828125,5170.775390625,48.94125551514139,1006.0956002918341,4251.194292130178
25115282010900,41,2004,2014,10,wc,conus_spdep,51.45167922973633,97.13417053222656,9.854851722717285,1210.4014892578125,5929.97265625,48.94125551514139,1006.0956002918341,4251.194292130178
25115282010900,41,2004,2014,10,wc,conus_climate,51.45332717895508,97.13758850097656,9.854835510253906,1210.427978515625,5930.09521484375,48.94125551514139,1006.0956002918341,4251.194292130178
29395038010497,41,2008,2018,10,wc,fvs_base,129.44711303710938,128.8636474609375,13.571170806884766,3025.789794921875,16213.4228515625,123.73605418904717,3240.03498374434,18775.994143100288
29395038010497,41,2008,2018,10,wc,fvs_regional,128.57286071777344,127.8437271118164,13.579107284545898,3006.575927734375,16116.7490234375,123.73605418904717,3240.03498374434,18775.994143100288
29395038010497,41,2008,2018,10,wc,organon,81.15873718261719,71.2669906616211,14.449729919433594,1937.69140625,10550.1845703125,123.73605418904717,3240.03498374434,18775.994143100288
29395038010497,41,2008,2018,10,wc,conus_spdep,81.23734283447266,71.30419158935547,14.45295524597168,2096.378173828125,11610.7294921875,123.73605418904717,3240.03498374434,18775.994143100288
29395038010497,41,2008,2018,10,wc,conus_climate,81.22745513916016,71.29720306396484,14.452778816223145,1984.1348876953125,10863.546875,123.73605418904717,3240.03498374434,18775.994143100288
24840602010900,53,2004,2014,10,wc,fvs_base,174.62255859375,94.21783447265625,18.43401336669922,6117.203125,36075.09375,114.5108112044484,4178.122963179139,26685.599628774307
24840602010900,53,2004,2014,10,wc,fvs_regional,174.9500732421875,94.44044494628906,18.429540634155273,6127.87109375,36140.0703125,114.5108112044484,4178.122963179139,26685.599628774307
24840602010900,53,2004,2014,10,wc,organon,145.70399475097656,78.75520324707031,18.41756820678711,4942.71826171875,28869.40625,114.5108112044484,4178.122963179139,26685.599628774307
24840602010900,53,2004,2014,10,wc,conus_spdep,145.70204162597656,78.75321960449219,18.417678833007812,5077.91943359375,29771.70703125,114.5108112044484,4178.122963179139,26685.599628774307
24840602010900,53,2004,2014,10,wc,conus_climate,145.7035369873047,78.75513458251953,18.417545318603516,4990.59619140625,29240.0859375,114.5108112044484,4178.122963179139,26685.599628774307
22953775010497,41,2007,2017,10,wc,fvs_base,132.77003479003906,85.6014404296875,16.863422393798828,4599.287109375,26208.119140625,115.63733274489547,2986.9290570422,17635.568688207284
22953775010497,41,2007,2017,10,wc,fvs_regional,132.2559814453125,85.08541870117188,16.88170623779297,4584.45263671875,26123.4609375,115.63733274489547,2986.9290570422,17635.568688207284
22953775010497,41,2007,2017,10,wc,organon,114.75867462158203,77.1525650024414,16.514060974121094,3698.230712890625,20941.7265625,115.63733274489547,2986.9290570422,17635.568688207284
22953775010497,41,2007,2017,10,wc,conus_spdep,114.7910385131836,77.18052673339844,16.51339340209961,4034.658203125,22987.841796875,115.63733274489547,2986.9290570422,17635.568688207284
22953775010497,41,2007,2017,10,wc,conus_climate,114.760009765625,77.15383911132812,16.514020919799805,3693.162841796875,20899.09375,115.63733274489547,2986.9290570422,17635.568688207284
30852231020004,41,2012,2022,10,wc,fvs_base,108.01432037353516,68.09774017333984,17.05338478088379,3223.186279296875,18080.779296875,96.04553036779637,2685.871843211012,15216.286884927893
30852231020004,41,2012,2022,10,wc,fvs_regional,108.08922576904297,68.13318634033203,17.05486297607422,3224.519287109375,18084.638671875,96.04553036779637,2685.871843211012,15216.286884927893
30852231020004,41,2012,2022,10,wc,organon,87.0122299194336,54.55451202392578,17.1005916595459,2507.609619140625,13962.7880859375,96.04553036779637,2685.871843211012,15216.286884927893
30852231020004,41,2012,2022,10,wc,conus_spdep,87.10096740722656,54.582454681396484,17.10492706298828,2782.683349609375,15772.7470703125,96.04553036779637,2685.871843211012,15216.286884927893
30852231020004,41,2012,2022,10,wc,conus_climate,87.01232147216797,54.554222106933594,17.100645065307617,2517.139892578125,14017.40234375,96.04553036779637,2685.871843211012,15216.286884927893
22398511010497,53,2003,2013,10,wc,fvs_base,134.4749298095703,193.4886474609375,11.288315773010254,3202.057861328125,15875.1181640625,16.061201315990466,266.969589117244,1273.83265240336
22398511010497,53,2003,2013,10,wc,fvs_regional,133.2004852294922,190.14236450195312,11.333128929138184,3173.630615234375,15733.474609375,16.061201315990466,266.969589117244,1273.83265240336
22398511010497,53,2003,2013,10,wc,organon,107.61791229248047,146.98275756835938,11.586318016052246,2510.861572265625,12311.314453125,16.061201315990466,266.969589117244,1273.83265240336
22398511010497,53,2003,2013,10,wc,conus_spdep,107.92347717285156,147.0919189453125,11.598447799682617,2773.954833984375,14039.318359375,16.061201315990466,266.969589117244,1273.83265240336
22398511010497,53,2003,2013,10,wc,conus_climate,107.62437438964844,147.0061492919922,11.58574104309082,2543.04150390625,12551.974609375,16.061201315990466,266.969589117244,1273.83265240336
8616710010901,53,2006,2016,10,wc,fvs_base,6.032309532165527,11.910365104675293,9.6364164352417,99.60298156738281,478.39593505859375,73.70745753642817,1313.4119096464499,2256.3701853429666
8616710010901,53,2006,2016,10,wc,fvs_regional,6.044523239135742,11.932308197021484,9.637293815612793,99.78518676757812,479.21954345703125,73.70745753642817,1313.4119096464499,2256.3701853429666
8616710010901,53,2006,2016,10,wc,organon,4.853609085083008,9.439842224121094,9.709264755249023,58.84907531738281,244.15342712402344,73.70745753642817,1313.4119096464499,2256.3701853429666
8616710010901,53,2006,2016,10,wc,conus_spdep,4.853821277618408,9.440165519714355,9.709310531616211,74.79779052734375,339.39117431640625,73.70745753642817,1313.4119096464499,2256.3701853429666
8616710010901,53,2006,2016,10,wc,conus_climate,4.852272033691406,9.4378023147583,9.708975791931152,69.78863525390625,325.82659912109375,73.70745753642817,1313.4119096464499,2256.3701853429666
12980723010497,53,2005,2015,10,wc,fvs_base,114.24340057373047,48.626548767089844,20.754636764526367,4251.07666015625,25605.33203125,111.72718347279721,4454.628181174776,28952.750090093516
12980723010497,53,2005,2015,10,wc,fvs_regional,114.00685119628906,48.5280647277832,20.754165649414062,4240.3154296875,25537.626953125,111.72718347279721,4454.628181174776,28952.750090093516
12980723010497,53,2005,2015,10,wc,organon,86.96074676513672,38.060691833496094,20.46725845336914,3247.63916015625,19491.59375,111.72718347279721,4454.628181174776,28952.750090093516
12980723010497,53,2005,2015,10,wc,conus_spdep,86.96827697753906,38.06306457519531,20.467500686645508,3326.541748046875,20085.85546875,111.72718347279721,4454.628181174776,28952.750090093516
12980723010497,53,2005,2015,10,wc,conus_climate,86.96212005615234,38.06113815307617,20.46729278564453,3237.114501953125,19443.43359375,111.72718347279721,4454.628181174776,28952.750090093516
22932352010497,41,2008,2018,10,wc,fvs_base,220.86785888671875,79.10315704345703,22.625883102416992,7944.27294921875,49432.44140625,213.58169131983118,7633.174525546697,50631.644703121616
22932352010497,41,2008,2018,10,wc,fvs_regional,221.48484802246094,79.49459075927734,22.60161781311035,7964.79052734375,49556.89453125,213.58169131983118,7633.174525546697,50631.644703121616
22932352010497,41,2008,2018,10,wc,organon,169.32203674316406,58.52592468261719,23.031322479248047,5950.35302734375,37061.1875,213.58169131983118,7633.174525546697,50631.644703121616
22932352010497,41,2008,2018,10,wc,conus_spdep,169.35232543945312,58.53804016113281,23.0310001373291,6241.00390625,39205.13671875,213.58169131983118,7633.174525546697,50631.644703121616
22932352010497,41,2008,2018,10,wc,conus_climate,169.319580078125,58.524784088134766,23.031381607055664,5949.28759765625,37047.8984375,213.58169131983118,7633.174525546697,50631.644703121616
22954447010497,53,2007,2017,10,wc,fvs_base,125.39730072021484,185.7560272216797,11.125228881835938,2427.87255859375,11847.08203125,145.43383133807296,2481.188067666818,10280.305264972449
22954447010497,53,2007,2017,10,wc,fvs_regional,124.92113494873047,185.35934448242188,11.115959167480469,2416.583984375,11786.6015625,145.43383133807296,2481.188067666818,10280.305264972449
22954447010497,53,2007,2017,10,wc,organon,84.2138900756836,120.63228607177734,11.313484191894531,1399.9449462890625,6473.16943359375,145.43383133807296,2481.188067666818,10280.305264972449
22954447010497,53,2007,2017,10,wc,conus_spdep,84.78695678710938,120.87798309326172,11.340371131896973,1671.1822509765625,8178.84228515625,145.43383133807296,2481.188067666818,10280.305264972449
22954447010497,53,2007,2017,10,wc,conus_climate,84.56824493408203,120.71390533447266,11.333428382873535,1606.358154296875,7784.9365234375,145.43383133807296,2481.188067666818,10280.305264972449
41119523010497,41,2004,2014,10,wc,fvs_base,141.8319091796875,187.3448944091797,11.781546592712402,3572.794189453125,18698.3984375,127.60611481805293,2564.6834691952713,12387.601045407631
41119523010497,41,2004,2014,10,wc,fvs_regional,140.7694091796875,185.0442352294922,11.810076713562012,3554.43408203125,18609.447265625,127.60611481805293,2564.6834691952713,12387.601045407631
41119523010497,41,2004,2014,10,wc,organon,115.21874237060547,156.2853546142578,11.626221656799316,2768.365478515625,14167.11328125,127.60611481805293,2564.6834691952713,12387.601045407631
41119523010497,41,2004,2014,10,wc,conus_spdep,115.76670837402344,156.43934631347656,11.648099899291992,2943.554443359375,15472.6337890625,127.60611481805293,2564.6834691952713,12387.601045407631
41119523010497,41,2004,2014,10,wc,conus_climate,115.2986068725586,156.3037567138672,11.629571914672852,2770.469482421875,14206.765625,127.60611481805293,2564.6834691952713,12387.601045407631
22826974010497,53,2008,2017,9,wc,fvs_base,196.80442810058594,161.28158569335938,14.957578659057617,5855.02294921875,31083.36328125,187.04224013549612,5614.585544146113,31902.72193857666
22826974010497,53,2008,2017,9,wc,fvs_regional,195.4940643310547,159.0392608642578,15.012425422668457,5816.86865234375,30885.302734375,187.04224013549612,5614.585544146113,31902.72193857666
22826974010497,53,2008,2017,9,wc,organon,158.51832580566406,130.03598022460938,14.950109481811523,4655.27685546875,24647.318359375,187.04224013549612,5614.585544146113,31902.72193857666
22826974010497,53,2008,2017,9,wc,conus_spdep,158.5387420654297,130.0500030517578,14.950260162353516,4926.7978515625,26551.21484375,187.04224013549612,5614.585544146113,31902.72193857666
22826974010497,53,2008,2017,9,wc,conus_climate,158.5226593017578,130.0416259765625,14.949982643127441,4638.6533203125,24540.03515625,187.04224013549612,5614.585544146113,31902.72193857666
