PLOT,STATE,MEASYEAR1,MEASYEAR2,PERIOD_YR,variant,model,BA_PRED,TPA_PRED,QMD_PRED,MCuFt_PRED,BdFt_PRED,BA_OBS,MCuFt_OBS,BdFt_OBS
65168045010538,36,2004,2010,6,ne,fvs_base,32.09402084350586,59.0859489440918,9.979443550109863,657.9168701171875,957.2028198242188,36.14014914653864,581.49814810404,1269.067480323954
65168045010538,36,2004,2010,6,ne,fvs_regional,32.354034423828125,59.64082336425781,9.973065376281738,662.118896484375,960.1119995117188,36.14014914653864,581.49814810404,1269.067480323954
65168045010538,36,2004,2010,6,ne,organon,32.01112747192383,59.08599090576172,9.966543197631836,653.97021484375,944.8167724609375,36.14014914653864,581.49814810404,1269.067480323954
65168045010538,36,2004,2010,6,ne,conus_spdep,32.01112747192383,59.08599090576172,9.966543197631836,653.97021484375,944.8167724609375,36.14014914653864,581.49814810404,1269.067480323954
65168045010538,36,2004,2010,6,ne,conus_climate,32.01112747192383,59.08599090576172,9.966543197631836,653.97021484375,944.8167724609375,36.14014914653864,581.49814810404,1269.067480323954
247056940010661,24,2012,2019,7,ne,fvs_base,47.45096206665039,124.55619049072266,8.35749626159668,835.6744384765625,2347.091796875,72.70805488944526,934.2882032032819,2453.506850757968
247056940010661,24,2012,2019,7,ne,fvs_regional,47.44694900512695,124.53816986083984,8.357745170593262,835.6334228515625,2347.0322265625,72.70805488944526,934.2882032032819,2453.506850757968
247056940010661,24,2012,2019,7,ne,organon,42.66798400878906,109.46040344238281,8.453935623168945,748.5936889648438,2125.16748046875,72.70805488944526,934.2882032032819,2453.506850757968
247056940010661,24,2012,2019,7,ne,conus_spdep,42.67321014404297,109.55899810791016,8.45064926147461,821.192626953125,2417.15625,72.70805488944526,934.2882032032819,2453.506850757968
247056940010661,24,2012,2019,7,ne,conus_climate,42.69895553588867,109.55973815917969,8.453167915344238,755.658447265625,2125.1689453125,72.70805488944526,934.2882032032819,2453.506850757968
171929084020004,33,2014,2021,7,ne,fvs_base,79.63716888427734,171.10955810546875,9.237554550170898,2086.46728515625,3047.8828125,130.6981312106349,2301.495456133962,4642.618655911598
171929084020004,33,2014,2021,7,ne,fvs_regional,79.55567169189453,170.7645721435547,9.242151260375977,2084.92041015625,3046.884521484375,130.6981312106349,2301.495456133962,4642.618655911598
171929084020004,33,2014,2021,7,ne,organon,72.89189910888672,156.772216796875,9.232970237731934,1974.3673095703125,2968.539306640625,130.6981312106349,2301.495456133962,4642.618655911598
171929084020004,33,2014,2021,7,ne,conus_spdep,72.70965576171875,156.2147674560547,9.2378568649292,1910.95458984375,2822.052978515625,130.6981312106349,2301.495456133962,4642.618655911598
171929084020004,33,2014,2021,7,ne,conus_climate,72.77188873291016,156.47225952148438,9.23420524597168,1922.6337890625,2853.984619140625,130.6981312106349,2301.495456133962,4642.618655911598
168990062010661,36,2010,2015,5,ne,fvs_base,134.08474731445312,165.067138671875,12.203817367553711,4093.009765625,15578.9521484375,164.23947759328027,4271.18459801562,17789.06936654297
168990062010661,36,2010,2015,5,ne,fvs_regional,132.8946533203125,162.15310668945312,12.258220672607422,4067.26123046875,15532.73828125,164.23947759328027,4271.18459801562,17789.06936654297
168990062010661,36,2010,2015,5,ne,organon,117.00041198730469,144.2603759765625,12.194289207458496,3608.10498046875,13651.3046875,164.23947759328027,4271.18459801562,17789.06936654297
168990062010661,36,2010,2015,5,ne,conus_spdep,116.5212173461914,143.39749145507812,12.205851554870605,3524.34326171875,13549.02734375,164.23947759328027,4271.18459801562,17789.06936654297
168990062010661,36,2010,2015,5,ne,conus_climate,116.72040557861328,143.82839965820312,12.197967529296875,3549.6376953125,13560.5078125,164.23947759328027,4271.18459801562,17789.06936654297
58336932010538,42,2002,2007,5,ne,fvs_base,139.70289611816406,160.04754638671875,12.6506986618042,4792.5693359375,18823.564453125,147.81730553223446,4299.626768064382,16607.94188931
58336932010538,42,2002,2007,5,ne,fvs_regional,137.96786499023438,157.0116424560547,12.692852973937988,4744.232421875,18701.12890625,147.81730553223446,4299.626768064382,16607.94188931
58336932010538,42,2002,2007,5,ne,organon,100.86091613769531,119.69206237792969,12.429829597473145,3322.10498046875,12660.8046875,147.81730553223446,4299.626768064382,16607.94188931
58336932010538,42,2002,2007,5,ne,conus_spdep,101.21270751953125,119.97274780273438,12.436914443969727,3386.043701171875,12858.9912109375,147.81730553223446,4299.626768064382,16607.94188931
58336932010538,42,2002,2007,5,ne,conus_climate,101.2776870727539,120.10092163085938,12.434261322021484,3429.34375,13063.005859375,147.81730553223446,4299.626768064382,16607.94188931
222518005010661,23,2011,2016,5,ne,fvs_base,88.06101989746094,190.11920166015625,9.215420722961426,2201.998046875,5482.42822265625,113.84453714782113,2175.64570506311,5961.701839711436
222518005010661,23,2011,2016,5,ne,fvs_regional,87.77607727050781,189.09280395507812,9.22543716430664,2197.121337890625,5477.361328125,113.84453714782113,2175.64570506311,5961.701839711436
222518005010661,23,2011,2016,5,ne,organon,79.42996215820312,173.5419921875,9.160646438598633,2032.138916015625,5102.14892578125,113.84453714782113,2175.64570506311,5961.701839711436
222518005010661,23,2011,2016,5,ne,conus_spdep,79.32347869873047,173.2524871826172,9.162150382995605,1978.990234375,5048.7958984375,113.84453714782113,2175.64570506311,5961.701839711436
222518005010661,23,2011,2016,5,ne,conus_climate,79.32750701904297,173.2770538330078,9.161735534667969,1991.9388427734375,5048.40087890625,113.84453714782113,2175.64570506311,5961.701839711436
306265316489998,36,2016,2023,7,ne,fvs_base,90.46382904052734,294.869140625,7.499961853027344,1893.3646240234375,1517.8695068359375,139.8301726657132,2339.356193147208,2107.886274399906
306265316489998,36,2016,2023,7,ne,fvs_regional,89.91871643066406,292.68768310546875,7.505146026611328,1884.329345703125,1516.134765625,139.8301726657132,2339.356193147208,2107.886274399906
306265316489998,36,2016,2023,7,ne,organon,66.65797424316406,211.16778564453125,7.607614994049072,1459.2298583984375,1298.0819091796875,139.8301726657132,2339.356193147208,2107.886274399906
306265316489998,36,2016,2023,7,ne,conus_spdep,66.5603256225586,210.70545959472656,7.610376358032227,1393.7071533203125,1299.2857666015625,139.8301726657132,2339.356193147208,2107.886274399906
306265316489998,36,2016,2023,7,ne,conus_climate,66.61644744873047,211.0208282470703,7.607893943786621,1402.1300048828125,1324.953857421875,139.8301726657132,2339.356193147208,2107.886274399906
15806956020004,36,2013,2020,7,ne,fvs_base,56.697364807128906,106.15010833740234,9.89594841003418,1221.599365234375,4441.0498046875,60.45728271635707,1022.125460194906,3473.56773601993
15806956020004,36,2013,2020,7,ne,fvs_regional,56.72564697265625,106.26665496826172,9.892986297607422,1222.0067138671875,4441.39404296875,60.45728271635707,1022.125460194906,3473.56773601993
15806956020004,36,2013,2020,7,ne,organon,49.971351623535156,96.24011993408203,9.757055282592773,1086.1307373046875,3821.185302734375,60.45728271635707,1022.125460194906,3473.56773601993
15806956020004,36,2013,2020,7,ne,conus_spdep,49.95133972167969,96.17601776123047,9.758353233337402,1057.5655517578125,3786.787109375,60.45728271635707,1022.125460194906,3473.56773601993
15806956020004,36,2013,2020,7,ne,conus_climate,49.95916748046875,96.18770599365234,9.758523941040039,1073.1793212890625,3823.907958984375,60.45728271635707,1022.125460194906,3473.56773601993
247104235010661,42,2013,2019,6,ne,fvs_base,48.86284637451172,119.03844451904297,8.675251007080078,1111.678466796875,2318.664306640625,,,
247104235010661,42,2013,2019,6,ne,fvs_regional,48.881038665771484,119.11740112304688,8.673989295959473,1111.935791015625,2318.92236328125,,,
247104235010661,42,2013,2019,6,ne,organon,46.52295684814453,112.75065612792969,8.697819709777832,1010.1912841796875,2059.88330078125,,,
247104235010661,42,2013,2019,6,ne,conus_spdep,46.59596633911133,112.9590072631836,8.696610450744629,1061.57568359375,2252.470458984375,,,
247104235010661,42,2013,2019,6,ne,conus_climate,46.5956916809082,112.96562194824219,8.696330070495605,1058.615478515625,2252.4091796875,,,
168997422010661,42,2010,2016,6,ne,fvs_base,53.17852020263672,124.5252456665039,8.84862232208252,957.9699096679688,2912.316650390625,90.07323793044282,1152.400569355766,
168997422010661,42,2010,2016,6,ne,fvs_regional,53.33578872680664,125.22196960449219,8.83701229095459,959.4525146484375,2916.392578125,90.07323793044282,1152.400569355766,
168997422010661,42,2010,2016,6,ne,organon,49.50811004638672,113.00469970703125,8.962437629699707,873.5844116210938,2667.631103515625,90.07323793044282,1152.400569355766,
168997422010661,42,2010,2016,6,ne,conus_spdep,49.47728729248047,112.98536682128906,8.96041488647461,942.0785522460938,2993.947509765625,90.07323793044282,1152.400569355766,
168997422010661,42,2010,2016,6,ne,conus_climate,49.50184631347656,113.0267105102539,8.961002349853516,898.8342895507812,2797.87890625,90.07323793044282,1152.400569355766,
264094692489998,34,2015,2021,6,ne,fvs_base,55.160770416259766,118.1886215209961,9.250467300415039,1283.5924072265625,3554.891357421875,,,
264094692489998,34,2015,2021,6,ne,fvs_regional,55.26677322387695,118.56096649169922,9.244799613952637,1285.445556640625,3556.240234375,,,
264094692489998,34,2015,2021,6,ne,organon,48.65888977050781,102.97860717773438,9.307732582092285,1107.54150390625,3238.2529296875,,,
264094692489998,34,2015,2021,6,ne,conus_spdep,48.80839538574219,103.23027038574219,9.310648918151855,1147.659912109375,3307.484130859375,,,
264094692489998,34,2015,2021,6,ne,conus_climate,48.79628372192383,103.21289825439453,9.310276985168457,1141.1015625,3306.59423828125,,,
222095078010661,42,2011,2017,6,ne,fvs_base,37.1186637878418,71.21408081054688,9.775737762451172,1096.083251953125,4530.1474609375,121.33171079794222,653.349061683218,
222095078010661,42,2011,2017,6,ne,fvs_regional,37.126319885253906,71.24154663085938,9.774862289428711,1096.22412109375,4530.35302734375,121.33171079794222,653.349061683218,
222095078010661,42,2011,2017,6,ne,organon,26.03360366821289,55.344276428222656,9.286822319030762,724.3358154296875,2881.30029296875,121.33171079794222,653.349061683218,
222095078010661,42,2011,2017,6,ne,conus_spdep,26.298830032348633,55.77943801879883,9.297528266906738,766.7158203125,3078.1376953125,121.33171079794222,653.349061683218,
222095078010661,42,2011,2017,6,ne,conus_climate,26.183300018310547,55.63726806640625,9.28892707824707,737.7230834960938,2893.55224609375,121.33171079794222,653.349061683218,
68314232010538,42,2005,2010,5,ne,fvs_base,78.88959503173828,130.88116455078125,10.51253890991211,1976.450439453125,5494.77197265625,85.43051133133258,1281.5462597877138,3429.2622615091923
68314232010538,42,2005,2010,5,ne,fvs_regional,79.0759048461914,131.47438049316406,10.50117301940918,1980.130126953125,5499.39697265625,85.43051133133258,1281.5462597877138,3429.2622615091923
68314232010538,42,2005,2010,5,ne,organon,71.27543640136719,116.05610656738281,10.61138916015625,1719.489501953125,4934.55126953125,85.43051133133258,1281.5462597877138,3429.2622615091923
68314232010538,42,2005,2010,5,ne,conus_spdep,71.52737426757812,116.31668853759766,10.618212699890137,1800.607666015625,5155.59375,85.43051133133258,1281.5462597877138,3429.2622615091923
68314232010538,42,2005,2010,5,ne,conus_climate,71.55626678466797,116.43648529052734,10.614892959594727,1801.1947021484375,5146.44140625,85.43051133133258,1281.5462597877138,3429.2622615091923
222518063010661,23,2011,2016,5,ne,fvs_base,47.17333221435547,118.97718048095703,8.526145935058594,879.9383544921875,2217.822265625,118.7231359156662,1073.5815288184758,2755.308030180712
222518063010661,23,2011,2016,5,ne,fvs_regional,47.21624755859375,119.19033813476562,8.522392272949219,880.5043334960938,2218.26220703125,118.7231359156662,1073.5815288184758,2755.308030180712
222518063010661,23,2011,2016,5,ne,organon,45.82575988769531,115.67515563964844,8.52258014678955,882.5745239257812,2148.51416015625,118.7231359156662,1073.5815288184758,2755.308030180712
222518063010661,23,2011,2016,5,ne,conus_spdep,45.81441879272461,115.63021087646484,8.523180961608887,862.1563720703125,2119.149658203125,118.7231359156662,1073.5815288184758,2755.308030180712
222518063010661,23,2011,2016,5,ne,conus_climate,45.80112075805664,115.6230697631836,8.522208213806152,853.9284057617188,2146.6806640625,118.7231359156662,1073.5815288184758,2755.308030180712
375840652489998,42,2017,2024,7,ne,fvs_base,80.13052368164062,82.5177001953125,13.343255043029785,2367.46875,10961.9580078125,92.50330828016808,2140.574482822014,9813.803074349174
375840652489998,42,2017,2024,7,ne,fvs_regional,80.42605590820312,83.17913818359375,13.31457805633545,2374.357421875,10983.9716796875,92.50330828016808,2140.574482822014,9813.803074349174
375840652489998,42,2017,2024,7,ne,organon,66.55521392822266,68.41475677490234,13.355264663696289,1949.1407470703125,9053.2421875,92.50330828016808,2140.574482822014,9813.803074349174
375840652489998,42,2017,2024,7,ne,conus_spdep,66.50265502929688,68.42964172363281,13.348538398742676,1984.752197265625,9185.08984375,92.50330828016808,2140.574482822014,9813.803074349174
375840652489998,42,2017,2024,7,ne,conus_climate,66.36988067626953,68.33141326904297,13.34478759765625,1955.0128173828125,9170.7939453125,92.50330828016808,2140.574482822014,9813.803074349174
171000830010661,24,2008,2013,5,ne,fvs_base,58.536922454833984,35.5721321105957,17.36985969543457,1722.68115234375,9909.572265625,64.11581829788176,1208.595313598242,5996.798253493088
171000830010661,24,2008,2013,5,ne,fvs_regional,58.566978454589844,35.60737609863281,17.3657169342041,1723.478515625,9913.7080078125,64.11581829788176,1208.595313598242,5996.798253493088
171000830010661,24,2008,2013,5,ne,organon,47.50127410888672,27.67722511291504,17.738937377929688,1362.60205078125,7917.8701171875,64.11581829788176,1208.595313598242,5996.798253493088
171000830010661,24,2008,2013,5,ne,conus_spdep,47.56657791137695,27.69390106201172,17.74578285217285,1414.256103515625,8244.474609375,64.11581829788176,1208.595313598242,5996.798253493088
171000830010661,24,2008,2013,5,ne,conus_climate,47.532432556152344,27.68743896484375,17.741479873657227,1416.5020751953125,8236.212890625,64.11581829788176,1208.595313598242,5996.798253493088
122562416010661,42,2007,2012,5,ne,fvs_base,128.25218200683594,225.31822204589844,10.2157564163208,3587.1669921875,11301.6826171875,147.20353270102603,3645.965953544226,11865.065848819337
122562416010661,42,2007,2012,5,ne,fvs_regional,128.7933349609375,226.83328247070312,10.203039169311523,3598.54833984375,11326.1962890625,147.20353270102603,3645.965953544226,11865.065848819337
122562416010661,42,2007,2012,5,ne,organon,115.34913635253906,203.5299072265625,10.193639755249023,3147.088623046875,10111.4033203125,147.20353270102603,3645.965953544226,11865.065848819337
122562416010661,42,2007,2012,5,ne,conus_spdep,115.49042510986328,203.7244873046875,10.195009231567383,3195.781494140625,10135.0537109375,147.20353270102603,3645.965953544226,11865.065848819337
122562416010661,42,2007,2012,5,ne,conus_climate,115.53912353515625,203.83203125,10.19446849822998,3213.560302734375,10293.30078125,147.20353270102603,3645.965953544226,11865.065848819337
70445152010538,23,2005,2010,5,ne,fvs_base,55.58946228027344,88.92992401123047,10.70553970336914,1395.6619873046875,6299.904296875,83.67791077338723,1516.6263501680023,6208.308371830122
70445152010538,23,2005,2010,5,ne,fvs_regional,55.53225326538086,88.77445220947266,10.709394454956055,1394.62451171875,6296.99609375,83.67791077338723,1516.6263501680023,6208.308371830122
70445152010538,23,2005,2010,5,ne,organon,52.879390716552734,80.53032684326172,10.972354888916016,1374.8126220703125,6309.61767578125,83.67791077338723,1516.6263501680023,6208.308371830122
70445152010538,23,2005,2010,5,ne,conus_spdep,52.86716842651367,80.5006103515625,10.973108291625977,1364.6165771484375,6288.23681640625,83.67791077338723,1516.6263501680023,6208.308371830122
70445152010538,23,2005,2010,5,ne,conus_climate,52.842411041259766,80.41704559326172,10.976239204406738,1342.298828125,6129.84814453125,83.67791077338723,1516.6263501680023,6208.308371830122
70390499010538,23,2005,2010,5,ne,fvs_base,9.840916633605957,53.4882698059082,5.807976722717285,102.97003936767578,0.0,133.0670917934465,234.41662488097197,
70390499010538,23,2005,2010,5,ne,fvs_regional,9.840361595153809,53.48509216308594,5.807983875274658,102.96676635742188,0.0,133.0670917934465,234.41662488097197,
70390499010538,23,2005,2010,5,ne,organon,9.600518226623535,52.10149383544922,5.812440395355225,114.54854583740234,0.0,133.0670917934465,234.41662488097197,
70390499010538,23,2005,2010,5,ne,conus_spdep,9.599300384521484,52.09402084350586,5.812489032745361,111.85912322998047,0.0,133.0670917934465,234.41662488097197,
70390499010538,23,2005,2010,5,ne,conus_climate,9.597729682922363,52.085594177246094,5.812483310699463,100.6639633178711,0.0,133.0670917934465,234.41662488097197,
29637309020004,54,2013,2020,7,ne,fvs_base,105.98045349121094,135.81651306152344,11.961146354675293,2938.954345703125,11940.73046875,123.94463690337759,3051.050704280198,10511.855216824306
29637309020004,54,2013,2020,7,ne,fvs_regional,105.58890533447266,134.9468536376953,11.977437973022461,2929.99560546875,11924.7080078125,123.94463690337759,3051.050704280198,10511.855216824306
29637309020004,54,2013,2020,7,ne,organon,81.82772064208984,96.96426391601562,12.438865661621094,2267.133544921875,9947.94921875,123.94463690337759,3051.050704280198,10511.855216824306
29637309020004,54,2013,2020,7,ne,conus_spdep,82.13981628417969,97.48143768310547,12.429459571838379,2383.64404296875,10478.74609375,123.94463690337759,3051.050704280198,10511.855216824306
29637309020004,54,2013,2020,7,ne,conus_climate,81.99683380126953,97.34494018554688,12.427338600158691,2317.626220703125,10137.3720703125,123.94463690337759,3051.050704280198,10511.855216824306
247062096010661,36,2013,2019,6,ne,fvs_base,26.850683212280273,59.467281341552734,9.098607063293457,517.388671875,528.4902954101562,32.19281311605616,453.634283415954,345.22818170472397
247062096010661,36,2013,2019,6,ne,fvs_regional,26.69135093688965,58.783138275146484,9.1242094039917,515.8646850585938,527.3928833007812,32.19281311605616,453.634283415954,345.22818170472397
247062096010661,36,2013,2019,6,ne,organon,20.8288516998291,47.117576599121094,9.002798080444336,415.00628662109375,411.498046875,32.19281311605616,453.634283415954,345.22818170472397
247062096010661,36,2013,2019,6,ne,conus_spdep,20.810354232788086,47.08516311645508,9.001896858215332,401.6346130371094,404.4146728515625,32.19281311605616,453.634283415954,345.22818170472397
247062096010661,36,2013,2019,6,ne,conus_climate,20.820507049560547,47.105342864990234,9.00216293334961,405.4599304199219,410.6082763671875,32.19281311605616,453.634283415954,345.22818170472397
15802466020004,33,2013,2019,6,ne,fvs_base,133.8816375732422,171.77734375,11.954015731811523,4107.4931640625,20186.169921875,172.47709989881017,3451.1679369131,17997.593860042856
15802466020004,33,2013,2019,6,ne,fvs_regional,133.9630889892578,172.06687927246094,11.947587013244629,4109.0634765625,20189.533203125,172.47709989881017,3451.1679369131,17997.593860042856
15802466020004,33,2013,2019,6,ne,organon,125.27468872070312,161.15435791015625,11.938423156738281,3858.93359375,19101.2578125,172.47709989881017,3451.1679369131,17997.593860042856
15802466020004,33,2013,2019,6,ne,conus_spdep,125.16802978515625,160.82437133789062,11.945578575134277,3786.823974609375,18744.685546875,172.47709989881017,3451.1679369131,17997.593860042856
15802466020004,33,2013,2019,6,ne,conus_climate,125.1966552734375,161.0157470703125,11.939839363098145,3830.349365234375,18866.791015625,172.47709989881017,3451.1679369131,17997.593860042856
511304855126144,34,2019,2024,5,ne,fvs_base,186.2241973876953,174.1451873779297,14.002276420593262,6507.2568359375,32286.60546875,92.1363411338126,2516.7031100777635,8643.809379407241
511304855126144,34,2019,2024,5,ne,fvs_regional,155.85726928710938,104.32032012939453,16.5506649017334,5659.0908203125,30219.0703125,92.1363411338126,2516.7031100777635,8643.809379407241
511304855126144,34,2019,2024,5,ne,organon,150.86590576171875,127.37889862060547,14.736117362976074,5263.25,27193.150390625,92.1363411338126,2516.7031100777635,8643.809379407241
511304855126144,34,2019,2024,5,ne,conus_spdep,150.9453125,127.51956176757812,14.73186206817627,5370.30810546875,27695.77734375,92.1363411338126,2516.7031100777635,8643.809379407241
511304855126144,34,2019,2024,5,ne,conus_climate,151.02281188964844,127.61209106445312,14.730303764343262,5347.2802734375,27210.12109375,92.1363411338126,2516.7031100777635,8643.809379407241
75976533010538,23,2007,2012,5,ne,fvs_base,41.15657043457031,195.66322326660156,6.210137367248535,528.4348754882812,0.0,132.14721150841734,800.889704096238,784.960532120792
75976533010538,23,2007,2012,5,ne,fvs_regional,40.865352630615234,194.21604919433594,6.2111406326293945,525.0974731445312,0.0,132.14721150841734,800.889704096238,784.960532120792
75976533010538,23,2007,2012,5,ne,organon,40.264854431152344,191.0414276123047,6.2163519859313965,514.7633056640625,0.0,132.14721150841734,800.889704096238,784.960532120792
75976533010538,23,2007,2012,5,ne,conus_spdep,40.263450622558594,191.03115844726562,6.2164106369018555,507.1674499511719,0.0,132.14721150841734,800.889704096238,784.960532120792
75976533010538,23,2007,2012,5,ne,conus_climate,40.265933990478516,191.04470825195312,6.2163825035095215,512.359130859375,0.0,132.14721150841734,800.889704096238,784.960532120792
222096232010661,42,2011,2017,6,ne,fvs_base,119.78121948242188,295.7764587402344,8.616853713989258,2724.072998046875,6206.28515625,153.04115700113843,2633.187776558934,6553.539171384856
222096232010661,42,2011,2017,6,ne,fvs_regional,120.31256866455078,297.6148986816406,8.609232902526855,2732.9951171875,6218.64892578125,153.04115700113843,2633.187776558934,6553.539171384856
222096232010661,42,2011,2017,6,ne,organon,105.5634765625,262.5806884765625,8.585423469543457,2293.107177734375,5335.974609375,153.04115700113843,2633.187776558934,6553.539171384856
222096232010661,42,2011,2017,6,ne,conus_spdep,105.8185806274414,263.0957946777344,8.587371826171875,2352.689208984375,5507.15576171875,153.04115700113843,2633.187776558934,6553.539171384856
222096232010661,42,2011,2017,6,ne,conus_climate,105.92362976074219,263.3983459472656,8.586695671081543,2370.6220703125,5495.71630859375,153.04115700113843,2633.187776558934,6553.539171384856
74916508010538,36,2006,2011,5,ne,fvs_base,152.723388671875,414.2109680175781,8.222017288208008,3556.142822265625,5330.412109375,135.42522049709993,2983.0750873505363,4054.753258670362
74916508010538,36,2006,2011,5,ne,fvs_regional,151.44793701171875,409.6084899902344,8.233484268188477,3535.128662109375,5301.0263671875,135.42522049709993,2983.0750873505363,4054.753258670362
74916508010538,36,2006,2011,5,ne,organon,117.12215423583984,324.53173828125,8.134430885314941,2694.96484375,4164.11474609375,135.42522049709993,2983.0750873505363,4054.753258670362
74916508010538,36,2006,2011,5,ne,conus_spdep,117.09207153320312,324.34991455078125,8.13566780090332,2638.370361328125,4167.1318359375,135.42522049709993,2983.0750873505363,4054.753258670362
74916508010538,36,2006,2011,5,ne,conus_climate,117.12155151367188,324.5395202636719,8.134309768676758,2712.841064453125,4164.2021484375,135.42522049709993,2983.0750873505363,4054.753258670362
53935201010538,36,2003,2009,6,ne,fvs_base,2.1494321823120117,11.82381820678711,5.77323579788208,27.89991569519043,0.0,9.23281670334646,29.555261818875998,
53935201010538,36,2003,2009,6,ne,fvs_regional,2.1196465492248535,11.637308120727539,5.778854846954346,27.561491012573242,0.0,9.23281670334646,29.555261818875998,
53935201010538,36,2003,2009,6,ne,organon,1.844955563545227,10.142863273620605,5.774959564208984,23.958452224731445,0.0,9.23281670334646,29.555261818875998,
53935201010538,36,2003,2009,6,ne,conus_spdep,1.8436675071716309,10.130712509155273,5.776404857635498,23.95255470275879,0.0,9.23281670334646,29.555261818875998,
53935201010538,36,2003,2009,6,ne,conus_climate,1.8417874574661255,10.12131404876709,5.776138782501221,23.92612648010254,0.0,9.23281670334646,29.555261818875998,
169112107010661,50,2010,2015,5,ne,fvs_base,92.27647399902344,196.14346313476562,9.287416458129883,2123.472412109375,6102.1865234375,112.16080044408272,1941.8231515930281,6258.392819445464
169112107010661,50,2010,2015,5,ne,fvs_regional,91.70231628417969,193.67868041992188,9.3172025680542,2114.19921875,6095.95068359375,112.16080044408272,1941.8231515930281,6258.392819445464
169112107010661,50,2010,2015,5,ne,organon,83.05657196044922,178.54440307617188,9.235280990600586,1984.847412109375,5982.22705078125,112.16080044408272,1941.8231515930281,6258.392819445464
169112107010661,50,2010,2015,5,ne,conus_spdep,82.63298797607422,177.74765014648438,9.232324600219727,1914.3675537109375,5509.45068359375,112.16080044408272,1941.8231515930281,6258.392819445464
169112107010661,50,2010,2015,5,ne,conus_climate,82.58470153808594,177.77401733398438,9.2289400100708,1911.759521484375,5765.5537109375,112.16080044408272,1941.8231515930281,6258.392819445464
304030612489998,23,2016,2021,5,ne,fvs_base,26.245315551757812,89.00772857666016,7.352724552154541,370.1463623046875,156.33987426757812,68.59938966210701,254.735004544104,76.372205340472
304030612489998,23,2016,2021,5,ne,fvs_regional,26.193103790283203,88.80121612548828,7.353945255279541,369.6814270019531,156.3184356689453,68.59938966210701,254.735004544104,76.372205340472
304030612489998,23,2016,2021,5,ne,organon,24.822834014892578,84.28007507324219,7.348512649536133,372.845703125,139.22927856445312,68.59938966210701,254.735004544104,76.372205340472
304030612489998,23,2016,2021,5,ne,conus_spdep,24.81743621826172,84.26071166992188,7.3485589027404785,356.6435241699219,139.21524047851562,68.59938966210701,254.735004544104,76.372205340472
304030612489998,23,2016,2021,5,ne,conus_climate,24.815357208251953,84.25138092041016,7.348659038543701,350.2837829589844,139.21022033691406,68.59938966210701,254.735004544104,76.372205340472
55912737010538,33,2003,2009,6,ne,fvs_base,52.23318099975586,82.8489990234375,10.751420974731445,1380.5965576171875,4432.64013671875,46.16471158569101,1078.159348085848,4509.531705027928
55912737010538,33,2003,2009,6,ne,fvs_regional,52.366363525390625,83.30591583251953,10.735557556152344,1383.18603515625,4435.48193359375,46.16471158569101,1078.159348085848,4509.531705027928
55912737010538,33,2003,2009,6,ne,organon,43.05961990356445,66.5728530883789,10.889870643615723,1155.3868408203125,3876.34033203125,46.16471158569101,1078.159348085848,4509.531705027928
55912737010538,33,2003,2009,6,ne,conus_spdep,43.04903030395508,66.54625701904297,10.890708923339844,1136.1572265625,3912.5439453125,46.16471158569101,1078.159348085848,4509.531705027928
55912737010538,33,2003,2009,6,ne,conus_climate,43.05416488647461,66.55425262451172,10.890704154968262,1144.1138916015625,3988.18896484375,46.16471158569101,1078.159348085848,4509.531705027928
70385997010538,23,2005,2010,5,ne,fvs_base,63.2191047668457,106.80882263183594,10.417341232299805,1363.4432373046875,5998.0341796875,153.35284301297597,1210.38067526897,3436.3583441613564
70385997010538,23,2005,2010,5,ne,fvs_regional,63.170013427734375,106.64766693115234,10.421160697937012,1362.580078125,5995.8681640625,153.35284301297597,1210.38067526897,3436.3583441613564
70385997010538,23,2005,2010,5,ne,organon,60.55630111694336,100.36133575439453,10.517990112304688,1376.00634765625,6080.16650390625,153.35284301297597,1210.38067526897,3436.3583441613564
70385997010538,23,2005,2010,5,ne,conus_spdep,60.5405158996582,100.32472229003906,10.518536567687988,1350.3082275390625,5955.40234375,153.35284301297597,1210.38067526897,3436.3583441613564
70385997010538,23,2005,2010,5,ne,conus_climate,60.53325271606445,100.30606079101562,10.51888370513916,1311.68408203125,5804.64697265625,153.35284301297597,1210.38067526897,3436.3583441613564
145021783010661,36,2009,2014,5,ne,fvs_base,179.55982971191406,202.6770477294922,12.744962692260742,7179.515625,36478.20703125,213.7598968677679,6371.063952483216,22714.956809761698
145021783010661,36,2009,2014,5,ne,fvs_regional,179.7970428466797,203.1005096435547,12.74007797241211,7188.06201171875,36510.671875,213.7598968677679,6371.063952483216,22714.956809761698
145021783010661,36,2009,2014,5,ne,organon,175.27711486816406,208.4290008544922,12.41708755493164,7003.39208984375,34933.953125,213.7598968677679,6371.063952483216,22714.956809761698
145021783010661,36,2009,2014,5,ne,conus_spdep,175.37217712402344,208.5165557861328,12.417852401733398,7027.6787109375,35062.77734375,213.7598968677679,6371.063952483216,22714.956809761698
145021783010661,36,2009,2014,5,ne,conus_climate,175.21363830566406,208.3542938232422,12.417062759399414,6984.40478515625,34980.6171875,213.7598968677679,6371.063952483216,22714.956809761698
375840604489998,42,2017,2024,7,ne,fvs_base,73.72164154052734,231.8924560546875,7.634672164916992,1614.613525390625,1400.311279296875,,,
375840604489998,42,2017,2024,7,ne,fvs_regional,73.70592498779297,231.83163452148438,7.634860515594482,1614.33251953125,1400.138427734375,,,
375840604489998,42,2017,2024,7,ne,organon,62.77433395385742,195.82925415039062,7.666348457336426,1319.4559326171875,1211.4031982421875,,,
375840604489998,42,2017,2024,7,ne,conus_spdep,62.898536682128906,196.15451049804688,7.667562961578369,1409.202392578125,1294.9859619140625,,,
375840604489998,42,2017,2024,7,ne,conus_climate,62.89097213745117,196.2163543701172,7.665893077850342,1371.268310546875,1249.6976318359375,,,
65314259010538,24,2005,2010,5,ne,fvs_base,184.4461669921875,127.97395324707031,16.255870819091797,8159.134765625,48557.671875,98.21238569439679,3150.189562793614,19091.3695921633
65314259010538,24,2005,2010,5,ne,fvs_regional,164.68145751953125,92.28045654296875,18.08855438232422,7540.8359375,46064.93359375,98.21238569439679,3150.189562793614,19091.3695921633
65314259010538,24,2005,2010,5,ne,organon,153.20347595214844,97.87836456298828,16.940536499023438,6619.86376953125,40138.1796875,98.21238569439679,3150.189562793614,19091.3695921633
65314259010538,24,2005,2010,5,ne,conus_spdep,153.22686767578125,97.97589111328125,16.933395385742188,6705.59033203125,40712.203125,98.21238569439679,3150.189562793614,19091.3695921633
65314259010538,24,2005,2010,5,ne,conus_climate,153.2898406982422,98.05648803710938,16.92991828918457,6851.16943359375,41461.4453125,98.21238569439679,3150.189562793614,19091.3695921633
68318225010538,42,2005,2010,5,ne,fvs_base,90.10560607910156,172.4281005859375,9.788320541381836,2900.205810546875,9639.8203125,104.57647690985813,2555.2995532145105,7949.07092351086
68318225010538,42,2005,2010,5,ne,fvs_regional,90.29264831542969,172.89498901367188,9.785235404968262,2905.26123046875,9649.4814453125,104.57647690985813,2555.2995532145105,7949.07092351086
68318225010538,42,2005,2010,5,ne,organon,68.06185913085938,128.70269775390625,9.846782684326172,2120.849609375,7064.06591796875,104.57647690985813,2555.2995532145105,7949.07092351086
68318225010538,42,2005,2010,5,ne,conus_spdep,68.21977233886719,128.86373901367188,9.85203742980957,2185.31201171875,7456.4453125,104.57647690985813,2555.2995532145105,7949.07092351086
68318225010538,42,2005,2010,5,ne,conus_climate,68.21475219726562,128.8619842529297,9.8517427444458,2172.893310546875,7471.5537109375,104.57647690985813,2555.2995532145105,7949.07092351086
247056846010661,23,2012,2017,5,ne,fvs_base,76.57176971435547,219.34312438964844,8.000343322753906,1448.0509033203125,3355.300048828125,107.87401594970616,1383.589625896248,3685.323884113536
247056846010661,23,2012,2017,5,ne,fvs_regional,76.25862121582031,217.96063232421875,8.009247779846191,1443.567626953125,3351.580810546875,107.87401594970616,1383.589625896248,3685.323884113536
247056846010661,23,2012,2017,5,ne,organon,69.52429962158203,190.8556365966797,8.172447204589844,1355.3338623046875,3316.290283203125,107.87401594970616,1383.589625896248,3685.323884113536
247056846010661,23,2012,2017,5,ne,conus_spdep,69.4798812866211,190.6566925048828,8.174097061157227,1336.231201171875,3409.42724609375,107.87401594970616,1383.589625896248,3685.323884113536
247056846010661,23,2012,2017,5,ne,conus_climate,69.47073364257812,190.61941528320312,8.174356460571289,1334.863037109375,3253.005615234375,107.87401594970616,1383.589625896248,3685.323884113536
53942327010538,36,2004,2009,5,ne,fvs_base,196.89535522460938,362.0120849609375,9.9860200881958,6078.3603515625,21512.904296875,211.975530788419,6567.120685561565,16180.564665566531
53942327010538,36,2004,2009,5,ne,fvs_regional,180.02548217773438,310.975830078125,10.302437782287598,5703.81396484375,20860.486328125,211.975530788419,6567.120685561565,16180.564665566531
53942327010538,36,2004,2009,5,ne,organon,175.73814392089844,311.06689453125,10.177528381347656,5512.7685546875,20256.869140625,211.975530788419,6567.120685561565,16180.564665566531
53942327010538,36,2004,2009,5,ne,conus_spdep,175.6648712158203,310.9254150390625,10.177724838256836,5498.43017578125,20344.95703125,211.975530788419,6567.120685561565,16180.564665566531
53942327010538,36,2004,2009,5,ne,conus_climate,175.51670837402344,310.5923767089844,10.17888355255127,5459.04638671875,20178.994140625,211.975530788419,6567.120685561565,16180.564665566531
451063741489998,23,2018,2023,5,ne,fvs_base,139.40016174316406,415.4259338378906,7.8437042236328125,2541.109619140625,5209.1435546875,165.46504048833114,2505.582302693904,4427.050821914696
451063741489998,23,2018,2023,5,ne,fvs_regional,139.4429931640625,415.5807800292969,7.843445777893066,2541.7294921875,5209.85205078125,165.46504048833114,2505.582302693904,4427.050821914696
451063741489998,23,2018,2023,5,ne,organon,133.3306121826172,400.47015380859375,7.812967300415039,2467.479736328125,5039.849609375,165.46504048833114,2505.582302693904,4427.050821914696
451063741489998,23,2018,2023,5,ne,conus_spdep,133.2677001953125,400.1307373046875,7.8144378662109375,2417.49560546875,5068.6259765625,165.46504048833114,2505.582302693904,4427.050821914696
451063741489998,23,2018,2023,5,ne,conus_climate,133.26719665527344,400.1875,7.81386661529541,2400.948974609375,4805.537109375,165.46504048833114,2505.582302693904,4427.050821914696
68279937010538,42,2005,2010,5,ne,fvs_base,153.7290802001953,197.50335693359375,11.946123123168945,4469.6708984375,19047.830078125,178.6359213549643,3696.33970066688,16202.973937077766
68279937010538,42,2005,2010,5,ne,fvs_regional,151.03271484375,190.90415954589844,12.043816566467285,4412.51123046875,18964.736328125,178.6359213549643,3696.33970066688,16202.973937077766
68279937010538,42,2005,2010,5,ne,organon,139.774658203125,174.91087341308594,12.104369163513184,3963.533203125,17370.25,178.6359213549643,3696.33970066688,16202.973937077766
68279937010538,42,2005,2010,5,ne,conus_spdep,139.79994201660156,174.96009826660156,12.103761672973633,4046.849365234375,17621.30859375,178.6359213549643,3696.33970066688,16202.973937077766
68279937010538,42,2005,2010,5,ne,conus_climate,139.9040069580078,175.25852966308594,12.09794807434082,4092.61083984375,17845.345703125,178.6359213549643,3696.33970066688,16202.973937077766
52948187010538,23,2002,2007,5,ne,fvs_base,60.488731384277344,207.6610107421875,7.307959079742432,729.9367065429688,810.4479370117188,97.01399725051346,670.94478706526,305.602279583126
52948187010538,23,2002,2007,5,ne,fvs_regional,60.466426849365234,207.56369018554688,7.308324813842773,729.7166137695312,810.381591796875,97.01399725051346,670.94478706526,305.602279583126
52948187010538,23,2002,2007,5,ne,organon,58.12342834472656,197.47996520996094,7.3459906578063965,713.2260131835938,795.6609497070312,97.01399725051346,670.94478706526,305.602279583126
52948187010538,23,2002,2007,5,ne,conus_spdep,58.104400634765625,197.4072265625,7.346139430999756,694.7122802734375,795.445068359375,97.01399725051346,670.94478706526,305.602279583126
52948187010538,23,2002,2007,5,ne,conus_climate,58.1000862121582,197.3574981689453,7.346794605255127,699.8425903320312,795.53564453125,97.01399725051346,670.94478706526,305.602279583126
122564329010661,36,2007,2012,5,ne,fvs_base,45.0320930480957,77.397705078125,10.328408241271973,841.2830200195312,3555.7587890625,69.32784721200287,1148.911974288072,4321.377346386778
122564329010661,36,2007,2012,5,ne,fvs_regional,45.11739730834961,77.60071563720703,10.324651718139648,842.4676513671875,3558.936279296875,69.32784721200287,1148.911974288072,4321.377346386778
122564329010661,36,2007,2012,5,ne,organon,43.22486114501953,72.99273681640625,10.419894218444824,845.6141357421875,3490.0615234375,69.32784721200287,1148.911974288072,4321.377346386778
122564329010661,36,2007,2012,5,ne,conus_spdep,43.21512222290039,72.94103240966797,10.42241382598877,819.5916137695312,3432.824951171875,69.32784721200287,1148.911974288072,4321.377346386778
122564329010661,36,2007,2012,5,ne,conus_climate,43.210731506347656,72.91576385498047,10.423690795898438,810.0962524414062,3432.8837890625,69.32784721200287,1148.911974288072,4321.377346386778
113492597010661,42,2008,2013,5,ne,fvs_base,47.742103576660156,113.04995727539062,8.79937744140625,1127.687255859375,2391.697021484375,1.386786523265299,17.423922204834,
113492597010661,42,2008,2013,5,ne,fvs_regional,47.71337127685547,112.90879821777344,8.802225112915039,1127.342041015625,2391.3115234375,1.386786523265299,17.423922204834,
113492597010661,42,2008,2013,5,ne,organon,41.863834381103516,98.87849426269531,8.810589790344238,966.1116333007812,2138.468994140625,1.386786523265299,17.423922204834,
113492597010661,42,2008,2013,5,ne,conus_spdep,41.95601272583008,99.07359313964844,8.811594009399414,987.8504638671875,2142.2197265625,1.386786523265299,17.423922204834,
113492597010661,42,2008,2013,5,ne,conus_climate,41.964332580566406,99.04978942871094,8.813528060913086,979.9155883789062,2144.59130859375,1.386786523265299,17.423922204834,
251021776489998,42,2015,2022,7,ne,fvs_base,34.60954666137695,47.294925689697266,11.58315658569336,892.2720336914062,3094.08642578125,29.832691724803357,565.5900152174099,1704.924973407864
251021776489998,42,2015,2022,7,ne,fvs_regional,34.46373748779297,47.08128356933594,11.584928512573242,889.0411376953125,3082.17529296875,29.832691724803357,565.5900152174099,1704.924973407864
251021776489998,42,2015,2022,7,ne,organon,27.076648712158203,38.14018249511719,11.40886402130127,709.61572265625,2417.90771484375,29.832691724803357,565.5900152174099,1704.924973407864
251021776489998,42,2015,2022,7,ne,conus_spdep,27.209423065185547,38.30211639404297,11.41260051727295,731.1923828125,2335.838623046875,29.832691724803357,565.5900152174099,1704.924973407864
251021776489998,42,2015,2022,7,ne,conus_climate,27.088918685913086,38.173858642578125,11.406414985656738,703.0209350585938,2397.1337890625,29.832691724803357,565.5900152174099,1704.924973407864
375823776489998,23,2017,2022,5,ne,fvs_base,86.8101806640625,190.12844848632812,9.149516105651855,1892.2386474609375,6679.4951171875,129.98844121310316,1858.880178835732,3762.149404787004
375823776489998,23,2017,2022,5,ne,fvs_regional,86.76933288574219,189.97183227539062,9.151137351989746,1891.5772705078125,6678.67919921875,129.98844121310316,1858.880178835732,3762.149404787004
375823776489998,23,2017,2022,5,ne,organon,78.72002410888672,166.9887237548828,9.296839714050293,1765.8369140625,6224.1396484375,129.98844121310316,1858.880178835732,3762.149404787004
375823776489998,23,2017,2022,5,ne,conus_spdep,78.68678283691406,166.8611602783203,9.298428535461426,1734.301513671875,6264.84375,129.98844121310316,1858.880178835732,3762.149404787004
375823776489998,23,2017,2022,5,ne,conus_climate,78.69340515136719,166.8828887939453,9.298213005065918,1725.94140625,6236.9140625,129.98844121310316,1858.880178835732,3762.149404787004
52764804010538,23,1999,2004,5,ne,fvs_base,6.629612445831299,29.645071029663086,6.403303623199463,97.70341491699219,0.0,22.001096699048578,76.532381652808,
52764804010538,23,1999,2004,5,ne,fvs_regional,6.532406806945801,29.165390014648438,6.408243179321289,96.62310791015625,0.0,22.001096699048578,76.532381652808,
52764804010538,23,1999,2004,5,ne,organon,4.550994396209717,20.608293533325195,6.363096237182617,72.25236511230469,0.0,22.001096699048578,76.532381652808,
52764804010538,23,1999,2004,5,ne,conus_spdep,4.550894260406494,20.607847213745117,6.363094329833984,67.23502349853516,0.0,22.001096699048578,76.532381652808,
52764804010538,23,1999,2004,5,ne,conus_climate,4.550879955291748,20.607786178588867,6.363093852996826,65.3927230834961,0.0,22.001096699048578,76.532381652808,
52950720010538,23,2002,2007,5,ne,fvs_base,80.6904067993164,160.15841674804688,9.611085891723633,1756.08984375,5013.125,104.47679759878707,1754.6183623760799,5959.287574179571
52950720010538,23,2002,2007,5,ne,fvs_regional,80.58812713623047,159.7359161376953,9.617685317993164,1754.5665283203125,5012.0400390625,104.47679759878707,1754.6183623760799,5959.287574179571
52950720010538,23,2002,2007,5,ne,organon,73.18879699707031,143.53021240234375,9.669119834899902,1715.9803466796875,4657.732421875,104.47679759878707,1754.6183623760799,5959.287574179571
52950720010538,23,2002,2007,5,ne,conus_spdep,73.08089447021484,143.3080291748047,9.669477462768555,1658.3370361328125,4890.103515625,104.47679759878707,1754.6183623760799,5959.287574179571
52950720010538,23,2002,2007,5,ne,conus_climate,72.98574829101562,143.1763916015625,9.667621612548828,1649.985595703125,4828.96337890625,104.47679759878707,1754.6183623760799,5959.287574179571
58241817010538,42,2001,2006,5,ne,fvs_base,168.87156677246094,156.0205535888672,14.08716869354248,6114.14111328125,29162.828125,171.455149539863,4002.1090953693797,17901.36484713136
58241817010538,42,2001,2006,5,ne,fvs_regional,162.66285705566406,145.62527465820312,14.31074333190918,5921.84619140625,28460.265625,171.455149539863,4002.1090953693797,17901.36484713136
58241817010538,42,2001,2006,5,ne,organon,146.70863342285156,139.30686950683594,13.895618438720703,5158.5771484375,24174.4140625,171.455149539863,4002.1090953693797,17901.36484713136
58241817010538,42,2001,2006,5,ne,conus_spdep,147.32022094726562,139.6917266845703,13.905357360839844,5306.5927734375,25283.521484375,171.455149539863,4002.1090953693797,17901.36484713136
58241817010538,42,2001,2006,5,ne,conus_climate,147.1807403564453,139.51405334472656,13.907621383666992,5322.33740234375,25173.962890625,171.455149539863,4002.1090953693797,17901.36484713136
58178583010538,42,2000,2005,5,ne,fvs_base,44.0617561340332,89.06082916259766,9.52409839630127,1032.910400390625,2152.838623046875,74.34439917596906,1013.478641431416,3163.3719360874184
58178583010538,42,2000,2005,5,ne,fvs_regional,44.152565002441406,89.45935821533203,9.512646675109863,1034.1265869140625,2153.377685546875,74.34439917596906,1013.478641431416,3163.3719360874184
58178583010538,42,2000,2005,5,ne,organon,39.46979904174805,80.37286376953125,9.488860130310059,869.2462768554688,1890.6759033203125,74.34439917596906,1013.478641431416,3163.3719360874184
58178583010538,42,2000,2005,5,ne,conus_spdep,39.553672790527344,80.49665832519531,9.49162769317627,907.9467163085938,1927.90185546875,74.34439917596906,1013.478641431416,3163.3719360874184
58178583010538,42,2000,2005,5,ne,conus_climate,39.55695724487305,80.5181655883789,9.490754127502441,921.2620239257812,1927.9342041015625,74.34439917596906,1013.478641431416,3163.3719360874184
122563565010661,36,2007,2013,6,ne,fvs_base,95.63478088378906,243.93980407714844,8.478185653686523,2101.529296875,4225.4814453125,85.98788747310658,1124.147365951404,1469.075102727624
122563565010661,36,2007,2013,6,ne,fvs_regional,95.3427505493164,242.93862915039062,8.48265552520752,2095.9755859375,4217.0751953125,85.98788747310658,1124.147365951404,1469.075102727624
122563565010661,36,2007,2013,6,ne,organon,89.93704223632812,224.12803649902344,8.577437400817871,1991.5738525390625,4198.63623046875,85.98788747310658,1124.147365951404,1469.075102727624
122563565010661,36,2007,2013,6,ne,conus_spdep,89.92015075683594,224.03070068359375,8.578495025634766,1982.2789306640625,4198.63623046875,85.98788747310658,1124.147365951404,1469.075102727624
122563565010661,36,2007,2013,6,ne,conus_climate,89.9300537109375,224.085205078125,8.577922821044922,1983.1099853515625,4198.63623046875,85.98788747310658,1124.147365951404,1469.075102727624
58549928010538,42,2004,2009,5,ne,fvs_base,52.54784393310547,106.75529479980469,9.499899864196777,1515.1641845703125,4104.5341796875,26.57082978576313,601.7121567953941,1400.725981791018
58549928010538,42,2004,2009,5,ne,fvs_regional,52.67839813232422,107.20911407470703,9.49154281616211,1517.5098876953125,4107.9541015625,26.57082978576313,601.7121567953941,1400.725981791018
58549928010538,42,2004,2009,5,ne,organon,43.51297378540039,91.66990661621094,9.328940391540527,1233.2176513671875,3168.123046875,26.57082978576313,601.7121567953941,1400.725981791018
58549928010538,42,2004,2009,5,ne,conus_spdep,43.51406478881836,91.672607421875,9.32891845703125,1255.38623046875,3125.89013671875,26.57082978576313,601.7121567953941,1400.725981791018
58549928010538,42,2004,2009,5,ne,conus_climate,43.42750930786133,91.60236358642578,9.323208808898926,1217.0966796875,3155.598388671875,26.57082978576313,601.7121567953941,1400.725981791018
247064745010661,50,2012,2019,7,ne,fvs_base,45.738346099853516,124.62452697753906,8.203038215637207,913.2550048828125,1581.123046875,64.97567575460386,961.3109268322542,2208.566396620244
247064745010661,50,2012,2019,7,ne,fvs_regional,45.90031814575195,125.1269760131836,8.201037406921387,916.384033203125,1585.0537109375,64.97567575460386,961.3109268322542,2208.566396620244
247064745010661,50,2012,2019,7,ne,organon,40.85795593261719,110.85834503173828,8.220354080200195,879.6566772460938,1665.5731201171875,64.97567575460386,961.3109268322542,2208.566396620244
247064745010661,50,2012,2019,7,ne,conus_spdep,40.85295104980469,110.8231430053711,8.22115707397461,859.6825561523438,1605.5560302734375,64.97567575460386,961.3109268322542,2208.566396620244
247064745010661,50,2012,2019,7,ne,conus_climate,40.84113311767578,110.8281021118164,8.219781875610352,816.4918212890625,1420.191650390625,64.97567575460386,961.3109268322542,2208.566396620244
107545582010661,23,2008,2013,5,ne,fvs_base,126.43321990966797,356.0965270996094,8.068317413330078,2951.2666015625,6562.94091796875,145.9268707621737,2797.347138658079,5676.029823968809
107545582010661,23,2008,2013,5,ne,fvs_regional,126.51895141601562,356.4652099609375,8.06688117980957,2952.648193359375,6564.044921875,145.9268707621737,2797.347138658079,5676.029823968809
107545582010661,23,2008,2013,5,ne,organon,112.33146667480469,315.0729064941406,8.085028648376465,2651.432861328125,5987.865234375,145.9268707621737,2797.347138658079,5676.029823968809
107545582010661,23,2008,2013,5,ne,conus_spdep,112.15483093261719,314.4066467285156,8.087218284606934,2601.447265625,5920.8671875,145.9268707621737,2797.347138658079,5676.029823968809
107545582010661,23,2008,2013,5,ne,conus_climate,112.25969696044922,314.8058166503906,8.085871696472168,2617.71728515625,5921.30908203125,145.9268707621737,2797.347138658079,5676.029823968809
58281576010538,42,2001,2006,5,ne,fvs_base,140.83547973632812,240.42367553710938,10.363435745239258,3826.237060546875,10981.5771484375,,,
58281576010538,42,2001,2006,5,ne,fvs_regional,140.95899963378906,240.87332153320312,10.35830020904541,3828.388671875,10983.4306640625,,,
58281576010538,42,2001,2006,5,ne,organon,116.37171173095703,193.91268920898438,10.48955249786377,3113.25390625,9581.298828125,,,
58281576010538,42,2001,2006,5,ne,conus_spdep,116.90089416503906,194.1973876953125,10.50566291809082,3225.94140625,10042.2138671875,,,
58281576010538,42,2001,2006,5,ne,conus_climate,116.8967514038086,194.2172393798828,10.504938125610352,3168.852294921875,9908.18359375,,,
74526312010538,34,2006,2012,6,ne,fvs_base,125.93194580078125,136.4337921142578,13.008979797363281,3644.29248046875,16021.76171875,141.23332490514494,3358.8399718699543,14075.139284518898
74526312010538,34,2006,2012,6,ne,fvs_regional,125.9523696899414,136.48582458496094,13.007556915283203,3644.7705078125,16022.990234375,141.23332490514494,3358.8399718699543,14075.139284518898
74526312010538,34,2006,2012,6,ne,organon,108.03269958496094,113.56224822998047,13.206780433654785,3078.40625,13563.7880859375,141.23332490514494,3358.8399718699543,14075.139284518898
74526312010538,34,2006,2012,6,ne,conus_spdep,108.64936828613281,113.9639663696289,13.221054077148438,3198.857666015625,14267.064453125,141.23332490514494,3358.8399718699543,14075.139284518898
74526312010538,34,2006,2012,6,ne,conus_climate,108.6168212890625,113.96958923339844,13.21874713897705,3168.5341796875,14095.6513671875,141.23332490514494,3358.8399718699543,14075.139284518898
73074956010538,33,2006,2011,5,ne,fvs_base,56.64799499511719,142.5283660888672,8.536462783813477,1319.7261962890625,2687.2353515625,97.92824101492232,1488.2415561698042,4375.499355225934
73074956010538,33,2006,2011,5,ne,fvs_regional,56.66300582885742,142.60165405273438,8.53539752960205,1319.971435546875,2687.345703125,97.92824101492232,1488.2415561698042,4375.499355225934
73074956010538,33,2006,2011,5,ne,organon,51.86073684692383,126.85391998291016,8.657721519470215,1301.41796875,2672.736328125,97.92824101492232,1488.2415561698042,4375.499355225934
73074956010538,33,2006,2011,5,ne,conus_spdep,51.796485900878906,126.55770874023438,8.662477493286133,1273.5947265625,2662.191162109375,97.92824101492232,1488.2415561698042,4375.499355225934
73074956010538,33,2006,2011,5,ne,conus_climate,51.66191482543945,126.08682250976562,8.66735553741455,1238.4996337890625,2670.30517578125,97.92824101492232,1488.2415561698042,4375.499355225934
119148095010661,33,2008,2013,5,ne,fvs_base,104.45543670654297,231.5914306640625,9.093698501586914,2065.34765625,3796.988037109375,140.78264651155237,1671.542481072874,2888.901670447352
119148095010661,33,2008,2013,5,ne,fvs_regional,104.26361083984375,230.99159240722656,9.097134590148926,2062.53759765625,3794.56982421875,140.78264651155237,1671.542481072874,2888.901670447352
119148095010661,33,2008,2013,5,ne,organon,93.87637329101562,209.30357360839844,9.068304061889648,1936.9234619140625,3579.2509765625,140.78264651155237,1671.542481072874,2888.901670447352
119148095010661,33,2008,2013,5,ne,conus_spdep,93.74141693115234,208.84310913085938,9.071767807006836,1847.1356201171875,3396.4892578125,140.78264651155237,1671.542481072874,2888.901670447352
119148095010661,33,2008,2013,5,ne,conus_climate,93.7939682006836,209.07308959960938,9.069318771362305,1860.8416748046875,3458.58935546875,140.78264651155237,1671.542481072874,2888.901670447352
168928845010661,23,2010,2015,5,ne,fvs_base,39.25335693359375,172.27166748046875,6.463499069213867,613.6224365234375,186.31057739257812,72.90507953586467,831.26538205411,435.231628336002
168928845010661,23,2010,2015,5,ne,fvs_regional,39.072303771972656,171.29212951660156,6.466989040374756,611.6636962890625,186.2008819580078,72.90507953586467,831.26538205411,435.231628336002
168928845010661,23,2010,2015,5,ne,organon,36.117469787597656,159.1256103515625,6.450968265533447,595.5192260742188,229.29733276367188,72.90507953586467,831.26538205411,435.231628336002
168928845010661,23,2010,2015,5,ne,conus_spdep,36.110076904296875,159.0974578857422,6.4508795738220215,586.7548217773438,229.272216796875,72.90507953586467,831.26538205411,435.231628336002
168928845010661,23,2010,2015,5,ne,conus_climate,36.066017150878906,158.90139770507812,6.450918197631836,572.0463256835938,229.25967407226562,72.90507953586467,831.26538205411,435.231628336002
247062079010661,36,2012,2019,7,ne,fvs_base,116.95223999023438,177.1233367919922,11.002788543701172,3061.2041015625,13029.6943359375,115.44073395707507,2479.5607472155384,7180.484357145375
247062079010661,36,2012,2019,7,ne,fvs_regional,117.06564331054688,177.45721435546875,10.997759819030762,3063.341796875,13034.966796875,115.44073395707507,2479.5607472155384,7180.484357145375
247062079010661,36,2012,2019,7,ne,organon,102.74640655517578,160.59385681152344,10.830662727355957,2759.385009765625,11673.4033203125,115.44073395707507,2479.5607472155384,7180.484357145375
247062079010661,36,2012,2019,7,ne,conus_spdep,102.73641967773438,160.53135681152344,10.832249641418457,2668.654541015625,11200.455078125,115.44073395707507,2479.5607472155384,7180.484357145375
247062079010661,36,2012,2019,7,ne,conus_climate,102.76738739013672,160.58047485351562,10.832221031188965,2669.662353515625,11235.0029296875,115.44073395707507,2479.5607472155384,7180.484357145375
168261983020004,24,2014,2021,7,ne,fvs_base,31.81771469116211,118.88909149169922,7.00486421585083,479.4598083496094,484.2210998535156,43.27233479483015,583.07860734456,990.9359498403621
168261983020004,24,2014,2021,7,ne,fvs_regional,31.746871948242188,118.6048812866211,7.0054426193237305,478.609619140625,483.58837890625,43.27233479483015,583.07860734456,990.9359498403621
168261983020004,24,2014,2021,7,ne,organon,27.470935821533203,104.7643051147461,6.933720111846924,423.9830627441406,421.5258483886719,43.27233479483015,583.07860734456,990.9359498403621
168261983020004,24,2014,2021,7,ne,conus_spdep,27.538249969482422,104.93272399902344,6.936637878417969,431.2630920410156,421.4160461425781,43.27233479483015,583.07860734456,990.9359498403621
168261983020004,24,2014,2021,7,ne,conus_climate,27.488210678100586,104.80433654785156,6.934575080871582,409.15374755859375,422.1155090332031,43.27233479483015,583.07860734456,990.9359498403621
107546280010661,23,2008,2013,5,ne,fvs_base,38.46544647216797,95.30757904052734,8.602168083190918,708.227294921875,300.02056884765625,5.13952346200555,,
107546280010661,23,2008,2013,5,ne,fvs_regional,38.365596771240234,95.03874969482422,8.60313892364502,706.5809326171875,299.77764892578125,5.13952346200555,,
107546280010661,23,2008,2013,5,ne,organon,36.61964797973633,90.40479278564453,8.617826461791992,716.465087890625,307.4251403808594,5.13952346200555,,
107546280010661,23,2008,2013,5,ne,conus_spdep,36.619388580322266,90.4066162109375,8.617706298828125,701.503662109375,289.5190734863281,5.13952346200555,,
107546280010661,23,2008,2013,5,ne,conus_climate,36.57532501220703,90.29883575439453,8.617658615112305,674.7587890625,277.6033020019531,5.13952346200555,,
15806850020004,36,2013,2021,8,ne,fvs_base,111.3824234008789,188.39297485351562,10.411477088928223,3084.680419921875,10859.30859375,55.113394825376204,926.1690647672101,1535.523526141912
15806850020004,36,2013,2021,8,ne,fvs_regional,111.18191528320312,187.90524291992188,10.415590286254883,3080.452392578125,10849.732421875,55.113394825376204,926.1690647672101,1535.523526141912
15806850020004,36,2013,2021,8,ne,organon,89.70376586914062,162.94769287109375,10.046564102172852,2366.36962890625,7981.06640625,55.113394825376204,926.1690647672101,1535.523526141912
15806850020004,36,2013,2021,8,ne,conus_spdep,89.62706756591797,162.78903198242188,10.047160148620605,2268.04248046875,7722.30517578125,55.113394825376204,926.1690647672101,1535.523526141912
15806850020004,36,2013,2021,8,ne,conus_climate,89.75418853759766,163.01805114746094,10.047216415405273,2363.018798828125,7935.34716796875,55.113394825376204,926.1690647672101,1535.523526141912
243883095489998,23,2015,2020,5,ne,fvs_base,35.775691986083984,131.0074920654297,7.075908660888672,720.8917236328125,499.2174987792969,26.09883001760798,472.737083985592,
243883095489998,23,2015,2020,5,ne,fvs_regional,35.6515007019043,130.37327575683594,7.080776214599609,718.7494506835938,499.08953857421875,26.09883001760798,472.737083985592,
243883095489998,23,2015,2020,5,ne,organon,29.31985092163086,106.57283020019531,7.102216720581055,612.7125854492188,379.6669006347656,26.09883001760798,472.737083985592,
243883095489998,23,2015,2020,5,ne,conus_spdep,29.314407348632812,106.54498291015625,7.102485656738281,605.6043701171875,379.5978088378906,26.09883001760798,472.737083985592,
243883095489998,23,2015,2020,5,ne,conus_climate,29.282054901123047,106.39694213867188,7.103500843048096,593.5824584960938,379.5876770019531,26.09883001760798,472.737083985592,
168262155020004,24,2015,2023,8,ne,fvs_base,83.10433197021484,111.98014068603516,11.664809226989746,2803.5419921875,9022.3818359375,,,
168262155020004,24,2015,2023,8,ne,fvs_regional,82.89051818847656,111.40129852294922,11.680020332336426,2797.92578125,9015.1162109375,,,
168262155020004,24,2015,2023,8,ne,organon,65.1759262084961,87.71803283691406,11.671736717224121,2039.56298828125,6790.81787109375,,,
168262155020004,24,2015,2023,8,ne,conus_spdep,66.31503295898438,89.07415008544922,11.68332576751709,2168.087890625,7083.95751953125,,,
168262155020004,24,2015,2023,8,ne,conus_climate,66.53571319580078,89.10034942626953,11.70102596282959,2227.36962890625,7398.8994140625,,,
15806636020004,36,2013,2021,8,ne,fvs_base,82.19012451171875,142.33172607421875,10.289523124694824,1623.343994140625,4926.89013671875,70.69624343833685,963.218990442876,1588.5029728396921
15806636020004,36,2013,2021,8,ne,fvs_regional,81.98896789550781,141.65975952148438,10.301268577575684,1620.2176513671875,4922.998046875,70.69624343833685,963.218990442876,1588.5029728396921
15806636020004,36,2013,2021,8,ne,organon,72.65454864501953,119.63455200195312,10.55211067199707,1634.864501953125,5434.03125,70.69624343833685,963.218990442876,1588.5029728396921
15806636020004,36,2013,2021,8,ne,conus_spdep,72.63011169433594,119.50520324707031,10.556044578552246,1575.76953125,5216.056640625,70.69624343833685,963.218990442876,1588.5029728396921
15806636020004,36,2013,2021,8,ne,conus_climate,72.64479064941406,119.58976745605469,10.553377151489258,1479.99658203125,4620.51123046875,70.69624343833685,963.218990442876,1588.5029728396921
29637570020004,54,2013,2020,7,ne,fvs_base,102.83761596679688,290.3871765136719,8.057930946350098,1433.5863037109375,2776.71044921875,123.13990745547264,1619.5834662909458,3517.4027618207097
29637570020004,54,2013,2020,7,ne,fvs_regional,102.34554290771484,288.22222900390625,8.068764686584473,1428.85302734375,2771.250732421875,123.13990745547264,1619.5834662909458,3517.4027618207097
29637570020004,54,2013,2020,7,ne,organon,95.96756744384766,263.6191101074219,8.169775009155273,1244.3997802734375,2468.778076171875,123.13990745547264,1619.5834662909458,3517.4027618207097
29637570020004,54,2013,2020,7,ne,conus_spdep,95.98767852783203,263.6977233886719,8.16940975189209,1359.2225341796875,2747.71240234375,123.13990745547264,1619.5834662909458,3517.4027618207097
29637570020004,54,2013,2020,7,ne,conus_climate,95.91043090820312,263.4016418457031,8.170706748962402,1339.19287109375,2747.71240234375,123.13990745547264,1619.5834662909458,3517.4027618207097
76903343010538,42,2006,2012,6,ne,fvs_base,84.33753204345703,207.67820739746094,8.628817558288574,2059.66845703125,2246.3623046875,114.15494431838887,1591.773185054138,3008.79326109395
76903343010538,42,2006,2012,6,ne,fvs_regional,84.35377502441406,207.73654174804688,8.628437042236328,2059.979736328125,2246.5693359375,114.15494431838887,1591.773185054138,3008.79326109395
76903343010538,42,2006,2012,6,ne,organon,58.96247482299805,150.2982635498047,8.481001853942871,1378.83642578125,1508.74853515625,114.15494431838887,1591.773185054138,3008.79326109395
76903343010538,42,2006,2012,6,ne,conus_spdep,59.117427825927734,150.57150268554688,8.484431266784668,1434.663818359375,1559.3248291015625,114.15494431838887,1591.773185054138,3008.79326109395
76903343010538,42,2006,2012,6,ne,conus_climate,59.13742446899414,150.63063049316406,8.484200477600098,1427.500244140625,1512.208984375,114.15494431838887,1591.773185054138,3008.79326109395
145023247010661,36,2009,2014,5,ne,fvs_base,110.2713623046875,130.47862243652344,12.447952270507812,2739.4833984375,14396.9013671875,178.4596349977202,2271.1702695820295,8420.003045049902
145023247010661,36,2009,2014,5,ne,fvs_regional,110.51288604736328,131.2806396484375,12.423458099365234,2743.7724609375,14408.767578125,178.4596349977202,2271.1702695820295,8420.003045049902
145023247010661,36,2009,2014,5,ne,organon,101.0024185180664,122.43229675292969,12.298559188842773,2602.68603515625,13734.515625,178.4596349977202,2271.1702695820295,8420.003045049902
145023247010661,36,2009,2014,5,ne,conus_spdep,100.97772216796875,122.32620239257812,12.302385330200195,2552.893798828125,13575.33203125,178.4596349977202,2271.1702695820295,8420.003045049902
145023247010661,36,2009,2014,5,ne,conus_climate,100.97528839111328,122.30876922607422,12.303112983703613,2490.59375,13159.6923828125,178.4596349977202,2271.1702695820295,8420.003045049902
375823386489998,23,2017,2022,5,ne,fvs_base,25.749067306518555,124.79923248291016,6.150508880615234,417.906005859375,0.0,114.55300598623406,695.4544408831381,
375823386489998,23,2017,2022,5,ne,fvs_regional,25.376859664916992,122.97355651855469,6.151051998138428,411.850341796875,0.0,114.55300598623406,695.4544408831381,
375823386489998,23,2017,2022,5,ne,organon,21.32335662841797,103.57025146484375,6.143936634063721,350.3690185546875,0.0,114.55300598623406,695.4544408831381,
375823386489998,23,2017,2022,5,ne,conus_spdep,21.32284927368164,103.56366729736328,6.144056797027588,349.94964599609375,0.0,114.55300598623406,695.4544408831381,
375823386489998,23,2017,2022,5,ne,conus_climate,21.31012535095215,103.48980712890625,6.14441442489624,345.1883239746094,0.0,114.55300598623406,695.4544408831381,
76869487010538,42,2006,2011,5,ne,fvs_base,69.17390441894531,65.50264739990234,13.914835929870605,1970.166748046875,10327.5283203125,82.52058941618992,1731.1601213748622,8988.642067164936
76869487010538,42,2006,2011,5,ne,fvs_regional,69.20298767089844,65.57577514648438,13.90999698638916,1970.6143798828125,10328.0986328125,82.52058941618992,1731.1601213748622,8988.642067164936
76869487010538,42,2006,2011,5,ne,organon,63.523902893066406,59.618350982666016,13.977031707763672,1852.373291015625,9607.9228515625,82.52058941618992,1731.1601213748622,8988.642067164936
76869487010538,42,2006,2011,5,ne,conus_spdep,63.535526275634766,59.627960205078125,13.97718334197998,1876.3419189453125,9775.072265625,82.52058941618992,1731.1601213748622,8988.642067164936
76869487010538,42,2006,2011,5,ne,conus_climate,63.5301399230957,59.61983871459961,13.977543830871582,1805.790771484375,9486.5439453125,82.52058941618992,1731.1601213748622,8988.642067164936
64261697010538,36,2005,2010,5,ne,fvs_base,17.53131103515625,41.724849700927734,8.77700138092041,382.582275390625,366.17291259765625,31.419173986451664,458.513787329306,890.1708046661361
64261697010538,36,2005,2010,5,ne,fvs_regional,17.571102142333984,41.901031494140625,8.768461227416992,383.1855773925781,366.5831298828125,31.419173986451664,458.513787329306,890.1708046661361
64261697010538,36,2005,2010,5,ne,organon,16.0115909576416,37.74473571777344,8.819122314453125,379.9864501953125,401.78204345703125,31.419173986451664,458.513787329306,890.1708046661361
64261697010538,36,2005,2010,5,ne,conus_spdep,16.01107406616211,37.7430305480957,8.819178581237793,374.4851989746094,401.7740173339844,31.419173986451664,458.513787329306,890.1708046661361
64261697010538,36,2005,2010,5,ne,conus_climate,15.956039428710938,37.66926956176758,8.812623977661133,350.58258056640625,337.4706115722656,31.419173986451664,458.513787329306,890.1708046661361
168998378010661,42,2011,2017,6,ne,fvs_base,66.62020874023438,147.78147888183594,9.09136962890625,1593.7095947265625,2845.5966796875,86.4316632568393,1549.257946831388,3570.118822717254
168998378010661,42,2011,2017,6,ne,fvs_regional,66.90523529052734,148.78219604492188,9.080102920532227,1597.678955078125,2848.3291015625,86.4316632568393,1549.257946831388,3570.118822717254
168998378010661,42,2011,2017,6,ne,organon,55.24617004394531,119.69570922851562,9.199156761169434,1271.9263916015625,2318.515869140625,86.4316632568393,1549.257946831388,3570.118822717254
168998378010661,42,2011,2017,6,ne,conus_spdep,55.32609558105469,119.82749938964844,9.20074462890625,1318.2982177734375,2270.836669921875,86.4316632568393,1549.257946831388,3570.118822717254
168998378010661,42,2011,2017,6,ne,conus_climate,55.333168029785156,119.86091613769531,9.200050354003906,1319.84423828125,2403.67138671875,86.4316632568393,1549.257946831388,3570.118822717254
70611804010538,23,2004,2009,5,ne,fvs_base,28.23714828491211,41.482940673828125,11.17151165008545,595.7552490234375,2687.852294921875,89.40893353932178,792.3445000394579,3340.680782858978
70611804010538,23,2004,2009,5,ne,fvs_regional,28.22957992553711,41.452484130859375,11.174117088317871,595.6387939453125,2687.45751953125,89.40893353932178,792.3445000394579,3340.680782858978
70611804010538,23,2004,2009,5,ne,organon,27.769332885742188,40.60101318359375,11.198260307312012,613.8155517578125,2805.150634765625,89.40893353932178,792.3445000394579,3340.680782858978
70611804010538,23,2004,2009,5,ne,conus_spdep,27.76780891418457,40.598209381103516,11.198341369628906,606.985595703125,2706.159912109375,89.40893353932178,792.3445000394579,3340.680782858978
70611804010538,23,2004,2009,5,ne,conus_climate,27.769987106323242,40.600093841552734,11.198518753051758,586.1646118164062,2647.986572265625,89.40893353932178,792.3445000394579,3340.680782858978
53715270010538,36,2003,2008,5,ne,fvs_base,73.19611358642578,154.70941162109375,9.313692092895508,1514.2139892578125,4228.076171875,118.46887033327828,1173.5313671747601,3461.1190467861707
53715270010538,36,2003,2008,5,ne,fvs_regional,73.24946594238281,154.85971069335938,9.312565803527832,1515.120361328125,4229.32861328125,118.46887033327828,1173.5313671747601,3461.1190467861707
53715270010538,36,2003,2008,5,ne,organon,65.13599395751953,136.45449829101562,9.355193138122559,1398.1121826171875,3858.32958984375,118.46887033327828,1173.5313671747601,3461.1190467861707
53715270010538,36,2003,2008,5,ne,conus_spdep,65.12763214111328,136.42308044433594,9.355673789978027,1362.1773681640625,3781.474365234375,118.46887033327828,1173.5313671747601,3461.1190467861707
53715270010538,36,2003,2008,5,ne,conus_climate,65.1098861694336,136.41969299316406,9.354512214660645,1349.7294921875,3778.56201171875,118.46887033327828,1173.5313671747601,3461.1190467861707
58408212010538,42,2003,2009,6,ne,fvs_base,113.02981567382812,165.9361114501953,11.175378799438477,3559.077880859375,14731.015625,122.85856549262391,2317.631402151922,9395.039377538724
58408212010538,42,2003,2009,6,ne,fvs_regional,113.0696792602539,166.03292846679688,11.174094200134277,3559.97412109375,14733.267578125,122.85856549262391,2317.631402151922,9395.039377538724
58408212010538,42,2003,2009,6,ne,organon,88.2601318359375,132.0774383544922,11.068894386291504,2671.358154296875,11174.658203125,122.85856549262391,2317.631402151922,9395.039377538724
58408212010538,42,2003,2009,6,ne,conus_spdep,88.41751098632812,132.15997314453125,11.075297355651855,2727.88720703125,11502.7236328125,122.85856549262391,2317.631402151922,9395.039377538724
58408212010538,42,2003,2009,6,ne,conus_climate,88.234619140625,132.00253295898438,11.07043743133545,2708.143310546875,11326.6650390625,122.85856549262391,2317.631402151922,9395.039377538724
247065573010661,54,2013,2019,6,ne,fvs_base,119.87358093261719,193.59927368164062,10.65482234954834,3266.365234375,9475.4970703125,,,
247065573010661,54,2013,2019,6,ne,fvs_regional,119.41368865966797,192.4864959716797,10.665061950683594,3256.22314453125,9463.7783203125,,,
247065573010661,54,2013,2019,6,ne,organon,98.40894317626953,155.0235137939453,10.788342475891113,2711.602783203125,8449.5400390625,,,
247065573010661,54,2013,2019,6,ne,conus_spdep,98.52128601074219,155.2893524169922,10.785256385803223,2758.06298828125,8620.9560546875,,,
247065573010661,54,2013,2019,6,ne,conus_climate,98.36185455322266,154.8501739501953,10.791797637939453,2686.75537109375,8367.69921875,,,
53744169010538,36,2003,2008,5,ne,fvs_base,156.2034454345703,170.37893676757812,12.965031623840332,4764.40771484375,19863.740234375,167.27352699444043,4557.15483200973,20316.12721082099
53744169010538,36,2003,2008,5,ne,fvs_regional,155.28440856933594,168.06825256347656,13.01539421081543,4742.91796875,19817.0078125,167.27352699444043,4557.15483200973,20316.12721082099
53744169010538,36,2003,2008,5,ne,organon,115.88292694091797,128.62071228027344,12.852588653564453,3547.9248046875,14928.7958984375,167.27352699444043,4557.15483200973,20316.12721082099
53744169010538,36,2003,2008,5,ne,conus_spdep,115.78229522705078,128.42733764648438,12.856674194335938,3488.52099609375,14679.8623046875,167.27352699444043,4557.15483200973,20316.12721082099
53744169010538,36,2003,2008,5,ne,conus_climate,115.8753890991211,128.61741638183594,12.852336883544922,3512.974365234375,14619.3330078125,167.27352699444043,4557.15483200973,20316.12721082099
58391351010538,42,2003,2008,5,ne,fvs_base,106.4879150390625,148.5740203857422,11.46343994140625,3495.201904296875,12486.5185546875,115.4295740181896,3155.6089817219017,10420.535093944782
58391351010538,42,2003,2008,5,ne,fvs_regional,106.80078887939453,149.35350036621094,11.450274467468262,3503.604248046875,12504.6640625,115.4295740181896,3155.6089817219017,10420.535093944782
58391351010538,42,2003,2008,5,ne,organon,91.66647338867188,126.21448516845703,11.53950023651123,2942.00732421875,10801.103515625,115.4295740181896,3155.6089817219017,10420.535093944782
58391351010538,42,2003,2008,5,ne,conus_spdep,91.76082611083984,126.45840454101562,11.534295082092285,3010.1201171875,10915.1572265625,115.4295740181896,3155.6089817219017,10420.535093944782
58391351010538,42,2003,2008,5,ne,conus_climate,91.84425354003906,126.66661071777344,11.530048370361328,3024.300537109375,10987.90625,115.4295740181896,3155.6089817219017,10420.535093944782
15806958020004,36,2013,2019,6,ne,fvs_base,79.1285400390625,177.2910614013672,9.046060562133789,1790.1190185546875,5260.05615234375,84.63309986660269,598.7748689037139,506.09344596485005
15806958020004,36,2013,2019,6,ne,fvs_regional,79.45752716064453,178.64825439453125,9.030348777770996,1795.0999755859375,5262.44580078125,84.63309986660269,598.7748689037139,506.09344596485005
15806958020004,36,2013,2019,6,ne,organon,74.86679077148438,172.44430541992188,8.921879768371582,1718.038818359375,5005.71923828125,84.63309986660269,598.7748689037139,506.09344596485005
15806958020004,36,2013,2019,6,ne,conus_spdep,74.85980224609375,172.43568420410156,8.9216890335083,1683.547119140625,4983.77978515625,84.63309986660269,598.7748689037139,506.09344596485005
15806958020004,36,2013,2019,6,ne,conus_climate,74.85023498535156,172.4040069580078,8.921936988830566,1673.4949951171875,4911.689453125,84.63309986660269,598.7748689037139,506.09344596485005
168990296010661,36,2010,2016,6,ne,fvs_base,10.925031661987305,17.76477813720703,10.618612289428711,207.1122283935547,607.1481323242188,32.84574511306731,255.38157738829798,1021.819081473046
168990296010661,36,2010,2016,6,ne,fvs_regional,11.010730743408203,17.871747970581055,10.628228187561035,208.77105712890625,614.0553588867188,32.84574511306731,255.38157738829798,1021.819081473046
168990296010661,36,2010,2016,6,ne,organon,10.621896743774414,17.184186935424805,10.645665168762207,211.85916137695312,643.2865600585938,32.84574511306731,255.38157738829798,1021.819081473046
168990296010661,36,2010,2016,6,ne,conus_spdep,10.625000953674316,17.19078826904297,10.645177841186523,205.39584350585938,596.3065185546875,32.84574511306731,255.38157738829798,1021.819081473046
168990296010661,36,2010,2016,6,ne,conus_climate,10.628829002380371,17.197620391845703,10.644980430603027,201.57322692871094,596.4833984375,32.84574511306731,255.38157738829798,1021.819081473046
68297241010538,42,2005,2010,5,ne,fvs_base,57.417686462402344,77.23490142822266,11.674877166748047,1447.80517578125,5416.7861328125,62.06567187792554,1232.4382280997802,3764.711738322654
68297241010538,42,2005,2010,5,ne,fvs_regional,57.49094772338867,77.51608276367188,11.66111946105957,1448.903076171875,5420.03173828125,62.06567187792554,1232.4382280997802,3764.711738322654
68297241010538,42,2005,2010,5,ne,organon,50.24795913696289,68.03507232666016,11.636679649353027,1277.8118896484375,5106.228515625,62.06567187792554,1232.4382280997802,3764.711738322654
68297241010538,42,2005,2010,5,ne,conus_spdep,50.433780670166016,68.36534118652344,11.629983901977539,1310.7757568359375,5342.41357421875,62.06567187792554,1232.4382280997802,3764.711738322654
68297241010538,42,2005,2010,5,ne,conus_climate,50.219993591308594,68.02615356445312,11.634204864501953,1256.5111083984375,4875.658203125,62.06567187792554,1232.4382280997802,3764.711738322654
53074897010538,23,2003,2008,5,ne,fvs_base,29.815786361694336,47.62687301635742,10.713549613952637,663.1929321289062,2769.075439453125,15.11197834490285,121.980911784694,
53074897010538,23,2003,2008,5,ne,fvs_regional,29.797733306884766,47.5656852722168,10.717192649841309,662.8731689453125,2768.44921875,15.11197834490285,121.980911784694,
53074897010538,23,2003,2008,5,ne,organon,27.919830322265625,44.32255554199219,10.746828079223633,661.3153686523438,2619.305419921875,15.11197834490285,121.980911784694,
53074897010538,23,2003,2008,5,ne,conus_spdep,27.91839599609375,44.31998062133789,10.746862411499023,650.3472290039062,2727.232666015625,15.11197834490285,121.980911784694,
53074897010538,23,2003,2008,5,ne,conus_climate,27.920930862426758,44.319522857666016,10.747408866882324,623.5553588867188,2608.06787109375,15.11197834490285,121.980911784694,
122560138010661,54,2007,2013,6,ne,fvs_base,105.63499450683594,148.11758422851562,11.435019493103027,3584.2568359375,11966.76171875,105.26908827548161,2694.92935379961,9725.22022960252
122560138010661,54,2007,2013,6,ne,fvs_regional,105.9802017211914,148.91741943359375,11.422892570495605,3594.138671875,11978.2646484375,105.26908827548161,2694.92935379961,9725.22022960252
122560138010661,54,2007,2013,6,ne,organon,88.35907745361328,121.57561492919922,11.543533325195312,2963.89990234375,10279.1181640625,105.26908827548161,2694.92935379961,9725.22022960252
122560138010661,54,2007,2013,6,ne,conus_spdep,88.66090393066406,122.15328979492188,11.53585433959961,3063.697021484375,10630.2490234375,105.26908827548161,2694.92935379961,9725.22022960252
122560138010661,54,2007,2013,6,ne,conus_climate,88.53667449951172,121.82195281982422,11.54343318939209,2985.51416015625,10290.9248046875,105.26908827548161,2694.92935379961,9725.22022960252
375583650489998,33,2017,2024,7,ne,fvs_base,45.51749038696289,94.62501525878906,9.391231536865234,1181.53173828125,1688.593017578125,56.23593899339559,847.2076131893759,1690.978621210452
375583650489998,33,2017,2024,7,ne,fvs_regional,45.63420104980469,94.9808349609375,9.385634422302246,1183.980224609375,1689.1278076171875,56.23593899339559,847.2076131893759,1690.978621210452
375583650489998,33,2017,2024,7,ne,organon,40.93867492675781,85.12958526611328,9.38994312286377,1052.7027587890625,1469.6944580078125,56.23593899339559,847.2076131893759,1690.978621210452
375583650489998,33,2017,2024,7,ne,conus_spdep,40.904022216796875,85.07830810546875,9.388795852661133,1028.698974609375,1411.743896484375,56.23593899339559,847.2076131893759,1690.978621210452
375583650489998,33,2017,2024,7,ne,conus_climate,40.9622917175293,85.16482543945312,9.390707015991211,1061.9493408203125,1470.80810546875,56.23593899339559,847.2076131893759,1690.978621210452
58366674010538,42,2003,2008,5,ne,fvs_base,25.816434860229492,47.564064025878906,9.975735664367676,579.5633544921875,1357.233154296875,48.598738057587305,631.1369112687139,2386.421164416648
58366674010538,42,2003,2008,5,ne,fvs_regional,25.856491088867188,47.74840545654297,9.964181900024414,579.9684448242188,1358.142822265625,48.598738057587305,631.1369112687139,2386.421164416648
58366674010538,42,2003,2008,5,ne,organon,24.39777374267578,43.33213424682617,10.160295486450195,537.6476440429688,1197.3941650390625,48.598738057587305,631.1369112687139,2386.421164416648
58366674010538,42,2003,2008,5,ne,conus_spdep,24.429155349731445,43.440391540527344,10.154151916503906,561.955322265625,1326.56689453125,48.598738057587305,631.1369112687139,2386.421164416648
58366674010538,42,2003,2008,5,ne,conus_climate,24.4315242767334,43.44615173339844,10.153970718383789,555.6237182617188,1326.56103515625,48.598738057587305,631.1369112687139,2386.421164416648
58350312010538,42,2002,2007,5,ne,fvs_base,139.4970703125,136.42730712890625,13.692037582397461,3909.98876953125,17266.52734375,162.31235062919413,3234.985172957872,14160.769200472325
58350312010538,42,2002,2007,5,ne,fvs_regional,137.68545532226562,130.75869750976562,13.894564628601074,3878.30078125,17192.55078125,162.31235062919413,3234.985172957872,14160.769200472325
58350312010538,42,2002,2007,5,ne,organon,116.62214660644531,108.33586883544922,14.048846244812012,3225.521484375,14781.07421875,162.31235062919413,3234.985172957872,14160.769200472325
58350312010538,42,2002,2007,5,ne,conus_spdep,116.86993408203125,108.4369125366211,14.057209968566895,3319.931396484375,15192.0546875,162.31235062919413,3234.985172957872,14160.769200472325
58350312010538,42,2002,2007,5,ne,conus_climate,116.57048797607422,108.33662414550781,14.045685768127441,3268.854736328125,14954.33984375,162.31235062919413,3234.985172957872,14160.769200472325
243882874489998,23,2015,2020,5,ne,fvs_base,76.4407730102539,88.96678161621094,12.551189422607422,2181.461181640625,8821.6279296875,100.91711527914777,2079.88794126169,9542.675303674063
243882874489998,23,2015,2020,5,ne,fvs_regional,76.53990173339844,89.20867156982422,12.542287826538086,2183.814697265625,8828.25,100.91711527914777,2079.88794126169,9542.675303674063
243882874489998,23,2015,2020,5,ne,organon,73.41362762451172,85.74329376220703,12.529234886169434,2160.8798828125,8839.7900390625,100.91711527914777,2079.88794126169,9542.675303674063
243882874489998,23,2015,2020,5,ne,conus_spdep,73.41068267822266,85.69306182861328,12.53265380859375,2128.728759765625,8855.5322265625,100.91711527914777,2079.88794126169,9542.675303674063
243882874489998,23,2015,2020,5,ne,conus_climate,73.42185974121094,85.73285675048828,12.53070068359375,2124.03466796875,8792.20703125,100.91711527914777,2079.88794126169,9542.675303674063
222517533010661,23,2011,2016,5,ne,fvs_base,101.49475860595703,82.97653198242188,14.975468635559082,2535.112060546875,13941.669921875,104.58210415590773,1743.37274071818,6740.474279924452
222517533010661,23,2011,2016,5,ne,fvs_regional,101.82784271240234,83.4815902709961,14.954578399658203,2541.90869140625,13973.5869140625,104.58210415590773,1743.37274071818,6740.474279924452
222517533010661,23,2011,2016,5,ne,organon,97.3417739868164,79.54520416259766,14.978864669799805,2517.97021484375,13758.111328125,104.58210415590773,1743.37274071818,6740.474279924452
222517533010661,23,2011,2016,5,ne,conus_spdep,97.33826446533203,79.50624084472656,14.982264518737793,2465.283447265625,13434.2255859375,104.58210415590773,1743.37274071818,6740.474279924452
222517533010661,23,2011,2016,5,ne,conus_climate,97.27155303955078,79.46134948730469,14.981361389160156,2423.558349609375,13334.0283203125,104.58210415590773,1743.37274071818,6740.474279924452
145007953010661,54,2009,2014,5,ne,fvs_base,30.689340591430664,65.3037109375,9.282418251037598,779.8466796875,2675.91943359375,,,
145007953010661,54,2009,2014,5,ne,fvs_regional,30.591379165649414,64.94534301757812,9.29312515258789,777.9039916992188,2672.624755859375,,,
145007953010661,54,2009,2014,5,ne,organon,25.594850540161133,48.90508270263672,9.795702934265137,633.3596801757812,2203.193359375,,,
145007953010661,54,2009,2014,5,ne,conus_spdep,25.554975509643555,48.866981506347656,9.79188346862793,645.4663696289062,2226.9873046875,,,
145007953010661,54,2009,2014,5,ne,conus_climate,25.685646057128906,48.95201873779297,9.808355331420898,673.0109252929688,2365.126708984375,,,
65138752010538,36,2005,2010,5,ne,fvs_base,41.59126663208008,101.27652740478516,8.677268028259277,992.0813598632812,1327.6492919921875,72.47361841003203,1053.3023025626198,1924.9815295011078
65138752010538,36,2005,2010,5,ne,fvs_regional,41.49803161621094,101.01351165771484,8.678813934326172,990.3168334960938,1327.0489501953125,72.47361841003203,1053.3023025626198,1924.9815295011078
65138752010538,36,2005,2010,5,ne,organon,37.55767059326172,89.44334411621094,8.77428150177002,919.262939453125,1310.4599609375,72.47361841003203,1053.3023025626198,1924.9815295011078
65138752010538,36,2005,2010,5,ne,conus_spdep,37.5296745300293,89.3525161743164,8.775467872619629,905.6011962890625,1310.51171875,72.47361841003203,1053.3023025626198,1924.9815295011078
65138752010538,36,2005,2010,5,ne,conus_climate,37.53894805908203,89.38028717041016,8.775187492370605,902.4341430664062,1247.1312255859375,72.47361841003203,1053.3023025626198,1924.9815295011078
58536264010538,42,2003,2009,6,ne,fvs_base,84.09701538085938,118.25716400146484,11.41860294342041,2367.744873046875,9667.20703125,31.052529948760615,726.0891114686659,5320.733487414362
58536264010538,42,2003,2009,6,ne,fvs_regional,84.26292419433594,118.77030181884766,11.405139923095703,2371.1923828125,9674.08984375,31.052529948760615,726.0891114686659,5320.733487414362
58536264010538,42,2003,2009,6,ne,organon,77.32180786132812,106.66553497314453,11.528563499450684,2167.29443359375,8912.578125,31.052529948760615,726.0891114686659,5320.733487414362
58536264010538,42,2003,2009,6,ne,conus_spdep,77.5093002319336,106.83305358886719,11.533480644226074,2247.042236328125,9444.5302734375,31.052529948760615,726.0891114686659,5320.733487414362
58536264010538,42,2003,2009,6,ne,conus_climate,77.27816772460938,106.61441802978516,11.52807331085205,2152.71923828125,8906.4990234375,31.052529948760615,726.0891114686659,5320.733487414362
247105070010661,42,2013,2018,5,ne,fvs_base,38.407142639160156,41.680625915527344,12.99796199798584,1200.8505859375,5197.32373046875,48.74774825983608,834.1616810344842,2989.6541235625637
247105070010661,42,2013,2018,5,ne,fvs_regional,38.41591262817383,41.706817626953125,12.995361328125,1201.016357421875,5197.81640625,48.74774825983608,834.1616810344842,2989.6541235625637
247105070010661,42,2013,2018,5,ne,organon,33.55928039550781,35.810123443603516,13.108099937438965,1055.7840576171875,4820.5400390625,48.74774825983608,834.1616810344842,2989.6541235625637
247105070010661,42,2013,2018,5,ne,conus_spdep,33.56272506713867,35.81561279296875,13.107768058776855,1064.4871826171875,4820.6865234375,48.74774825983608,834.1616810344842,2989.6541235625637
247105070010661,42,2013,2018,5,ne,conus_climate,33.55934524536133,35.81071472167969,13.108004570007324,1056.8585205078125,4779.69287109375,48.74774825983608,834.1616810344842,2989.6541235625637
55881774010538,33,2002,2008,6,ne,fvs_base,87.27847290039062,148.75059509277344,10.371953010559082,2134.692626953125,8355.6533203125,52.486833745747724,786.4165140978481,1350.5601280674339
55881774010538,33,2002,2008,6,ne,fvs_regional,87.38140106201172,149.04774475097656,10.367718696594238,2136.6201171875,8360.46875,52.486833745747724,786.4165140978481,1350.5601280674339
55881774010538,33,2002,2008,6,ne,organon,74.44438171386719,122.1790771484375,10.569482803344727,1952.485107421875,7690.9140625,52.486833745747724,786.4165140978481,1350.5601280674339
55881774010538,33,2002,2008,6,ne,conus_spdep,74.42841339111328,122.12721252441406,10.570595741271973,1905.0736083984375,7743.85302734375,52.486833745747724,786.4165140978481,1350.5601280674339
55881774010538,33,2002,2008,6,ne,conus_climate,74.4343490600586,122.10783386230469,10.571856498718262,1829.9833984375,7523.87353515625,52.486833745747724,786.4165140978481,1350.5601280674339
222095760010661,42,2011,2017,6,ne,fvs_base,171.03652954101562,126.15998077392578,15.76594066619873,5988.21875,32823.69140625,16.71924918215366,258.29148918872403,1090.885204446184
222095760010661,42,2011,2017,6,ne,fvs_regional,171.32955932617188,126.50936126708984,15.757636070251465,5997.54541015625,32866.58984375,16.71924918215366,258.29148918872403,1090.885204446184
222095760010661,42,2011,2017,6,ne,organon,124.7665023803711,99.0354995727539,15.198119163513184,4344.09423828125,23405.623046875,16.71924918215366,258.29148918872403,1090.885204446184
222095760010661,42,2011,2017,6,ne,conus_spdep,125.49456024169922,99.4249267578125,15.212519645690918,4502.404296875,24470.15234375,16.71924918215366,258.29148918872403,1090.885204446184
222095760010661,42,2011,2017,6,ne,conus_climate,124.73067474365234,98.8770751953125,15.208112716674805,4332.36572265625,23424.330078125,16.71924918215366,258.29148918872403,1090.885204446184
70558158010538,23,2004,2009,5,ne,fvs_base,95.09114837646484,202.58828735351562,9.27682113647461,2210.9677734375,4513.9052734375,126.20990984294887,2086.4812221886,5018.560832066176
70558158010538,23,2004,2009,5,ne,fvs_regional,94.90733337402344,202.0291290283203,9.280664443969727,2207.688232421875,4510.6767578125,126.20990984294887,2086.4812221886,5018.560832066176
70558158010538,23,2004,2009,5,ne,organon,80.21997833251953,174.02822875976562,9.193219184875488,1864.0814208984375,4034.874267578125,126.20990984294887,2086.4812221886,5018.560832066176
70558158010538,23,2004,2009,5,ne,conus_spdep,80.15898895263672,173.88189697265625,9.19359302520752,1821.3779296875,3845.893310546875,126.20990984294887,2086.4812221886,5018.560832066176
70558158010538,23,2004,2009,5,ne,conus_climate,80.08818054199219,173.865234375,9.189969062805176,1821.595703125,3743.340576171875,126.20990984294887,2086.4812221886,5018.560832066176
222095156010661,42,2011,2017,6,ne,fvs_base,189.0757293701172,222.868896484375,12.471802711486816,6147.88720703125,26357.537109375,,,
222095156010661,42,2011,2017,6,ne,fvs_regional,176.1302490234375,198.4459686279297,12.756514549255371,5815.50537109375,25334.2265625,,,
222095156010661,42,2011,2017,6,ne,organon,144.0129852294922,174.1314697265625,12.313981056213379,4614.04150390625,19865.65625,,,
222095156010661,42,2011,2017,6,ne,conus_spdep,144.81410217285156,174.76898193359375,12.325638771057129,4736.125,20501.279296875,,,
222095156010661,42,2011,2017,6,ne,conus_climate,143.66683959960938,173.80970764160156,12.310547828674316,4567.33935546875,19581.017578125,,,
145022619010661,36,2009,2014,5,ne,fvs_base,96.26827239990234,279.2078857421875,7.950857639312744,2169.24853515625,1516.5096435546875,126.39746250031742,2434.318611989268,2483.7878829063984
145022619010661,36,2009,2014,5,ne,fvs_regional,96.3600845336914,279.4990234375,7.950508117675781,2171.1689453125,1517.4876708984375,126.39746250031742,2434.318611989268,2483.7878829063984
145022619010661,36,2009,2014,5,ne,organon,85.71967315673828,247.50877380371094,7.9685845375061035,1962.24267578125,1344.962646484375,126.39746250031742,2434.318611989268,2483.7878829063984
145022619010661,36,2009,2014,5,ne,conus_spdep,85.56929779052734,246.93458557128906,7.970846176147461,1915.0257568359375,1345.0484619140625,126.39746250031742,2434.318611989268,2483.7878829063984
145022619010661,36,2009,2014,5,ne,conus_climate,85.66153717041016,247.30972290039062,7.969091892242432,1937.22314453125,1344.9781494140625,126.39746250031742,2434.318611989268,2483.7878829063984
29637110020004,54,2013,2020,7,ne,fvs_base,174.50892639160156,181.45079040527344,13.279012680053711,6930.86669921875,34586.80859375,215.23462104027917,5998.53170349902,26838.204206223127
29637110020004,54,2013,2020,7,ne,fvs_regional,163.4600830078125,159.0103759765625,13.728699684143066,6609.22314453125,33708.32421875,215.23462104027917,5998.53170349902,26838.204206223127
29637110020004,54,2013,2020,7,ne,organon,147.51234436035156,148.21548461914062,13.508395195007324,5790.400390625,29029.11328125,215.23462104027917,5998.53170349902,26838.204206223127
29637110020004,54,2013,2020,7,ne,conus_spdep,147.4969940185547,148.26829528808594,13.505287170410156,5895.63134765625,29993.083984375,215.23462104027917,5998.53170349902,26838.204206223127
29637110020004,54,2013,2020,7,ne,conus_climate,147.52108764648438,148.29794311523438,13.505040168762207,5878.39501953125,29723.162109375,215.23462104027917,5998.53170349902,26838.204206223127
221353403010661,24,2011,2017,6,ne,fvs_base,99.29749298095703,136.51348876953125,11.548288345336914,3058.384033203125,12940.732421875,113.37022818205585,2250.479589521154,9812.920196910747
221353403010661,24,2011,2017,6,ne,fvs_regional,99.32295227050781,136.6046905517578,11.545913696289062,3058.855712890625,12941.4287109375,113.37022818205585,2250.479589521154,9812.920196910747
221353403010661,24,2011,2017,6,ne,organon,81.30998992919922,109.5641860961914,11.66471004486084,2413.1962890625,10256.5302734375,113.37022818205585,2250.479589521154,9812.920196910747
221353403010661,24,2011,2017,6,ne,conus_spdep,81.89491271972656,109.88909912109375,11.689271926879883,2517.10546875,10823.052734375,113.37022818205585,2250.479589521154,9812.920196910747
221353403010661,24,2011,2017,6,ne,conus_climate,81.78729248046875,109.88235473632812,11.681949615478516,2515.7607421875,10786.591796875,113.37022818205585,2250.479589521154,9812.920196910747
52820861010538,23,2000,2005,5,ne,fvs_base,141.8380889892578,279.0205993652344,9.654162406921387,3409.917236328125,10728.7060546875,172.47183308670975,3579.4383747709,11513.069929052208
52820861010538,23,2000,2005,5,ne,fvs_regional,141.05120849609375,276.6507873535156,9.668490409851074,3393.74755859375,10708.90234375,172.47183308670975,3579.4383747709,11513.069929052208
52820861010538,23,2000,2005,5,ne,organon,119.89634704589844,232.5586700439453,9.722390174865723,2903.78173828125,9278.81640625,172.47183308670975,3579.4383747709,11513.069929052208
52820861010538,23,2000,2005,5,ne,conus_spdep,119.8131332397461,232.3575439453125,9.72321891784668,2854.599365234375,9206.076171875,172.47183308670975,3579.4383747709,11513.069929052208
52820861010538,23,2000,2005,5,ne,conus_climate,119.81649780273438,232.36483764648438,9.7232027053833,2867.86865234375,9239.1357421875,172.47183308670975,3579.4383747709,11513.069929052208
29637503020004,54,2013,2019,6,ne,fvs_base,57.70651626586914,76.88217163085938,11.731024742126465,1817.777099609375,7647.65625,85.32170046455897,1808.38855022803,7227.746702269476
29637503020004,54,2013,2019,6,ne,fvs_regional,57.9441032409668,77.45861053466797,11.711324691772461,1823.296142578125,7663.66015625,85.32170046455897,1808.38855022803,7227.746702269476
29637503020004,54,2013,2019,6,ne,organon,53.204280853271484,71.1842269897461,11.706246376037598,1623.0498046875,6678.1806640625,85.32170046455897,1808.38855022803,7227.746702269476
29637503020004,54,2013,2019,6,ne,conus_spdep,53.25889587402344,71.22405242919922,11.708979606628418,1658.533935546875,7029.8525390625,85.32170046455897,1808.38855022803,7227.746702269476
29637503020004,54,2013,2019,6,ne,conus_climate,53.23451232910156,71.2235336303711,11.706342697143555,1658.0792236328125,6787.36572265625,85.32170046455897,1808.38855022803,7227.746702269476
55934057010538,25,2004,2009,5,ne,fvs_base,141.67892456054688,214.275634765625,11.010385513305664,4002.593505859375,11150.337890625,172.3866125860491,3397.95255272189,8704.155287527872
55934057010538,25,2004,2009,5,ne,fvs_regional,140.10206604003906,210.5415496826172,11.045607566833496,3967.419189453125,11100.130859375,172.3866125860491,3397.95255272189,8704.155287527872
55934057010538,25,2004,2009,5,ne,organon,121.96000671386719,183.13137817382812,11.050032615661621,3477.455810546875,9859.876953125,172.3866125860491,3397.95255272189,8704.155287527872
55934057010538,25,2004,2009,5,ne,conus_spdep,121.7550277709961,182.72653198242188,11.05296516418457,3417.11962890625,9777.09375,172.3866125860491,3397.95255272189,8704.155287527872
55934057010538,25,2004,2009,5,ne,conus_climate,121.82976531982422,182.8297882080078,11.053238868713379,3452.271240234375,9771.9306640625,172.3866125860491,3397.95255272189,8704.155287527872
168997362010661,42,2010,2015,5,ne,fvs_base,83.68145751953125,130.91171264648438,10.825843811035156,2417.515380859375,7727.85302734375,102.32809809525571,1701.6720690937143,4020.979828049166
168997362010661,42,2010,2015,5,ne,fvs_regional,83.72139739990234,131.0068359375,10.824492454528809,2418.501953125,7729.7431640625,102.32809809525571,1701.6720690937143,4020.979828049166
168997362010661,42,2010,2015,5,ne,organon,74.49063873291016,116.53181457519531,10.825921058654785,2105.3310546875,6759.9423828125,102.32809809525571,1701.6720690937143,4020.979828049166
168997362010661,42,2010,2015,5,ne,conus_spdep,74.86516571044922,117.06755065917969,10.828242301940918,2177.592041015625,7036.19921875,102.32809809525571,1701.6720690937143,4020.979828049166
168997362010661,42,2010,2015,5,ne,conus_climate,74.72453308105469,117.0688705444336,10.81800651550293,2151.62744140625,6827.82958984375,102.32809809525571,1701.6720690937143,4020.979828049166
52831376010538,23,2000,2005,5,ne,fvs_base,117.90662384033203,296.53778076171875,8.538182258605957,2172.843017578125,4181.41259765625,130.29047330243844,1968.2273344360738,3902.674985501158
52831376010538,23,2000,2005,5,ne,fvs_regional,117.70445251464844,295.79998779296875,8.541492462158203,2170.037841796875,4179.16845703125,130.29047330243844,1968.2273344360738,3902.674985501158
52831376010538,23,2000,2005,5,ne,organon,103.4603042602539,261.47320556640625,8.517448425292969,1950.353515625,3735.869873046875,130.29047330243844,1968.2273344360738,3902.674985501158
52831376010538,23,2000,2005,5,ne,conus_spdep,103.34496307373047,261.1575622558594,8.517842292785645,1911.478515625,3665.322021484375,130.29047330243844,1968.2273344360738,3902.674985501158
52831376010538,23,2000,2005,5,ne,conus_climate,103.14221954345703,260.76019287109375,8.515963554382324,1885.2718505859375,3564.32177734375,130.29047330243844,1968.2273344360738,3902.674985501158
16264768020004,42,2013,2019,6,ne,fvs_base,141.77737426757812,241.18179321289062,10.38167667388916,3253.22265625,7225.400390625,161.91061492704108,2895.2829356136817,8255.265968588894
16264768020004,42,2013,2019,6,ne,fvs_regional,141.7256317138672,241.0684356689453,10.38222599029541,3252.250244140625,7224.3447265625,161.91061492704108,2895.2829356136817,8255.265968588894
16264768020004,42,2013,2019,6,ne,organon,116.04366302490234,199.20639038085938,10.334641456604004,2617.714111328125,5742.21826171875,161.91061492704108,2895.2829356136817,8255.265968588894
16264768020004,42,2013,2019,6,ne,conus_spdep,116.21488189697266,199.62765502929688,10.331343650817871,2692.734375,6034.52734375,161.91061492704108,2895.2829356136817,8255.265968588894
16264768020004,42,2013,2019,6,ne,conus_climate,116.26419067382812,199.92819213867188,10.325761795043945,2652.916748046875,5884.31787109375,161.91061492704108,2895.2829356136817,8255.265968588894
68280368010538,42,2005,2010,5,ne,fvs_base,133.4683380126953,303.0903015136719,8.985440254211426,3691.46240234375,7424.2666015625,147.2189703123861,3178.82896828198,6047.897752891157
68280368010538,42,2005,2010,5,ne,fvs_regional,132.8026123046875,300.8995361328125,8.995573043823242,3677.734375,7416.2783203125,147.2189703123861,3178.82896828198,6047.897752891157
68280368010538,42,2005,2010,5,ne,organon,118.1611328125,268.7461853027344,8.978472709655762,3172.802490234375,6714.4140625,147.2189703123861,3178.82896828198,6047.897752891157
68280368010538,42,2005,2010,5,ne,conus_spdep,118.1539306640625,268.7042541503906,8.978903770446777,3203.46826171875,6940.05908203125,147.2189703123861,3178.82896828198,6047.897752891157
68280368010538,42,2005,2010,5,ne,conus_climate,118.2193603515625,268.9964599609375,8.976506233215332,3268.6083984375,6990.1083984375,147.2189703123861,3178.82896828198,6047.897752891157
145021957010661,36,2009,2014,5,ne,fvs_base,110.15375518798828,261.4920959472656,8.788333892822266,2123.609130859375,6242.8681640625,150.8517895771085,1971.75563055323,4902.099503567394
145021957010661,36,2009,2014,5,ne,fvs_regional,110.00667572021484,260.97686767578125,8.791132926940918,2121.5400390625,6241.32470703125,150.8517895771085,1971.75563055323,4902.099503567394
145021957010661,36,2009,2014,5,ne,organon,96.92796325683594,233.34811401367188,8.726874351501465,1904.357177734375,5660.27587890625,150.8517895771085,1971.75563055323,4902.099503567394
145021957010661,36,2009,2014,5,ne,conus_spdep,96.87532043457031,233.19325256347656,8.727397918701172,1865.6068115234375,5565.166015625,150.8517895771085,1971.75563055323,4902.099503567394
145021957010661,36,2009,2014,5,ne,conus_climate,96.88742065429688,233.22007751464844,8.727439880371094,1875.58837890625,5520.38818359375,150.8517895771085,1971.75563055323,4902.099503567394
168997872010661,42,2010,2016,6,ne,fvs_base,46.05195999145508,71.3272933959961,10.880088806152344,1113.3643798828125,3780.047607421875,76.97899099863469,1000.6702535882359,4513.880302941206
168997872010661,42,2010,2016,6,ne,fvs_regional,46.208133697509766,71.76486206054688,10.86524486541748,1115.9669189453125,3782.663818359375,76.97899099863469,1000.6702535882359,4513.880302941206
168997872010661,42,2010,2016,6,ne,organon,40.8052864074707,61.86884307861328,10.996603012084961,1006.626708984375,3359.2392578125,76.97899099863469,1000.6702535882359,4513.880302941206
168997872010661,42,2010,2016,6,ne,conus_spdep,40.893287658691406,62.02097702026367,10.994943618774414,1062.4761962890625,3596.0693359375,76.97899099863469,1000.6702535882359,4513.880302941206
168997872010661,42,2010,2016,6,ne,conus_climate,40.804988861083984,61.89126205444336,10.994569778442383,991.3889770507812,3358.56201171875,76.97899099863469,1000.6702535882359,4513.880302941206
118182155010661,36,2008,2013,5,ne,fvs_base,175.19015502929688,240.00238037109375,11.568669319152832,4548.99169921875,19501.875,169.51053330803157,3781.22983627966,15120.833103920731
118182155010661,36,2008,2013,5,ne,fvs_regional,174.14303588867188,237.18251037597656,11.602407455444336,4530.21240234375,19460.337890625,169.51053330803157,3781.22983627966,15120.833103920731
118182155010661,36,2008,2013,5,ne,organon,155.21517944335938,213.9052734375,11.534333229064941,4208.3271484375,18111.2890625,169.51053330803157,3781.22983627966,15120.833103920731
118182155010661,36,2008,2013,5,ne,conus_spdep,154.9276885986328,213.65277099609375,11.530461311340332,4093.0224609375,17575.5078125,169.51053330803157,3781.22983627966,15120.833103920731
118182155010661,36,2008,2013,5,ne,conus_climate,154.93850708007812,213.6910858154297,11.529824256896973,4056.07763671875,17337.6015625,169.51053330803157,3781.22983627966,15120.833103920731
15666255020004,23,2013,2018,5,ne,fvs_base,65.35592651367188,195.9051971435547,7.820880889892578,1221.936279296875,2063.831787109375,78.00891360372655,987.8945377167901,1883.9226463742662
15666255020004,23,2013,2018,5,ne,fvs_regional,64.86215209960938,193.76971435546875,7.834098815917969,1214.5118408203125,2058.6083984375,78.00891360372655,987.8945377167901,1883.9226463742662
15666255020004,23,2013,2018,5,ne,organon,52.605010986328125,156.97390747070312,7.838558197021484,984.3357543945312,1954.334228515625,78.00891360372655,987.8945377167901,1883.9226463742662
15666255020004,23,2013,2018,5,ne,conus_spdep,52.616249084472656,156.927001953125,7.840566158294678,979.4832153320312,1818.8680419921875,78.00891360372655,987.8945377167901,1883.9226463742662
15666255020004,23,2013,2018,5,ne,conus_climate,52.559879302978516,156.84588623046875,7.838392734527588,966.957763671875,1903.5609130859375,78.00891360372655,987.8945377167901,1883.9226463742662
171871847020004,50,2014,2021,7,ne,fvs_base,121.7999038696289,165.10736083984375,11.629914283752441,3142.683349609375,11523.6162109375,133.8225795692248,1793.4570378823719,4841.463080294157
171871847020004,50,2014,2021,7,ne,fvs_regional,121.73294067382812,164.92178344726562,11.633255958557129,3141.36962890625,11522.8974609375,133.8225795692248,1793.4570378823719,4841.463080294157
171871847020004,50,2014,2021,7,ne,organon,103.85836791992188,142.6405792236328,11.554080963134766,2770.337890625,10051.9423828125,133.8225795692248,1793.4570378823719,4841.463080294157
171871847020004,50,2014,2021,7,ne,conus_spdep,103.67091369628906,142.3068389892578,11.557181358337402,2687.81298828125,9907.2158203125,133.8225795692248,1793.4570378823719,4841.463080294157
171871847020004,50,2014,2021,7,ne,conus_climate,103.69355010986328,142.43405151367188,11.553277969360352,2700.71337890625,9900.7265625,133.8225795692248,1793.4570378823719,4841.463080294157
145006455010661,24,2009,2015,6,ne,fvs_base,96.74984741210938,106.98175811767578,12.876761436462402,3410.37451171875,18032.9375,135.13327046433892,3696.59101426784,17658.715390889287
145006455010661,24,2009,2015,6,ne,fvs_regional,96.95478057861328,107.63274383544922,12.851350784301758,3415.45263671875,18044.294921875,135.13327046433892,3696.59101426784,17658.715390889287
145006455010661,24,2009,2015,6,ne,organon,76.5310287475586,78.13117980957031,13.40117359161377,2673.49609375,14701.9013671875,135.13327046433892,3696.59101426784,17658.715390889287
145006455010661,24,2009,2015,6,ne,conus_spdep,76.77559661865234,78.40180969238281,13.399384498596191,2771.361328125,15189.94140625,135.13327046433892,3696.59101426784,17658.715390889287
145006455010661,24,2009,2015,6,ne,conus_climate,76.86246490478516,78.48573303222656,13.39979076385498,2757.1328125,15044.5498046875,135.13327046433892,3696.59101426784,17658.715390889287
306336171489998,54,2016,2024,8,ne,fvs_base,71.54258728027344,118.43201446533203,10.524078369140625,1939.017333984375,4786.7705078125,62.958408349406426,1258.372527929192,3023.0526961164664
306336171489998,54,2016,2024,8,ne,fvs_regional,71.66134643554688,118.79651641845703,10.516636848449707,1941.7021484375,4790.9111328125,62.958408349406426,1258.372527929192,3023.0526961164664
306336171489998,54,2016,2024,8,ne,organon,58.9454231262207,98.86981964111328,10.455131530761719,1540.2615966796875,3995.039794921875,62.958408349406426,1258.372527929192,3023.0526961164664
306336171489998,54,2016,2024,8,ne,conus_spdep,60.31479263305664,100.72653198242188,10.477948188781738,1667.1419677734375,4325.796875,62.958408349406426,1258.372527929192,3023.0526961164664
306336171489998,54,2016,2024,8,ne,conus_climate,60.10920715332031,100.62157440185547,10.46552848815918,1625.4249267578125,4009.023681640625,62.958408349406426,1258.372527929192,3023.0526961164664
15806253020004,36,2013,2019,6,ne,fvs_base,20.037273406982422,29.54066276550293,11.151812553405762,606.7943725585938,2337.0546875,23.30734390149458,535.077083684416,1633.080655607102
15806253020004,36,2013,2019,6,ne,fvs_regional,20.139907836914062,29.685420989990234,11.153043746948242,609.91845703125,2349.19580078125,23.30734390149458,535.077083684416,1633.080655607102
15806253020004,36,2013,2019,6,ne,organon,16.83833122253418,26.636470794677734,10.765827178955078,531.2662963867188,2096.365966796875,23.30734390149458,535.077083684416,1633.080655607102
15806253020004,36,2013,2019,6,ne,conus_spdep,16.83603286743164,26.631425857543945,10.766114234924316,526.1132202148438,2043.859619140625,23.30734390149458,535.077083684416,1633.080655607102
15806253020004,36,2013,2019,6,ne,conus_climate,16.836685180664062,26.632482528686523,10.766107559204102,510.1044921875,1887.020263671875,23.30734390149458,535.077083684416,1633.080655607102
65139485010538,36,2004,2010,6,ne,fvs_base,13.266973495483398,35.69862747192383,8.254609107971191,186.2545623779297,281.21343994140625,28.04313425863157,300.76457701729,
65139485010538,36,2004,2010,6,ne,fvs_regional,13.303192138671875,35.826480865478516,8.251106262207031,186.72653198242188,281.7265319824219,28.04313425863157,300.76457701729,
65139485010538,36,2004,2010,6,ne,organon,12.731849670410156,34.23881912231445,8.257006645202637,199.68605041503906,390.7044982910156,28.04313425863157,300.76457701729,
65139485010538,36,2004,2010,6,ne,conus_spdep,12.731887817382812,34.23796081542969,8.257122993469238,190.17001342773438,390.7232666015625,28.04313425863157,300.76457701729,
65139485010538,36,2004,2010,6,ne,conus_climate,12.73421573638916,34.24360656738281,8.257196426391602,178.7265167236328,270.01580810546875,28.04313425863157,300.76457701729,
16365413020004,50,2013,2020,7,ne,fvs_base,19.63712501525879,59.424835205078125,7.783794403076172,449.18182373046875,0.0,16.333478177748873,233.40534039504004,416.073371472474
16365413020004,50,2013,2020,7,ne,fvs_regional,19.494976043701172,58.928619384765625,7.7881550788879395,446.11236572265625,0.0,16.333478177748873,233.40534039504004,416.073371472474
16365413020004,50,2013,2020,7,ne,organon,15.871999740600586,48.59455490112305,7.738525867462158,391.6784973144531,0.0,16.333478177748873,233.40534039504004,416.073371472474
16365413020004,50,2013,2020,7,ne,conus_spdep,15.857442855834961,48.54710006713867,7.7387566566467285,385.4700012207031,0.0,16.333478177748873,233.40534039504004,416.073371472474
16365413020004,50,2013,2020,7,ne,conus_climate,15.828509330749512,48.334068298339844,7.748713493347168,363.85321044921875,0.0,16.333478177748873,233.40534039504004,416.073371472474
251021748489998,42,2015,2022,7,ne,fvs_base,30.99599266052246,88.93639373779297,7.9937262535095215,717.5377807617188,510.4862976074219,63.204631870515,753.593730131088,659.220465956336
251021748489998,42,2015,2022,7,ne,fvs_regional,30.643539428710938,87.65718841552734,8.005932807922363,711.9484252929688,509.4393310546875,63.204631870515,753.593730131088,659.220465956336
251021748489998,42,2015,2022,7,ne,organon,21.345529556274414,61.69344711303711,7.964715957641602,502.37603759765625,369.8952941894531,63.204631870515,753.593730131088,659.220465956336
251021748489998,42,2015,2022,7,ne,conus_spdep,21.354860305786133,61.736202239990234,7.963696002960205,506.86505126953125,369.8099365234375,63.204631870515,753.593730131088,659.220465956336
251021748489998,42,2015,2022,7,ne,conus_climate,21.156400680541992,61.27419662475586,7.956432819366455,474.3543701171875,370.05084228515625,63.204631870515,753.593730131088,659.220465956336
171920269020004,54,2015,2022,7,ne,fvs_base,18.64113426208496,47.49126434326172,8.483314514160156,439.4897766113281,1018.49462890625,18.762483134412076,468.258129177908,1355.3048939488922
171920269020004,54,2015,2022,7,ne,fvs_regional,18.686798095703125,47.67274475097656,8.47751522064209,440.4129943847656,1019.7772216796875,18.762483134412076,468.258129177908,1355.3048939488922
171920269020004,54,2015,2022,7,ne,organon,15.97002124786377,41.125877380371094,8.437843322753906,372.005859375,866.0082397460938,18.762483134412076,468.258129177908,1355.3048939488922
171920269020004,54,2015,2022,7,ne,conus_spdep,16.048437118530273,41.31704330444336,8.438942909240723,400.5406799316406,963.2116088867188,18.762483134412076,468.258129177908,1355.3048939488922
171920269020004,54,2015,2022,7,ne,conus_climate,15.987870216369629,41.217498779296875,8.433168411254883,375.46722412109375,888.0625,18.762483134412076,468.258129177908,1355.3048939488922
145019521010661,42,2009,2015,6,ne,fvs_base,121.30064392089844,100.95813751220703,14.842164039611816,4714.728515625,25357.501953125,137.0447731595527,4191.113406719294,21166.510486704097
145019521010661,42,2009,2015,6,ne,fvs_regional,121.34537506103516,101.06208801269531,14.837261199951172,4716.0185546875,25360.958984375,137.0447731595527,4191.113406719294,21166.510486704097
145019521010661,42,2009,2015,6,ne,organon,105.68524932861328,82.68346405029297,15.308552742004395,4143.17529296875,22672.140625,137.0447731595527,4191.113406719294,21166.510486704097
145019521010661,42,2009,2015,6,ne,conus_spdep,105.5877914428711,82.70223236083984,15.299759864807129,4222.013671875,23165.115234375,137.0447731595527,4191.113406719294,21166.510486704097
145019521010661,42,2009,2015,6,ne,conus_climate,105.5821762084961,82.5222396850586,15.316024780273438,4149.2861328125,22794.83984375,137.0447731595527,4191.113406719294,21166.510486704097
304152051489998,25,2016,2023,7,ne,fvs_base,90.86019134521484,124.35462951660156,11.574230194091797,2460.31591796875,7894.97705078125,88.65699923312265,1646.0412578877601,5798.759904245904
304152051489998,25,2016,2023,7,ne,fvs_regional,90.85888671875,124.35139465332031,11.574297904968262,2460.287109375,7894.9169921875,88.65699923312265,1646.0412578877601,5798.759904245904
304152051489998,25,2016,2023,7,ne,organon,82.74081420898438,111.7044677734375,11.653620719909668,2341.89794921875,7303.2587890625,88.65699923312265,1646.0412578877601,5798.759904245904
304152051489998,25,2016,2023,7,ne,conus_spdep,82.66959381103516,111.5751953125,11.655349731445312,2291.125244140625,7332.5634765625,88.65699923312265,1646.0412578877601,5798.759904245904
304152051489998,25,2016,2023,7,ne,conus_climate,82.63536834716797,111.53055572509766,11.655268669128418,2239.53857421875,7279.35546875,88.65699923312265,1646.0412578877601,5798.759904245904
15806960020004,36,2013,2020,7,ne,fvs_base,84.11851501464844,165.43585205078125,9.655336380004883,2166.172119140625,5790.36669921875,98.36753603006612,1891.1630297334177,4886.338469779142
15806960020004,36,2013,2020,7,ne,fvs_regional,84.30374145507812,166.02484130859375,9.648795127868652,2170.352783203125,5793.67333984375,98.36753603006612,1891.1630297334177,4886.338469779142
15806960020004,36,2013,2020,7,ne,organon,72.26034545898438,143.46897888183594,9.609641075134277,1913.0804443359375,4903.65869140625,98.36753603006612,1891.1630297334177,4886.338469779142
15806960020004,36,2013,2020,7,ne,conus_spdep,72.18694305419922,143.1908416748047,9.61408519744873,1859.12255859375,4906.5068359375,98.36753603006612,1891.1630297334177,4886.338469779142
15806960020004,36,2013,2020,7,ne,conus_climate,72.19931030273438,143.2835693359375,9.611795425415039,1870.996337890625,4905.3037109375,98.36753603006612,1891.1630297334177,4886.338469779142
53053502010538,23,2003,2008,5,ne,fvs_base,58.45042037963867,118.76713562011719,9.499088287353516,1247.0750732421875,4045.173095703125,62.83685155604934,491.54615576606204,921.6258372282459
53053502010538,23,2003,2008,5,ne,fvs_regional,58.40773010253906,118.59615325927734,9.502463340759277,1246.3876953125,4044.140625,62.83685155604934,491.54615576606204,921.6258372282459
53053502010538,23,2003,2008,5,ne,organon,55.656951904296875,111.34745788574219,9.573171615600586,1232.116455078125,4161.57861328125,62.83685155604934,491.54615576606204,921.6258372282459
53053502010538,23,2003,2008,5,ne,conus_spdep,55.65363311767578,111.33047485351562,9.573616027832031,1216.5079345703125,4012.74169921875,62.83685155604934,491.54615576606204,921.6258372282459
53053502010538,23,2003,2008,5,ne,conus_climate,55.654666900634766,111.3370361328125,9.573421478271484,1192.9078369140625,3912.490966796875,62.83685155604934,491.54615576606204,921.6258372282459
75814422010538,23,2006,2011,5,ne,fvs_base,47.79629898071289,112.96941375732422,8.807507514953613,1081.166015625,3057.889404296875,58.366808604392595,1098.7654505282399,2909.993573635048
75814422010538,23,2006,2011,5,ne,fvs_regional,47.70684051513672,112.61628723144531,8.813043594360352,1079.6988525390625,3056.5166015625,58.366808604392595,1098.7654505282399,2909.993573635048
75814422010538,23,2006,2011,5,ne,organon,41.02045440673828,96.10858917236328,8.846173286437988,954.7943725585938,2684.0546875,58.366808604392595,1098.7654505282399,2909.993573635048
75814422010538,23,2006,2011,5,ne,conus_spdep,40.94921112060547,95.99267578125,8.84382152557373,937.5072021484375,2671.151123046875,58.366808604392595,1098.7654505282399,2909.993573635048
75814422010538,23,2006,2011,5,ne,conus_climate,40.901126861572266,95.9117660522461,8.842354774475098,925.6820068359375,2641.54931640625,58.366808604392595,1098.7654505282399,2909.993573635048
511304765126144,34,2019,2025,6,ne,fvs_base,31.058780670166016,41.38664627075195,11.730010986328125,849.154052734375,3373.745849609375,,,
511304765126144,34,2019,2025,6,ne,fvs_regional,31.112445831298828,41.49324417114258,11.72504997253418,850.4755249023438,3379.3544921875,,,
511304765126144,34,2019,2025,6,ne,organon,28.65485191345215,39.13401412963867,11.586657524108887,784.0904541015625,3092.529541015625,,,
511304765126144,34,2019,2025,6,ne,conus_spdep,28.65179443359375,39.12942123413086,11.586718559265137,810.5238037109375,3156.217041015625,,,
511304765126144,34,2019,2025,6,ne,conus_climate,28.654598236083984,39.13428497314453,11.586565971374512,781.5661010742188,3029.9560546875,,,
53964317010538,36,2004,2009,5,ne,fvs_base,69.14571380615234,208.302734375,7.801381587982178,1469.09716796875,757.7595825195312,81.5673244064795,1690.6488924701118,2719.839436362236
53964317010538,36,2004,2009,5,ne,fvs_regional,69.05442810058594,207.9526824951172,7.802788257598877,1467.7264404296875,756.7680053710938,81.5673244064795,1690.6488924701118,2719.839436362236
53964317010538,36,2004,2009,5,ne,organon,59.34395980834961,179.8249969482422,7.778564929962158,1239.986083984375,678.5449829101562,81.5673244064795,1690.6488924701118,2719.839436362236
53964317010538,36,2004,2009,5,ne,conus_spdep,59.33256530761719,179.77122497558594,7.7789835929870605,1214.8770751953125,678.7109375,81.5673244064795,1690.6488924701118,2719.839436362236
53964317010538,36,2004,2009,5,ne,conus_climate,59.357295989990234,179.86297607421875,7.77862024307251,1244.8896484375,693.87939453125,81.5673244064795,1690.6488924701118,2719.839436362236
52875068010538,23,2001,2006,5,ne,fvs_base,87.21387481689453,219.6346435546875,8.532546997070312,1825.82470703125,2923.337890625,111.31903320393836,1516.806915620186,3130.167541805752
52875068010538,23,2001,2006,5,ne,fvs_regional,86.94356536865234,218.70188903808594,8.53746223449707,1821.0712890625,2921.015625,111.31903320393836,1516.806915620186,3130.167541805752
52875068010538,23,2001,2006,5,ne,organon,79.20022583007812,195.9971160888672,8.607452392578125,1691.092041015625,2858.22216796875,111.31903320393836,1516.806915620186,3130.167541805752
52875068010538,23,2001,2006,5,ne,conus_spdep,79.16382598876953,195.86111450195312,8.608461380004883,1666.69873046875,2703.576904296875,111.31903320393836,1516.806915620186,3130.167541805752
52875068010538,23,2001,2006,5,ne,conus_climate,79.1471939086914,195.7867431640625,8.609193801879883,1662.906494140625,2830.405517578125,111.31903320393836,1516.806915620186,3130.167541805752
76918495010538,42,2006,2011,5,ne,fvs_base,46.12260818481445,137.26170349121094,7.849075794219971,875.302978515625,0.0,54.133252964848026,580.64617333182,
76918495010538,42,2006,2011,5,ne,fvs_regional,46.066864013671875,137.0719757080078,7.849757194519043,874.3594360351562,0.0,54.133252964848026,580.64617333182,
76918495010538,42,2006,2011,5,ne,organon,41.83002471923828,123.92900848388672,7.866722106933594,810.5081787109375,0.0,54.133252964848026,580.64617333182,
76918495010538,42,2006,2011,5,ne,conus_spdep,41.875911712646484,124.03418731689453,7.867699146270752,829.935302734375,0.0,54.133252964848026,580.64617333182,
76918495010538,42,2006,2011,5,ne,conus_climate,41.773738861083984,123.75885772705078,7.866830348968506,800.0789794921875,0.0,54.133252964848026,580.64617333182,
58177827010538,42,2000,2005,5,ne,fvs_base,81.65645599365234,148.888671875,10.027689933776855,2097.19189453125,5473.90234375,81.64193000709994,1621.4930524672059,3835.7323059869364
58177827010538,42,2000,2005,5,ne,fvs_regional,81.58744812011719,148.70309448242188,10.02970027923584,2095.85107421875,5472.169921875,81.64193000709994,1621.4930524672059,3835.7323059869364
58177827010538,42,2000,2005,5,ne,organon,68.03550720214844,127.54115295410156,9.889604568481445,1667.3992919921875,4255.7861328125,81.64193000709994,1621.4930524672059,3835.7323059869364
58177827010538,42,2000,2005,5,ne,conus_spdep,68.06194305419922,127.65473937988281,9.887124061584473,1736.0462646484375,4382.68017578125,81.64193000709994,1621.4930524672059,3835.7323059869364
58177827010538,42,2000,2005,5,ne,conus_climate,68.07899475097656,127.70236206054688,9.886517524719238,1745.0460205078125,4382.67236328125,81.64193000709994,1621.4930524672059,3835.7323059869364
222474184010661,33,2011,2017,6,ne,fvs_base,103.02665710449219,212.9190673828125,9.41897964477539,2040.316162109375,4041.082763671875,105.88205110875226,1656.47880641901,1491.132553251652
222474184010661,33,2011,2017,6,ne,fvs_regional,102.98632049560547,212.79794311523438,9.419817924499512,2039.6778564453125,4039.615234375,105.88205110875226,1656.47880641901,1491.132553251652
222474184010661,33,2011,2017,6,ne,organon,94.26681518554688,193.46221923828125,9.45186710357666,2014.4735107421875,3641.343505859375,105.88205110875226,1656.47880641901,1491.132553251652
222474184010661,33,2011,2017,6,ne,conus_spdep,94.04592895507812,192.87588500976562,9.45512580871582,1901.9228515625,3659.89599609375,105.88205110875226,1656.47880641901,1491.132553251652
222474184010661,33,2011,2017,6,ne,conus_climate,94.15691375732422,193.18600463867188,9.453104019165039,1932.9150390625,3736.543701171875,105.88205110875226,1656.47880641901,1491.132553251652
58215829010538,42,2000,2005,5,ne,fvs_base,69.8593521118164,172.83299255371094,8.608654022216797,1609.00634765625,2349.5712890625,85.92964100341615,1325.5475641994742,2625.370840320798
58215829010538,42,2000,2005,5,ne,fvs_regional,69.71590423583984,172.23219299316406,8.61479663848877,1606.5791015625,2348.32275390625,85.92964100341615,1325.5475641994742,2625.370840320798
58215829010538,42,2000,2005,5,ne,organon,62.881683349609375,153.62181091308594,8.663073539733887,1390.282470703125,1901.5919189453125,85.92964100341615,1325.5475641994742,2625.370840320798
58215829010538,42,2000,2005,5,ne,conus_spdep,63.16565704345703,154.09414672851562,8.669293403625488,1466.7440185546875,2033.294189453125,85.92964100341615,1325.5475641994742,2625.370840320798
58215829010538,42,2000,2005,5,ne,conus_climate,62.96734619140625,153.7681427001953,8.664846420288086,1419.1502685546875,1931.5908203125,85.92964100341615,1325.5475641994742,2625.370840320798
58576073010538,42,2004,2009,5,ne,fvs_base,91.7723388671875,118.53319549560547,11.914400100708008,2570.755615234375,10577.9619140625,109.72071619212795,2197.9692555271204,8354.030552785478
58576073010538,42,2004,2009,5,ne,fvs_regional,91.97118377685547,118.8740234375,11.910189628601074,2574.38037109375,10591.8134765625,109.72071619212795,2197.9692555271204,8354.030552785478
58576073010538,42,2004,2009,5,ne,organon,86.41464233398438,111.68208312988281,11.910726547241211,2367.576904296875,9719.2919921875,109.72071619212795,2197.9692555271204,8354.030552785478
58576073010538,42,2004,2009,5,ne,conus_spdep,86.47528076171875,111.76808166503906,11.910314559936523,2418.43505859375,10050.517578125,109.72071619212795,2197.9692555271204,8354.030552785478
58576073010538,42,2004,2009,5,ne,conus_climate,86.42589569091797,111.68234252929688,11.911486625671387,2386.011474609375,9855.7802734375,109.72071619212795,2197.9692555271204,8354.030552785478
451063113489998,23,2018,2023,5,ne,fvs_base,114.83802795410156,207.89544677734375,10.063677787780762,2489.591552734375,8433.8037109375,158.18679308013947,2827.73429904772,9337.681730159393
451063113489998,23,2018,2023,5,ne,fvs_regional,114.37947082519531,206.5242919921875,10.076850891113281,2482.009033203125,8422.9833984375,158.18679308013947,2827.73429904772,9337.681730159393
451063113489998,23,2018,2023,5,ne,organon,107.25701904296875,190.54354858398438,10.159025192260742,2498.120849609375,8732.623046875,158.18679308013947,2827.73429904772,9337.681730159393
451063113489998,23,2018,2023,5,ne,conus_spdep,107.0681381225586,190.0518035888672,10.163198471069336,2411.086669921875,8475.791015625,158.18679308013947,2827.73429904772,9337.681730159393
451063113489998,23,2018,2023,5,ne,conus_climate,107.04618072509766,190.01475524902344,10.163146018981934,2369.03955078125,8451.8564453125,158.18679308013947,2827.73429904772,9337.681730159393
375583610489998,33,2017,2024,7,ne,fvs_base,123.63795471191406,253.8571014404297,9.449690818786621,2850.276611328125,8651.5029296875,173.88051061005456,2788.5408657477738,6733.994541471424
375583610489998,33,2017,2024,7,ne,fvs_regional,124.01969146728516,255.16748046875,9.439935684204102,2856.5791015625,8663.482421875,173.88051061005456,2788.5408657477738,6733.994541471424
375583610489998,33,2017,2024,7,ne,organon,109.5341796875,223.54371643066406,9.478288650512695,2626.005126953125,8107.30419921875,173.88051061005456,2788.5408657477738,6733.994541471424
375583610489998,33,2017,2024,7,ne,conus_spdep,109.37129211425781,223.02452087402344,9.482254981994629,2531.182861328125,7890.1123046875,173.88051061005456,2788.5408657477738,6733.994541471424
375583610489998,33,2017,2024,7,ne,conus_climate,109.41902160644531,223.22219848632812,9.480122566223145,2514.774169921875,7844.56396484375,173.88051061005456,2788.5408657477738,6733.994541471424
107545724010661,23,2008,2013,5,ne,fvs_base,12.657668113708496,47.429962158203125,6.994983673095703,202.25164794921875,0.0,23.74802176371621,365.79031028499395,462.694770625392
107545724010661,23,2008,2013,5,ne,fvs_regional,12.555805206298828,46.86925506591797,7.008328437805176,201.80294799804688,0.0,23.74802176371621,365.79031028499395,462.694770625392
107545724010661,23,2008,2013,5,ne,organon,11.973796844482422,44.78423309326172,7.001478672027588,226.81442260742188,186.835205078125,23.74802176371621,365.79031028499395,462.694770625392
107545724010661,23,2008,2013,5,ne,conus_spdep,11.957952499389648,44.74258041381836,7.000098705291748,213.9891357421875,0.0,23.74802176371621,365.79031028499395,462.694770625392
107545724010661,23,2008,2013,5,ne,conus_climate,11.967304229736328,44.75143051147461,7.002143383026123,199.3558349609375,0.0,23.74802176371621,365.79031028499395,462.694770625392
171958531020004,42,2015,2023,8,ne,fvs_base,62.77189254760742,183.88951110839844,7.911165237426758,1442.3314208984375,330.49139404296875,,,
171958531020004,42,2015,2023,8,ne,fvs_regional,62.69681930541992,183.5929718017578,7.912816524505615,1441.201171875,330.4349365234375,,,
171958531020004,42,2015,2023,8,ne,organon,37.63806915283203,111.63761901855469,7.862208366394043,816.5383911132812,210.92161560058594,,,
171958531020004,42,2015,2023,8,ne,conus_spdep,38.13926315307617,112.77405548095703,7.874406814575195,891.6148071289062,258.7664489746094,,,
171958531020004,42,2015,2023,8,ne,conus_climate,37.81629180908203,112.10246276855469,7.864447593688965,839.3574829101562,211.04087829589844,,,
52880261010538,23,2001,2006,5,ne,fvs_base,47.5322151184082,95.05783081054688,9.574946403503418,944.0760498046875,2363.16845703125,72.32993819633118,1039.1634872360821,1789.8148743168497
52880261010538,23,2001,2006,5,ne,fvs_regional,47.665401458740234,95.36607360839844,9.572844505310059,946.4513549804688,2368.202392578125,72.32993819633118,1039.1634872360821,1789.8148743168497
52880261010538,23,2001,2006,5,ne,organon,44.8927116394043,88.29767608642578,9.65494155883789,958.3245239257812,2383.76953125,72.32993819633118,1039.1634872360821,1789.8148743168497
52880261010538,23,2001,2006,5,ne,conus_spdep,44.87425231933594,88.23812866210938,9.656210899353027,925.8102416992188,2285.06884765625,72.32993819633118,1039.1634872360821,1789.8148743168497
52880261010538,23,2001,2006,5,ne,conus_climate,44.81226348876953,88.10057830810547,9.657069206237793,893.1361694335938,2272.474853515625,72.32993819633118,1039.1634872360821,1789.8148743168497
