PLOT,STATE,MEASYEAR1,MEASYEAR2,PERIOD_YR,variant,model,BA_PRED,TPA_PRED,QMD_PRED,MCuFt_PRED,BdFt_PRED,BA_OBS,MCuFt_OBS,BdFt_OBS
158718482010854,13,1971,1982,11,sn,fvs_base,50.82819747924805,73.51667785644531,11.258895874023438,1132.2740478515625,3774.47412109375,105.36674475629852,1044.125477588064,3298.77721543382
158718482010854,13,1971,1982,11,sn,fvs_regional,50.56207275390625,72.9067153930664,11.27625846862793,1127.6759033203125,3762.4609375,105.36674475629852,1044.125477588064,3298.77721543382
158718482010854,13,1971,1982,11,sn,organon,42.51494216918945,53.733253479003906,12.044410705566406,1045.6641845703125,3702.675537109375,105.36674475629852,1044.125477588064,3298.77721543382
158718482010854,13,1971,1982,11,sn,conus_spdep,42.61082077026367,53.98527145385742,12.029804229736328,1161.915283203125,4203.19287109375,105.36674475629852,1044.125477588064,3298.77721543382
158718482010854,13,1971,1982,11,sn,conus_climate,42.563236236572266,53.623817443847656,12.063541412353516,978.7080078125,3506.147705078125,105.36674475629852,1044.125477588064,3298.77721543382
216219273020004,13,2014,2019,5,sn,fvs_base,13.69765567779541,23.603273391723633,10.315096855163574,263.15435791015625,508.68804931640625,13.52509423220522,216.54634420431802,985.188721928408
216219273020004,13,2014,2019,5,sn,fvs_regional,13.425333023071289,23.07107162475586,10.329158782958984,257.9454650878906,504.658447265625,13.52509423220522,216.54634420431802,985.188721928408
216219273020004,13,2014,2019,5,sn,organon,12.011500358581543,20.72076988220215,10.309366226196289,260.1620178222656,520.6755981445312,13.52509423220522,216.54634420431802,985.188721928408
216219273020004,13,2014,2019,5,sn,conus_spdep,12.011720657348633,20.721187591552734,10.309357643127441,305.41229248046875,620.8829345703125,13.52509423220522,216.54634420431802,985.188721928408
216219273020004,13,2014,2019,5,sn,conus_climate,12.011446952819824,20.720624923706055,10.309378623962402,249.4567108154297,497.6125793457031,13.52509423220522,216.54634420431802,985.188721928408
61357366010478,13,2004,2009,5,sn,fvs_base,18.525413513183594,23.61347007751465,11.993346214294434,463.4493408203125,1687.409912109375,,,
61357366010478,13,2004,2009,5,sn,fvs_regional,18.232074737548828,23.151582717895508,12.016112327575684,456.43572998046875,1667.394775390625,,,
61357366010478,13,2004,2009,5,sn,organon,16.02548599243164,20.250703811645508,12.045416831970215,429.73046875,1617.665283203125,,,
61357366010478,13,2004,2009,5,sn,conus_spdep,16.02753257751465,20.252941131591797,12.04552173614502,465.13543701171875,1705.083251953125,,,
61357366010478,13,2004,2009,5,sn,conus_climate,16.009286880493164,20.234724044799805,12.044081687927246,416.37396240234375,1547.504638671875,,,
22300805010478,1,2001,2006,5,sn,fvs_base,121.18643951416016,194.3504638671875,10.692285537719727,2882.83544921875,7980.03369140625,125.27244746014607,2632.662671955204,8330.206143775391
22300805010478,1,2001,2006,5,sn,fvs_regional,120.09546661376953,191.73223876953125,10.716476440429688,2858.970458984375,7945.0908203125,125.27244746014607,2632.662671955204,8330.206143775391
22300805010478,1,2001,2006,5,sn,organon,102.98371124267578,165.33163452148438,10.686671257019043,2466.968505859375,6888.6494140625,125.27244746014607,2632.662671955204,8330.206143775391
22300805010478,1,2001,2006,5,sn,conus_spdep,102.99166870117188,165.33358764648438,10.68702220916748,2638.669921875,7488.51708984375,125.27244746014607,2632.662671955204,8330.206143775391
22300805010478,1,2001,2006,5,sn,conus_climate,103.02217102050781,165.35711669921875,10.687846183776855,2462.374755859375,6889.96240234375,125.27244746014607,2632.662671955204,8330.206143775391
216219421020004,13,2014,2020,6,sn,fvs_base,139.03407287597656,163.5279998779297,12.485357284545898,4016.468017578125,17189.25390625,153.02770733095477,3747.125894572144,16431.813391990654
216219421020004,13,2014,2020,6,sn,fvs_regional,138.40074157714844,162.2723846435547,12.504983901977539,4000.999267578125,17151.75,153.02770733095477,3747.125894572144,16431.813391990654
216219421020004,13,2014,2020,6,sn,organon,120.02130889892578,134.3832550048828,12.796550750732422,3593.707275390625,16016.9619140625,153.02770733095477,3747.125894572144,16431.813391990654
216219421020004,13,2014,2020,6,sn,conus_spdep,120.05897521972656,134.4727783203125,12.794297218322754,3727.47705078125,16507.55078125,153.02770733095477,3747.125894572144,16431.813391990654
216219421020004,13,2014,2020,6,sn,conus_climate,120.02125549316406,134.3932647705078,12.79607105255127,3534.24365234375,15773.5537109375,153.02770733095477,3747.125894572144,16431.813391990654
100597968010478,28,2007,2014,7,sn,fvs_base,33.07107162475586,59.282875061035156,10.11336898803711,573.7123413085938,1411.6173095703125,0.9220078920360295,6.245606373398001,
100597968010478,28,2007,2014,7,sn,fvs_regional,32.98835754394531,59.09667205810547,10.11661148071289,572.5193481445312,1409.47314453125,0.9220078920360295,6.245606373398001,
100597968010478,28,2007,2014,7,sn,organon,29.08762550354004,51.77733612060547,10.148937225341797,501.61798095703125,1090.6304931640625,0.9220078920360295,6.245606373398001,
100597968010478,28,2007,2014,7,sn,conus_spdep,29.095125198364258,51.80769348144531,10.147270202636719,574.34619140625,1569.8590087890625,0.9220078920360295,6.245606373398001,
100597968010478,28,2007,2014,7,sn,conus_climate,29.080175399780273,51.7930908203125,10.146093368530273,500.67919921875,1237.3905029296875,0.9220078920360295,6.245606373398001,
158722965010854,13,1981,1988,7,sn,fvs_base,98.59626770019531,126.0084457397461,11.977516174316406,2377.915771484375,7421.19921875,130.40447783587132,2146.7551631147307,8516.224172599694
158722965010854,13,1981,1988,7,sn,fvs_regional,96.94935607910156,123.2903823852539,12.007266998291016,2340.481201171875,7342.37060546875,130.40447783587132,2146.7551631147307,8516.224172599694
158722965010854,13,1981,1988,7,sn,organon,73.46256256103516,91.85913848876953,12.10899543762207,1989.4014892578125,6519.8857421875,130.40447783587132,2146.7551631147307,8516.224172599694
158722965010854,13,1981,1988,7,sn,conus_spdep,73.66735076904297,92.119384765625,12.108723640441895,2345.282958984375,7722.28173828125,130.40447783587132,2146.7551631147307,8516.224172599694
158722965010854,13,1981,1988,7,sn,conus_climate,73.35435485839844,91.6717758178711,12.112432479858398,1776.509765625,5572.8076171875,130.40447783587132,2146.7551631147307,8516.224172599694
160399080010854,28,1977,1987,10,sn,fvs_base,59.735626220703125,139.99827575683594,8.844874382019043,1175.221435546875,1337.236328125,83.96817425650404,926.9378420478251,2083.7890078586024
160399080010854,28,1977,1987,10,sn,fvs_regional,59.24063491821289,138.6064910888672,8.852264404296875,1165.9273681640625,1334.750732421875,83.96817425650404,926.9378420478251,2083.7890078586024
160399080010854,28,1977,1987,10,sn,organon,43.79130172729492,91.52513122558594,9.36612606048584,985.0988159179688,1237.99462890625,83.96817425650404,926.9378420478251,2083.7890078586024
160399080010854,28,1977,1987,10,sn,conus_spdep,43.92993927001953,91.95683288574219,9.358895301818848,1125.4891357421875,1265.9609375,83.96817425650404,926.9378420478251,2083.7890078586024
160399080010854,28,1977,1987,10,sn,conus_climate,43.539920806884766,91.06028747558594,9.363012313842773,888.10205078125,1121.4906005859375,83.96817425650404,926.9378420478251,2083.7890078586024
158715511010854,13,1971,1981,10,sn,fvs_base,177.4371337890625,260.6126708984375,11.172771453857422,4872.02783203125,17937.5859375,107.02635295976506,2913.754298942505,15648.252947796347
158715511010854,13,1971,1981,10,sn,fvs_regional,161.91192626953125,227.9081573486328,11.41289234161377,4485.29150390625,16921.16015625,107.02635295976506,2913.754298942505,15648.252947796347
158715511010854,13,1971,1981,10,sn,organon,142.15655517578125,209.31484985351562,11.158857345581055,4152.87939453125,15189.3525390625,107.02635295976506,2913.754298942505,15648.252947796347
158715511010854,13,1971,1981,10,sn,conus_spdep,142.79800415039062,211.09584045410156,11.136726379394531,4520.76904296875,16466.5625,107.02635295976506,2913.754298942505,15648.252947796347
158715511010854,13,1971,1981,10,sn,conus_climate,141.9247589111328,208.66209411621094,11.167181968688965,4013.712158203125,14652.2431640625,107.02635295976506,2913.754298942505,15648.252947796347
282502672489998,13,2015,2021,6,sn,fvs_base,58.60070037841797,88.256591796875,11.033520698547363,1078.02099609375,3122.74169921875,65.28203191141114,1070.055351053512,404.72939688879603
282502672489998,13,2015,2021,6,sn,fvs_regional,58.33808898925781,87.6022720336914,11.049809455871582,1073.825927734375,3119.4169921875,65.28203191141114,1070.055351053512,404.72939688879603
282502672489998,13,2015,2021,6,sn,organon,44.226871490478516,64.80889892578125,11.185672760009766,928.670166015625,2731.173828125,65.28203191141114,1070.055351053512,404.72939688879603
282502672489998,13,2015,2021,6,sn,conus_spdep,44.265411376953125,64.85633850097656,11.186450958251953,1050.959716796875,3102.676025390625,65.28203191141114,1070.055351053512,404.72939688879603
282502672489998,13,2015,2021,6,sn,conus_climate,44.0344123840332,64.69535064697266,11.171097755432129,821.1499633789062,2396.99462890625,65.28203191141114,1070.055351053512,404.72939688879603
162419313010854,45,1978,1986,8,sn,fvs_base,134.0113983154297,301.87921142578125,9.021744728088379,3173.31201171875,7328.30615234375,92.76402592744324,1738.686661354366,3422.2526129062953
162419313010854,45,1978,1986,8,sn,fvs_regional,131.28982543945312,292.9387512207031,9.06490707397461,3118.89599609375,7288.5244140625,92.76402592744324,1738.686661354366,3422.2526129062953
162419313010854,45,1978,1986,8,sn,organon,107.16144561767578,227.09539794921875,9.30146312713623,2771.3857421875,6612.662109375,92.76402592744324,1738.686661354366,3422.2526129062953
162419313010854,45,1978,1986,8,sn,conus_spdep,107.21573638916016,227.35293579101562,9.298550605773926,3041.62841796875,7454.37939453125,92.76402592744324,1738.686661354366,3422.2526129062953
162419313010854,45,1978,1986,8,sn,conus_climate,106.95978546142578,226.6179962158203,9.302495002746582,2621.0,6386.0087890625,92.76402592744324,1738.686661354366,3422.2526129062953
162414396010854,45,1966,1977,11,sn,fvs_base,136.62120056152344,208.51239013671875,10.960477828979492,3208.279296875,11998.91015625,146.91198279296557,2621.096427297723,8862.13265618705
162414396010854,45,1966,1977,11,sn,fvs_regional,131.1912841796875,195.0646514892578,11.104509353637695,3104.65966796875,11761.3115234375,146.91198279296557,2621.096427297723,8862.13265618705
162414396010854,45,1966,1977,11,sn,organon,115.05878448486328,163.3634796142578,11.363672256469727,2965.0400390625,11556.748046875,146.91198279296557,2621.096427297723,8862.13265618705
162414396010854,45,1966,1977,11,sn,conus_spdep,115.56812286376953,164.82029724121094,11.338354110717773,3489.13525390625,13088.251953125,146.91198279296557,2621.096427297723,8862.13265618705
162414396010854,45,1966,1977,11,sn,conus_climate,114.91746520996094,163.08375549316406,11.366424560546875,2777.976806640625,10695.380859375,146.91198279296557,2621.096427297723,8862.13265618705
162415882010854,45,1978,1986,8,sn,fvs_base,36.41184997558594,75.76821899414062,9.386726379394531,759.8373413085938,1757.2261962890625,57.63850586454937,734.965781577054,1070.2196737858599
162415882010854,45,1978,1986,8,sn,fvs_regional,36.197505950927734,75.11861419677734,9.399436950683594,755.6841430664062,1753.5269775390625,57.63850586454937,734.965781577054,1070.2196737858599
162415882010854,45,1978,1986,8,sn,organon,31.44999122619629,65.89096069335938,9.354782104492188,702.44189453125,1601.717041015625,57.63850586454937,734.965781577054,1070.2196737858599
162415882010854,45,1978,1986,8,sn,conus_spdep,31.55373191833496,65.98912048339844,9.363224983215332,796.8250122070312,1750.4493408203125,57.63850586454937,734.965781577054,1070.2196737858599
162415882010854,45,1978,1986,8,sn,conus_climate,31.419113159179688,65.85614013671875,9.352660179138184,651.464111328125,1461.9736328125,57.63850586454937,734.965781577054,1070.2196737858599
198390889020004,28,2014,2020,6,sn,fvs_base,49.21015548706055,75.40022277832031,10.938993453979492,1195.7431640625,2553.515869140625,11.947042810369314,190.87033289118,
198390889020004,28,2014,2020,6,sn,fvs_regional,49.39480972290039,75.81534576416016,10.929452896118164,1199.7210693359375,2556.41552734375,11.947042810369314,190.87033289118,
198390889020004,28,2014,2020,6,sn,organon,27.69015121459961,46.822662353515625,10.412882804870605,668.1614990234375,1156.82373046875,11.947042810369314,190.87033289118,
198390889020004,28,2014,2020,6,sn,conus_spdep,27.724489212036133,46.87199020385742,10.413850784301758,713.1447143554688,1193.0079345703125,11.947042810369314,190.87033289118,
198390889020004,28,2014,2020,6,sn,conus_climate,27.701290130615234,46.84096145629883,10.412939071655273,658.4059448242188,1151.03515625,11.947042810369314,190.87033289118,
162418183010854,45,1978,1986,8,sn,fvs_base,114.66588592529297,249.67361450195312,9.176288604736328,2552.52490234375,5977.00048828125,178.77556907737528,3441.883119462265,15317.207826566133
162418183010854,45,1978,1986,8,sn,fvs_regional,110.60684204101562,237.34860229492188,9.243446350097656,2472.481201171875,5904.94970703125,178.77556907737528,3441.883119462265,15317.207826566133
162418183010854,45,1978,1986,8,sn,organon,86.58902740478516,183.73727416992188,9.29542064666748,2126.240966796875,5153.33154296875,178.77556907737528,3441.883119462265,15317.207826566133
162418183010854,45,1978,1986,8,sn,conus_spdep,86.65615844726562,183.9297637939453,9.294157981872559,2415.632568359375,5929.61767578125,178.77556907737528,3441.883119462265,15317.207826566133
162418183010854,45,1978,1986,8,sn,conus_climate,86.47687530517578,183.53097534179688,9.2946195602417,2006.2088623046875,4958.73193359375,178.77556907737528,3441.883119462265,15317.207826566133
158727466010854,13,1982,1988,6,sn,fvs_base,9.015917778015137,17.63466453552246,9.68183422088623,183.77166748046875,233.13827514648438,,,
158727466010854,13,1982,1988,6,sn,fvs_regional,8.791788101196289,17.160526275634766,9.691914558410645,179.2372283935547,232.08682250976562,,,
158727466010854,13,1982,1988,6,sn,organon,7.6732258796691895,15.02059555053711,9.677912712097168,176.3685302734375,214.36868286132812,,,
158727466010854,13,1982,1988,6,sn,conus_spdep,7.673468589782715,15.021127700805664,9.677894592285156,207.459716796875,254.93760681152344,,,
158727466010854,13,1982,1988,6,sn,conus_climate,7.67319917678833,15.02051830291748,9.6779203414917,169.36065673828125,210.36537170410156,,,
43549010010478,1,1997,2004,7,sn,fvs_base,108.01887512207031,246.27342224121094,8.967622756958008,2479.562255859375,3159.607666015625,,,
43549010010478,1,1997,2004,7,sn,fvs_regional,106.13553619384766,240.59669494628906,8.993359565734863,2440.95068359375,3144.664794921875,,,
43549010010478,1,1997,2004,7,sn,organon,84.05965423583984,178.54151916503906,9.2909574508667,2030.202880859375,2825.878662109375,,,
43549010010478,1,1997,2004,7,sn,conus_spdep,84.14244842529297,178.7259979248047,9.290730476379395,2186.757568359375,2958.479736328125,,,
43549010010478,1,1997,2004,7,sn,conus_climate,83.9705581665039,178.3527069091797,9.290945053100586,1973.9466552734375,2781.564453125,,,
548083451126144,28,2019,2024,5,sn,fvs_base,85.6927719116211,159.6481170654297,9.920336723327637,2373.556640625,3747.5458984375,91.51897612740301,1999.4669390055221,3698.726090609674
548083451126144,28,2019,2024,5,sn,fvs_regional,85.49490356445312,159.12998962402344,9.924996376037598,2368.5517578125,3745.921142578125,91.51897612740301,1999.4669390055221,3698.726090609674
548083451126144,28,2019,2024,5,sn,organon,66.67569732666016,124.63227844238281,9.903867721557617,1856.5899658203125,2971.036376953125,91.51897612740301,1999.4669390055221,3698.726090609674
548083451126144,28,2019,2024,5,sn,conus_spdep,66.69952392578125,124.67753601074219,9.903841972351074,1934.3568115234375,3047.43017578125,91.51897612740301,1999.4669390055221,3698.726090609674
548083451126144,28,2019,2024,5,sn,conus_climate,66.69823455810547,124.66455841064453,9.904256820678711,1853.4759521484375,2959.546630859375,91.51897612740301,1999.4669390055221,3698.726090609674
157528848010854,1,1981,1990,9,sn,fvs_base,151.4700927734375,230.78237915039062,10.9697904586792,4508.87939453125,15545.9755859375,155.92113007529107,4405.528505,20410.963603000004
157528848010854,1,1981,1990,9,sn,fvs_regional,135.63388061523438,201.27589416503906,11.11538314819336,4037.2646484375,14381.41015625,155.92113007529107,4405.528505,20410.963603000004
157528848010854,1,1981,1990,9,sn,organon,115.5033187866211,158.49411010742188,11.559178352355957,3737.452880859375,13010.732421875,155.92113007529107,4405.528505,20410.963603000004
157528848010854,1,1981,1990,9,sn,conus_spdep,115.56741333007812,158.6935272216797,11.555119514465332,3897.27392578125,13694.0224609375,155.92113007529107,4405.528505,20410.963603000004
157528848010854,1,1981,1990,9,sn,conus_climate,115.44007873535156,158.42193603515625,11.558646202087402,3575.774169921875,12438.0361328125,155.92113007529107,4405.528505,20410.963603000004
236616728010854,1,2010,2017,7,sn,fvs_base,83.73806762695312,198.7018280029297,8.790160179138184,1945.9039306640625,2881.584228515625,52.18441351906978,29.284696488762,
236616728010854,1,2010,2017,7,sn,fvs_regional,83.2780532836914,197.1020050048828,8.801488876342773,1937.1280517578125,2878.828369140625,52.18441351906978,29.284696488762,
236616728010854,1,2010,2017,7,sn,organon,63.298336029052734,146.645751953125,8.896060943603516,1365.8594970703125,1956.0904541015625,52.18441351906978,29.284696488762,
236616728010854,1,2010,2017,7,sn,conus_spdep,63.331634521484375,146.73104858398438,8.89581298828125,1542.634521484375,2138.613037109375,52.18441351906978,29.284696488762,
236616728010854,1,2010,2017,7,sn,conus_climate,63.23042297363281,146.36575317382812,8.899787902832031,1444.374267578125,2064.06982421875,52.18441351906978,29.284696488762,
236617690010854,1,2010,2017,7,sn,fvs_base,6.295701026916504,23.430635452270508,7.018855571746826,61.08153533935547,0.0,96.51509028331873,1625.058877119218,674.0543114334599
236617690010854,1,2010,2017,7,sn,fvs_regional,6.1148481369018555,22.70824432373047,7.026472568511963,59.38837432861328,0.0,96.51509028331873,1625.058877119218,674.0543114334599
236617690010854,1,2010,2017,7,sn,organon,5.310528755187988,19.77806282043457,7.016383171081543,70.58744812011719,0.0,96.51509028331873,1625.058877119218,674.0543114334599
236617690010854,1,2010,2017,7,sn,conus_spdep,5.3110857009887695,19.780424118041992,7.016331672668457,110.82162475585938,0.0,96.51509028331873,1625.058877119218,674.0543114334599
236617690010854,1,2010,2017,7,sn,conus_climate,5.31012487411499,19.776321411132812,7.016425132751465,57.71364974975586,0.0,96.51509028331873,1625.058877119218,674.0543114334599
236495425010854,13,2011,2017,6,sn,fvs_base,101.44202423095703,146.01736450195312,11.286079406738281,3028.859619140625,8791.37109375,89.27705904550297,1675.5100343675697,1696.4772135519158
236495425010854,13,2011,2017,6,sn,fvs_regional,101.60176849365234,146.3746795654297,11.281166076660156,3033.12158203125,8795.0244140625,89.27705904550297,1675.5100343675697,1696.4772135519158
236495425010854,13,2011,2017,6,sn,organon,93.79019927978516,131.5496368408203,11.433263778686523,2736.701416015625,8068.9501953125,89.27705904550297,1675.5100343675697,1696.4772135519158
236495425010854,13,2011,2017,6,sn,conus_spdep,93.88558959960938,131.63201904296875,11.435494422912598,2869.99560546875,8568.9375,89.27705904550297,1675.5100343675697,1696.4772135519158
236495425010854,13,2011,2017,6,sn,conus_climate,93.85966491699219,131.60475158691406,11.435101509094238,2804.567626953125,8340.2060546875,89.27705904550297,1675.5100343675697,1696.4772135519158
22304323010478,1,2001,2006,5,sn,fvs_base,72.63477325439453,100.41484069824219,11.516213417053223,2172.71484375,8195.5302734375,64.46630956888622,1694.1191024072764,5647.838118976522
22304323010478,1,2001,2006,5,sn,fvs_regional,72.2806625366211,99.69247436523438,11.529647827148438,2163.828369140625,8179.8154296875,64.46630956888622,1694.1191024072764,5647.838118976522
22304323010478,1,2001,2006,5,sn,organon,60.74014663696289,86.9475326538086,11.317373275756836,1826.7447509765625,6798.17529296875,64.46630956888622,1694.1191024072764,5647.838118976522
22304323010478,1,2001,2006,5,sn,conus_spdep,60.7480583190918,86.96414947509766,11.317026138305664,1869.3255615234375,6947.97509765625,64.46630956888622,1694.1191024072764,5647.838118976522
22304323010478,1,2001,2006,5,sn,conus_climate,60.74214172363281,86.94650268554688,11.31762409210205,1817.6573486328125,6727.78466796875,64.46630956888622,1694.1191024072764,5647.838118976522
158714446010854,13,1971,1981,10,sn,fvs_base,71.58112335205078,181.3773651123047,8.506363868713379,1399.804443359375,1355.3255615234375,119.36551099825721,1958.7234959139896,2667.013393847195
158714446010854,13,1971,1981,10,sn,fvs_regional,71.86602020263672,182.33680725097656,8.500823020935059,1404.890380859375,1355.532470703125,119.36551099825721,1958.7234959139896,2667.013393847195
158714446010854,13,1971,1981,10,sn,organon,57.22589874267578,141.6643829345703,8.6060209274292,1277.1661376953125,1262.6031494140625,119.36551099825721,1958.7234959139896,2667.013393847195
158714446010854,13,1971,1981,10,sn,conus_spdep,57.22321701049805,141.68251037597656,8.605265617370605,1477.366943359375,1581.5081787109375,119.36551099825721,1958.7234959139896,2667.013393847195
158714446010854,13,1971,1981,10,sn,conus_climate,57.1998176574707,141.51683044433594,8.608538627624512,1124.7762451171875,1284.43359375,119.36551099825721,1958.7234959139896,2667.013393847195
635664036126144,13,2019,2024,5,sn,fvs_base,98.9430160522461,129.01864624023438,11.857760429382324,3467.840576171875,15530.7900390625,105.1287609420839,3553.5695272097837,9223.228334744601
635664036126144,13,2019,2024,5,sn,fvs_regional,99.01477813720703,129.15948486328125,11.855589866638184,3470.13623046875,15538.126953125,105.1287609420839,3553.5695272097837,9223.228334744601
635664036126144,13,2019,2024,5,sn,organon,82.02952575683594,102.41926574707031,12.117990493774414,2903.580078125,13254.60546875,105.1287609420839,3553.5695272097837,9223.228334744601
635664036126144,13,2019,2024,5,sn,conus_spdep,82.05581665039062,102.44901275634766,12.11817455291748,3000.698974609375,13517.5185546875,105.1287609420839,3553.5695272097837,9223.228334744601
635664036126144,13,2019,2024,5,sn,conus_climate,82.03402709960938,102.4001693725586,12.119453430175781,2898.906982421875,12976.748046875,105.1287609420839,3553.5695272097837,9223.228334744601
189296052020004,1,2014,2021,7,sn,fvs_base,22.170604705810547,64.61968231201172,7.931268215179443,371.87841796875,0.0,88.4066888022845,890.689157022254,991.3714276850139
189296052020004,1,2014,2021,7,sn,fvs_regional,21.98863410949707,64.01008605957031,7.936174392700195,368.934814453125,0.0,88.4066888022845,890.689157022254,991.3714276850139
189296052020004,1,2014,2021,7,sn,organon,18.443561553955078,54.4741096496582,7.878863334655762,349.67193603515625,0.0,88.4066888022845,890.689157022254,991.3714276850139
189296052020004,1,2014,2021,7,sn,conus_spdep,18.44454002380371,54.575504302978516,7.871749401092529,423.2483825683594,0.0,88.4066888022845,890.689157022254,991.3714276850139
189296052020004,1,2014,2021,7,sn,conus_climate,18.451223373413086,54.45944595336914,7.881560802459717,319.3780822753906,0.0,88.4066888022845,890.689157022254,991.3714276850139
162418630010854,45,1978,1986,8,sn,fvs_base,26.330060958862305,22.732406616210938,14.572683334350586,630.4442749023438,2126.250732421875,35.5839059923026,296.86501343097603,1154.510592219696
162418630010854,45,1978,1986,8,sn,fvs_regional,26.703857421875,23.116296768188477,14.553390502929688,638.8641357421875,2150.234619140625,35.5839059923026,296.86501343097603,1154.510592219696
162418630010854,45,1978,1986,8,sn,organon,22.756404876708984,20.139423370361328,14.393440246582031,607.6038818359375,2300.112548828125,35.5839059923026,296.86501343097603,1154.510592219696
162418630010854,45,1978,1986,8,sn,conus_spdep,22.756759643554688,20.13986587524414,14.393393516540527,686.4461059570312,2530.616455078125,35.5839059923026,296.86501343097603,1154.510592219696
162418630010854,45,1978,1986,8,sn,conus_climate,22.738208770751953,20.130403518676758,14.390908241271973,542.0941162109375,1802.1119384765625,35.5839059923026,296.86501343097603,1154.510592219696
259082515010854,13,2012,2018,6,sn,fvs_base,87.0483169555664,164.2916717529297,9.856184005737305,2154.492919921875,5242.79443359375,119.51935187652685,2125.8384065202063,4355.999526107537
259082515010854,13,2012,2018,6,sn,fvs_regional,87.10554504394531,164.45399475097656,9.854555130004883,2155.835693359375,5244.09130859375,119.51935187652685,2125.8384065202063,4355.999526107537
259082515010854,13,2012,2018,6,sn,organon,77.8867416381836,144.2833709716797,9.948554039001465,1924.6954345703125,4919.310546875,119.51935187652685,2125.8384065202063,4355.999526107537
259082515010854,13,2012,2018,6,sn,conus_spdep,77.96249389648438,144.46820068359375,9.947021484375,2127.488525390625,5371.4990234375,119.51935187652685,2125.8384065202063,4355.999526107537
259082515010854,13,2012,2018,6,sn,conus_climate,77.95039367675781,144.4042510986328,9.948450088500977,1934.4666748046875,4803.4111328125,119.51935187652685,2125.8384065202063,4355.999526107537
61089209010478,13,1999,2009,10,sn,fvs_base,77.9822769165039,132.22779846191406,10.398550987243652,2484.364990234375,8099.982421875,67.95286787349627,2142.357401166066,7863.2549115209795
61089209010478,13,1999,2009,10,sn,fvs_regional,77.3414535522461,130.55970764160156,10.421684265136719,2466.833251953125,8071.65234375,67.95286787349627,2142.357401166066,7863.2549115209795
61089209010478,13,1999,2009,10,sn,organon,43.56866455078125,64.33247375488281,11.143158912658691,1403.3714599609375,5001.78515625,67.95286787349627,2142.357401166066,7863.2549115209795
61089209010478,13,1999,2009,10,sn,conus_spdep,43.60411834716797,64.44428253173828,11.138015747070312,1471.866455078125,5100.52978515625,67.95286787349627,2142.357401166066,7863.2549115209795
61089209010478,13,1999,2009,10,sn,conus_climate,43.5856819152832,64.35057067871094,11.143766403198242,1431.27001953125,4920.84912109375,67.95286787349627,2142.357401166066,7863.2549115209795
197125854010854,28,2010,2016,6,sn,fvs_base,26.06057357788086,82.37152862548828,7.616223335266113,475.0472717285156,0.0,71.61059990432963,648.0066015271781,1351.954280639886
197125854010854,28,2010,2016,6,sn,fvs_regional,25.773914337158203,81.28963470458984,7.624456405639648,470.2796630859375,0.0,71.61059990432963,648.0066015271781,1351.954280639886
197125854010854,28,2010,2016,6,sn,organon,20.455846786499023,63.18476867675781,7.704401969909668,356.10003662109375,0.0,71.61059990432963,648.0066015271781,1351.954280639886
197125854010854,28,2010,2016,6,sn,conus_spdep,20.482057571411133,63.330379486083984,7.700467586517334,465.7821960449219,0.0,71.61059990432963,648.0066015271781,1351.954280639886
197125854010854,28,2010,2016,6,sn,conus_climate,20.449453353881836,63.117706298828125,7.707286357879639,348.5256652832031,0.0,71.61059990432963,648.0066015271781,1351.954280639886
24020808010478,45,2002,2007,5,sn,fvs_base,134.30148315429688,503.4195556640625,6.993774890899658,1620.091796875,0.0,85.90923920270862,1238.2689202917081,496.422187266872
24020808010478,45,2002,2007,5,sn,fvs_regional,133.83990478515625,500.9601135253906,6.998862266540527,1616.01025390625,0.0,85.90923920270862,1238.2689202917081,496.422187266872
24020808010478,45,2002,2007,5,sn,organon,116.90916442871094,436.6466979980469,7.006407737731934,1727.0787353515625,0.0,85.90923920270862,1238.2689202917081,496.422187266872
24020808010478,45,2002,2007,5,sn,conus_spdep,117.31398010253906,438.12445068359375,7.006680488586426,2260.712890625,0.0,85.90923920270862,1238.2689202917081,496.422187266872
24020808010478,45,2002,2007,5,sn,conus_climate,116.64729309082031,435.35040283203125,7.008971214294434,1548.5467529296875,0.0,85.90923920270862,1238.2689202917081,496.422187266872
158712944010854,13,1971,1980,9,sn,fvs_base,63.520164489746094,89.2382583618164,11.423957824707031,1245.4127197265625,4388.228515625,62.92706567754514,1289.8550567433058,6510.351836508124
158712944010854,13,1971,1980,9,sn,fvs_regional,61.60478210449219,85.4251937866211,11.498747825622559,1211.4415283203125,4297.9150390625,62.92706567754514,1289.8550567433058,6510.351836508124
158712944010854,13,1971,1980,9,sn,organon,39.74372863769531,53.88392639160156,11.6289644241333,966.0955810546875,3459.330810546875,62.92706567754514,1289.8550567433058,6510.351836508124
158712944010854,13,1971,1980,9,sn,conus_spdep,39.835670471191406,54.23040771484375,11.605154037475586,1286.0997314453125,4693.97705078125,62.92706567754514,1289.8550567433058,6510.351836508124
158712944010854,13,1971,1980,9,sn,conus_climate,39.68064880371094,53.674320220947266,11.642396926879883,780.1477661132812,2820.9013671875,62.92706567754514,1289.8550567433058,6510.351836508124
175742586010854,1,2010,2017,7,sn,fvs_base,116.81727600097656,181.56011962890625,10.86124324798584,2935.872314453125,9089.9921875,143.45222686106416,3004.186091816236,9918.296441146724
175742586010854,1,2010,2017,7,sn,fvs_regional,114.17375946044922,175.82708740234375,10.911304473876953,2873.938232421875,8978.5771484375,143.45222686106416,3004.186091816236,9918.296441146724
175742586010854,1,2010,2017,7,sn,organon,92.90072631835938,141.01394653320312,10.990432739257812,2402.2939453125,7568.5625,143.45222686106416,3004.186091816236,9918.296441146724
175742586010854,1,2010,2017,7,sn,conus_spdep,93.19892883300781,141.64283752441406,10.983592987060547,2729.4482421875,8596.2734375,143.45222686106416,3004.186091816236,9918.296441146724
175742586010854,1,2010,2017,7,sn,conus_climate,92.80853271484375,140.80271911621094,10.993216514587402,2309.236328125,7234.15625,143.45222686106416,3004.186091816236,9918.296441146724
22347825010478,1,2004,2012,8,sn,fvs_base,113.67900085449219,127.68611145019531,12.776287078857422,3778.724609375,17536.04296875,153.00094547028397,5586.49778893485,28333.19552455193
22347825010478,1,2004,2012,8,sn,fvs_regional,112.85149383544922,126.13678741455078,12.807638168334961,3754.78759765625,17459.4921875,153.00094547028397,5586.49778893485,28333.19552455193
22347825010478,1,2004,2012,8,sn,organon,76.81050872802734,86.5892333984375,12.753068923950195,2659.48486328125,11985.2255859375,153.00094547028397,5586.49778893485,28333.19552455193
22347825010478,1,2004,2012,8,sn,conus_spdep,76.87871551513672,86.70100402832031,12.750500679016113,2767.492919921875,12278.7822265625,153.00094547028397,5586.49778893485,28333.19552455193
22347825010478,1,2004,2012,8,sn,conus_climate,76.80907440185547,86.59860229492188,12.75225830078125,2546.664794921875,11481.0234375,153.00094547028397,5586.49778893485,28333.19552455193
43571186010478,1,1997,2002,5,sn,fvs_base,104.30622863769531,188.4979705810547,10.072518348693848,2370.954833984375,2721.205322265625,80.94515679177998,1233.847269318036,1721.360485719612
43571186010478,1,1997,2002,5,sn,fvs_regional,104.27452850341797,188.42747497558594,10.072872161865234,2370.23828125,2721.063232421875,80.94515679177998,1233.847269318036,1721.360485719612
43571186010478,1,1997,2002,5,sn,organon,89.06021881103516,157.478515625,10.182806015014648,1960.810302734375,2345.795654296875,80.94515679177998,1233.847269318036,1721.360485719612
43571186010478,1,1997,2002,5,sn,conus_spdep,89.18400573730469,157.6404571533203,10.184643745422363,2187.492919921875,2742.5400390625,80.94515679177998,1233.847269318036,1721.360485719612
43571186010478,1,1997,2002,5,sn,conus_climate,89.12117767333984,157.5643768310547,10.183515548706055,2026.22998046875,2354.4365234375,80.94515679177998,1233.847269318036,1721.360485719612
198390888020004,28,2014,2020,6,sn,fvs_base,125.39136505126953,205.98138427734375,10.564677238464355,3041.671630859375,10590.5576171875,,,
198390888020004,28,2014,2020,6,sn,fvs_regional,123.40992736816406,200.43820190429688,10.624809265136719,3000.612060546875,10528.111328125,,,
198390888020004,28,2014,2020,6,sn,organon,98.41596984863281,158.8159942626953,10.659133911132812,2405.271240234375,8362.4267578125,,,
198390888020004,28,2014,2020,6,sn,conus_spdep,98.70525360107422,159.51303100585938,10.651443481445312,2654.9228515625,9231.908203125,,,
198390888020004,28,2014,2020,6,sn,conus_climate,98.29715728759766,158.46945190429688,10.664338111877441,2377.693603515625,8341.4501953125,,,
76358540010478,13,2005,2010,5,sn,fvs_base,109.86690521240234,236.52635192871094,9.228477478027344,2832.95654296875,7172.08056640625,135.58408370621686,3323.6845391111806,11040.59442545405
76358540010478,13,2005,2010,5,sn,fvs_regional,108.85576629638672,233.2561798095703,9.250078201293945,2809.966552734375,7147.939453125,135.58408370621686,3323.6845391111806,11040.59442545405
76358540010478,13,2005,2010,5,sn,organon,96.12736511230469,197.02789306640625,9.457928657531738,2418.88427734375,6315.09814453125,135.58408370621686,3323.6845391111806,11040.59442545405
76358540010478,13,2005,2010,5,sn,conus_spdep,96.22017669677734,197.17840576171875,9.458880424499512,2625.474853515625,7078.2431640625,135.58408370621686,3323.6845391111806,11040.59442545405
76358540010478,13,2005,2010,5,sn,conus_climate,96.03359985351562,196.8845977783203,9.456753730773926,2477.666259765625,6623.79931640625,135.58408370621686,3323.6845391111806,11040.59442545405
157528221010854,1,1982,1990,8,sn,fvs_base,83.87437438964844,202.5830841064453,8.712631225585938,1834.1207275390625,2189.482177734375,121.15616463822735,1103.239965,2112.935584
157528221010854,1,1982,1990,8,sn,fvs_regional,83.91313934326172,202.7010955810547,8.712108612060547,1834.887939453125,2189.596923828125,121.15616463822735,1103.239965,2112.935584
157528221010854,1,1982,1990,8,sn,organon,75.86788177490234,181.25830078125,8.760246276855469,1758.2786865234375,2208.8828125,121.15616463822735,1103.239965,2112.935584
157528221010854,1,1982,1990,8,sn,conus_spdep,75.91114807128906,181.31057739257812,8.761479377746582,1969.3326416015625,2370.009033203125,121.15616463822735,1103.239965,2112.935584
157528221010854,1,1982,1990,8,sn,conus_climate,75.82251739501953,181.18638610839844,8.759364128112793,1685.9156494140625,2135.712646484375,121.15616463822735,1103.239965,2112.935584
158725519010854,13,1981,1988,7,sn,fvs_base,138.4719696044922,393.3008117675781,8.034427642822266,2759.04736328125,4510.990234375,157.74220957383298,2391.9598117900823,3718.593077193439
158725519010854,13,1981,1988,7,sn,fvs_regional,136.89907836914062,387.11029052734375,8.052288055419922,2732.653564453125,4504.07666015625,157.74220957383298,2391.9598117900823,3718.593077193439
158725519010854,13,1981,1988,7,sn,organon,95.35037231445312,264.8755187988281,8.124125480651855,2272.46337890625,3556.320068359375,157.74220957383298,2391.9598117900823,3718.593077193439
158725519010854,13,1981,1988,7,sn,conus_spdep,95.9640121459961,267.2966613769531,8.113227844238281,2915.56689453125,4282.28466796875,157.74220957383298,2391.9598117900823,3718.593077193439
158725519010854,13,1981,1988,7,sn,conus_climate,94.95625305175781,263.3078918457031,8.131414413452148,1892.89794921875,3155.206298828125,157.74220957383298,2391.9598117900823,3718.593077193439
158716544010854,13,1972,1982,10,sn,fvs_base,84.5840072631836,168.12594604492188,9.604243278503418,1811.471435546875,3563.689453125,128.2823603798072,1993.544352980086,4972.927905764037
158716544010854,13,1972,1982,10,sn,fvs_regional,83.61311340332031,165.707763671875,9.61838150024414,1790.62890625,3545.68408203125,128.2823603798072,1993.544352980086,4972.927905764037
158716544010854,13,1972,1982,10,sn,organon,60.056480407714844,117.52581787109375,9.679428100585938,1359.609130859375,2673.133544921875,128.2823603798072,1993.544352980086,4972.927905764037
158716544010854,13,1972,1982,10,sn,conus_spdep,60.14616394042969,117.6468276977539,9.68166446685791,1614.578369140625,3292.734619140625,128.2823603798072,1993.544352980086,4972.927905764037
158716544010854,13,1972,1982,10,sn,conus_climate,60.015052795410156,117.49684143066406,9.677279472351074,1285.0654296875,2522.625,128.2823603798072,1993.544352980086,4972.927905764037
106286383010478,1,2007,2013,6,sn,fvs_base,92.35214233398438,87.69178009033203,13.895699501037598,3126.511474609375,14737.3359375,63.90869847339345,1911.30134946023,7309.179969953074
106286383010478,1,2007,2013,6,sn,fvs_regional,92.22232055664062,87.5103530883789,13.900314331054688,3122.734619140625,14726.78125,63.90869847339345,1911.30134946023,7309.179969953074
106286383010478,1,2007,2013,6,sn,organon,78.36148071289062,76.24999237060547,13.7267484664917,2562.1640625,12193.076171875,63.90869847339345,1911.30134946023,7309.179969953074
106286383010478,1,2007,2013,6,sn,conus_spdep,78.37519073486328,76.28112030029297,13.725149154663086,2665.3759765625,12572.7490234375,63.90869847339345,1911.30134946023,7309.179969953074
106286383010478,1,2007,2013,6,sn,conus_climate,78.34727478027344,76.23494720458984,13.726856231689453,2578.599609375,12229.216796875,63.90869847339345,1911.30134946023,7309.179969953074
160401302010854,28,1986,1993,7,sn,fvs_base,89.35258483886719,114.95795440673828,11.937692642211914,2510.5205078125,9699.314453125,94.59511002833662,2608.922552537149,11871.795542569356
160401302010854,28,1986,1993,7,sn,fvs_regional,88.58409881591797,113.58393859863281,11.95792007446289,2489.7734375,9639.05859375,94.59511002833662,2608.922552537149,11871.795542569356
160401302010854,28,1986,1993,7,sn,organon,74.91732788085938,97.1033706665039,11.893519401550293,2202.124755859375,8439.2265625,94.59511002833662,2608.922552537149,11871.795542569356
160401302010854,28,1986,1993,7,sn,conus_spdep,75.00153350830078,97.17701721191406,11.895691871643066,2354.18701171875,9171.73828125,94.59511002833662,2608.922552537149,11871.795542569356
160401302010854,28,1986,1993,7,sn,conus_climate,74.89863586425781,97.06475830078125,11.894400596618652,2142.4677734375,8275.294921875,94.59511002833662,2608.922552537149,11871.795542569356
162412626010854,45,1968,1978,10,sn,fvs_base,199.96728515625,340.2791748046875,10.380017280578613,4927.93896484375,13483.126953125,104.70877443953304,2026.375029617884,4394.982397233612
162412626010854,45,1968,1978,10,sn,fvs_regional,178.6671905517578,284.8463439941406,10.723913192749023,4474.9873046875,12842.853515625,104.70877443953304,2026.375029617884,4394.982397233612
162412626010854,45,1968,1978,10,sn,organon,135.5830078125,235.5128173828125,10.273812294006348,3566.95068359375,9282.615234375,104.70877443953304,2026.375029617884,4394.982397233612
162412626010854,45,1968,1978,10,sn,conus_spdep,135.6300048828125,235.48072814941406,10.27629280090332,3838.69970703125,9967.0625,104.70877443953304,2026.375029617884,4394.982397233612
162412626010854,45,1968,1978,10,sn,conus_climate,135.44842529296875,235.15133666992188,10.276602745056152,3279.730712890625,8531.984375,104.70877443953304,2026.375029617884,4394.982397233612
451407629489998,28,2017,2024,7,sn,fvs_base,31.602807998657227,17.485319137573242,18.203811645507812,1166.4266357421875,5882.91748046875,77.67685068514027,1290.5434552073702,3063.25495252153
451407629489998,28,2017,2024,7,sn,fvs_regional,31.32588005065918,17.29590606689453,18.222848892211914,1156.4091796875,5836.05419921875,77.67685068514027,1290.5434552073702,3063.25495252153
451407629489998,28,2017,2024,7,sn,organon,22.766950607299805,12.750733375549316,18.093441009521484,852.39404296875,4341.22509765625,77.67685068514027,1290.5434552073702,3063.25495252153
451407629489998,28,2017,2024,7,sn,conus_spdep,22.764156341552734,12.751925468444824,18.09148406982422,869.2530517578125,4438.34912109375,77.67685068514027,1290.5434552073702,3063.25495252153
451407629489998,28,2017,2024,7,sn,conus_climate,22.768341064453125,12.752285957336426,18.092891693115234,843.0035400390625,4234.55859375,77.67685068514027,1290.5434552073702,3063.25495252153
158727064010854,13,1982,1989,7,sn,fvs_base,78.2129898071289,120.44002532958984,10.911645889282227,1577.9869384765625,2379.7255859375,51.980193840014586,1188.8434878451021,3096.054265412531
158727064010854,13,1982,1989,7,sn,fvs_regional,77.99636840820312,120.05826568603516,10.913838386535645,1573.768798828125,2377.639892578125,51.980193840014586,1188.8434878451021,3096.054265412531
158727064010854,13,1982,1989,7,sn,organon,75.89604949951172,116.25399017333984,10.940621376037598,1542.475341796875,2303.029296875,51.980193840014586,1188.8434878451021,3096.054265412531
158727064010854,13,1982,1989,7,sn,conus_spdep,75.95311737060547,116.3455581665039,10.940423965454102,1572.596435546875,2303.029296875,51.980193840014586,1188.8434878451021,3096.054265412531
158727064010854,13,1982,1989,7,sn,conus_climate,75.87619018554688,116.22969818115234,10.940330505371094,1527.7705078125,2303.029296875,51.980193840014586,1188.8434878451021,3096.054265412531
158714338010854,13,1970,1980,10,sn,fvs_base,37.99756622314453,71.20256042480469,9.89159870147705,809.3045654296875,2543.05029296875,86.92120456147921,2119.412961915986,8557.038109381487
158714338010854,13,1970,1980,10,sn,fvs_regional,37.819522857666016,70.70580291748047,9.903000831604004,805.9556884765625,2536.445556640625,86.92120456147921,2119.412961915986,8557.038109381487
158714338010854,13,1970,1980,10,sn,organon,31.083343505859375,58.437400817871094,9.875398635864258,732.0283203125,2313.112548828125,86.92120456147921,2119.412961915986,8557.038109381487
158714338010854,13,1970,1980,10,sn,conus_spdep,31.184682846069336,58.63119125366211,9.875123977661133,863.5643310546875,2708.472900390625,86.92120456147921,2119.412961915986,8557.038109381487
158714338010854,13,1970,1980,10,sn,conus_climate,31.04905891418457,58.375972747802734,9.875144004821777,660.656005859375,2060.793701171875,86.92120456147921,2119.412961915986,8557.038109381487
106287071010478,1,2007,2014,7,sn,fvs_base,75.9347915649414,146.40855407714844,9.751548767089844,1649.5655517578125,2193.44482421875,89.93190360291892,1578.000038238652,2373.348680642804
106287071010478,1,2007,2014,7,sn,fvs_regional,75.53839111328125,145.30491638183594,9.762927055358887,1642.162353515625,2191.196044921875,89.93190360291892,1578.000038238652,2373.348680642804
106287071010478,1,2007,2014,7,sn,organon,55.6251106262207,109.80486297607422,9.63742446899414,1229.30908203125,1623.110107421875,89.93190360291892,1578.000038238652,2373.348680642804
106287071010478,1,2007,2014,7,sn,conus_spdep,55.72813415527344,110.07866668701172,9.634339332580566,1361.7548828125,1854.017578125,89.93190360291892,1578.000038238652,2373.348680642804
106287071010478,1,2007,2014,7,sn,conus_climate,55.44367218017578,109.74099731445312,9.624492645263672,1192.8671875,1585.501708984375,89.93190360291892,1578.000038238652,2373.348680642804
85239084010478,28,2006,2011,5,sn,fvs_base,243.07469177246094,111.85933685302734,19.960439682006836,7844.19287109375,43272.03125,102.63730146247713,2610.1908488738463,12180.380141307953
85239084010478,28,2006,2011,5,sn,fvs_regional,243.07469177246094,111.85933685302734,19.960439682006836,7844.19287109375,43272.03125,102.63730146247713,2610.1908488738463,12180.380141307953
85239084010478,28,2006,2011,5,sn,organon,218.18157958984375,122.91194152832031,18.040491104125977,6999.42041015625,36385.58984375,102.63730146247713,2610.1908488738463,12180.380141307953
85239084010478,28,2006,2011,5,sn,conus_spdep,218.1783447265625,122.88894653320312,18.042041778564453,7055.73388671875,36726.95703125,102.63730146247713,2610.1908488738463,12180.380141307953
85239084010478,28,2006,2011,5,sn,conus_climate,218.05569458007812,122.83705139160156,18.04077911376953,6793.48095703125,35362.08203125,102.63730146247713,2610.1908488738463,12180.380141307953
158712558010854,13,1970,1981,11,sn,fvs_base,114.21002960205078,290.91351318359375,8.484113693237305,1899.38330078125,1417.4769287109375,,,
158712558010854,13,1970,1981,11,sn,fvs_regional,107.00092315673828,266.5075988769531,8.57976245880127,1795.0660400390625,1412.2130126953125,,,
158712558010854,13,1970,1981,11,sn,organon,67.35502624511719,163.27728271484375,8.696778297424316,1524.302734375,1029.5255126953125,,,
158712558010854,13,1970,1981,11,sn,conus_spdep,67.98332977294922,165.21929931640625,8.685745239257812,2181.841552734375,1453.60791015625,,,
158712558010854,13,1970,1981,11,sn,conus_climate,66.84669494628906,162.01881408691406,8.697482109069824,1125.578857421875,738.7314453125,,,
488022715489998,45,2019,2024,5,sn,fvs_base,164.5557861328125,105.71569061279297,16.893634796142578,5646.20263671875,30404.9921875,191.9738587343752,5339.9235015066315,24598.297848098337
488022715489998,45,2019,2024,5,sn,fvs_regional,146.71871948242188,88.01657104492188,17.482229232788086,5094.8779296875,27978.34765625,191.9738587343752,5339.9235015066315,24598.297848098337
488022715489998,45,2019,2024,5,sn,organon,146.31861877441406,82.92056274414062,17.98684310913086,5206.94287109375,28738.681640625,191.9738587343752,5339.9235015066315,24598.297848098337
488022715489998,45,2019,2024,5,sn,conus_spdep,146.3224639892578,82.92638397216797,17.9864501953125,5409.30419921875,30072.35546875,191.9738587343752,5339.9235015066315,24598.297848098337
488022715489998,45,2019,2024,5,sn,conus_climate,146.3227081298828,82.91960906982422,17.987199783325195,5135.6748046875,28341.294921875,191.9738587343752,5339.9235015066315,24598.297848098337
76937671010478,13,2006,2011,5,sn,fvs_base,22.996219635009766,76.54435729980469,7.42177677154541,333.1407775878906,0.0,99.63721833538669,493.91963700018596,233.865281596682
76937671010478,13,2006,2011,5,sn,fvs_regional,22.987966537475586,76.5134048461914,7.4219465255737305,333.0357971191406,0.0,99.63721833538669,493.91963700018596,233.865281596682
76937671010478,13,2006,2011,5,sn,organon,17.188915252685547,55.424049377441406,7.540696144104004,280.2500915527344,0.0,99.63721833538669,493.91963700018596,233.865281596682
76937671010478,13,2006,2011,5,sn,conus_spdep,17.19802474975586,55.462127685546875,7.540104389190674,321.9034729003906,0.0,99.63721833538669,493.91963700018596,233.865281596682
76937671010478,13,2006,2011,5,sn,conus_climate,17.171571731567383,55.36927032470703,7.5406174659729,257.555419921875,0.0,99.63721833538669,493.91963700018596,233.865281596682
249675685010854,28,2011,2018,7,sn,fvs_base,88.39237976074219,187.32630920410156,9.301311492919922,2001.2471923828125,4922.91943359375,115.95556702776987,2439.015215448588,7454.261692932908
249675685010854,28,2011,2018,7,sn,fvs_regional,87.93236541748047,185.8594512939453,9.313615798950195,1992.986083984375,4915.6484375,115.95556702776987,2439.015215448588,7454.261692932908
249675685010854,28,2011,2018,7,sn,organon,61.66474151611328,120.43419647216797,9.689021110534668,1492.152099609375,3956.447509765625,115.95556702776987,2439.015215448588,7454.261692932908
249675685010854,28,2011,2018,7,sn,conus_spdep,61.70222854614258,120.71688842773438,9.680609703063965,1571.9727783203125,4082.00244140625,115.95556702776987,2439.015215448588,7454.261692932908
249675685010854,28,2011,2018,7,sn,conus_climate,61.67848587036133,120.4209976196289,9.690630912780762,1439.4407958984375,3862.42236328125,115.95556702776987,2439.015215448588,7454.261692932908
635664828126144,13,2019,2024,5,sn,fvs_base,39.49699020385742,70.64220428466797,10.124791145324707,944.5877685546875,991.5838012695312,86.30065872719976,953.4025042588258,382.44880925518004
635664828126144,13,2019,2024,5,sn,fvs_regional,39.51032257080078,70.67235565185547,10.124340057373047,944.885498046875,991.6267700195312,86.30065872719976,953.4025042588258,382.44880925518004
635664828126144,13,2019,2024,5,sn,organon,33.51280212402344,59.60390853881836,10.153231620788574,805.4669799804688,883.5187377929688,86.30065872719976,953.4025042588258,382.44880925518004
635664828126144,13,2019,2024,5,sn,conus_spdep,33.52030563354492,59.61270523071289,10.153619766235352,869.9655151367188,933.9666137695312,86.30065872719976,953.4025042588258,382.44880925518004
635664828126144,13,2019,2024,5,sn,conus_climate,33.52106857299805,59.60346984863281,10.154520988464355,799.4573974609375,886.8853759765625,86.30065872719976,953.4025042588258,382.44880925518004
44593411010478,45,1999,2004,5,sn,fvs_base,155.64056396484375,194.3417510986328,12.117544174194336,4339.103515625,14962.68359375,111.21812228369852,1511.182847019622,2887.630388320082
44593411010478,45,1999,2004,5,sn,fvs_regional,150.79254150390625,185.91824340820312,12.194534301757812,4217.4560546875,14753.5908203125,111.21812228369852,1511.182847019622,2887.630388320082
44593411010478,45,1999,2004,5,sn,organon,130.78248596191406,160.2722625732422,12.231562614440918,3767.925048828125,12918.9736328125,111.21812228369852,1511.182847019622,2887.630388320082
44593411010478,45,1999,2004,5,sn,conus_spdep,130.77590942382812,160.30775451660156,12.229902267456055,3808.33154296875,12793.921875,111.21812228369852,1511.182847019622,2887.630388320082
44593411010478,45,1999,2004,5,sn,conus_climate,130.7562255859375,160.21026611328125,12.23270034790039,3641.34912109375,12295.8515625,111.21812228369852,1511.182847019622,2887.630388320082
335445502489998,1,2016,2022,6,sn,fvs_base,79.86434173583984,234.9333953857422,7.894787311553955,1656.180908203125,2011.2784423828125,,,
335445502489998,1,2016,2022,6,sn,fvs_regional,79.29167175292969,232.67144775390625,7.904575347900391,1645.5875244140625,2008.7652587890625,,,
335445502489998,1,2016,2022,6,sn,organon,59.59088897705078,170.41639709472656,8.007011413574219,1273.732177734375,1748.9639892578125,,,
335445502489998,1,2016,2022,6,sn,conus_spdep,59.63038635253906,170.51806640625,8.007275581359863,1429.703369140625,2041.116943359375,,,
335445502489998,1,2016,2022,6,sn,conus_climate,59.651973724365234,170.58946228027344,8.007052421569824,1259.2078857421875,1692.5162353515625,,,
100565376010478,28,2007,2012,5,sn,fvs_base,42.75710678100586,35.23176574707031,14.916715621948242,1464.399169921875,7586.4931640625,51.5570760230584,1217.463271480048,7105.852510527642
100565376010478,28,2007,2012,5,sn,fvs_regional,42.32969284057617,34.78232192993164,14.937555313110352,1451.13720703125,7527.63330078125,51.5570760230584,1217.463271480048,7105.852510527642
100565376010478,28,2007,2012,5,sn,organon,38.080894470214844,30.497407913208008,15.130677223205566,1311.2335205078125,6807.16748046875,51.5570760230584,1217.463271480048,7105.852510527642
100565376010478,28,2007,2012,5,sn,conus_spdep,38.093379974365234,30.518190383911133,15.12800407409668,1347.0213623046875,6964.00830078125,51.5570760230584,1217.463271480048,7105.852510527642
100565376010478,28,2007,2012,5,sn,conus_climate,38.07949447631836,30.49209976196289,15.131714820861816,1300.807373046875,6718.02734375,51.5570760230584,1217.463271480048,7105.852510527642
158719257010854,13,1970,1980,10,sn,fvs_base,55.10261917114258,108.50106048583984,9.649513244628906,1062.4805908203125,1913.0042724609375,67.8210019839872,1584.0934245100866,6364.465498724767
158719257010854,13,1970,1980,10,sn,fvs_regional,54.798248291015625,107.74339294433594,9.656601905822754,1056.7716064453125,1909.6064453125,67.8210019839872,1584.0934245100866,6364.465498724767
158719257010854,13,1970,1980,10,sn,organon,45.12320327758789,89.09656524658203,9.636201858520508,976.9898681640625,1785.542724609375,67.8210019839872,1584.0934245100866,6364.465498724767
158719257010854,13,1970,1980,10,sn,conus_spdep,45.207374572753906,89.2356948852539,9.637660026550293,1203.3975830078125,2204.854736328125,67.8210019839872,1584.0934245100866,6364.465498724767
158719257010854,13,1970,1980,10,sn,conus_climate,45.08794403076172,89.054443359375,9.634711265563965,868.9906005859375,1559.657470703125,67.8210019839872,1584.0934245100866,6364.465498724767
158728714010854,13,1982,1988,6,sn,fvs_base,18.4246768951416,52.30736541748047,8.036274909973145,361.44183349609375,0.0,113.74880481105039,1085.606262945495,493.653805641892
158728714010854,13,1982,1988,6,sn,fvs_regional,18.343833923339844,52.05732345581055,8.037859916687012,359.7664794921875,0.0,113.74880481105039,1085.606262945495,493.653805641892
158728714010854,13,1982,1988,6,sn,organon,16.680912017822266,47.327659606933594,8.038752555847168,340.0536804199219,0.0,113.74880481105039,1085.606262945495,493.653805641892
158728714010854,13,1982,1988,6,sn,conus_spdep,16.6865234375,47.366886138916016,8.036774635314941,403.680908203125,0.0,113.74880481105039,1085.606262945495,493.653805641892
158728714010854,13,1982,1988,6,sn,conus_climate,16.674694061279297,47.344051361083984,8.035862922668457,327.14752197265625,0.0,113.74880481105039,1085.606262945495,493.653805641892
61234200010478,13,1998,2007,9,sn,fvs_base,80.47325134277344,209.2303924560547,8.397493362426758,1396.40283203125,1023.1534423828125,110.5558813970215,1601.2019164983158,4412.455056355378
61234200010478,13,1998,2007,9,sn,fvs_regional,78.05393981933594,201.1370086669922,8.435051918029785,1357.4697265625,1000.6641235351562,110.5558813970215,1601.2019164983158,4412.455056355378
61234200010478,13,1998,2007,9,sn,organon,55.64595413208008,140.35939025878906,8.52574634552002,1183.74365234375,958.9602661132812,110.5558813970215,1601.2019164983158,4412.455056355378
61234200010478,13,1998,2007,9,sn,conus_spdep,56.029327392578125,141.53799438476562,8.519367218017578,1563.8853759765625,1286.29345703125,110.5558813970215,1601.2019164983158,4412.455056355378
61234200010478,13,1998,2007,9,sn,conus_climate,55.55359649658203,140.03103637695312,8.528651237487793,1084.785400390625,883.8276977539062,110.5558813970215,1601.2019164983158,4412.455056355378
162413360010854,45,1968,1978,10,sn,fvs_base,31.308366775512695,55.15790939331055,10.201465606689453,646.4115600585938,1551.6773681640625,34.17375435048524,597.5836104853971,1602.2303680169412
162413360010854,45,1968,1978,10,sn,fvs_regional,31.191593170166016,54.872650146484375,10.208858489990234,644.0555419921875,1549.035888671875,34.17375435048524,597.5836104853971,1602.2303680169412
162413360010854,45,1968,1978,10,sn,organon,26.869611740112305,48.961727142333984,10.030872344970703,591.7037963867188,1353.5281982421875,34.17375435048524,597.5836104853971,1602.2303680169412
162413360010854,45,1968,1978,10,sn,conus_spdep,26.86328125,48.96188735961914,10.029671669006348,657.527587890625,1579.4283447265625,34.17375435048524,597.5836104853971,1602.2303680169412
162413360010854,45,1968,1978,10,sn,conus_climate,26.863914489746094,48.94939041137695,10.031073570251465,549.7277221679688,1276.04150390625,34.17375435048524,597.5836104853971,1602.2303680169412
158713114010854,13,1971,1981,10,sn,fvs_base,91.653076171875,190.3700714111328,9.395296096801758,1944.39501953125,3154.0341796875,186.05267146169294,3496.788866750825,10125.425142064589
158713114010854,13,1971,1981,10,sn,fvs_regional,91.19143676757812,189.04345703125,9.404430389404297,1935.5384521484375,3150.713134765625,186.05267146169294,3496.788866750825,10125.425142064589
158713114010854,13,1971,1981,10,sn,organon,68.3869400024414,141.60325622558594,9.409927368164062,1681.9522705078125,2584.667724609375,186.05267146169294,3496.788866750825,10125.425142064589
158713114010854,13,1971,1981,10,sn,conus_spdep,68.68936920166016,142.2411346435547,9.409541130065918,1981.65087890625,3032.6298828125,186.05267146169294,3496.788866750825,10125.425142064589
158713114010854,13,1971,1981,10,sn,conus_climate,68.26863861083984,141.36343383789062,9.409754753112793,1459.8021240234375,2354.600341796875,186.05267146169294,3496.788866750825,10125.425142064589
282502332489998,13,2016,2021,5,sn,fvs_base,34.31591033935547,46.98557662963867,11.571823120117188,787.3218994140625,2663.119140625,45.59227602752233,809.652033234652,2752.87275565026
282502332489998,13,2016,2021,5,sn,fvs_regional,34.25764083862305,46.85800552368164,11.57772159576416,786.1641235351562,2660.77880859375,45.59227602752233,809.652033234652,2752.87275565026
282502332489998,13,2016,2021,5,sn,organon,27.107269287109375,38.649932861328125,11.339784622192383,653.4559936523438,2208.470458984375,45.59227602752233,809.652033234652,2752.87275565026
282502332489998,13,2016,2021,5,sn,conus_spdep,27.10480499267578,38.645790100097656,11.339876174926758,728.9913330078125,2509.421630859375,45.59227602752233,809.652033234652,2752.87275565026
282502332489998,13,2016,2021,5,sn,conus_climate,27.112030029296875,38.650760650634766,11.340660095214844,615.4129638671875,2031.56689453125,45.59227602752233,809.652033234652,2752.87275565026
176549474010854,13,2010,2015,5,sn,fvs_base,54.8891487121582,123.93590545654297,9.0111665725708,747.7571411132812,1354.984130859375,90.70505082084698,1591.3829207890838,825.765531941032
176549474010854,13,2010,2015,5,sn,fvs_regional,54.0019645690918,121.16254425048828,9.03976058959961,736.3856811523438,1347.674560546875,90.70505082084698,1591.3829207890838,825.765531941032
176549474010854,13,2010,2015,5,sn,organon,48.25764083862305,108.83123779296875,9.016593933105469,792.7368774414062,1468.903564453125,90.70505082084698,1591.3829207890838,825.765531941032
176549474010854,13,2010,2015,5,sn,conus_spdep,48.2890510559082,108.94145202636719,9.01496410369873,1029.4815673828125,1971.9779052734375,90.70505082084698,1591.3829207890838,825.765531941032
176549474010854,13,2010,2015,5,sn,conus_climate,48.23643493652344,108.75328063964844,9.017843246459961,723.8167114257812,1326.09423828125,90.70505082084698,1591.3829207890838,825.765531941032
22341571010478,1,2002,2007,5,sn,fvs_base,115.53571319580078,194.72335815429688,10.43002700805664,3063.609130859375,7953.919921875,96.96517231862212,2966.4489173234615,13881.621264145651
22341571010478,1,2002,2007,5,sn,fvs_regional,112.40140533447266,188.0921630859375,10.467348098754883,2982.01953125,7833.02685546875,96.96517231862212,2966.4489173234615,13881.621264145651
22341571010478,1,2002,2007,5,sn,organon,98.58753967285156,165.10775756835938,10.463175773620605,2575.142333984375,6601.38916015625,96.96517231862212,2966.4489173234615,13881.621264145651
22341571010478,1,2002,2007,5,sn,conus_spdep,98.68492889404297,165.30137634277344,10.462214469909668,2828.90771484375,7389.0078125,96.96517231862212,2966.4489173234615,13881.621264145651
22341571010478,1,2002,2007,5,sn,conus_climate,98.53865814208984,164.98898315429688,10.464344024658203,2498.489013671875,6494.88232421875,96.96517231862212,2966.4489173234615,13881.621264145651
335445583489998,1,2016,2023,7,sn,fvs_base,97.3366928100586,163.99990844726562,10.431646347045898,2484.244384765625,8159.8935546875,166.17488016541103,3170.37424554681,10238.933671250154
335445583489998,1,2016,2023,7,sn,fvs_regional,96.13301849365234,160.65110778808594,10.47443675994873,2458.3583984375,8126.97705078125,166.17488016541103,3170.37424554681,10238.933671250154
335445583489998,1,2016,2023,7,sn,organon,75.9504623413086,123.28669738769531,10.627799987792969,1953.6854248046875,6555.13720703125,166.17488016541103,3170.37424554681,10238.933671250154
335445583489998,1,2016,2023,7,sn,conus_spdep,76.20579528808594,123.9634017944336,10.616554260253906,2179.4208984375,7272.64892578125,166.17488016541103,3170.37424554681,10238.933671250154
335445583489998,1,2016,2023,7,sn,conus_climate,75.88140869140625,123.07880401611328,10.631935119628906,1942.5306396484375,6523.14697265625,166.17488016541103,3170.37424554681,10238.933671250154
158714264010854,13,1970,1980,10,sn,fvs_base,132.92539978027344,267.8163757324219,9.539413452148438,2690.857177734375,6905.1982421875,156.7060725258539,3536.8775291932056,10767.12835951249
158714264010854,13,1970,1980,10,sn,fvs_regional,131.11158752441406,262.1900634765625,9.57522201538086,2660.1650390625,6878.9833984375,156.7060725258539,3536.8775291932056,10767.12835951249
158714264010854,13,1970,1980,10,sn,organon,80.18417358398438,152.49908447265625,9.818543434143066,2160.996826171875,5801.87158203125,156.7060725258539,3536.8775291932056,10767.12835951249
158714264010854,13,1970,1980,10,sn,conus_spdep,80.91233825683594,154.41110229492188,9.801770210266113,2860.0283203125,7680.2236328125,156.7060725258539,3536.8775291932056,10767.12835951249
158714264010854,13,1970,1980,10,sn,conus_climate,79.8426742553711,151.40122985839844,9.833074569702148,1632.4857177734375,4326.4697265625,156.7060725258539,3536.8775291932056,10767.12835951249
158712756010854,13,1972,1982,10,sn,fvs_base,81.98529052734375,118.53140258789062,11.261274337768555,1905.7550048828125,5245.9716796875,62.569876264623964,665.42289226172,2939.676706837413
158712756010854,13,1972,1982,10,sn,fvs_regional,82.07193756103516,118.72004699707031,11.258269309997559,1907.347900390625,5247.48291015625,62.569876264623964,665.42289226172,2939.676706837413
158712756010854,13,1972,1982,10,sn,organon,77.46460723876953,111.67125701904297,11.277613639831543,1875.4912109375,5203.90576171875,62.569876264623964,665.42289226172,2939.676706837413
158712756010854,13,1972,1982,10,sn,conus_spdep,77.62447357177734,111.95735168457031,11.274812698364258,2072.631103515625,5578.109375,62.569876264623964,665.42289226172,2939.676706837413
158712756010854,13,1972,1982,10,sn,conus_climate,77.38397979736328,111.54075622558594,11.278337478637695,1803.4971923828125,5002.1923828125,62.569876264623964,665.42289226172,2939.676706837413
61145397010478,13,1999,2007,8,sn,fvs_base,34.87764358520508,46.51611328125,11.724871635437012,1261.348876953125,5094.09521484375,35.00514396265082,1199.9719170697842,6139.45282630457
61145397010478,13,1999,2007,8,sn,fvs_regional,34.87981414794922,46.52142333984375,11.724569320678711,1261.4171142578125,5094.23046875,35.00514396265082,1199.9719170697842,6139.45282630457
61145397010478,13,1999,2007,8,sn,organon,29.182167053222656,38.38112258911133,11.806909561157227,997.335693359375,4128.47265625,35.00514396265082,1199.9719170697842,6139.45282630457
61145397010478,13,1999,2007,8,sn,conus_spdep,29.181529998779297,38.434085845947266,11.7986421585083,1064.997802734375,4328.42724609375,35.00514396265082,1199.9719170697842,6139.45282630457
61145397010478,13,1999,2007,8,sn,conus_climate,29.182632446289062,38.413822174072266,11.801980018615723,1054.8896484375,4268.89599609375,35.00514396265082,1199.9719170697842,6139.45282630457
158731097010854,13,1982,1988,6,sn,fvs_base,173.73558044433594,83.96875762939453,19.47698974609375,5333.8046875,28029.9296875,117.35330097933654,2522.3538986621857,10304.116145233922
158731097010854,13,1982,1988,6,sn,fvs_regional,157.81491088867188,71.01300048828125,20.18558692932129,4864.72998046875,26182.541015625,117.35330097933654,2522.3538986621857,10304.116145233922
158731097010854,13,1982,1988,6,sn,organon,147.71514892578125,70.52214050292969,19.596839904785156,4654.00830078125,24267.91015625,117.35330097933654,2522.3538986621857,10304.116145233922
158731097010854,13,1982,1988,6,sn,conus_spdep,148.1731414794922,70.62741088867188,19.612565994262695,4812.412109375,25175.658203125,117.35330097933654,2522.3538986621857,10304.116145233922
158731097010854,13,1982,1988,6,sn,conus_climate,147.62594604492188,70.44705963134766,19.60135841369629,4543.814453125,23828.087890625,117.35330097933654,2522.3538986621857,10304.116145233922
22304130010478,1,2001,2006,5,sn,fvs_base,4.459556579589844,17.646076202392578,6.807036399841309,70.2304916381836,0.0,114.60308071569791,723.9211344693499,
22304130010478,1,2001,2006,5,sn,fvs_regional,4.427624702453613,17.5095272064209,6.809018611907959,69.687255859375,0.0,114.60308071569791,723.9211344693499,
22304130010478,1,2001,2006,5,sn,organon,4.129079818725586,16.360275268554688,6.802485466003418,68.19789123535156,0.0,114.60308071569791,723.9211344693499,
22304130010478,1,2001,2006,5,sn,conus_spdep,4.127050876617432,16.359163284301758,6.801045894622803,81.69072723388672,0.0,114.60308071569791,723.9211344693499,
22304130010478,1,2001,2006,5,sn,conus_climate,4.129434108734131,16.360767364501953,6.802674770355225,66.9533462524414,0.0,114.60308071569791,723.9211344693499,
162423886010854,45,1986,1992,6,sn,fvs_base,130.35562133789062,201.94686889648438,10.878841400146484,3189.678466796875,9900.390625,104.5495167424747,2337.349382540294,7936.94766547784
162423886010854,45,1986,1992,6,sn,fvs_regional,125.56121063232422,190.8270263671875,10.983583450317383,3085.515869140625,9730.341796875,104.5495167424747,2337.349382540294,7936.94766547784
162423886010854,45,1986,1992,6,sn,organon,110.81118774414062,171.9883575439453,10.868724822998047,2803.575439453125,8569.048828125,104.5495167424747,2337.349382540294,7936.94766547784
162423886010854,45,1986,1992,6,sn,conus_spdep,110.70408630371094,171.82479858398438,10.868640899658203,2930.9150390625,9169.5751953125,104.5495167424747,2337.349382540294,7936.94766547784
162423886010854,45,1986,1992,6,sn,conus_climate,110.80253601074219,171.96031188964844,10.869189262390137,2746.514404296875,8524.5234375,104.5495167424747,2337.349382540294,7936.94766547784
158727712010854,13,1982,1989,7,sn,fvs_base,2.086188793182373,5.856464862823486,8.081562042236328,43.27677917480469,0.0,57.09971045345711,446.272167494945,0.0
158727712010854,13,1982,1989,7,sn,fvs_regional,2.072878360748291,5.818698406219482,8.081840515136719,43.00022888183594,0.0,57.09971045345711,446.272167494945,0.0
158727712010854,13,1982,1989,7,sn,organon,1.887863039970398,5.300358295440674,8.081070899963379,39.54067611694336,0.0,57.09971045345711,446.272167494945,0.0
158727712010854,13,1982,1989,7,sn,conus_spdep,1.8906686305999756,5.306189060211182,8.082629203796387,49.15707015991211,0.0,57.09971045345711,446.272167494945,0.0
158727712010854,13,1982,1989,7,sn,conus_climate,1.8878682851791382,5.30037260055542,8.081071853637695,39.15782928466797,0.0,57.09971045345711,446.272167494945,0.0
158720093010854,13,1980,1987,7,sn,fvs_base,81.18299865722656,102.44745635986328,12.053642272949219,1962.88037109375,8985.5537109375,,,
158720093010854,13,1980,1987,7,sn,fvs_regional,80.72212219238281,101.62075805664062,12.068168640136719,1952.7685546875,8944.9833984375,,,
158720093010854,13,1980,1987,7,sn,organon,67.24905395507812,92.0237045288086,11.575227737426758,1699.101318359375,7712.3310546875,,,
158720093010854,13,1980,1987,7,sn,conus_spdep,67.18302917480469,92.0400390625,11.568516731262207,1878.8280029296875,8596.1171875,,,
158720093010854,13,1980,1987,7,sn,conus_climate,67.28311920166016,92.01158905029297,11.5789213180542,1594.0162353515625,7219.22705078125,,,
218220913020004,45,2014,2020,6,sn,fvs_base,127.6901626586914,187.9858856201172,11.159699440002441,3377.77099609375,10380.3779296875,160.5909746946008,4542.80618547331,21396.53986578038
218220913020004,45,2014,2020,6,sn,fvs_regional,125.34563446044922,183.16244506835938,11.201409339904785,3318.10986328125,10272.0537109375,160.5909746946008,4542.80618547331,21396.53986578038
218220913020004,45,2014,2020,6,sn,organon,105.12039184570312,152.83546447753906,11.229686737060547,2844.61669921875,8863.0068359375,160.5909746946008,4542.80618547331,21396.53986578038
218220913020004,45,2014,2020,6,sn,conus_spdep,105.39198303222656,153.38648986816406,11.223969459533691,3121.3037109375,9634.27734375,160.5909746946008,4542.80618547331,21396.53986578038
218220913020004,45,2014,2020,6,sn,conus_climate,105.03949737548828,152.6502685546875,11.232172966003418,2759.97705078125,8621.896484375,160.5909746946008,4542.80618547331,21396.53986578038
258656981489998,28,2015,2020,5,sn,fvs_base,90.40406799316406,171.130859375,9.8416109085083,2304.4599609375,4817.64697265625,72.93524008409639,1876.459577258976,7824.407263108101
258656981489998,28,2015,2020,5,sn,fvs_regional,88.74954223632812,167.2802734375,9.862726211547852,2262.74560546875,4876.490234375,72.93524008409639,1876.459577258976,7824.407263108101
258656981489998,28,2015,2020,5,sn,organon,75.77371978759766,141.86959838867188,9.895801544189453,1995.481201171875,4344.2412109375,72.93524008409639,1876.459577258976,7824.407263108101
258656981489998,28,2015,2020,5,sn,conus_spdep,75.89876556396484,142.17733764648438,9.893238067626953,2203.14697265625,4837.78271484375,72.93524008409639,1876.459577258976,7824.407263108101
258656981489998,28,2015,2020,5,sn,conus_climate,75.7362289428711,141.76962280273438,9.89684009552002,1939.131103515625,4213.80615234375,72.93524008409639,1876.459577258976,7824.407263108101
158721414010854,13,1981,1988,7,sn,fvs_base,103.11092376708984,256.8601989746094,8.579069137573242,1713.19873046875,2927.968505859375,203.26902932754376,1777.940077598877,3275.7487331602406
158721414010854,13,1981,1988,7,sn,fvs_regional,103.78485870361328,259.3428955078125,8.565763473510742,1722.6343994140625,2931.704833984375,203.26902932754376,1777.940077598877,3275.7487331602406
158721414010854,13,1981,1988,7,sn,organon,91.53758239746094,241.621337890625,8.334285736083984,1620.806396484375,2484.530517578125,203.26902932754376,1777.940077598877,3275.7487331602406
158721414010854,13,1981,1988,7,sn,conus_spdep,91.61392974853516,241.65460205078125,8.337186813354492,2001.925048828125,3012.3046875,203.26902932754376,1777.940077598877,3275.7487331602406
158721414010854,13,1981,1988,7,sn,conus_climate,91.52963256835938,241.61744689941406,8.333992004394531,1487.433349609375,2255.91748046875,203.26902932754376,1777.940077598877,3275.7487331602406
451407854489998,28,2018,2023,5,sn,fvs_base,73.11795043945312,105.56256866455078,11.269206047058105,1957.9560546875,6514.24560546875,92.83045150319529,2112.4807997629737,7781.003321978394
451407854489998,28,2018,2023,5,sn,fvs_regional,73.09736633300781,105.52505493164062,11.269624710083008,1957.46533203125,6513.35693359375,92.83045150319529,2112.4807997629737,7781.003321978394
451407854489998,28,2018,2023,5,sn,organon,57.84221267700195,75.51949310302734,11.850295066833496,1654.5274658203125,6142.2119140625,92.83045150319529,2112.4807997629737,7781.003321978394
451407854489998,28,2018,2023,5,sn,conus_spdep,57.87681198120117,75.5729751586914,11.849647521972656,1756.6505126953125,6810.60107421875,92.83045150319529,2112.4807997629737,7781.003321978394
451407854489998,28,2018,2023,5,sn,conus_climate,57.81855010986328,75.45706176757812,11.852771759033203,1597.97509765625,5947.70556640625,92.83045150319529,2112.4807997629737,7781.003321978394
157502105010854,1,1971,1981,10,sn,fvs_base,64.41650390625,163.2083282470703,8.506750106811523,1424.655029296875,2762.910400390625,143.18819643198978,2327.528745,5036.98365
157502105010854,1,1971,1981,10,sn,fvs_regional,64.07730102539062,162.00660705566406,8.515731811523438,1417.983154296875,2760.822021484375,143.18819643198978,2327.528745,5036.98365
157502105010854,1,1971,1981,10,sn,organon,54.525962829589844,139.23178100585938,8.473616600036621,1246.3758544921875,2505.860107421875,143.18819643198978,2327.528745,5036.98365
157502105010854,1,1971,1981,10,sn,conus_spdep,54.62429428100586,139.516845703125,8.472585678100586,1538.4962158203125,3048.60595703125,143.18819643198978,2327.528745,5036.98365
157502105010854,1,1971,1981,10,sn,conus_climate,54.50522232055664,139.31410217285156,8.469499588012695,1198.1990966796875,2402.93017578125,143.18819643198978,2327.528745,5036.98365
259083333010854,13,2012,2018,6,sn,fvs_base,40.66431427001953,58.31897735595703,11.306756973266602,898.6578979492188,2983.371337890625,27.055208220897033,453.661725705714,1478.195264881198
259083333010854,13,2012,2018,6,sn,fvs_regional,40.191307067871094,57.4078254699707,11.329656600952148,888.8170166015625,2960.71435546875,27.055208220897033,453.661725705714,1478.195264881198
259083333010854,13,2012,2018,6,sn,organon,31.960371017456055,45.25199508666992,11.379504203796387,682.8554077148438,2350.158203125,27.055208220897033,453.661725705714,1478.195264881198
259083333010854,13,2012,2018,6,sn,conus_spdep,31.977998733520508,45.283653259277344,11.378663063049316,780.30810546875,2751.749267578125,27.055208220897033,453.661725705714,1478.195264881198
259083333010854,13,2012,2018,6,sn,conus_climate,31.956247329711914,45.219383239746094,11.38287353515625,694.650634765625,2309.196533203125,27.055208220897033,453.661725705714,1478.195264881198
162412461010854,45,1966,1977,11,sn,fvs_base,129.52774047851562,150.76235961914062,12.550795555114746,3381.241943359375,12495.5986328125,103.09454776473355,1750.0989056920362,5647.3731952758435
162412461010854,45,1966,1977,11,sn,fvs_regional,129.70217895507812,151.08035278320312,12.546019554138184,3385.133056640625,12505.38671875,103.09454776473355,1750.0989056920362,5647.3731952758435
162412461010854,45,1966,1977,11,sn,organon,125.5045166015625,145.84320068359375,12.56096076965332,3341.479248046875,12320.837890625,103.09454776473355,1750.0989056920362,5647.3731952758435
162412461010854,45,1966,1977,11,sn,conus_spdep,125.85245513916016,146.60562133789062,12.545614242553711,3512.423583984375,13202.869140625,103.09454776473355,1750.0989056920362,5647.3731952758435
162412461010854,45,1966,1977,11,sn,conus_climate,125.37006378173828,145.57565307617188,12.565763473510742,3276.5634765625,12114.560546875,103.09454776473355,1750.0989056920362,5647.3731952758435
175742824010854,1,2010,2017,7,sn,fvs_base,134.7633514404297,425.4446105957031,7.620799541473389,2730.264404296875,229.17965698242188,119.8493032304094,2379.351043614928,5250.547989831086
175742824010854,1,2010,2017,7,sn,fvs_regional,128.81898498535156,400.8234558105469,7.6762614250183105,2619.372314453125,263.9866943359375,119.8493032304094,2379.351043614928,5250.547989831086
175742824010854,1,2010,2017,7,sn,organon,110.7902603149414,343.724609375,7.687439918518066,2126.828125,164.73976135253906,119.8493032304094,2379.351043614928,5250.547989831086
175742824010854,1,2010,2017,7,sn,conus_spdep,111.23989868164062,345.17242431640625,7.686851501464844,2713.01220703125,237.7128448486328,119.8493032304094,2379.351043614928,5250.547989831086
175742824010854,1,2010,2017,7,sn,conus_climate,110.48812866210938,342.48236083984375,7.690857887268066,1928.410400390625,173.53945922851562,119.8493032304094,2379.351043614928,5250.547989831086
162423342010854,45,1986,1992,6,sn,fvs_base,68.33474731445312,86.77896118164062,12.015719413757324,1820.093017578125,3959.071533203125,75.77511959921851,1151.38944465139,1592.700126844536
162423342010854,45,1986,1992,6,sn,fvs_regional,68.61400604248047,87.18928527832031,12.011884689331055,1827.283935546875,3970.838623046875,75.77511959921851,1151.38944465139,1592.700126844536
162423342010854,45,1986,1992,6,sn,organon,58.7724609375,74.93295288085938,11.991866111755371,1511.6199951171875,3430.7900390625,75.77511959921851,1151.38944465139,1592.700126844536
162423342010854,45,1986,1992,6,sn,conus_spdep,58.77685546875,74.93012237548828,11.992542266845703,1617.2508544921875,3666.14404296875,75.77511959921851,1151.38944465139,1592.700126844536
162423342010854,45,1986,1992,6,sn,conus_climate,58.82475662231445,74.99494171142578,11.992241859436035,1566.8402099609375,3394.97265625,75.77511959921851,1151.38944465139,1592.700126844536
533665125126144,13,2019,2024,5,sn,fvs_base,172.30792236328125,152.99319458007812,14.369868278503418,5911.8798828125,23809.453125,158.24409694766396,5272.905000630856,16942.3928459131
533665125126144,13,2019,2024,5,sn,fvs_regional,171.59335327148438,152.0547332763672,14.38422966003418,5888.4892578125,23747.626953125,158.24409694766396,5272.905000630856,16942.3928459131
533665125126144,13,2019,2024,5,sn,organon,144.58056640625,128.3730010986328,14.369921684265137,4941.73486328125,20115.26171875,158.24409694766396,5272.905000630856,16942.3928459131
533665125126144,13,2019,2024,5,sn,conus_spdep,144.5820770263672,128.37367248535156,14.369958877563477,5093.69873046875,20806.28515625,158.24409694766396,5272.905000630856,16942.3928459131
533665125126144,13,2019,2024,5,sn,conus_climate,144.61654663085938,128.39385986328125,14.370542526245117,4967.34912109375,20130.353515625,158.24409694766396,5272.905000630856,16942.3928459131
162423500010854,45,1986,1993,7,sn,fvs_base,222.54852294921875,145.70297241210938,16.734561920166016,7502.046875,39888.890625,,,
162423500010854,45,1986,1993,7,sn,fvs_regional,180.02687072753906,102.12470245361328,17.977922439575195,6140.8662109375,33804.14453125,,,
162423500010854,45,1986,1993,7,sn,organon,157.5326385498047,97.1409912109375,17.24329376220703,5205.08447265625,28116.880859375,,,
162423500010854,45,1986,1993,7,sn,conus_spdep,157.91085815429688,97.6512222290039,17.218822479248047,5475.56640625,29324.099609375,,,
162423500010854,45,1986,1993,7,sn,conus_climate,157.38516235351562,96.93933868408203,17.253141403198242,5090.57275390625,27511.880859375,,,
197125324010854,28,2010,2016,6,sn,fvs_base,18.64179229736328,70.56019592285156,6.9598565101623535,230.31971740722656,0.0,24.661664971119038,234.67769373449806,
197125324010854,28,2010,2016,6,sn,fvs_regional,18.199495315551758,68.62139892578125,6.973266124725342,225.22335815429688,0.0,24.661664971119038,234.67769373449806,
197125324010854,28,2010,2016,6,sn,organon,12.366835594177246,46.41322326660156,6.989476680755615,178.2965850830078,0.0,24.661664971119038,234.67769373449806,
197125324010854,28,2010,2016,6,sn,conus_spdep,12.358636856079102,46.441314697265625,6.985046863555908,306.8370056152344,0.0,24.661664971119038,234.67769373449806,
197125324010854,28,2010,2016,6,sn,conus_climate,12.361109733581543,46.366329193115234,6.991391658782959,153.2971954345703,0.0,24.661664971119038,234.67769373449806,
635664569126144,13,2019,2025,6,sn,fvs_base,22.28020668029785,29.384489059448242,11.79062557220459,574.0337524414062,2287.870361328125,39.58515693923172,506.74245009962806,2272.430376197878
635664569126144,13,2019,2025,6,sn,fvs_regional,21.815401077270508,28.549579620361328,11.836355209350586,563.3114013671875,2251.3310546875,39.58515693923172,506.74245009962806,2272.430376197878
635664569126144,13,2019,2025,6,sn,organon,17.26564598083496,22.66428565979004,11.818344116210938,454.0368957519531,1800.17529296875,39.58515693923172,506.74245009962806,2272.430376197878
635664569126144,13,2019,2025,6,sn,conus_spdep,17.269346237182617,22.683256149291992,11.814668655395508,525.9191284179688,2058.386962890625,39.58515693923172,506.74245009962806,2272.430376197878
635664569126144,13,2019,2025,6,sn,conus_climate,17.261747360229492,22.6572208404541,11.818853378295898,439.380859375,1760.819580078125,39.58515693923172,506.74245009962806,2272.430376197878
144519175010478,13,2007,2013,6,sn,fvs_base,129.4447479248047,308.44244384765625,8.771854400634766,3362.484130859375,6152.76318359375,169.62452947064705,3231.078510252604,8676.086230313063
144519175010478,13,2007,2013,6,sn,fvs_regional,127.96952056884766,303.39453125,8.793981552124023,3328.169677734375,6138.009765625,169.62452947064705,3231.078510252604,8676.086230313063
144519175010478,13,2007,2013,6,sn,organon,95.44071960449219,228.86117553710938,8.744139671325684,2435.385498046875,4418.1328125,169.62452947064705,3231.078510252604,8676.086230313063
144519175010478,13,2007,2013,6,sn,conus_spdep,95.70492553710938,229.8163299560547,8.738022804260254,2925.734375,5350.931640625,169.62452947064705,3231.078510252604,8676.086230313063
144519175010478,13,2007,2013,6,sn,conus_climate,95.33234405517578,228.52716064453125,8.745558738708496,2456.26416015625,4500.4033203125,169.62452947064705,3231.078510252604,8676.086230313063
176548747010854,13,2009,2016,7,sn,fvs_base,67.20203399658203,205.0782012939453,7.7511773109436035,1280.8643798828125,252.10633850097656,34.63182221953993,451.874173466242,605.8082796248341
176548747010854,13,2009,2016,7,sn,fvs_regional,66.2578125,201.44528198242188,7.765624046325684,1264.08251953125,252.0238037109375,34.63182221953993,451.874173466242,605.8082796248341
176548747010854,13,2009,2016,7,sn,organon,51.41197204589844,157.2122344970703,7.743285655975342,956.0547485351562,208.40582275390625,34.63182221953993,451.874173466242,605.8082796248341
176548747010854,13,2009,2016,7,sn,conus_spdep,51.540283203125,157.3915252685547,7.748522758483887,1302.46337890625,241.2987060546875,34.63182221953993,451.874173466242,605.8082796248341
176548747010854,13,2009,2016,7,sn,conus_climate,51.3179817199707,157.0075225830078,7.741244792938232,979.470947265625,241.04995727539062,34.63182221953993,451.874173466242,605.8082796248341
162423167010854,45,1986,1992,6,sn,fvs_base,62.426185607910156,106.74181365966797,10.35505485534668,1284.085205078125,3669.744140625,57.3901921595662,703.067472679411,2770.5521330290026
162423167010854,45,1986,1992,6,sn,fvs_regional,62.23052215576172,106.29207611083984,10.360663414001465,1280.4080810546875,3664.150390625,57.3901921595662,703.067472679411,2770.5521330290026
162423167010854,45,1986,1992,6,sn,organon,55.171756744384766,94.58189392089844,10.341670989990234,1177.8414306640625,3343.67431640625,57.3901921595662,703.067472679411,2770.5521330290026
162423167010854,45,1986,1992,6,sn,conus_spdep,55.265594482421875,94.7204818725586,10.342887878417969,1371.607177734375,3987.014892578125,57.3901921595662,703.067472679411,2770.5521330290026
162423167010854,45,1986,1992,6,sn,conus_climate,55.15553665161133,94.56057739257812,10.341315269470215,1134.9542236328125,3227.955322265625,57.3901921595662,703.067472679411,2770.5521330290026
158714388010854,13,1970,1980,10,sn,fvs_base,52.11711120605469,100.90302276611328,9.731378555297852,868.5177001953125,1111.413818359375,80.10542683970667,787.929296178688,0.0
158714388010854,13,1970,1980,10,sn,fvs_regional,52.35629653930664,101.56281280517578,9.721951484680176,872.1681518554688,1111.90576171875,80.10542683970667,787.929296178688,0.0
158714388010854,13,1970,1980,10,sn,organon,49.300628662109375,96.21412658691406,9.692662239074707,959.9094848632812,1165.7481689453125,80.10542683970667,787.929296178688,0.0
158714388010854,13,1970,1980,10,sn,conus_spdep,49.16194152832031,96.11907196044922,9.683805465698242,1018.7592163085938,1441.6407470703125,80.10542683970667,787.929296178688,0.0
158714388010854,13,1970,1980,10,sn,conus_climate,49.214927673339844,96.17670440673828,9.686117172241211,817.2452392578125,1011.7093505859375,80.10542683970667,787.929296178688,0.0
249675649010854,28,2011,2017,6,sn,fvs_base,104.32958221435547,93.72647857666016,14.285941123962402,2723.426513671875,11034.2998046875,116.71973617196153,3091.7003181527184,13778.13694913897
249675649010854,28,2011,2017,6,sn,fvs_regional,103.97236633300781,93.25149536132812,14.297734260559082,2715.442138671875,11014.021484375,116.71973617196153,3091.7003181527184,13778.13694913897
249675649010854,28,2011,2017,6,sn,organon,93.50328826904297,85.45558166503906,14.163790702819824,2464.799072265625,9813.568359375,116.71973617196153,3091.7003181527184,13778.13694913897
249675649010854,28,2011,2017,6,sn,conus_spdep,93.5738525390625,85.52018737792969,14.16378116607666,2484.402587890625,9998.958984375,116.71973617196153,3091.7003181527184,13778.13694913897
249675649010854,28,2011,2017,6,sn,conus_climate,93.52694702148438,85.46341705322266,14.164937019348145,2434.60546875,9768.1865234375,116.71973617196153,3091.7003181527184,13778.13694913897
259082439010854,13,2011,2018,7,sn,fvs_base,18.14331817626953,23.46200942993164,11.907264709472656,517.8190307617188,2062.11669921875,24.690352032851024,429.98818910884603,1635.926017846132
259082439010854,13,2011,2018,7,sn,fvs_regional,18.190208435058594,23.559986114501953,11.897826194763184,519.0091552734375,2065.47998046875,24.690352032851024,429.98818910884603,1635.926017846132
259082439010854,13,2011,2018,7,sn,organon,16.980594635009766,21.9874324798584,11.899412155151367,475.58721923828125,1934.442626953125,24.690352032851024,429.98818910884603,1635.926017846132
259082439010854,13,2011,2018,7,sn,conus_spdep,17.04043960571289,22.009891510009766,11.914278030395508,531.491455078125,2093.339111328125,24.690352032851024,429.98818910884603,1635.926017846132
259082439010854,13,2011,2018,7,sn,conus_climate,16.97943878173828,21.992294311523438,11.89769172668457,484.05743408203125,1935.8128662109375,24.690352032851024,429.98818910884603,1635.926017846132
158723980010854,13,1982,1989,7,sn,fvs_base,107.60731506347656,189.8837890625,10.19326114654541,2355.573974609375,5021.515625,137.226256092211,3209.4552568303784,10689.825129385747
158723980010854,13,1982,1989,7,sn,fvs_regional,106.24608612060547,186.6175079345703,10.216839790344238,2327.678955078125,5002.287109375,137.226256092211,3209.4552568303784,10689.825129385747
158723980010854,13,1982,1989,7,sn,organon,90.78325653076172,160.5398712158203,10.182342529296875,2124.746337890625,4795.5087890625,137.226256092211,3209.4552568303784,10689.825129385747
158723980010854,13,1982,1989,7,sn,conus_spdep,90.89154052734375,160.80958557128906,10.179865837097168,2497.982421875,5587.8662109375,137.226256092211,3209.4552568303784,10689.825129385747
158723980010854,13,1982,1989,7,sn,conus_climate,90.78651428222656,160.5216522216797,10.183104515075684,2056.084228515625,4686.75732421875,137.226256092211,3209.4552568303784,10689.825129385747
158720494010854,13,1981,1988,7,sn,fvs_base,88.68783569335938,189.1050567626953,9.272924423217773,1558.1451416015625,1689.2685546875,122.23963811118517,1964.5862578341942,5471.598773386815
158720494010854,13,1981,1988,7,sn,fvs_regional,87.4682388305664,185.70533752441406,9.292858123779297,1538.173828125,1690.5321044921875,122.23963811118517,1964.5862578341942,5471.598773386815
158720494010854,13,1981,1988,7,sn,organon,69.33606719970703,148.75961303710938,9.244285583496094,1402.8973388671875,1427.8126220703125,122.23963811118517,1964.5862578341942,5471.598773386815
158720494010854,13,1981,1988,7,sn,conus_spdep,69.5470199584961,149.06292724609375,9.24891185760498,1660.2725830078125,1834.319091796875,122.23963811118517,1964.5862578341942,5471.598773386815
158720494010854,13,1981,1988,7,sn,conus_climate,69.12268829345703,148.5138702392578,9.237683296203613,1206.5806884765625,1318.86376953125,122.23963811118517,1964.5862578341942,5471.598773386815
259082244010854,13,2011,2018,7,sn,fvs_base,38.84144592285156,28.792673110961914,15.726895332336426,906.9147338867188,4563.2763671875,43.397391757046506,1228.99118162167,
259082244010854,13,2011,2018,7,sn,fvs_regional,38.76234436035156,28.698081970214844,15.73674488067627,905.1798706054688,4556.3623046875,43.397391757046506,1228.99118162167,
259082244010854,13,2011,2018,7,sn,organon,35.6317253112793,22.048887252807617,17.213191986083984,875.2492065429688,4449.11328125,43.397391757046506,1228.99118162167,
259082244010854,13,2011,2018,7,sn,conus_spdep,35.69026184082031,22.083736419677734,17.213726043701172,967.9844970703125,5019.8798828125,43.397391757046506,1228.99118162167,
259082244010854,13,2011,2018,7,sn,conus_climate,35.63233947753906,22.04966926574707,17.213031768798828,845.0203247070312,4320.50634765625,43.397391757046506,1228.99118162167,
157499843010854,1,1972,1982,10,sn,fvs_base,70.12164306640625,71.97809600830078,13.364789962768555,1787.2149658203125,7568.666015625,102.34117907848247,1411.645474,6913.425313000001
157499843010854,1,1972,1982,10,sn,fvs_regional,69.6200942993164,71.16323852539062,13.392934799194336,1775.321533203125,7531.68408203125,102.34117907848247,1411.645474,6913.425313000001
157499843010854,1,1972,1982,10,sn,organon,60.523990631103516,66.84649658203125,12.884295463562012,1592.833984375,6533.82666015625,102.34117907848247,1411.645474,6913.425313000001
157499843010854,1,1972,1982,10,sn,conus_spdep,60.866241455078125,66.98310089111328,12.907491683959961,1752.7490234375,7309.06201171875,102.34117907848247,1411.645474,6913.425313000001
157499843010854,1,1972,1982,10,sn,conus_climate,60.49929428100586,66.82926940917969,12.88332748413086,1532.6708984375,6272.26318359375,102.34117907848247,1411.645474,6913.425313000001
162416408010854,45,1978,1986,8,sn,fvs_base,205.68087768554688,206.65908813476562,13.508463859558105,5649.623046875,25146.791015625,175.330038035564,4056.9009754203425,19378.93608556271
162416408010854,45,1978,1986,8,sn,fvs_regional,169.2166748046875,149.05703735351562,14.42718505859375,4788.83740234375,22405.556640625,175.330038035564,4056.9009754203425,19378.93608556271
162416408010854,45,1978,1986,8,sn,organon,169.333740234375,148.6759033203125,14.450661659240723,5040.98583984375,23220.099609375,175.330038035564,4056.9009754203425,19378.93608556271
162416408010854,45,1978,1986,8,sn,conus_spdep,169.5333251953125,148.83042907714844,14.451666831970215,5427.35009765625,25068.06640625,175.330038035564,4056.9009754203425,19378.93608556271
162416408010854,45,1978,1986,8,sn,conus_climate,169.19883728027344,148.52037048339844,14.452465057373047,4824.20263671875,22182.62890625,175.330038035564,4056.9009754203425,19378.93608556271
158729969010854,13,1982,1988,6,sn,fvs_base,119.17424011230469,150.2363739013672,12.059795379638672,2964.18896484375,10519.306640625,16.326549404748594,230.21022939522396,0.0
158729969010854,13,1982,1988,6,sn,fvs_regional,116.88863372802734,146.59230041503906,12.091131210327148,2910.080322265625,10394.1435546875,16.326549404748594,230.21022939522396,0.0
158729969010854,13,1982,1988,6,sn,organon,97.81926727294922,122.29264068603516,12.110119819641113,2636.607666015625,9591.3330078125,16.326549404748594,230.21022939522396,0.0
158729969010854,13,1982,1988,6,sn,conus_spdep,97.98181915283203,122.4937744140625,12.11021900177002,2921.164306640625,10858.59765625,16.326549404748594,230.21022939522396,0.0
158729969010854,13,1982,1988,6,sn,conus_climate,97.75545501708984,122.18314361572266,12.11158561706543,2548.67529296875,9174.9560546875,16.326549404748594,230.21022939522396,0.0
162413008010854,45,1967,1978,11,sn,fvs_base,70.95694732666016,161.32608032226562,8.980107307434082,1283.1783447265625,1689.0848388671875,21.909532231996792,209.448152604515,778.8461050625
162413008010854,45,1967,1978,11,sn,fvs_regional,68.79743957519531,154.96038818359375,9.022192001342773,1246.7086181640625,1675.7008056640625,21.909532231996792,209.448152604515,778.8461050625
162413008010854,45,1967,1978,11,sn,organon,51.729251861572266,114.46408081054688,9.102688789367676,1145.693359375,1595.8448486328125,21.909532231996792,209.448152604515,778.8461050625
162413008010854,45,1967,1978,11,sn,conus_spdep,51.78351974487305,114.60369110107422,9.101916313171387,1479.4642333984375,2140.66162109375,21.909532231996792,209.448152604515,778.8461050625
162413008010854,45,1967,1978,11,sn,conus_climate,51.68308639526367,114.26148223876953,9.106691360473633,1055.31640625,1504.962890625,21.909532231996792,209.448152604515,778.8461050625
162418004010854,45,1977,1985,8,sn,fvs_base,55.291080474853516,173.99143981933594,7.633081436157227,934.7333984375,956.191162109375,57.719866614613196,453.23213372615896,733.10478563856
162418004010854,45,1977,1985,8,sn,fvs_regional,54.861122131347656,172.43031311035156,7.637685775756836,928.01953125,955.3373413085938,57.719866614613196,453.23213372615896,733.10478563856
162418004010854,45,1977,1985,8,sn,organon,45.46588897705078,143.26084899902344,7.628082275390625,765.956298828125,837.4925537109375,57.719866614613196,453.23213372615896,733.10478563856
162418004010854,45,1977,1985,8,sn,conus_spdep,45.5345573425293,143.50279235839844,7.627403736114502,1020.2724609375,1189.9593505859375,57.719866614613196,453.23213372615896,733.10478563856
162418004010854,45,1977,1985,8,sn,conus_climate,45.48638916015625,143.3787841796875,7.626664161682129,763.1766357421875,837.6458129882812,57.719866614613196,453.23213372615896,733.10478563856
87095301020004,45,2013,2018,5,sn,fvs_base,121.73114776611328,165.2216033935547,11.622610092163086,3576.6845703125,13229.462890625,170.0163174702557,4444.114521940108,21481.319142967794
87095301020004,45,2013,2018,5,sn,fvs_regional,119.3093032836914,160.62313842773438,11.66995906829834,3510.421630859375,13063.775390625,170.0163174702557,4444.114521940108,21481.319142967794
87095301020004,45,2013,2018,5,sn,organon,101.49691009521484,135.43861389160156,11.721724510192871,2993.732177734375,11301.7490234375,170.0163174702557,4444.114521940108,21481.319142967794
87095301020004,45,2013,2018,5,sn,conus_spdep,101.62748718261719,135.62632751464844,11.721144676208496,3176.264404296875,12140.818359375,170.0163174702557,4444.114521940108,21481.319142967794
87095301020004,45,2013,2018,5,sn,conus_climate,101.4590072631836,135.3706512451172,11.7224760055542,2937.470458984375,11080.302734375,170.0163174702557,4444.114521940108,21481.319142967794
533665108126144,13,2019,2024,5,sn,fvs_base,172.17872619628906,181.6295623779297,13.183565139770508,5287.779296875,26649.5859375,211.0298117385395,5220.264430103336,18709.73794328423
533665108126144,13,2019,2024,5,sn,fvs_regional,167.30349731445312,170.4832305908203,13.413681030273438,5175.1044921875,26347.171875,211.0298117385395,5220.264430103336,18709.73794328423
533665108126144,13,2019,2024,5,sn,organon,138.179443359375,138.14048767089844,13.542455673217773,4370.1875,22085.830078125,211.0298117385395,5220.264430103336,18709.73794328423
533665108126144,13,2019,2024,5,sn,conus_spdep,138.342529296875,138.19717407226562,13.547670364379883,4483.3642578125,22748.78125,211.0298117385395,5220.264430103336,18709.73794328423
533665108126144,13,2019,2024,5,sn,conus_climate,138.1455841064453,138.0644073486328,13.54452896118164,4260.57861328125,21517.818359375,211.0298117385395,5220.264430103336,18709.73794328423
43069328010478,1,1999,2005,6,sn,fvs_base,138.78131103515625,172.12631225585938,12.15844440460205,3578.04248046875,12630.978515625,105.69453094123368,2576.56185135665,5951.444363152598
43069328010478,1,1999,2005,6,sn,fvs_regional,136.60975646972656,167.50241088867188,12.228317260742188,3530.213134765625,12562.9609375,105.69453094123368,2576.56185135665,5951.444363152598
43069328010478,1,1999,2005,6,sn,organon,114.7505111694336,150.53346252441406,11.82216739654541,2989.6044921875,9945.2890625,105.69453094123368,2576.56185135665,5951.444363152598
43069328010478,1,1999,2005,6,sn,conus_spdep,114.92268371582031,150.73654174804688,11.823060035705566,3045.235107421875,10108.1328125,105.69453094123368,2576.56185135665,5951.444363152598
43069328010478,1,1999,2005,6,sn,conus_climate,114.75989532470703,150.5340118408203,11.822629928588867,2928.552734375,9763.3427734375,105.69453094123368,2576.56185135665,5951.444363152598
22331242010478,1,2003,2009,6,sn,fvs_base,72.94518280029297,146.86083984375,9.542927742004395,1755.1761474609375,4086.69140625,73.22027350836586,1279.9392910545641,4185.41044153567
22331242010478,1,2003,2009,6,sn,fvs_regional,72.31366729736328,145.08119201660156,9.559626579284668,1741.1678466796875,4075.857666015625,73.22027350836586,1279.9392910545641,4185.41044153567
22331242010478,1,2003,2009,6,sn,organon,57.16474151611328,107.40074920654297,9.878629684448242,1383.672607421875,3316.6796875,73.22027350836586,1279.9392910545641,4185.41044153567
22331242010478,1,2003,2009,6,sn,conus_spdep,57.29970169067383,107.54447174072266,9.883673667907715,1520.5543212890625,3679.857666015625,73.22027350836586,1279.9392910545641,4185.41044153567
22331242010478,1,2003,2009,6,sn,conus_climate,57.15387725830078,107.33645629882812,9.88064956665039,1408.330810546875,3381.555908203125,73.22027350836586,1279.9392910545641,4185.41044153567
87095254020004,45,2013,2018,5,sn,fvs_base,207.0343475341797,211.83973693847656,13.386090278625488,7558.79248046875,38032.765625,230.49835849119154,9045.146042683076,52017.89027679727
87095254020004,45,2013,2018,5,sn,fvs_regional,172.52395629882812,163.49017333984375,13.909615516662598,6384.3359375,33105.828125,230.49835849119154,9045.146042683076,52017.89027679727
87095254020004,45,2013,2018,5,sn,organon,155.14608764648438,148.53933715820312,13.83840274810791,5823.70703125,29577.44921875,230.49835849119154,9045.146042683076,52017.89027679727
87095254020004,45,2013,2018,5,sn,conus_spdep,155.20323181152344,148.6189422607422,13.837241172790527,5894.9326171875,30118.49609375,230.49835849119154,9045.146042683076,52017.89027679727
87095254020004,45,2013,2018,5,sn,conus_climate,155.1107635498047,148.5253448486328,13.837486267089844,5768.48388671875,29395.150390625,230.49835849119154,9045.146042683076,52017.89027679727
162413630010854,45,1967,1977,10,sn,fvs_base,88.88604736328125,187.23814392089844,9.329447746276855,1724.2113037109375,3587.125,87.18071512446176,1473.0238034659637,3192.806197296147
162413630010854,45,1967,1977,10,sn,fvs_regional,88.2564926147461,185.28758239746094,9.34515380859375,1713.1541748046875,3582.563720703125,87.18071512446176,1473.0238034659637,3192.806197296147
162413630010854,45,1967,1977,10,sn,organon,66.37286376953125,135.55149841308594,9.475004196166992,1522.3780517578125,3304.82177734375,87.18071512446176,1473.0238034659637,3192.806197296147
162413630010854,45,1967,1977,10,sn,conus_spdep,66.71666717529297,136.87864685058594,9.453347206115723,1708.8563232421875,3679.642822265625,87.18071512446176,1473.0238034659637,3192.806197296147
162413630010854,45,1967,1977,10,sn,conus_climate,66.4499740600586,135.63108825683594,9.4777250289917,1317.346923828125,2843.520263671875,87.18071512446176,1473.0238034659637,3192.806197296147
38861716010478,1,2004,2011,7,sn,fvs_base,115.82344818115234,86.95222473144531,15.627669334411621,3869.229736328125,20416.6796875,99.09756133027805,2741.92511754005,14139.195035150371
38861716010478,1,2004,2011,7,sn,fvs_regional,115.73418426513672,86.83934783935547,15.631793975830078,3866.57958984375,20406.169921875,99.09756133027805,2741.92511754005,14139.195035150371
38861716010478,1,2004,2011,7,sn,organon,93.00733947753906,66.28628540039062,16.039209365844727,3199.85546875,17277.44140625,99.09756133027805,2741.92511754005,14139.195035150371
38861716010478,1,2004,2011,7,sn,conus_spdep,92.95639038085938,66.29553985595703,16.033700942993164,3297.595947265625,17689.0078125,99.09756133027805,2741.92511754005,14139.195035150371
38861716010478,1,2004,2011,7,sn,conus_climate,93.0419692993164,66.31124114990234,16.03917694091797,3150.62548828125,16812.828125,99.09756133027805,2741.92511754005,14139.195035150371
162418397010854,45,1978,1986,8,sn,fvs_base,101.5068588256836,179.50526428222656,10.18228816986084,2260.7275390625,7057.5830078125,123.31241134153704,2837.5107965771126,12892.394109450084
162418397010854,45,1978,1986,8,sn,fvs_regional,100.38980865478516,176.5326690673828,10.211006164550781,2238.2763671875,7019.66455078125,123.31241134153704,2837.5107965771126,12892.394109450084
162418397010854,45,1978,1986,8,sn,organon,82.02352905273438,142.38670349121094,10.277107238769531,2016.8448486328125,6261.8505859375,123.31241134153704,2837.5107965771126,12892.394109450084
162418397010854,45,1978,1986,8,sn,conus_spdep,82.3572998046875,143.17803955078125,10.269495010375977,2282.950439453125,7066.39208984375,123.31241134153704,2837.5107965771126,12892.394109450084
162418397010854,45,1978,1986,8,sn,conus_climate,81.9538803100586,142.20828247070312,10.279182434082031,1892.850830078125,5961.12158203125,123.31241134153704,2837.5107965771126,12892.394109450084
198391185020004,28,2014,2019,5,sn,fvs_base,40.7521858215332,111.34574890136719,8.191719055175781,648.1844482421875,0.0,64.66557120678905,900.762451283262,870.812917180696
198391185020004,28,2014,2019,5,sn,fvs_regional,40.59365463256836,110.7907485961914,8.196221351623535,645.896484375,0.0,64.66557120678905,900.762451283262,870.812917180696
198391185020004,28,2014,2019,5,sn,organon,36.812339782714844,99.04457092285156,8.255012512207031,582.40185546875,0.0,64.66557120678905,900.762451283262,870.812917180696
198391185020004,28,2014,2019,5,sn,conus_spdep,36.811519622802734,99.04205322265625,8.255023956298828,583.358642578125,0.0,64.66557120678905,900.762451283262,870.812917180696
198391185020004,28,2014,2019,5,sn,conus_climate,36.811519622802734,99.04205322265625,8.255023956298828,583.358642578125,0.0,64.66557120678905,900.762451283262,870.812917180696
162424047010854,45,1986,1993,7,sn,fvs_base,117.784912109375,107.2017822265625,14.193196296691895,3589.9970703125,16408.55078125,75.12909189096493,2446.513482212452,13341.521485361643
162424047010854,45,1986,1993,7,sn,fvs_regional,113.37275695800781,102.4756088256836,14.242313385009766,3457.295654296875,15833.7109375,75.12909189096493,2446.513482212452,13341.521485361643
162424047010854,45,1986,1993,7,sn,organon,102.35004425048828,93.27059936523438,14.184301376342773,3091.799072265625,14086.1494140625,75.12909189096493,2446.513482212452,13341.521485361643
162424047010854,45,1986,1993,7,sn,conus_spdep,102.44174194335938,93.35065460205078,14.184566497802734,3274.37841796875,15077.0546875,75.12909189096493,2446.513482212452,13341.521485361643
162424047010854,45,1986,1993,7,sn,conus_climate,102.36971282958984,93.29042053222656,14.184155464172363,3119.53125,14264.890625,75.12909189096493,2446.513482212452,13341.521485361643
162413995010854,45,1966,1977,11,sn,fvs_base,74.83171844482422,178.4168701171875,8.769224166870117,1420.967041015625,2538.56787109375,84.67944782281654,912.280699039026,2422.4561851606113
162413995010854,45,1966,1977,11,sn,fvs_regional,74.26886749267578,176.607177734375,8.780829429626465,1411.9893798828125,2532.411865234375,84.67944782281654,912.280699039026,2422.4561851606113
162413995010854,45,1966,1977,11,sn,organon,59.93687438964844,139.93089294433594,8.861894607543945,1159.3656005859375,2141.513916015625,84.67944782281654,912.280699039026,2422.4561851606113
162413995010854,45,1966,1977,11,sn,conus_spdep,60.17739486694336,140.5714569091797,8.85940170288086,1631.852294921875,3158.168701171875,84.67944782281654,912.280699039026,2422.4561851606113
162413995010854,45,1966,1977,11,sn,conus_climate,59.994747161865234,140.0696258544922,8.861778259277344,1147.7662353515625,2086.9501953125,84.67944782281654,912.280699039026,2422.4561851606113
153846850010854,13,2009,2014,5,sn,fvs_base,71.09000396728516,141.59378051757812,9.594411849975586,1463.7125244140625,3545.899169921875,104.24516525189797,1625.7412573371118,4967.19638217491
153846850010854,13,2009,2014,5,sn,fvs_regional,70.3896255493164,139.6177520751953,9.614356994628906,1451.9266357421875,3533.6083984375,104.24516525189797,1625.7412573371118,4967.19638217491
153846850010854,13,2009,2014,5,sn,organon,61.90440368652344,122.28687286376953,9.634008407592773,1383.0308837890625,3416.117431640625,104.24516525189797,1625.7412573371118,4967.19638217491
153846850010854,13,2009,2014,5,sn,conus_spdep,62.02617645263672,122.65909576416016,9.6288423538208,1554.5279541015625,3827.835205078125,104.24516525189797,1625.7412573371118,4967.19638217491
153846850010854,13,2009,2014,5,sn,conus_climate,61.87450408935547,122.20852661132812,9.634772300720215,1331.9677734375,3319.002197265625,104.24516525189797,1625.7412573371118,4967.19638217491
162416446010854,45,1978,1986,8,sn,fvs_base,43.207542419433594,94.0000228881836,9.180197715759277,627.790771484375,741.3983154296875,22.448399974225,96.852303561446,487.08637624578404
162416446010854,45,1978,1986,8,sn,fvs_regional,41.83277130126953,90.34480285644531,9.213889122009277,608.3911743164062,736.7091064453125,22.448399974225,96.852303561446,487.08637624578404
162416446010854,45,1978,1986,8,sn,organon,29.305461883544922,64.30928802490234,9.140579223632812,577.1322021484375,688.4028930664062,22.448399974225,96.852303561446,487.08637624578404
162416446010854,45,1978,1986,8,sn,conus_spdep,29.295942306518555,64.2590103149414,9.142668724060059,842.4192504882812,1065.9610595703125,22.448399974225,96.852303561446,487.08637624578404
162416446010854,45,1978,1986,8,sn,conus_climate,29.341081619262695,64.43390655517578,9.137282371520996,435.4128723144531,476.2268981933594,22.448399974225,96.852303561446,487.08637624578404
385729424489998,13,2017,2022,5,sn,fvs_base,179.41302490234375,467.6532287597656,8.386898040771484,4140.2978515625,3690.717529296875,185.3628993833432,5200.875068237316,12536.690350108114
385729424489998,13,2017,2022,5,sn,fvs_regional,170.93370056152344,439.0740661621094,8.448527336120605,3955.88427734375,3669.9931640625,185.3628993833432,5200.875068237316,12536.690350108114
385729424489998,13,2017,2022,5,sn,organon,152.61459350585938,393.19757080078125,8.435851097106934,3555.533447265625,3137.94482421875,185.3628993833432,5200.875068237316,12536.690350108114
385729424489998,13,2017,2022,5,sn,conus_spdep,152.8057098388672,393.83868408203125,8.434252738952637,4016.0302734375,3623.844970703125,185.3628993833432,5200.875068237316,12536.690350108114
385729424489998,13,2017,2022,5,sn,conus_climate,152.39952087402344,392.2679138183594,8.439886093139648,3401.01171875,3010.376953125,185.3628993833432,5200.875068237316,12536.690350108114
44516912010478,45,2000,2006,6,sn,fvs_base,20.210206985473633,41.00516128540039,9.506101608276367,314.0781555175781,215.60401916503906,110.39587849606593,862.6604327517381,934.671312011642
44516912010478,45,2000,2006,6,sn,fvs_regional,19.95862579345703,40.37321853637695,9.520394325256348,310.7279052734375,213.26988220214844,110.39587849606593,862.6604327517381,934.671312011642
44516912010478,45,2000,2006,6,sn,organon,16.17539405822754,33.5881233215332,9.39660358428955,290.48541259765625,216.39837646484375,110.39587849606593,862.6604327517381,934.671312011642
44516912010478,45,2000,2006,6,sn,conus_spdep,16.178455352783203,33.669944763183594,9.386066436767578,355.1152038574219,277.57257080078125,110.39587849606593,862.6604327517381,934.671312011642
44516912010478,45,2000,2006,6,sn,conus_climate,16.153017044067383,33.559410095214844,9.39411735534668,260.23345947265625,201.8238525390625,110.39587849606593,862.6604327517381,934.671312011642
43375645010478,1,2000,2005,5,sn,fvs_base,52.79249954223633,58.80952453613281,12.829170227050781,1739.5640869140625,8108.646484375,38.555493433725644,1415.72832052005,7847.98938558623
43375645010478,1,2000,2005,5,sn,fvs_regional,52.04544448852539,57.831756591796875,12.845305442810059,1715.2481689453125,8004.005859375,38.555493433725644,1415.72832052005,7847.98938558623
43375645010478,1,2000,2005,5,sn,organon,43.79159164428711,42.529720306396484,13.739960670471191,1465.9627685546875,6968.16015625,38.555493433725644,1415.72832052005,7847.98938558623
43375645010478,1,2000,2005,5,sn,conus_spdep,43.80891799926758,42.55611801147461,13.738414764404297,1526.7183837890625,7288.8447265625,38.555493433725644,1415.72832052005,7847.98938558623
43375645010478,1,2000,2005,5,sn,conus_climate,43.799842834472656,42.52743148803711,13.741619110107422,1474.3861083984375,7015.58984375,38.555493433725644,1415.72832052005,7847.98938558623
61370101010478,13,2004,2009,5,sn,fvs_base,1.1227140426635742,5.903192520141602,5.905102729797363,0.0,0.0,16.513042733637977,36.804828716224,
61370101010478,13,2004,2009,5,sn,fvs_regional,1.1362627744674683,5.974809646606445,5.904914855957031,0.0,0.0,16.513042733637977,36.804828716224,
61370101010478,13,2004,2009,5,sn,organon,1.1226009130477905,5.903192043304443,5.904804706573486,0.0,0.0,16.513042733637977,36.804828716224,
61370101010478,13,2004,2009,5,sn,conus_spdep,1.12259840965271,5.903192043304443,5.9047980308532715,0.0,0.0,16.513042733637977,36.804828716224,
61370101010478,13,2004,2009,5,sn,conus_climate,1.1226006746292114,5.903192043304443,5.904804229736328,0.0,0.0,16.513042733637977,36.804828716224,
488023030489998,45,2018,2023,5,sn,fvs_base,101.77734375,245.62750244140625,8.716121673583984,2088.43701171875,1890.9798583984375,120.79625769634815,2366.403253754204,6406.280871617973
488023030489998,45,2018,2023,5,sn,fvs_regional,99.12126159667969,237.4060516357422,8.749307632446289,2037.87744140625,1920.792236328125,120.79625769634815,2366.403253754204,6406.280871617973
488023030489998,45,2018,2023,5,sn,organon,90.46984100341797,217.97080993652344,8.723464012145996,1932.1685791015625,1771.01025390625,120.79625769634815,2366.403253754204,6406.280871617973
488023030489998,45,2018,2023,5,sn,conus_spdep,90.66300964355469,218.44744873046875,8.723243713378906,2210.465576171875,2143.412109375,120.79625769634815,2366.403253754204,6406.280871617973
488023030489998,45,2018,2023,5,sn,conus_climate,90.3840103149414,217.76229858398438,8.723501205444336,1861.8199462890625,1745.0872802734375,120.79625769634815,2366.403253754204,6406.280871617973
158717093010854,13,1972,1982,10,sn,fvs_base,60.5984001159668,174.76219177246094,7.973392963409424,998.12744140625,800.2678833007812,85.85241329606177,1252.663301232569,3663.270059920994
158717093010854,13,1972,1982,10,sn,fvs_regional,59.08302307128906,169.0557403564453,8.004839897155762,973.5530395507812,798.9896850585938,85.85241329606177,1252.663301232569,3663.270059920994
158717093010854,13,1972,1982,10,sn,organon,45.493309020996094,128.2403564453125,8.064874649047852,883.0794677734375,714.358642578125,85.85241329606177,1252.663301232569,3663.270059920994
158717093010854,13,1972,1982,10,sn,conus_spdep,45.43696594238281,128.19244384765625,8.061386108398438,1191.068603515625,972.2941284179688,85.85241329606177,1252.663301232569,3663.270059920994
158717093010854,13,1972,1982,10,sn,conus_climate,45.62206268310547,128.64111328125,8.063691139221191,825.5997314453125,696.6317749023438,85.85241329606177,1252.663301232569,3663.270059920994
259083167010854,13,2012,2018,6,sn,fvs_base,40.741798400878906,141.26129150390625,7.271848678588867,590.4798583984375,0.0,37.46406978529364,462.742770560288,200.0395481377
259083167010854,13,2012,2018,6,sn,fvs_regional,40.04615020751953,138.36529541015625,7.284554481506348,581.7713623046875,0.0,37.46406978529364,462.742770560288,200.0395481377
259083167010854,13,2012,2018,6,sn,organon,29.729597091674805,103.64241790771484,7.252070903778076,451.3588562011719,0.0,37.46406978529364,462.742770560288,200.0395481377
259083167010854,13,2012,2018,6,sn,conus_spdep,29.8189697265625,103.87784576416016,7.254726886749268,691.3563842773438,0.0,37.46406978529364,462.742770560288,200.0395481377
259083167010854,13,2012,2018,6,sn,conus_climate,29.683504104614258,103.51056671142578,7.251062393188477,426.6366882324219,0.0,37.46406978529364,462.742770560288,200.0395481377
162421513010854,45,1986,1993,7,sn,fvs_base,170.34136962890625,241.86363220214844,11.363469123840332,4570.763671875,18258.765625,115.60235885339887,2764.165331773147,9565.084272631619
162421513010854,45,1986,1993,7,sn,fvs_regional,166.73814392089844,232.90948486328125,11.456714630126953,4497.2861328125,18080.95703125,115.60235885339887,2764.165331773147,9565.084272631619
162421513010854,45,1986,1993,7,sn,organon,146.0714569091797,196.69903564453125,11.668573379516602,3865.46044921875,15692.013671875,115.60235885339887,2764.165331773147,9565.084272631619
162421513010854,45,1986,1993,7,sn,conus_spdep,146.13731384277344,196.77059936523438,11.669084548950195,4053.049560546875,16345.861328125,115.60235885339887,2764.165331773147,9565.084272631619
162421513010854,45,1986,1993,7,sn,conus_climate,146.18434143066406,196.7119598388672,11.672700881958008,3984.556396484375,16108.62109375,115.60235885339887,2764.165331773147,9565.084272631619
259082924010854,13,2012,2018,6,sn,fvs_base,124.40486145019531,123.33504486083984,13.599149703979492,4572.3388671875,19482.7421875,,,
259082924010854,13,2012,2018,6,sn,fvs_regional,121.3764877319336,119.00038146972656,13.675066947937012,4463.65625,19108.763671875,,,
259082924010854,13,2012,2018,6,sn,organon,107.52161407470703,104.27427673339844,13.749778747558594,3998.502197265625,17263.90625,,,
259082924010854,13,2012,2018,6,sn,conus_spdep,107.56131744384766,104.32764434814453,13.748795509338379,4156.52880859375,18118.8828125,,,
259082924010854,13,2012,2018,6,sn,conus_climate,107.56548309326172,104.31976318359375,13.749581336975098,3989.304931640625,17168.02734375,,,
162410554010854,45,1966,1977,11,sn,fvs_base,48.44582748413086,108.6968994140625,9.039739608764648,810.2720947265625,1434.34912109375,124.03715994159462,1102.643515032062,2970.879713297396
162410554010854,45,1966,1977,11,sn,fvs_regional,48.14783477783203,107.788818359375,9.049776077270508,805.6378784179688,1432.421630859375,124.03715994159462,1102.643515032062,2970.879713297396
162410554010854,45,1966,1977,11,sn,organon,41.79738998413086,92.8143310546875,9.08664321899414,705.2408447265625,1307.65625,124.03715994159462,1102.643515032062,2970.879713297396
162410554010854,45,1966,1977,11,sn,conus_spdep,41.86669921875,93.24771118164062,9.073012351989746,964.4971923828125,1747.9560546875,124.03715994159462,1102.643515032062,2970.879713297396
162410554010854,45,1966,1977,11,sn,conus_climate,41.80851364135742,93.0035629272461,9.078600883483887,696.8155517578125,1221.240234375,124.03715994159462,1102.643515032062,2970.879713297396
157528736010854,1,1982,1989,7,sn,fvs_base,77.54438781738281,124.22077178955078,10.698291778564453,1655.169677734375,3499.140380859375,42.97145271528386,571.21183,1577.328628
157528736010854,1,1982,1989,7,sn,fvs_regional,77.35025787353516,123.77955627441406,10.70391845703125,1651.3026123046875,3495.255126953125,42.97145271528386,571.21183,1577.328628
157528736010854,1,1982,1989,7,sn,organon,68.39342498779297,110.01332092285156,10.676302909851074,1563.35595703125,3101.802001953125,42.97145271528386,571.21183,1577.328628
157528736010854,1,1982,1989,7,sn,conus_spdep,68.38670349121094,109.98505401611328,10.67714786529541,1655.990478515625,3602.856689453125,42.97145271528386,571.21183,1577.328628
157528736010854,1,1982,1989,7,sn,conus_climate,68.37885284423828,109.94763946533203,10.678351402282715,1470.5762939453125,2998.523193359375,42.97145271528386,571.21183,1577.328628
139994300010854,1,2009,2016,7,sn,fvs_base,80.96879577636719,116.78636932373047,11.27454662322998,2337.22705078125,9496.4052734375,81.46390841446956,2331.1443226403217,9333.918892735477
139994300010854,1,2009,2016,7,sn,fvs_regional,80.63282775878906,116.10066986083984,11.284306526184082,2328.79150390625,9473.3564453125,81.46390841446956,2331.1443226403217,9333.918892735477
139994300010854,1,2009,2016,7,sn,organon,64.0704574584961,84.95709228515625,11.75886344909668,1926.4962158203125,7806.8837890625,81.46390841446956,2331.1443226403217,9333.918892735477
139994300010854,1,2009,2016,7,sn,conus_spdep,64.11556243896484,85.03865051269531,11.757359504699707,1987.427001953125,8051.80029296875,81.46390841446956,2331.1443226403217,9333.918892735477
139994300010854,1,2009,2016,7,sn,conus_climate,64.03780364990234,84.818603515625,11.765463829040527,1867.5684814453125,7633.857421875,81.46390841446956,2331.1443226403217,9333.918892735477
36099540020004,1,2012,2019,7,sn,fvs_base,40.78179168701172,93.95308685302734,8.92100715637207,778.7903442382812,1980.2420654296875,46.870686563674646,521.831069554162,
36099540020004,1,2012,2019,7,sn,fvs_regional,40.419586181640625,92.69415283203125,8.94140911102295,773.3675537109375,1976.70458984375,46.870686563674646,521.831069554162,
36099540020004,1,2012,2019,7,sn,organon,29.868131637573242,64.8684310913086,9.188056945800781,656.5391235351562,1845.854248046875,46.870686563674646,521.831069554162,
36099540020004,1,2012,2019,7,sn,conus_spdep,29.895723342895508,64.94104766845703,9.18715763092041,756.8549194335938,2094.41650390625,46.870686563674646,521.831069554162,
36099540020004,1,2012,2019,7,sn,conus_climate,29.773757934570312,64.69086456298828,9.186108589172363,601.1412963867188,1719.739013671875,46.870686563674646,521.831069554162,
533664520126144,13,2018,2024,6,sn,fvs_base,49.12477493286133,52.876380920410156,13.051359176635742,1207.4739990234375,4717.13818359375,71.97896682167554,1039.7795425690101,155.434110142138
533664520126144,13,2018,2024,6,sn,fvs_regional,49.130245208740234,52.886756896972656,13.050806045532227,1207.588134765625,4717.390625,71.97896682167554,1039.7795425690101,155.434110142138
533664520126144,13,2018,2024,6,sn,organon,41.822750091552734,43.17240905761719,13.327216148376465,1116.715576171875,4504.58935546875,71.97896682167554,1039.7795425690101,155.434110142138
533664520126144,13,2018,2024,6,sn,conus_spdep,41.82923889160156,43.22856521606445,13.319588661193848,1227.6104736328125,4936.986328125,71.97896682167554,1039.7795425690101,155.434110142138
533664520126144,13,2018,2024,6,sn,conus_climate,41.849334716796875,43.171207427978516,13.33163833618164,1045.1898193359375,4227.6640625,71.97896682167554,1039.7795425690101,155.434110142138
61057437010478,13,2000,2008,8,sn,fvs_base,98.71556091308594,198.66224670410156,9.544901847839355,2195.064453125,4431.0556640625,105.34891526829868,1730.9225951172878,3724.249899521426
61057437010478,13,2000,2008,8,sn,fvs_regional,97.15917205810547,194.10189819335938,9.579949378967285,2165.9775390625,4412.822265625,105.34891526829868,1730.9225951172878,3724.249899521426
61057437010478,13,2000,2008,8,sn,organon,75.3182601928711,143.38412475585938,9.813770294189453,1806.7784423828125,3753.126953125,105.34891526829868,1730.9225951172878,3724.249899521426
61057437010478,13,2000,2008,8,sn,conus_spdep,75.75096893310547,144.4304962158203,9.806206703186035,2111.360595703125,4224.31201171875,105.34891526829868,1730.9225951172878,3724.249899521426
61057437010478,13,2000,2008,8,sn,conus_climate,75.19461822509766,143.02894592285156,9.817878723144531,1729.2318115234375,3590.069580078125,105.34891526829868,1730.9225951172878,3724.249899521426
158715474010854,13,1972,1982,10,sn,fvs_base,30.835769653320312,66.17721557617188,9.242925643920898,613.5216674804688,803.6670532226562,,,
158715474010854,13,1972,1982,10,sn,fvs_regional,30.6131591796875,65.5655517578125,9.252360343933105,609.2920532226562,802.8076171875,,,
158715474010854,13,1972,1982,10,sn,organon,25.994178771972656,55.85957717895508,9.236885070800781,519.5200805664062,697.9744873046875,,,
158715474010854,13,1972,1982,10,sn,conus_spdep,26.034446716308594,55.94932174682617,9.23661994934082,712.03515625,976.3280029296875,,,
158715474010854,13,1972,1982,10,sn,conus_climate,26.01114273071289,55.897117614746094,9.236795425415039,517.98046875,667.3010864257812,,,
160405579010854,28,1987,1994,7,sn,fvs_base,10.077284812927246,15.54584789276123,10.90186595916748,194.45582580566406,452.24713134765625,9.381243826643875,,0.0
160405579010854,28,1987,1994,7,sn,fvs_regional,9.800978660583496,15.05650520324707,10.92468547821045,188.7546844482422,444.43939208984375,9.381243826643875,,0.0
160405579010854,28,1987,1994,7,sn,organon,8.348060607910156,12.942740440368652,10.874666213989258,188.44544982910156,454.84930419921875,9.381243826643875,,0.0
160405579010854,28,1987,1994,7,sn,conus_spdep,8.35168170928955,12.947210311889648,10.875147819519043,227.8994903564453,550.2174682617188,9.381243826643875,,0.0
160405579010854,28,1987,1994,7,sn,conus_climate,8.347382545471191,12.941967964172363,10.874549865722656,178.64581298828125,430.6442565917969,9.381243826643875,,0.0
259118797010854,28,2012,2018,6,sn,fvs_base,93.02932739257812,141.05364990234375,10.996492385864258,2617.11962890625,8125.439453125,125.53440398894082,3414.8201186101155,14990.352147496444
259118797010854,28,2012,2018,6,sn,fvs_regional,91.04743194580078,137.2339324951172,11.029081344604492,2562.25146484375,8017.26220703125,125.53440398894082,3414.8201186101155,14990.352147496444
259118797010854,28,2012,2018,6,sn,organon,70.91292572021484,104.84542083740234,11.135873794555664,1970.60107421875,6242.9658203125,125.53440398894082,3414.8201186101155,14990.352147496444
259118797010854,28,2012,2018,6,sn,conus_spdep,71.09552764892578,105.174560546875,11.132739067077637,2203.126953125,6955.88916015625,125.53440398894082,3414.8201186101155,14990.352147496444
259118797010854,28,2012,2018,6,sn,conus_climate,70.87738037109375,104.76761627197266,11.137216567993164,1913.600830078125,6041.095703125,125.53440398894082,3414.8201186101155,14990.352147496444
162413515010854,45,1967,1978,11,sn,fvs_base,64.57088470458984,134.9920196533203,9.364846229553223,1137.50146484375,1992.501953125,93.70769288520512,2345.693755481339,6564.593159140617
162413515010854,45,1967,1978,11,sn,fvs_regional,64.62429809570312,135.16612243652344,9.362682342529297,1138.3299560546875,1993.0784912109375,93.70769288520512,2345.693755481339,6564.593159140617
162413515010854,45,1967,1978,11,sn,organon,54.604644775390625,111.92462921142578,9.457757949829102,1118.0675048828125,2183.464599609375,93.70769288520512,2345.693755481339,6564.593159140617
162413515010854,45,1967,1978,11,sn,conus_spdep,54.656978607177734,112.00752258300781,9.45878791809082,1352.8759765625,2624.199462890625,93.70769288520512,2345.693755481339,6564.593159140617
162413515010854,45,1967,1978,11,sn,conus_climate,54.5023078918457,111.70024871826172,9.458377838134766,1025.9501953125,1995.7386474609375,93.70769288520512,2345.693755481339,6564.593159140617
56703221010478,13,1997,2002,5,sn,fvs_base,172.89625549316406,195.66603088378906,12.728324890136719,4418.77978515625,17535.626953125,139.6832551985741,2828.7439466251403,10073.268756529053
56703221010478,13,1997,2002,5,sn,fvs_regional,162.3543243408203,177.52914428710938,12.948915481567383,4164.763671875,16944.2578125,139.6832551985741,2828.7439466251403,10073.268756529053
56703221010478,13,1997,2002,5,sn,organon,162.04112243652344,173.0935516357422,13.101120948791504,4333.91845703125,17276.095703125,139.6832551985741,2828.7439466251403,10073.268756529053
56703221010478,13,1997,2002,5,sn,conus_spdep,162.0728759765625,173.1590576171875,13.099926948547363,4621.4912109375,19010.357421875,139.6832551985741,2828.7439466251403,10073.268756529053
56703221010478,13,1997,2002,5,sn,conus_climate,162.0209503173828,173.04820251464844,13.102021217346191,4186.25634765625,16734.11328125,139.6832551985741,2828.7439466251403,10073.268756529053
162417543010854,45,1977,1986,9,sn,fvs_base,55.292789459228516,178.7842254638672,7.5301899909973145,1097.3533935546875,0.0,77.70360355452912,748.7684672152391,921.182196
162417543010854,45,1977,1986,9,sn,fvs_regional,54.84803009033203,176.93934631347656,7.538841247558594,1089.1676025390625,0.0,77.70360355452912,748.7684672152391,921.182196
162417543010854,45,1977,1986,9,sn,organon,41.16667175292969,132.1310272216797,7.55799674987793,885.8639526367188,0.0,77.70360355452912,748.7684672152391,921.182196
162417543010854,45,1977,1986,9,sn,conus_spdep,41.33135986328125,132.62435913085938,7.5590033531188965,1094.2342529296875,0.0,77.70360355452912,748.7684672152391,921.182196
162417543010854,45,1977,1986,9,sn,conus_climate,41.11671829223633,132.12046813964844,7.553711414337158,849.3182373046875,0.0,77.70360355452912,748.7684672152391,921.182196
264160340489998,1,2015,2021,6,sn,fvs_base,111.79473114013672,175.95762634277344,10.79301929473877,3359.6337890625,9646.8330078125,156.40053415158923,3294.4228014679084,10439.970421646147
264160340489998,1,2015,2021,6,sn,fvs_regional,111.74592590332031,175.8406524658203,10.794252395629883,3358.383056640625,9645.4521484375,156.40053415158923,3294.4228014679084,10439.970421646147
264160340489998,1,2015,2021,6,sn,organon,79.18635559082031,123.73683166503906,10.83208179473877,2431.103759765625,7023.36328125,156.40053415158923,3294.4228014679084,10439.970421646147
264160340489998,1,2015,2021,6,sn,conus_spdep,79.25167846679688,123.8333740234375,10.832321166992188,2540.87353515625,7260.494140625,156.40053415158923,3294.4228014679084,10439.970421646147
264160340489998,1,2015,2021,6,sn,conus_climate,79.18733978271484,123.741455078125,10.831949234008789,2386.830078125,6873.861328125,156.40053415158923,3294.4228014679084,10439.970421646147
162421449010854,45,1986,1993,7,sn,fvs_base,98.36746215820312,192.49313354492188,9.679533004760742,2312.6826171875,5120.9716796875,99.25956373167128,2042.8953799527771,6367.291916664975
162421449010854,45,1986,1993,7,sn,fvs_regional,97.5744857788086,190.34584045410156,9.694662094116211,2296.1123046875,5108.74609375,99.25956373167128,2042.8953799527771,6367.291916664975
162421449010854,45,1986,1993,7,sn,organon,86.29141998291016,169.83364868164062,9.651798248291016,2066.459228515625,4569.03564453125,99.25956373167128,2042.8953799527771,6367.291916664975
162421449010854,45,1986,1993,7,sn,conus_spdep,86.36222839355469,170.164794921875,9.646356582641602,2253.40185546875,5091.609375,99.25956373167128,2042.8953799527771,6367.291916664975
162421449010854,45,1986,1993,7,sn,conus_climate,86.25443267822266,169.7202911376953,9.652952194213867,2037.6478271484375,4501.810546875,99.25956373167128,2042.8953799527771,6367.291916664975
157501379010854,1,1971,1982,11,sn,fvs_base,44.913536071777344,51.16001510620117,12.687017440795898,1110.3116455078125,3576.37548828125,77.81950422547278,417.007894,607.7940629999999
157501379010854,1,1971,1982,11,sn,fvs_regional,44.51041793823242,50.58385467529297,12.701680183410645,1101.041015625,3554.587158203125,77.81950422547278,417.007894,607.7940629999999
157501379010854,1,1971,1982,11,sn,organon,43.87183380126953,50.517860412597656,12.61846923828125,1091.9248046875,3437.422119140625,77.81950422547278,417.007894,607.7940629999999
157501379010854,1,1971,1982,11,sn,conus_spdep,43.950843811035156,50.57352828979492,12.622875213623047,1112.8289794921875,3572.57666015625,77.81950422547278,417.007894,607.7940629999999
157501379010854,1,1971,1982,11,sn,conus_climate,43.849822998046875,50.497962951660156,12.617790222167969,1083.4991455078125,3442.169189453125,77.81950422547278,417.007894,607.7940629999999
100686648010478,28,2006,2012,6,sn,fvs_base,205.3435516357422,226.77371215820312,12.884881973266602,6395.7236328125,27218.205078125,134.9535322789479,3919.402914668046,16565.54152956735
100686648010478,28,2006,2012,6,sn,fvs_regional,172.5114288330078,168.2975616455078,13.709013938903809,5450.88916015625,24480.841796875,134.9535322789479,3919.402914668046,16565.54152956735
100686648010478,28,2006,2012,6,sn,organon,150.4385986328125,151.9519500732422,13.472953796386719,4644.1259765625,20644.986328125,134.9535322789479,3919.402914668046,16565.54152956735
100686648010478,28,2006,2012,6,sn,conus_spdep,150.67735290527344,152.35597229003906,13.465751647949219,4864.28271484375,21534.078125,134.9535322789479,3919.402914668046,16565.54152956735
100686648010478,28,2006,2012,6,sn,conus_climate,150.3221435546875,151.72271728515625,13.477910041809082,4643.7158203125,20723.3359375,134.9535322789479,3919.402914668046,16565.54152956735
146777027010854,45,2009,2014,5,sn,fvs_base,115.47635650634766,253.85166931152344,9.132567405700684,2777.388671875,7306.0234375,131.09050791024603,2777.413348242624,8586.407788256016
146777027010854,45,2009,2014,5,sn,fvs_regional,113.8206558227539,248.37574768066406,9.16626262664795,2744.68408203125,7281.177734375,131.09050791024603,2777.413348242624,8586.407788256016
146777027010854,45,2009,2014,5,sn,organon,98.48141479492188,212.88255310058594,9.209651947021484,2344.80078125,6329.2353515625,131.09050791024603,2777.413348242624,8586.407788256016
146777027010854,45,2009,2014,5,sn,conus_spdep,98.66697692871094,213.52857971191406,9.204370498657227,2517.11181640625,6655.9609375,131.09050791024603,2777.413348242624,8586.407788256016
146777027010854,45,2009,2014,5,sn,conus_climate,98.39096069335938,212.53494262695312,9.212947845458984,2328.053466796875,6269.3349609375,131.09050791024603,2777.413348242624,8586.407788256016
81639084010478,1,2006,2013,7,sn,fvs_base,53.460357666015625,116.79833221435547,9.160809516906738,941.4943237304688,2034.7845458984375,78.39012939383095,1161.5701035587242,2677.359957368818
81639084010478,1,2006,2013,7,sn,fvs_regional,53.34781265258789,116.44873809814453,9.164889335632324,939.689208984375,2033.3529052734375,78.39012939383095,1161.5701035587242,2677.359957368818
81639084010478,1,2006,2013,7,sn,organon,37.6823616027832,79.9283218383789,9.297261238098145,752.6070556640625,1731.44873046875,78.39012939383095,1161.5701035587242,2677.359957368818
81639084010478,1,2006,2013,7,sn,conus_spdep,37.73133087158203,80.01904296875,9.298023223876953,865.9651489257812,1892.735107421875,78.39012939383095,1161.5701035587242,2677.359957368818
81639084010478,1,2006,2013,7,sn,conus_climate,37.59778594970703,79.75508880615234,9.29690170288086,687.4412841796875,1611.2159423828125,78.39012939383095,1161.5701035587242,2677.359957368818
